[2025-06-16T16:16:17.711+0000] {processor.py:161} INFO - Started process (PID=157) to work on /opt/airflow/dags/process_sales_dag.py
[2025-06-16T16:16:17.732+0000] {processor.py:830} INFO - Processing file /opt/airflow/dags/process_sales_dag.py for tasks to queue
[2025-06-16T16:16:17.803+0000] {logging_mixin.py:188} INFO - [2025-06-16T16:16:17.788+0000] {dagbag.py:545} INFO - Filling up the DagBag from /opt/airflow/dags/process_sales_dag.py
[2025-06-16T16:16:18.203+0000] {processor.py:840} INFO - DAG(s) 'process_sales' retrieved from /opt/airflow/dags/process_sales_dag.py
[2025-06-16T16:16:24.056+0000] {logging_mixin.py:188} INFO - [2025-06-16T16:16:24.055+0000] {override.py:1829} INFO - Created Permission View: can delete on DAG:process_sales
[2025-06-16T16:16:24.075+0000] {logging_mixin.py:188} INFO - [2025-06-16T16:16:24.075+0000] {override.py:1829} INFO - Created Permission View: can read on DAG:process_sales
[2025-06-16T16:16:24.088+0000] {logging_mixin.py:188} INFO - [2025-06-16T16:16:24.088+0000] {override.py:1829} INFO - Created Permission View: can edit on DAG:process_sales
[2025-06-16T16:16:24.089+0000] {logging_mixin.py:188} INFO - [2025-06-16T16:16:24.089+0000] {dag.py:3096} INFO - Sync 1 DAGs
[2025-06-16T16:16:24.115+0000] {logging_mixin.py:188} INFO - [2025-06-16T16:16:24.114+0000] {dag.py:3118} INFO - Creating ORM DAG for process_sales
[2025-06-16T16:16:24.135+0000] {logging_mixin.py:188} INFO - [2025-06-16T16:16:24.135+0000] {dag.py:3954} INFO - Setting next_dagrun for process_sales to 2025-06-15 01:00:00+00:00, run_after=2025-06-16 01:00:00+00:00
[2025-06-16T16:16:24.259+0000] {processor.py:183} INFO - Processing /opt/airflow/dags/process_sales_dag.py took 6.722 seconds
[2025-06-16T16:16:56.415+0000] {processor.py:161} INFO - Started process (PID=162) to work on /opt/airflow/dags/process_sales_dag.py
[2025-06-16T16:16:56.419+0000] {processor.py:830} INFO - Processing file /opt/airflow/dags/process_sales_dag.py for tasks to queue
[2025-06-16T16:16:56.429+0000] {logging_mixin.py:188} INFO - [2025-06-16T16:16:56.428+0000] {dagbag.py:545} INFO - Filling up the DagBag from /opt/airflow/dags/process_sales_dag.py
[2025-06-16T16:16:56.638+0000] {processor.py:840} INFO - DAG(s) 'process_sales' retrieved from /opt/airflow/dags/process_sales_dag.py
[2025-06-16T16:16:56.857+0000] {logging_mixin.py:188} INFO - [2025-06-16T16:16:56.856+0000] {dag.py:3096} INFO - Sync 1 DAGs
[2025-06-16T16:16:58.539+0000] {logging_mixin.py:188} INFO - [2025-06-16T16:16:58.539+0000] {dag.py:3954} INFO - Setting next_dagrun for process_sales to 2025-06-15 01:00:00+00:00, run_after=2025-06-16 01:00:00+00:00
[2025-06-16T16:16:58.833+0000] {processor.py:183} INFO - Processing /opt/airflow/dags/process_sales_dag.py took 2.440 seconds
[2025-06-16T16:18:38.470+0000] {processor.py:161} INFO - Started process (PID=158) to work on /opt/airflow/dags/process_sales_dag.py
[2025-06-16T16:18:38.492+0000] {processor.py:830} INFO - Processing file /opt/airflow/dags/process_sales_dag.py for tasks to queue
[2025-06-16T16:18:38.529+0000] {logging_mixin.py:188} INFO - [2025-06-16T16:18:38.525+0000] {dagbag.py:545} INFO - Filling up the DagBag from /opt/airflow/dags/process_sales_dag.py
[2025-06-16T16:18:38.771+0000] {processor.py:840} INFO - DAG(s) 'process_sales' retrieved from /opt/airflow/dags/process_sales_dag.py
[2025-06-16T16:18:39.020+0000] {logging_mixin.py:188} INFO - [2025-06-16T16:18:39.019+0000] {dag.py:3096} INFO - Sync 1 DAGs
[2025-06-16T16:18:39.125+0000] {logging_mixin.py:188} INFO - [2025-06-16T16:18:39.125+0000] {dag.py:3954} INFO - Setting next_dagrun for process_sales to 2025-06-15 01:00:00+00:00, run_after=2025-06-16 01:00:00+00:00
[2025-06-16T16:18:39.191+0000] {processor.py:183} INFO - Processing /opt/airflow/dags/process_sales_dag.py took 0.830 seconds
[2025-06-16T16:19:10.109+0000] {processor.py:161} INFO - Started process (PID=163) to work on /opt/airflow/dags/process_sales_dag.py
[2025-06-16T16:19:10.117+0000] {processor.py:830} INFO - Processing file /opt/airflow/dags/process_sales_dag.py for tasks to queue
[2025-06-16T16:19:10.159+0000] {logging_mixin.py:188} INFO - [2025-06-16T16:19:10.152+0000] {dagbag.py:545} INFO - Filling up the DagBag from /opt/airflow/dags/process_sales_dag.py
[2025-06-16T16:19:11.310+0000] {processor.py:840} INFO - DAG(s) 'process_sales' retrieved from /opt/airflow/dags/process_sales_dag.py
[2025-06-16T16:19:11.732+0000] {logging_mixin.py:188} INFO - [2025-06-16T16:19:11.731+0000] {dag.py:3096} INFO - Sync 1 DAGs
[2025-06-16T16:19:11.858+0000] {logging_mixin.py:188} INFO - [2025-06-16T16:19:11.858+0000] {dag.py:3954} INFO - Setting next_dagrun for process_sales to 2025-06-15 01:00:00+00:00, run_after=2025-06-16 01:00:00+00:00
[2025-06-16T16:19:11.986+0000] {processor.py:183} INFO - Processing /opt/airflow/dags/process_sales_dag.py took 2.010 seconds
[2025-06-16T16:19:42.671+0000] {processor.py:161} INFO - Started process (PID=168) to work on /opt/airflow/dags/process_sales_dag.py
[2025-06-16T16:19:42.674+0000] {processor.py:830} INFO - Processing file /opt/airflow/dags/process_sales_dag.py for tasks to queue
[2025-06-16T16:19:42.679+0000] {logging_mixin.py:188} INFO - [2025-06-16T16:19:42.679+0000] {dagbag.py:545} INFO - Filling up the DagBag from /opt/airflow/dags/process_sales_dag.py
[2025-06-16T16:19:42.721+0000] {processor.py:840} INFO - DAG(s) 'process_sales' retrieved from /opt/airflow/dags/process_sales_dag.py
[2025-06-16T16:19:42.832+0000] {logging_mixin.py:188} INFO - [2025-06-16T16:19:42.831+0000] {dag.py:3096} INFO - Sync 1 DAGs
[2025-06-16T16:19:42.918+0000] {logging_mixin.py:188} INFO - [2025-06-16T16:19:42.917+0000] {dag.py:3954} INFO - Setting next_dagrun for process_sales to 2025-06-15 01:00:00+00:00, run_after=2025-06-16 01:00:00+00:00
[2025-06-16T16:19:42.979+0000] {processor.py:183} INFO - Processing /opt/airflow/dags/process_sales_dag.py took 0.321 seconds
[2025-06-16T16:20:13.369+0000] {processor.py:161} INFO - Started process (PID=179) to work on /opt/airflow/dags/process_sales_dag.py
[2025-06-16T16:20:13.372+0000] {processor.py:830} INFO - Processing file /opt/airflow/dags/process_sales_dag.py for tasks to queue
[2025-06-16T16:20:13.379+0000] {logging_mixin.py:188} INFO - [2025-06-16T16:20:13.377+0000] {dagbag.py:545} INFO - Filling up the DagBag from /opt/airflow/dags/process_sales_dag.py
[2025-06-16T16:20:13.425+0000] {processor.py:840} INFO - DAG(s) 'process_sales' retrieved from /opt/airflow/dags/process_sales_dag.py
[2025-06-16T16:20:13.557+0000] {logging_mixin.py:188} INFO - [2025-06-16T16:20:13.556+0000] {dag.py:3096} INFO - Sync 1 DAGs
[2025-06-16T16:20:13.676+0000] {logging_mixin.py:188} INFO - [2025-06-16T16:20:13.675+0000] {dag.py:3954} INFO - Setting next_dagrun for process_sales to 2025-06-16 01:00:00+00:00, run_after=2025-06-17 01:00:00+00:00
[2025-06-16T16:20:13.725+0000] {processor.py:183} INFO - Processing /opt/airflow/dags/process_sales_dag.py took 0.375 seconds
[2025-06-16T16:20:44.654+0000] {processor.py:161} INFO - Started process (PID=184) to work on /opt/airflow/dags/process_sales_dag.py
[2025-06-16T16:20:44.657+0000] {processor.py:830} INFO - Processing file /opt/airflow/dags/process_sales_dag.py for tasks to queue
[2025-06-16T16:20:44.665+0000] {logging_mixin.py:188} INFO - [2025-06-16T16:20:44.663+0000] {dagbag.py:545} INFO - Filling up the DagBag from /opt/airflow/dags/process_sales_dag.py
[2025-06-16T16:20:44.735+0000] {processor.py:840} INFO - DAG(s) 'process_sales' retrieved from /opt/airflow/dags/process_sales_dag.py
[2025-06-16T16:20:44.819+0000] {logging_mixin.py:188} INFO - [2025-06-16T16:20:44.819+0000] {dag.py:3096} INFO - Sync 1 DAGs
[2025-06-16T16:20:44.890+0000] {logging_mixin.py:188} INFO - [2025-06-16T16:20:44.889+0000] {dag.py:3954} INFO - Setting next_dagrun for process_sales to 2025-06-16 01:00:00+00:00, run_after=2025-06-17 01:00:00+00:00
[2025-06-16T16:20:44.934+0000] {processor.py:183} INFO - Processing /opt/airflow/dags/process_sales_dag.py took 0.300 seconds
[2025-06-16T16:21:16.168+0000] {processor.py:161} INFO - Started process (PID=189) to work on /opt/airflow/dags/process_sales_dag.py
[2025-06-16T16:21:16.176+0000] {processor.py:830} INFO - Processing file /opt/airflow/dags/process_sales_dag.py for tasks to queue
[2025-06-16T16:21:16.225+0000] {logging_mixin.py:188} INFO - [2025-06-16T16:21:16.224+0000] {dagbag.py:545} INFO - Filling up the DagBag from /opt/airflow/dags/process_sales_dag.py
[2025-06-16T16:21:16.465+0000] {processor.py:840} INFO - DAG(s) 'process_sales' retrieved from /opt/airflow/dags/process_sales_dag.py
[2025-06-16T16:21:16.612+0000] {logging_mixin.py:188} INFO - [2025-06-16T16:21:16.612+0000] {dag.py:3096} INFO - Sync 1 DAGs
[2025-06-16T16:21:16.660+0000] {logging_mixin.py:188} INFO - [2025-06-16T16:21:16.659+0000] {dag.py:3954} INFO - Setting next_dagrun for process_sales to 2025-06-16 01:00:00+00:00, run_after=2025-06-17 01:00:00+00:00
[2025-06-16T16:21:16.694+0000] {processor.py:183} INFO - Processing /opt/airflow/dags/process_sales_dag.py took 0.580 seconds
[2025-06-16T16:21:47.015+0000] {processor.py:161} INFO - Started process (PID=194) to work on /opt/airflow/dags/process_sales_dag.py
[2025-06-16T16:21:47.021+0000] {processor.py:830} INFO - Processing file /opt/airflow/dags/process_sales_dag.py for tasks to queue
[2025-06-16T16:21:47.025+0000] {logging_mixin.py:188} INFO - [2025-06-16T16:21:47.024+0000] {dagbag.py:545} INFO - Filling up the DagBag from /opt/airflow/dags/process_sales_dag.py
[2025-06-16T16:21:47.071+0000] {processor.py:840} INFO - DAG(s) 'process_sales' retrieved from /opt/airflow/dags/process_sales_dag.py
[2025-06-16T16:21:47.126+0000] {logging_mixin.py:188} INFO - [2025-06-16T16:21:47.126+0000] {dag.py:3096} INFO - Sync 1 DAGs
[2025-06-16T16:21:47.174+0000] {logging_mixin.py:188} INFO - [2025-06-16T16:21:47.174+0000] {dag.py:3954} INFO - Setting next_dagrun for process_sales to 2025-06-16 01:00:00+00:00, run_after=2025-06-17 01:00:00+00:00
[2025-06-16T16:21:47.218+0000] {processor.py:183} INFO - Processing /opt/airflow/dags/process_sales_dag.py took 0.223 seconds
[2025-06-16T16:22:17.712+0000] {processor.py:161} INFO - Started process (PID=199) to work on /opt/airflow/dags/process_sales_dag.py
[2025-06-16T16:22:17.716+0000] {processor.py:830} INFO - Processing file /opt/airflow/dags/process_sales_dag.py for tasks to queue
[2025-06-16T16:22:17.727+0000] {logging_mixin.py:188} INFO - [2025-06-16T16:22:17.725+0000] {dagbag.py:545} INFO - Filling up the DagBag from /opt/airflow/dags/process_sales_dag.py
[2025-06-16T16:22:17.802+0000] {processor.py:840} INFO - DAG(s) 'process_sales' retrieved from /opt/airflow/dags/process_sales_dag.py
[2025-06-16T16:22:17.851+0000] {logging_mixin.py:188} INFO - [2025-06-16T16:22:17.851+0000] {dag.py:3096} INFO - Sync 1 DAGs
[2025-06-16T16:22:17.885+0000] {logging_mixin.py:188} INFO - [2025-06-16T16:22:17.884+0000] {dag.py:3954} INFO - Setting next_dagrun for process_sales to 2025-06-16 01:00:00+00:00, run_after=2025-06-17 01:00:00+00:00
[2025-06-16T16:22:17.930+0000] {processor.py:183} INFO - Processing /opt/airflow/dags/process_sales_dag.py took 0.254 seconds
[2025-06-16T16:22:36.191+0000] {processor.py:161} INFO - Started process (PID=204) to work on /opt/airflow/dags/process_sales_dag.py
[2025-06-16T16:22:36.225+0000] {processor.py:830} INFO - Processing file /opt/airflow/dags/process_sales_dag.py for tasks to queue
[2025-06-16T16:22:36.303+0000] {logging_mixin.py:188} INFO - [2025-06-16T16:22:36.289+0000] {dagbag.py:545} INFO - Filling up the DagBag from /opt/airflow/dags/process_sales_dag.py
[2025-06-16T16:22:36.646+0000] {processor.py:840} INFO - DAG(s) 'process_sales' retrieved from /opt/airflow/dags/process_sales_dag.py
[2025-06-16T16:22:38.242+0000] {logging_mixin.py:188} INFO - [2025-06-16T16:22:38.241+0000] {dag.py:3096} INFO - Sync 1 DAGs
[2025-06-16T16:22:38.277+0000] {logging_mixin.py:188} INFO - [2025-06-16T16:22:38.277+0000] {dag.py:3954} INFO - Setting next_dagrun for process_sales to 2025-06-16 01:00:00+00:00, run_after=2025-06-17 01:00:00+00:00
[2025-06-16T16:22:38.314+0000] {processor.py:183} INFO - Processing /opt/airflow/dags/process_sales_dag.py took 2.534 seconds
[2025-06-16T16:22:41.391+0000] {processor.py:161} INFO - Started process (PID=209) to work on /opt/airflow/dags/process_sales_dag.py
[2025-06-16T16:22:41.393+0000] {processor.py:830} INFO - Processing file /opt/airflow/dags/process_sales_dag.py for tasks to queue
[2025-06-16T16:22:41.398+0000] {logging_mixin.py:188} INFO - [2025-06-16T16:22:41.398+0000] {dagbag.py:545} INFO - Filling up the DagBag from /opt/airflow/dags/process_sales_dag.py
[2025-06-16T16:22:41.445+0000] {processor.py:840} INFO - DAG(s) 'process_sales' retrieved from /opt/airflow/dags/process_sales_dag.py
[2025-06-16T16:22:41.469+0000] {logging_mixin.py:188} INFO - [2025-06-16T16:22:41.469+0000] {dag.py:3096} INFO - Sync 1 DAGs
[2025-06-16T16:22:41.511+0000] {logging_mixin.py:188} INFO - [2025-06-16T16:22:41.511+0000] {dag.py:3954} INFO - Setting next_dagrun for process_sales to 2025-06-16 01:00:00+00:00, run_after=2025-06-17 01:00:00+00:00
[2025-06-16T16:22:41.559+0000] {processor.py:183} INFO - Processing /opt/airflow/dags/process_sales_dag.py took 0.179 seconds
[2025-06-16T16:23:11.742+0000] {processor.py:161} INFO - Started process (PID=214) to work on /opt/airflow/dags/process_sales_dag.py
[2025-06-16T16:23:11.746+0000] {processor.py:830} INFO - Processing file /opt/airflow/dags/process_sales_dag.py for tasks to queue
[2025-06-16T16:23:11.756+0000] {logging_mixin.py:188} INFO - [2025-06-16T16:23:11.755+0000] {dagbag.py:545} INFO - Filling up the DagBag from /opt/airflow/dags/process_sales_dag.py
[2025-06-16T16:23:12.126+0000] {processor.py:840} INFO - DAG(s) 'process_sales' retrieved from /opt/airflow/dags/process_sales_dag.py
[2025-06-16T16:23:12.921+0000] {logging_mixin.py:188} INFO - [2025-06-16T16:23:12.921+0000] {dag.py:3096} INFO - Sync 1 DAGs
[2025-06-16T16:23:13.514+0000] {logging_mixin.py:188} INFO - [2025-06-16T16:23:13.513+0000] {dag.py:3954} INFO - Setting next_dagrun for process_sales to 2025-06-16 01:00:00+00:00, run_after=2025-06-17 01:00:00+00:00
[2025-06-16T16:23:13.550+0000] {processor.py:183} INFO - Processing /opt/airflow/dags/process_sales_dag.py took 1.828 seconds
[2025-06-16T16:25:22.847+0000] {processor.py:161} INFO - Started process (PID=157) to work on /opt/airflow/dags/process_sales_dag.py
[2025-06-16T16:25:22.929+0000] {processor.py:830} INFO - Processing file /opt/airflow/dags/process_sales_dag.py for tasks to queue
[2025-06-16T16:25:23.001+0000] {logging_mixin.py:188} INFO - [2025-06-16T16:25:22.989+0000] {dagbag.py:545} INFO - Filling up the DagBag from /opt/airflow/dags/process_sales_dag.py
[2025-06-16T16:25:23.289+0000] {processor.py:840} INFO - DAG(s) 'process_sales' retrieved from /opt/airflow/dags/process_sales_dag.py
[2025-06-16T16:25:23.918+0000] {logging_mixin.py:188} INFO - [2025-06-16T16:25:23.918+0000] {dag.py:3096} INFO - Sync 1 DAGs
[2025-06-16T16:25:24.246+0000] {logging_mixin.py:188} INFO - [2025-06-16T16:25:24.246+0000] {dag.py:3954} INFO - Setting next_dagrun for process_sales to 2025-06-16 01:00:00+00:00, run_after=2025-06-17 01:00:00+00:00
[2025-06-16T16:25:24.444+0000] {processor.py:183} INFO - Processing /opt/airflow/dags/process_sales_dag.py took 2.155 seconds
[2025-06-16T16:25:55.396+0000] {processor.py:161} INFO - Started process (PID=169) to work on /opt/airflow/dags/process_sales_dag.py
[2025-06-16T16:25:55.408+0000] {processor.py:830} INFO - Processing file /opt/airflow/dags/process_sales_dag.py for tasks to queue
[2025-06-16T16:25:55.432+0000] {logging_mixin.py:188} INFO - [2025-06-16T16:25:55.430+0000] {dagbag.py:545} INFO - Filling up the DagBag from /opt/airflow/dags/process_sales_dag.py
[2025-06-16T16:25:55.586+0000] {processor.py:840} INFO - DAG(s) 'process_sales' retrieved from /opt/airflow/dags/process_sales_dag.py
[2025-06-16T16:25:55.861+0000] {logging_mixin.py:188} INFO - [2025-06-16T16:25:55.861+0000] {dag.py:3096} INFO - Sync 1 DAGs
[2025-06-16T16:25:56.139+0000] {logging_mixin.py:188} INFO - [2025-06-16T16:25:56.138+0000] {dag.py:3954} INFO - Setting next_dagrun for process_sales to 2025-06-16 01:00:00+00:00, run_after=2025-06-17 01:00:00+00:00
[2025-06-16T16:25:56.265+0000] {processor.py:183} INFO - Processing /opt/airflow/dags/process_sales_dag.py took 0.936 seconds
[2025-06-16T16:26:26.921+0000] {processor.py:161} INFO - Started process (PID=174) to work on /opt/airflow/dags/process_sales_dag.py
[2025-06-16T16:26:26.929+0000] {processor.py:830} INFO - Processing file /opt/airflow/dags/process_sales_dag.py for tasks to queue
[2025-06-16T16:26:26.945+0000] {logging_mixin.py:188} INFO - [2025-06-16T16:26:26.943+0000] {dagbag.py:545} INFO - Filling up the DagBag from /opt/airflow/dags/process_sales_dag.py
[2025-06-16T16:26:27.037+0000] {processor.py:840} INFO - DAG(s) 'process_sales' retrieved from /opt/airflow/dags/process_sales_dag.py
[2025-06-16T16:26:27.193+0000] {logging_mixin.py:188} INFO - [2025-06-16T16:26:27.193+0000] {dag.py:3096} INFO - Sync 1 DAGs
[2025-06-16T16:26:27.309+0000] {logging_mixin.py:188} INFO - [2025-06-16T16:26:27.308+0000] {dag.py:3954} INFO - Setting next_dagrun for process_sales to 2025-06-16 01:00:00+00:00, run_after=2025-06-17 01:00:00+00:00
[2025-06-16T16:26:27.369+0000] {processor.py:183} INFO - Processing /opt/airflow/dags/process_sales_dag.py took 0.527 seconds
[2025-06-16T16:26:58.047+0000] {processor.py:161} INFO - Started process (PID=179) to work on /opt/airflow/dags/process_sales_dag.py
[2025-06-16T16:26:58.048+0000] {processor.py:830} INFO - Processing file /opt/airflow/dags/process_sales_dag.py for tasks to queue
[2025-06-16T16:26:58.052+0000] {logging_mixin.py:188} INFO - [2025-06-16T16:26:58.051+0000] {dagbag.py:545} INFO - Filling up the DagBag from /opt/airflow/dags/process_sales_dag.py
[2025-06-16T16:26:58.091+0000] {processor.py:840} INFO - DAG(s) 'process_sales' retrieved from /opt/airflow/dags/process_sales_dag.py
[2025-06-16T16:26:58.145+0000] {logging_mixin.py:188} INFO - [2025-06-16T16:26:58.145+0000] {dag.py:3096} INFO - Sync 1 DAGs
[2025-06-16T16:26:58.193+0000] {logging_mixin.py:188} INFO - [2025-06-16T16:26:58.193+0000] {dag.py:3954} INFO - Setting next_dagrun for process_sales to 2025-06-16 01:00:00+00:00, run_after=2025-06-17 01:00:00+00:00
[2025-06-16T16:26:58.238+0000] {processor.py:183} INFO - Processing /opt/airflow/dags/process_sales_dag.py took 0.202 seconds
[2025-06-16T16:27:28.731+0000] {processor.py:161} INFO - Started process (PID=184) to work on /opt/airflow/dags/process_sales_dag.py
[2025-06-16T16:27:28.741+0000] {processor.py:830} INFO - Processing file /opt/airflow/dags/process_sales_dag.py for tasks to queue
[2025-06-16T16:27:28.754+0000] {logging_mixin.py:188} INFO - [2025-06-16T16:27:28.746+0000] {dagbag.py:545} INFO - Filling up the DagBag from /opt/airflow/dags/process_sales_dag.py
[2025-06-16T16:27:28.871+0000] {processor.py:840} INFO - DAG(s) 'process_sales' retrieved from /opt/airflow/dags/process_sales_dag.py
[2025-06-16T16:27:29.870+0000] {logging_mixin.py:188} INFO - [2025-06-16T16:27:29.870+0000] {dag.py:3096} INFO - Sync 1 DAGs
[2025-06-16T16:27:29.985+0000] {logging_mixin.py:188} INFO - [2025-06-16T16:27:29.984+0000] {dag.py:3954} INFO - Setting next_dagrun for process_sales to 2025-06-16 01:00:00+00:00, run_after=2025-06-17 01:00:00+00:00
[2025-06-16T16:27:30.078+0000] {processor.py:183} INFO - Processing /opt/airflow/dags/process_sales_dag.py took 1.368 seconds
[2025-06-16T16:28:01.033+0000] {processor.py:161} INFO - Started process (PID=189) to work on /opt/airflow/dags/process_sales_dag.py
[2025-06-16T16:28:01.044+0000] {processor.py:830} INFO - Processing file /opt/airflow/dags/process_sales_dag.py for tasks to queue
[2025-06-16T16:28:01.053+0000] {logging_mixin.py:188} INFO - [2025-06-16T16:28:01.052+0000] {dagbag.py:545} INFO - Filling up the DagBag from /opt/airflow/dags/process_sales_dag.py
[2025-06-16T16:28:01.113+0000] {processor.py:840} INFO - DAG(s) 'process_sales' retrieved from /opt/airflow/dags/process_sales_dag.py
[2025-06-16T16:28:01.179+0000] {logging_mixin.py:188} INFO - [2025-06-16T16:28:01.179+0000] {dag.py:3096} INFO - Sync 1 DAGs
[2025-06-16T16:28:01.310+0000] {logging_mixin.py:188} INFO - [2025-06-16T16:28:01.309+0000] {dag.py:3954} INFO - Setting next_dagrun for process_sales to 2025-06-16 01:00:00+00:00, run_after=2025-06-17 01:00:00+00:00
[2025-06-16T16:28:01.515+0000] {processor.py:183} INFO - Processing /opt/airflow/dags/process_sales_dag.py took 0.518 seconds
[2025-06-16T16:28:31.962+0000] {processor.py:161} INFO - Started process (PID=197) to work on /opt/airflow/dags/process_sales_dag.py
[2025-06-16T16:28:31.967+0000] {processor.py:830} INFO - Processing file /opt/airflow/dags/process_sales_dag.py for tasks to queue
[2025-06-16T16:28:31.980+0000] {logging_mixin.py:188} INFO - [2025-06-16T16:28:31.975+0000] {dagbag.py:545} INFO - Filling up the DagBag from /opt/airflow/dags/process_sales_dag.py
[2025-06-16T16:28:32.290+0000] {processor.py:840} INFO - DAG(s) 'process_sales' retrieved from /opt/airflow/dags/process_sales_dag.py
[2025-06-16T16:28:32.533+0000] {logging_mixin.py:188} INFO - [2025-06-16T16:28:32.532+0000] {dag.py:3096} INFO - Sync 1 DAGs
[2025-06-16T16:28:32.694+0000] {logging_mixin.py:188} INFO - [2025-06-16T16:28:32.694+0000] {dag.py:3954} INFO - Setting next_dagrun for process_sales to 2025-06-16 01:00:00+00:00, run_after=2025-06-17 01:00:00+00:00
[2025-06-16T16:28:32.737+0000] {processor.py:183} INFO - Processing /opt/airflow/dags/process_sales_dag.py took 0.872 seconds
[2025-06-16T16:29:03.004+0000] {processor.py:161} INFO - Started process (PID=202) to work on /opt/airflow/dags/process_sales_dag.py
[2025-06-16T16:29:03.005+0000] {processor.py:830} INFO - Processing file /opt/airflow/dags/process_sales_dag.py for tasks to queue
[2025-06-16T16:29:03.008+0000] {logging_mixin.py:188} INFO - [2025-06-16T16:29:03.008+0000] {dagbag.py:545} INFO - Filling up the DagBag from /opt/airflow/dags/process_sales_dag.py
[2025-06-16T16:29:03.038+0000] {processor.py:840} INFO - DAG(s) 'process_sales' retrieved from /opt/airflow/dags/process_sales_dag.py
[2025-06-16T16:29:03.096+0000] {logging_mixin.py:188} INFO - [2025-06-16T16:29:03.096+0000] {dag.py:3096} INFO - Sync 1 DAGs
[2025-06-16T16:29:03.130+0000] {logging_mixin.py:188} INFO - [2025-06-16T16:29:03.129+0000] {dag.py:3954} INFO - Setting next_dagrun for process_sales to 2025-06-16 01:00:00+00:00, run_after=2025-06-17 01:00:00+00:00
[2025-06-16T16:29:03.162+0000] {processor.py:183} INFO - Processing /opt/airflow/dags/process_sales_dag.py took 0.168 seconds
[2025-06-16T16:29:33.863+0000] {processor.py:161} INFO - Started process (PID=207) to work on /opt/airflow/dags/process_sales_dag.py
[2025-06-16T16:29:33.868+0000] {processor.py:830} INFO - Processing file /opt/airflow/dags/process_sales_dag.py for tasks to queue
[2025-06-16T16:29:33.876+0000] {logging_mixin.py:188} INFO - [2025-06-16T16:29:33.875+0000] {dagbag.py:545} INFO - Filling up the DagBag from /opt/airflow/dags/process_sales_dag.py
[2025-06-16T16:29:33.939+0000] {processor.py:840} INFO - DAG(s) 'process_sales' retrieved from /opt/airflow/dags/process_sales_dag.py
[2025-06-16T16:29:34.024+0000] {logging_mixin.py:188} INFO - [2025-06-16T16:29:34.023+0000] {dag.py:3096} INFO - Sync 1 DAGs
[2025-06-16T16:29:36.017+0000] {logging_mixin.py:188} INFO - [2025-06-16T16:29:36.015+0000] {dag.py:3954} INFO - Setting next_dagrun for process_sales to 2025-06-16 01:00:00+00:00, run_after=2025-06-17 01:00:00+00:00
[2025-06-16T16:29:36.075+0000] {processor.py:183} INFO - Processing /opt/airflow/dags/process_sales_dag.py took 2.229 seconds
[2025-06-16T16:30:06.405+0000] {processor.py:161} INFO - Started process (PID=212) to work on /opt/airflow/dags/process_sales_dag.py
[2025-06-16T16:30:06.409+0000] {processor.py:830} INFO - Processing file /opt/airflow/dags/process_sales_dag.py for tasks to queue
[2025-06-16T16:30:06.414+0000] {logging_mixin.py:188} INFO - [2025-06-16T16:30:06.413+0000] {dagbag.py:545} INFO - Filling up the DagBag from /opt/airflow/dags/process_sales_dag.py
[2025-06-16T16:30:06.476+0000] {processor.py:840} INFO - DAG(s) 'process_sales' retrieved from /opt/airflow/dags/process_sales_dag.py
[2025-06-16T16:30:06.561+0000] {logging_mixin.py:188} INFO - [2025-06-16T16:30:06.560+0000] {dag.py:3096} INFO - Sync 1 DAGs
[2025-06-16T16:30:07.033+0000] {logging_mixin.py:188} INFO - [2025-06-16T16:30:07.033+0000] {dag.py:3954} INFO - Setting next_dagrun for process_sales to 2025-06-16 01:00:00+00:00, run_after=2025-06-17 01:00:00+00:00
[2025-06-16T16:30:07.064+0000] {processor.py:183} INFO - Processing /opt/airflow/dags/process_sales_dag.py took 0.677 seconds
[2025-06-16T16:30:37.945+0000] {processor.py:161} INFO - Started process (PID=217) to work on /opt/airflow/dags/process_sales_dag.py
[2025-06-16T16:30:37.949+0000] {processor.py:830} INFO - Processing file /opt/airflow/dags/process_sales_dag.py for tasks to queue
[2025-06-16T16:30:37.959+0000] {logging_mixin.py:188} INFO - [2025-06-16T16:30:37.958+0000] {dagbag.py:545} INFO - Filling up the DagBag from /opt/airflow/dags/process_sales_dag.py
[2025-06-16T16:30:38.046+0000] {processor.py:840} INFO - DAG(s) 'process_sales' retrieved from /opt/airflow/dags/process_sales_dag.py
[2025-06-16T16:30:38.345+0000] {logging_mixin.py:188} INFO - [2025-06-16T16:30:38.344+0000] {dag.py:3096} INFO - Sync 1 DAGs
[2025-06-16T16:30:38.386+0000] {logging_mixin.py:188} INFO - [2025-06-16T16:30:38.385+0000] {dag.py:3954} INFO - Setting next_dagrun for process_sales to 2025-06-16 01:00:00+00:00, run_after=2025-06-17 01:00:00+00:00
[2025-06-16T16:30:38.438+0000] {processor.py:183} INFO - Processing /opt/airflow/dags/process_sales_dag.py took 0.529 seconds
[2025-06-16T16:31:09.462+0000] {processor.py:161} INFO - Started process (PID=222) to work on /opt/airflow/dags/process_sales_dag.py
[2025-06-16T16:31:09.466+0000] {processor.py:830} INFO - Processing file /opt/airflow/dags/process_sales_dag.py for tasks to queue
[2025-06-16T16:31:09.477+0000] {logging_mixin.py:188} INFO - [2025-06-16T16:31:09.473+0000] {dagbag.py:545} INFO - Filling up the DagBag from /opt/airflow/dags/process_sales_dag.py
[2025-06-16T16:31:09.569+0000] {processor.py:840} INFO - DAG(s) 'process_sales' retrieved from /opt/airflow/dags/process_sales_dag.py
[2025-06-16T16:31:09.633+0000] {logging_mixin.py:188} INFO - [2025-06-16T16:31:09.632+0000] {dag.py:3096} INFO - Sync 1 DAGs
[2025-06-16T16:31:09.665+0000] {logging_mixin.py:188} INFO - [2025-06-16T16:31:09.665+0000] {dag.py:3954} INFO - Setting next_dagrun for process_sales to 2025-06-16 01:00:00+00:00, run_after=2025-06-17 01:00:00+00:00
[2025-06-16T16:31:09.699+0000] {processor.py:183} INFO - Processing /opt/airflow/dags/process_sales_dag.py took 0.280 seconds
[2025-06-16T16:31:40.032+0000] {processor.py:161} INFO - Started process (PID=227) to work on /opt/airflow/dags/process_sales_dag.py
[2025-06-16T16:31:40.035+0000] {processor.py:830} INFO - Processing file /opt/airflow/dags/process_sales_dag.py for tasks to queue
[2025-06-16T16:31:40.042+0000] {logging_mixin.py:188} INFO - [2025-06-16T16:31:40.041+0000] {dagbag.py:545} INFO - Filling up the DagBag from /opt/airflow/dags/process_sales_dag.py
[2025-06-16T16:31:40.098+0000] {processor.py:840} INFO - DAG(s) 'process_sales' retrieved from /opt/airflow/dags/process_sales_dag.py
[2025-06-16T16:31:40.156+0000] {logging_mixin.py:188} INFO - [2025-06-16T16:31:40.156+0000] {dag.py:3096} INFO - Sync 1 DAGs
[2025-06-16T16:31:40.193+0000] {logging_mixin.py:188} INFO - [2025-06-16T16:31:40.193+0000] {dag.py:3954} INFO - Setting next_dagrun for process_sales to 2025-06-16 01:00:00+00:00, run_after=2025-06-17 01:00:00+00:00
[2025-06-16T16:31:40.227+0000] {processor.py:183} INFO - Processing /opt/airflow/dags/process_sales_dag.py took 0.215 seconds
[2025-06-16T16:32:10.467+0000] {processor.py:161} INFO - Started process (PID=232) to work on /opt/airflow/dags/process_sales_dag.py
[2025-06-16T16:32:10.470+0000] {processor.py:830} INFO - Processing file /opt/airflow/dags/process_sales_dag.py for tasks to queue
[2025-06-16T16:32:10.476+0000] {logging_mixin.py:188} INFO - [2025-06-16T16:32:10.475+0000] {dagbag.py:545} INFO - Filling up the DagBag from /opt/airflow/dags/process_sales_dag.py
[2025-06-16T16:32:10.525+0000] {processor.py:840} INFO - DAG(s) 'process_sales' retrieved from /opt/airflow/dags/process_sales_dag.py
[2025-06-16T16:32:10.577+0000] {logging_mixin.py:188} INFO - [2025-06-16T16:32:10.577+0000] {dag.py:3096} INFO - Sync 1 DAGs
[2025-06-16T16:32:10.610+0000] {logging_mixin.py:188} INFO - [2025-06-16T16:32:10.610+0000] {dag.py:3954} INFO - Setting next_dagrun for process_sales to 2025-06-16 01:00:00+00:00, run_after=2025-06-17 01:00:00+00:00
[2025-06-16T16:32:10.841+0000] {processor.py:183} INFO - Processing /opt/airflow/dags/process_sales_dag.py took 0.400 seconds
[2025-06-16T16:32:41.233+0000] {processor.py:161} INFO - Started process (PID=237) to work on /opt/airflow/dags/process_sales_dag.py
[2025-06-16T16:32:41.236+0000] {processor.py:830} INFO - Processing file /opt/airflow/dags/process_sales_dag.py for tasks to queue
[2025-06-16T16:32:41.241+0000] {logging_mixin.py:188} INFO - [2025-06-16T16:32:41.240+0000] {dagbag.py:545} INFO - Filling up the DagBag from /opt/airflow/dags/process_sales_dag.py
[2025-06-16T16:32:41.292+0000] {processor.py:840} INFO - DAG(s) 'process_sales' retrieved from /opt/airflow/dags/process_sales_dag.py
[2025-06-16T16:32:41.507+0000] {logging_mixin.py:188} INFO - [2025-06-16T16:32:41.505+0000] {dag.py:3096} INFO - Sync 1 DAGs
[2025-06-16T16:32:42.329+0000] {logging_mixin.py:188} INFO - [2025-06-16T16:32:42.329+0000] {dag.py:3954} INFO - Setting next_dagrun for process_sales to 2025-06-16 01:00:00+00:00, run_after=2025-06-17 01:00:00+00:00
[2025-06-16T16:32:42.386+0000] {processor.py:183} INFO - Processing /opt/airflow/dags/process_sales_dag.py took 1.172 seconds
[2025-06-16T16:33:12.801+0000] {processor.py:161} INFO - Started process (PID=242) to work on /opt/airflow/dags/process_sales_dag.py
[2025-06-16T16:33:12.803+0000] {processor.py:830} INFO - Processing file /opt/airflow/dags/process_sales_dag.py for tasks to queue
[2025-06-16T16:33:12.811+0000] {logging_mixin.py:188} INFO - [2025-06-16T16:33:12.810+0000] {dagbag.py:545} INFO - Filling up the DagBag from /opt/airflow/dags/process_sales_dag.py
[2025-06-16T16:33:12.872+0000] {processor.py:840} INFO - DAG(s) 'process_sales' retrieved from /opt/airflow/dags/process_sales_dag.py
[2025-06-16T16:33:12.951+0000] {logging_mixin.py:188} INFO - [2025-06-16T16:33:12.950+0000] {dag.py:3096} INFO - Sync 1 DAGs
[2025-06-16T16:33:13.223+0000] {logging_mixin.py:188} INFO - [2025-06-16T16:33:13.222+0000] {dag.py:3954} INFO - Setting next_dagrun for process_sales to 2025-06-16 01:00:00+00:00, run_after=2025-06-17 01:00:00+00:00
[2025-06-16T16:33:13.262+0000] {processor.py:183} INFO - Processing /opt/airflow/dags/process_sales_dag.py took 0.480 seconds
[2025-06-16T16:33:43.703+0000] {processor.py:161} INFO - Started process (PID=250) to work on /opt/airflow/dags/process_sales_dag.py
[2025-06-16T16:33:43.705+0000] {processor.py:830} INFO - Processing file /opt/airflow/dags/process_sales_dag.py for tasks to queue
[2025-06-16T16:33:43.709+0000] {logging_mixin.py:188} INFO - [2025-06-16T16:33:43.709+0000] {dagbag.py:545} INFO - Filling up the DagBag from /opt/airflow/dags/process_sales_dag.py
[2025-06-16T16:33:43.768+0000] {processor.py:840} INFO - DAG(s) 'process_sales' retrieved from /opt/airflow/dags/process_sales_dag.py
[2025-06-16T16:33:44.679+0000] {logging_mixin.py:188} INFO - [2025-06-16T16:33:44.679+0000] {dag.py:3096} INFO - Sync 1 DAGs
[2025-06-16T16:33:44.738+0000] {logging_mixin.py:188} INFO - [2025-06-16T16:33:44.737+0000] {dag.py:3954} INFO - Setting next_dagrun for process_sales to 2025-06-16 01:00:00+00:00, run_after=2025-06-17 01:00:00+00:00
[2025-06-16T16:33:44.825+0000] {processor.py:183} INFO - Processing /opt/airflow/dags/process_sales_dag.py took 1.132 seconds
[2025-06-16T16:34:15.534+0000] {processor.py:161} INFO - Started process (PID=255) to work on /opt/airflow/dags/process_sales_dag.py
[2025-06-16T16:34:15.542+0000] {processor.py:830} INFO - Processing file /opt/airflow/dags/process_sales_dag.py for tasks to queue
[2025-06-16T16:34:15.557+0000] {logging_mixin.py:188} INFO - [2025-06-16T16:34:15.554+0000] {dagbag.py:545} INFO - Filling up the DagBag from /opt/airflow/dags/process_sales_dag.py
[2025-06-16T16:34:15.656+0000] {processor.py:840} INFO - DAG(s) 'process_sales' retrieved from /opt/airflow/dags/process_sales_dag.py
[2025-06-16T16:34:15.749+0000] {logging_mixin.py:188} INFO - [2025-06-16T16:34:15.748+0000] {dag.py:3096} INFO - Sync 1 DAGs
[2025-06-16T16:34:15.831+0000] {logging_mixin.py:188} INFO - [2025-06-16T16:34:15.830+0000] {dag.py:3954} INFO - Setting next_dagrun for process_sales to 2025-06-16 01:00:00+00:00, run_after=2025-06-17 01:00:00+00:00
[2025-06-16T16:34:15.877+0000] {processor.py:183} INFO - Processing /opt/airflow/dags/process_sales_dag.py took 0.412 seconds
[2025-06-16T16:34:46.427+0000] {processor.py:161} INFO - Started process (PID=260) to work on /opt/airflow/dags/process_sales_dag.py
[2025-06-16T16:34:46.430+0000] {processor.py:830} INFO - Processing file /opt/airflow/dags/process_sales_dag.py for tasks to queue
[2025-06-16T16:34:46.435+0000] {logging_mixin.py:188} INFO - [2025-06-16T16:34:46.434+0000] {dagbag.py:545} INFO - Filling up the DagBag from /opt/airflow/dags/process_sales_dag.py
[2025-06-16T16:34:46.489+0000] {processor.py:840} INFO - DAG(s) 'process_sales' retrieved from /opt/airflow/dags/process_sales_dag.py
[2025-06-16T16:34:46.558+0000] {logging_mixin.py:188} INFO - [2025-06-16T16:34:46.557+0000] {dag.py:3096} INFO - Sync 1 DAGs
[2025-06-16T16:34:46.613+0000] {logging_mixin.py:188} INFO - [2025-06-16T16:34:46.612+0000] {dag.py:3954} INFO - Setting next_dagrun for process_sales to 2025-06-16 01:00:00+00:00, run_after=2025-06-17 01:00:00+00:00
[2025-06-16T16:34:46.661+0000] {processor.py:183} INFO - Processing /opt/airflow/dags/process_sales_dag.py took 0.251 seconds
[2025-06-16T16:35:16.966+0000] {processor.py:161} INFO - Started process (PID=265) to work on /opt/airflow/dags/process_sales_dag.py
[2025-06-16T16:35:16.968+0000] {processor.py:830} INFO - Processing file /opt/airflow/dags/process_sales_dag.py for tasks to queue
[2025-06-16T16:35:16.972+0000] {logging_mixin.py:188} INFO - [2025-06-16T16:35:16.971+0000] {dagbag.py:545} INFO - Filling up the DagBag from /opt/airflow/dags/process_sales_dag.py
[2025-06-16T16:35:17.016+0000] {processor.py:840} INFO - DAG(s) 'process_sales' retrieved from /opt/airflow/dags/process_sales_dag.py
[2025-06-16T16:35:17.083+0000] {logging_mixin.py:188} INFO - [2025-06-16T16:35:17.082+0000] {dag.py:3096} INFO - Sync 1 DAGs
[2025-06-16T16:35:17.141+0000] {logging_mixin.py:188} INFO - [2025-06-16T16:35:17.140+0000] {dag.py:3954} INFO - Setting next_dagrun for process_sales to 2025-06-16 01:00:00+00:00, run_after=2025-06-17 01:00:00+00:00
[2025-06-16T16:35:17.751+0000] {processor.py:183} INFO - Processing /opt/airflow/dags/process_sales_dag.py took 0.795 seconds
[2025-06-16T16:35:48.666+0000] {processor.py:161} INFO - Started process (PID=270) to work on /opt/airflow/dags/process_sales_dag.py
[2025-06-16T16:35:48.673+0000] {processor.py:830} INFO - Processing file /opt/airflow/dags/process_sales_dag.py for tasks to queue
[2025-06-16T16:35:48.681+0000] {logging_mixin.py:188} INFO - [2025-06-16T16:35:48.680+0000] {dagbag.py:545} INFO - Filling up the DagBag from /opt/airflow/dags/process_sales_dag.py
[2025-06-16T16:35:48.877+0000] {processor.py:840} INFO - DAG(s) 'process_sales' retrieved from /opt/airflow/dags/process_sales_dag.py
[2025-06-16T16:35:48.945+0000] {logging_mixin.py:188} INFO - [2025-06-16T16:35:48.944+0000] {dag.py:3096} INFO - Sync 1 DAGs
[2025-06-16T16:35:49.341+0000] {logging_mixin.py:188} INFO - [2025-06-16T16:35:49.339+0000] {dag.py:3954} INFO - Setting next_dagrun for process_sales to 2025-06-16 01:00:00+00:00, run_after=2025-06-17 01:00:00+00:00
[2025-06-16T16:35:49.566+0000] {processor.py:183} INFO - Processing /opt/airflow/dags/process_sales_dag.py took 0.956 seconds
[2025-06-16T16:36:20.786+0000] {processor.py:161} INFO - Started process (PID=275) to work on /opt/airflow/dags/process_sales_dag.py
[2025-06-16T16:36:20.789+0000] {processor.py:830} INFO - Processing file /opt/airflow/dags/process_sales_dag.py for tasks to queue
[2025-06-16T16:36:20.797+0000] {logging_mixin.py:188} INFO - [2025-06-16T16:36:20.796+0000] {dagbag.py:545} INFO - Filling up the DagBag from /opt/airflow/dags/process_sales_dag.py
[2025-06-16T16:36:20.864+0000] {processor.py:840} INFO - DAG(s) 'process_sales' retrieved from /opt/airflow/dags/process_sales_dag.py
[2025-06-16T16:36:21.316+0000] {logging_mixin.py:188} INFO - [2025-06-16T16:36:21.316+0000] {dag.py:3096} INFO - Sync 1 DAGs
[2025-06-16T16:36:21.355+0000] {logging_mixin.py:188} INFO - [2025-06-16T16:36:21.354+0000] {dag.py:3954} INFO - Setting next_dagrun for process_sales to 2025-06-16 01:00:00+00:00, run_after=2025-06-17 01:00:00+00:00
[2025-06-16T16:36:21.410+0000] {processor.py:183} INFO - Processing /opt/airflow/dags/process_sales_dag.py took 0.647 seconds
[2025-06-16T16:36:23.993+0000] {processor.py:161} INFO - Started process (PID=280) to work on /opt/airflow/dags/process_sales_dag.py
[2025-06-16T16:36:23.997+0000] {processor.py:830} INFO - Processing file /opt/airflow/dags/process_sales_dag.py for tasks to queue
[2025-06-16T16:36:24.003+0000] {logging_mixin.py:188} INFO - [2025-06-16T16:36:24.001+0000] {dagbag.py:545} INFO - Filling up the DagBag from /opt/airflow/dags/process_sales_dag.py
[2025-06-16T16:36:24.103+0000] {processor.py:840} INFO - DAG(s) 'process_sales' retrieved from /opt/airflow/dags/process_sales_dag.py
[2025-06-16T16:36:24.826+0000] {logging_mixin.py:188} INFO - [2025-06-16T16:36:24.826+0000] {dag.py:3096} INFO - Sync 1 DAGs
[2025-06-16T16:36:24.840+0000] {logging_mixin.py:188} INFO - [2025-06-16T16:36:24.840+0000] {dag.py:3954} INFO - Setting next_dagrun for process_sales to None, run_after=None
[2025-06-16T16:36:24.888+0000] {processor.py:183} INFO - Processing /opt/airflow/dags/process_sales_dag.py took 0.924 seconds
[2025-06-16T16:36:55.522+0000] {processor.py:161} INFO - Started process (PID=285) to work on /opt/airflow/dags/process_sales_dag.py
[2025-06-16T16:36:55.524+0000] {processor.py:830} INFO - Processing file /opt/airflow/dags/process_sales_dag.py for tasks to queue
[2025-06-16T16:36:55.527+0000] {logging_mixin.py:188} INFO - [2025-06-16T16:36:55.527+0000] {dagbag.py:545} INFO - Filling up the DagBag from /opt/airflow/dags/process_sales_dag.py
[2025-06-16T16:36:55.555+0000] {processor.py:840} INFO - DAG(s) 'process_sales' retrieved from /opt/airflow/dags/process_sales_dag.py
[2025-06-16T16:36:55.594+0000] {logging_mixin.py:188} INFO - [2025-06-16T16:36:55.594+0000] {dag.py:3096} INFO - Sync 1 DAGs
[2025-06-16T16:36:55.614+0000] {logging_mixin.py:188} INFO - [2025-06-16T16:36:55.613+0000] {dag.py:3954} INFO - Setting next_dagrun for process_sales to None, run_after=None
[2025-06-16T16:36:55.657+0000] {processor.py:183} INFO - Processing /opt/airflow/dags/process_sales_dag.py took 0.144 seconds
[2025-06-16T16:38:15.891+0000] {processor.py:161} INFO - Started process (PID=157) to work on /opt/airflow/dags/process_sales_dag.py
[2025-06-16T16:38:15.909+0000] {processor.py:830} INFO - Processing file /opt/airflow/dags/process_sales_dag.py for tasks to queue
[2025-06-16T16:38:15.955+0000] {logging_mixin.py:188} INFO - [2025-06-16T16:38:15.953+0000] {dagbag.py:545} INFO - Filling up the DagBag from /opt/airflow/dags/process_sales_dag.py
[2025-06-16T16:38:16.164+0000] {processor.py:840} INFO - DAG(s) 'process_sales' retrieved from /opt/airflow/dags/process_sales_dag.py
[2025-06-16T16:38:16.774+0000] {logging_mixin.py:188} INFO - [2025-06-16T16:38:16.773+0000] {dag.py:3096} INFO - Sync 1 DAGs
[2025-06-16T16:38:16.875+0000] {logging_mixin.py:188} INFO - [2025-06-16T16:38:16.874+0000] {dag.py:3954} INFO - Setting next_dagrun for process_sales to None, run_after=None
[2025-06-16T16:38:16.977+0000] {processor.py:183} INFO - Processing /opt/airflow/dags/process_sales_dag.py took 1.219 seconds
[2025-06-16T16:38:48.304+0000] {processor.py:161} INFO - Started process (PID=162) to work on /opt/airflow/dags/process_sales_dag.py
[2025-06-16T16:38:48.315+0000] {processor.py:830} INFO - Processing file /opt/airflow/dags/process_sales_dag.py for tasks to queue
[2025-06-16T16:38:48.347+0000] {logging_mixin.py:188} INFO - [2025-06-16T16:38:48.341+0000] {dagbag.py:545} INFO - Filling up the DagBag from /opt/airflow/dags/process_sales_dag.py
[2025-06-16T16:38:48.457+0000] {processor.py:840} INFO - DAG(s) 'process_sales' retrieved from /opt/airflow/dags/process_sales_dag.py
[2025-06-16T16:38:48.711+0000] {logging_mixin.py:188} INFO - [2025-06-16T16:38:48.711+0000] {dag.py:3096} INFO - Sync 1 DAGs
[2025-06-16T16:38:48.812+0000] {logging_mixin.py:188} INFO - [2025-06-16T16:38:48.811+0000] {dag.py:3954} INFO - Setting next_dagrun for process_sales to None, run_after=None
[2025-06-16T16:38:48.928+0000] {processor.py:183} INFO - Processing /opt/airflow/dags/process_sales_dag.py took 0.716 seconds
[2025-06-16T16:39:19.805+0000] {processor.py:161} INFO - Started process (PID=167) to work on /opt/airflow/dags/process_sales_dag.py
[2025-06-16T16:39:19.825+0000] {processor.py:830} INFO - Processing file /opt/airflow/dags/process_sales_dag.py for tasks to queue
[2025-06-16T16:39:19.855+0000] {logging_mixin.py:188} INFO - [2025-06-16T16:39:19.850+0000] {dagbag.py:545} INFO - Filling up the DagBag from /opt/airflow/dags/process_sales_dag.py
[2025-06-16T16:39:19.980+0000] {processor.py:840} INFO - DAG(s) 'process_sales' retrieved from /opt/airflow/dags/process_sales_dag.py
[2025-06-16T16:39:20.812+0000] {logging_mixin.py:188} INFO - [2025-06-16T16:39:20.811+0000] {dag.py:3096} INFO - Sync 1 DAGs
[2025-06-16T16:39:21.278+0000] {logging_mixin.py:188} INFO - [2025-06-16T16:39:21.278+0000] {dag.py:3954} INFO - Setting next_dagrun for process_sales to None, run_after=None
[2025-06-16T16:39:21.526+0000] {processor.py:183} INFO - Processing /opt/airflow/dags/process_sales_dag.py took 1.914 seconds
[2025-06-16T16:39:52.807+0000] {processor.py:161} INFO - Started process (PID=172) to work on /opt/airflow/dags/process_sales_dag.py
[2025-06-16T16:39:52.839+0000] {processor.py:830} INFO - Processing file /opt/airflow/dags/process_sales_dag.py for tasks to queue
[2025-06-16T16:39:52.890+0000] {logging_mixin.py:188} INFO - [2025-06-16T16:39:52.885+0000] {dagbag.py:545} INFO - Filling up the DagBag from /opt/airflow/dags/process_sales_dag.py
[2025-06-16T16:39:53.064+0000] {processor.py:840} INFO - DAG(s) 'process_sales' retrieved from /opt/airflow/dags/process_sales_dag.py
[2025-06-16T16:39:53.236+0000] {logging_mixin.py:188} INFO - [2025-06-16T16:39:53.236+0000] {dag.py:3096} INFO - Sync 1 DAGs
[2025-06-16T16:39:53.292+0000] {logging_mixin.py:188} INFO - [2025-06-16T16:39:53.292+0000] {dag.py:3954} INFO - Setting next_dagrun for process_sales to None, run_after=None
[2025-06-16T16:39:53.348+0000] {processor.py:183} INFO - Processing /opt/airflow/dags/process_sales_dag.py took 1.189 seconds
[2025-06-16T16:40:23.898+0000] {processor.py:161} INFO - Started process (PID=177) to work on /opt/airflow/dags/process_sales_dag.py
[2025-06-16T16:40:23.904+0000] {processor.py:830} INFO - Processing file /opt/airflow/dags/process_sales_dag.py for tasks to queue
[2025-06-16T16:40:23.918+0000] {logging_mixin.py:188} INFO - [2025-06-16T16:40:23.916+0000] {dagbag.py:545} INFO - Filling up the DagBag from /opt/airflow/dags/process_sales_dag.py
[2025-06-16T16:40:24.098+0000] {processor.py:840} INFO - DAG(s) 'process_sales' retrieved from /opt/airflow/dags/process_sales_dag.py
[2025-06-16T16:40:24.450+0000] {logging_mixin.py:188} INFO - [2025-06-16T16:40:24.449+0000] {dag.py:3096} INFO - Sync 1 DAGs
[2025-06-16T16:40:24.513+0000] {logging_mixin.py:188} INFO - [2025-06-16T16:40:24.512+0000] {dag.py:3954} INFO - Setting next_dagrun for process_sales to None, run_after=None
[2025-06-16T16:40:24.581+0000] {processor.py:183} INFO - Processing /opt/airflow/dags/process_sales_dag.py took 0.721 seconds
[2025-06-16T16:40:54.899+0000] {processor.py:161} INFO - Started process (PID=182) to work on /opt/airflow/dags/process_sales_dag.py
[2025-06-16T16:40:54.902+0000] {processor.py:830} INFO - Processing file /opt/airflow/dags/process_sales_dag.py for tasks to queue
[2025-06-16T16:40:54.909+0000] {logging_mixin.py:188} INFO - [2025-06-16T16:40:54.908+0000] {dagbag.py:545} INFO - Filling up the DagBag from /opt/airflow/dags/process_sales_dag.py
[2025-06-16T16:40:54.958+0000] {processor.py:840} INFO - DAG(s) 'process_sales' retrieved from /opt/airflow/dags/process_sales_dag.py
[2025-06-16T16:40:55.030+0000] {logging_mixin.py:188} INFO - [2025-06-16T16:40:55.030+0000] {dag.py:3096} INFO - Sync 1 DAGs
[2025-06-16T16:40:55.064+0000] {logging_mixin.py:188} INFO - [2025-06-16T16:40:55.063+0000] {dag.py:3954} INFO - Setting next_dagrun for process_sales to None, run_after=None
[2025-06-16T16:40:55.120+0000] {processor.py:183} INFO - Processing /opt/airflow/dags/process_sales_dag.py took 0.244 seconds
[2025-06-16T16:41:25.382+0000] {processor.py:161} INFO - Started process (PID=187) to work on /opt/airflow/dags/process_sales_dag.py
[2025-06-16T16:41:25.386+0000] {processor.py:830} INFO - Processing file /opt/airflow/dags/process_sales_dag.py for tasks to queue
[2025-06-16T16:41:25.392+0000] {logging_mixin.py:188} INFO - [2025-06-16T16:41:25.391+0000] {dagbag.py:545} INFO - Filling up the DagBag from /opt/airflow/dags/process_sales_dag.py
[2025-06-16T16:41:25.465+0000] {processor.py:840} INFO - DAG(s) 'process_sales' retrieved from /opt/airflow/dags/process_sales_dag.py
[2025-06-16T16:41:25.603+0000] {logging_mixin.py:188} INFO - [2025-06-16T16:41:25.603+0000] {dag.py:3096} INFO - Sync 1 DAGs
[2025-06-16T16:41:25.658+0000] {logging_mixin.py:188} INFO - [2025-06-16T16:41:25.658+0000] {dag.py:3954} INFO - Setting next_dagrun for process_sales to None, run_after=None
[2025-06-16T16:41:25.716+0000] {processor.py:183} INFO - Processing /opt/airflow/dags/process_sales_dag.py took 0.362 seconds
[2025-06-16T16:41:56.233+0000] {processor.py:161} INFO - Started process (PID=195) to work on /opt/airflow/dags/process_sales_dag.py
[2025-06-16T16:41:56.238+0000] {processor.py:830} INFO - Processing file /opt/airflow/dags/process_sales_dag.py for tasks to queue
[2025-06-16T16:41:56.250+0000] {logging_mixin.py:188} INFO - [2025-06-16T16:41:56.248+0000] {dagbag.py:545} INFO - Filling up the DagBag from /opt/airflow/dags/process_sales_dag.py
[2025-06-16T16:41:56.345+0000] {processor.py:840} INFO - DAG(s) 'process_sales' retrieved from /opt/airflow/dags/process_sales_dag.py
[2025-06-16T16:41:56.585+0000] {logging_mixin.py:188} INFO - [2025-06-16T16:41:56.584+0000] {dag.py:3096} INFO - Sync 1 DAGs
[2025-06-16T16:41:56.642+0000] {logging_mixin.py:188} INFO - [2025-06-16T16:41:56.642+0000] {dag.py:3954} INFO - Setting next_dagrun for process_sales to None, run_after=None
[2025-06-16T16:41:56.720+0000] {processor.py:183} INFO - Processing /opt/airflow/dags/process_sales_dag.py took 0.517 seconds
[2025-06-16T16:42:27.093+0000] {processor.py:161} INFO - Started process (PID=200) to work on /opt/airflow/dags/process_sales_dag.py
[2025-06-16T16:42:27.099+0000] {processor.py:830} INFO - Processing file /opt/airflow/dags/process_sales_dag.py for tasks to queue
[2025-06-16T16:42:27.119+0000] {logging_mixin.py:188} INFO - [2025-06-16T16:42:27.117+0000] {dagbag.py:545} INFO - Filling up the DagBag from /opt/airflow/dags/process_sales_dag.py
[2025-06-16T16:42:27.190+0000] {processor.py:840} INFO - DAG(s) 'process_sales' retrieved from /opt/airflow/dags/process_sales_dag.py
[2025-06-16T16:42:27.300+0000] {logging_mixin.py:188} INFO - [2025-06-16T16:42:27.299+0000] {dag.py:3096} INFO - Sync 1 DAGs
[2025-06-16T16:42:27.350+0000] {logging_mixin.py:188} INFO - [2025-06-16T16:42:27.349+0000] {dag.py:3954} INFO - Setting next_dagrun for process_sales to None, run_after=None
[2025-06-16T16:42:29.299+0000] {processor.py:183} INFO - Processing /opt/airflow/dags/process_sales_dag.py took 2.232 seconds
[2025-06-16T16:42:59.647+0000] {processor.py:161} INFO - Started process (PID=205) to work on /opt/airflow/dags/process_sales_dag.py
[2025-06-16T16:42:59.656+0000] {processor.py:830} INFO - Processing file /opt/airflow/dags/process_sales_dag.py for tasks to queue
[2025-06-16T16:42:59.669+0000] {logging_mixin.py:188} INFO - [2025-06-16T16:42:59.664+0000] {dagbag.py:545} INFO - Filling up the DagBag from /opt/airflow/dags/process_sales_dag.py
[2025-06-16T16:42:59.786+0000] {processor.py:840} INFO - DAG(s) 'process_sales' retrieved from /opt/airflow/dags/process_sales_dag.py
[2025-06-16T16:42:59.919+0000] {logging_mixin.py:188} INFO - [2025-06-16T16:42:59.919+0000] {dag.py:3096} INFO - Sync 1 DAGs
[2025-06-16T16:43:00.382+0000] {logging_mixin.py:188} INFO - [2025-06-16T16:43:00.381+0000] {dag.py:3954} INFO - Setting next_dagrun for process_sales to None, run_after=None
[2025-06-16T16:43:00.410+0000] {processor.py:183} INFO - Processing /opt/airflow/dags/process_sales_dag.py took 0.774 seconds
[2025-06-16T16:43:30.522+0000] {processor.py:161} INFO - Started process (PID=210) to work on /opt/airflow/dags/process_sales_dag.py
[2025-06-16T16:43:30.524+0000] {processor.py:830} INFO - Processing file /opt/airflow/dags/process_sales_dag.py for tasks to queue
[2025-06-16T16:43:30.527+0000] {logging_mixin.py:188} INFO - [2025-06-16T16:43:30.526+0000] {dagbag.py:545} INFO - Filling up the DagBag from /opt/airflow/dags/process_sales_dag.py
[2025-06-16T16:43:30.552+0000] {processor.py:840} INFO - DAG(s) 'process_sales' retrieved from /opt/airflow/dags/process_sales_dag.py
[2025-06-16T16:43:30.784+0000] {logging_mixin.py:188} INFO - [2025-06-16T16:43:30.784+0000] {dag.py:3096} INFO - Sync 1 DAGs
[2025-06-16T16:43:30.799+0000] {logging_mixin.py:188} INFO - [2025-06-16T16:43:30.798+0000] {dag.py:3954} INFO - Setting next_dagrun for process_sales to None, run_after=None
[2025-06-16T16:43:30.828+0000] {processor.py:183} INFO - Processing /opt/airflow/dags/process_sales_dag.py took 0.315 seconds
[2025-06-16T16:44:01.348+0000] {processor.py:161} INFO - Started process (PID=215) to work on /opt/airflow/dags/process_sales_dag.py
[2025-06-16T16:44:01.351+0000] {processor.py:830} INFO - Processing file /opt/airflow/dags/process_sales_dag.py for tasks to queue
[2025-06-16T16:44:01.356+0000] {logging_mixin.py:188} INFO - [2025-06-16T16:44:01.355+0000] {dagbag.py:545} INFO - Filling up the DagBag from /opt/airflow/dags/process_sales_dag.py
[2025-06-16T16:44:01.398+0000] {processor.py:840} INFO - DAG(s) 'process_sales' retrieved from /opt/airflow/dags/process_sales_dag.py
[2025-06-16T16:44:01.451+0000] {logging_mixin.py:188} INFO - [2025-06-16T16:44:01.451+0000] {dag.py:3096} INFO - Sync 1 DAGs
[2025-06-16T16:44:01.472+0000] {logging_mixin.py:188} INFO - [2025-06-16T16:44:01.472+0000] {dag.py:3954} INFO - Setting next_dagrun for process_sales to None, run_after=None
[2025-06-16T16:44:01.515+0000] {processor.py:183} INFO - Processing /opt/airflow/dags/process_sales_dag.py took 0.184 seconds
[2025-06-16T16:44:31.768+0000] {processor.py:161} INFO - Started process (PID=220) to work on /opt/airflow/dags/process_sales_dag.py
[2025-06-16T16:44:31.775+0000] {processor.py:830} INFO - Processing file /opt/airflow/dags/process_sales_dag.py for tasks to queue
[2025-06-16T16:44:31.781+0000] {logging_mixin.py:188} INFO - [2025-06-16T16:44:31.780+0000] {dagbag.py:545} INFO - Filling up the DagBag from /opt/airflow/dags/process_sales_dag.py
[2025-06-16T16:44:31.846+0000] {processor.py:840} INFO - DAG(s) 'process_sales' retrieved from /opt/airflow/dags/process_sales_dag.py
[2025-06-16T16:44:31.940+0000] {logging_mixin.py:188} INFO - [2025-06-16T16:44:31.939+0000] {dag.py:3096} INFO - Sync 1 DAGs
[2025-06-16T16:44:31.959+0000] {logging_mixin.py:188} INFO - [2025-06-16T16:44:31.959+0000] {dag.py:3954} INFO - Setting next_dagrun for process_sales to None, run_after=None
[2025-06-16T16:44:31.988+0000] {processor.py:183} INFO - Processing /opt/airflow/dags/process_sales_dag.py took 0.244 seconds
[2025-06-16T16:45:02.680+0000] {processor.py:161} INFO - Started process (PID=225) to work on /opt/airflow/dags/process_sales_dag.py
[2025-06-16T16:45:02.690+0000] {processor.py:830} INFO - Processing file /opt/airflow/dags/process_sales_dag.py for tasks to queue
[2025-06-16T16:45:02.711+0000] {logging_mixin.py:188} INFO - [2025-06-16T16:45:02.704+0000] {dagbag.py:545} INFO - Filling up the DagBag from /opt/airflow/dags/process_sales_dag.py
[2025-06-16T16:45:02.850+0000] {processor.py:840} INFO - DAG(s) 'process_sales' retrieved from /opt/airflow/dags/process_sales_dag.py
[2025-06-16T16:45:02.943+0000] {logging_mixin.py:188} INFO - [2025-06-16T16:45:02.942+0000] {dag.py:3096} INFO - Sync 1 DAGs
[2025-06-16T16:45:02.976+0000] {logging_mixin.py:188} INFO - [2025-06-16T16:45:02.976+0000] {dag.py:3954} INFO - Setting next_dagrun for process_sales to None, run_after=None
[2025-06-16T16:45:03.026+0000] {processor.py:183} INFO - Processing /opt/airflow/dags/process_sales_dag.py took 0.420 seconds
[2025-06-16T16:45:33.279+0000] {processor.py:161} INFO - Started process (PID=230) to work on /opt/airflow/dags/process_sales_dag.py
[2025-06-16T16:45:33.282+0000] {processor.py:830} INFO - Processing file /opt/airflow/dags/process_sales_dag.py for tasks to queue
[2025-06-16T16:45:33.287+0000] {logging_mixin.py:188} INFO - [2025-06-16T16:45:33.286+0000] {dagbag.py:545} INFO - Filling up the DagBag from /opt/airflow/dags/process_sales_dag.py
[2025-06-16T16:45:33.333+0000] {processor.py:840} INFO - DAG(s) 'process_sales' retrieved from /opt/airflow/dags/process_sales_dag.py
[2025-06-16T16:45:33.402+0000] {logging_mixin.py:188} INFO - [2025-06-16T16:45:33.401+0000] {dag.py:3096} INFO - Sync 1 DAGs
[2025-06-16T16:45:33.432+0000] {logging_mixin.py:188} INFO - [2025-06-16T16:45:33.432+0000] {dag.py:3954} INFO - Setting next_dagrun for process_sales to None, run_after=None
[2025-06-16T16:45:35.456+0000] {processor.py:183} INFO - Processing /opt/airflow/dags/process_sales_dag.py took 2.188 seconds
[2025-06-16T16:46:05.988+0000] {processor.py:161} INFO - Started process (PID=235) to work on /opt/airflow/dags/process_sales_dag.py
[2025-06-16T16:46:05.991+0000] {processor.py:830} INFO - Processing file /opt/airflow/dags/process_sales_dag.py for tasks to queue
[2025-06-16T16:46:05.997+0000] {logging_mixin.py:188} INFO - [2025-06-16T16:46:05.996+0000] {dagbag.py:545} INFO - Filling up the DagBag from /opt/airflow/dags/process_sales_dag.py
[2025-06-16T16:46:06.110+0000] {processor.py:840} INFO - DAG(s) 'process_sales' retrieved from /opt/airflow/dags/process_sales_dag.py
[2025-06-16T16:46:06.241+0000] {logging_mixin.py:188} INFO - [2025-06-16T16:46:06.241+0000] {dag.py:3096} INFO - Sync 1 DAGs
[2025-06-16T16:46:06.886+0000] {logging_mixin.py:188} INFO - [2025-06-16T16:46:06.886+0000] {dag.py:3954} INFO - Setting next_dagrun for process_sales to None, run_after=None
[2025-06-16T16:46:06.916+0000] {processor.py:183} INFO - Processing /opt/airflow/dags/process_sales_dag.py took 0.957 seconds
[2025-06-16T16:46:37.475+0000] {processor.py:161} INFO - Started process (PID=240) to work on /opt/airflow/dags/process_sales_dag.py
[2025-06-16T16:46:37.477+0000] {processor.py:830} INFO - Processing file /opt/airflow/dags/process_sales_dag.py for tasks to queue
[2025-06-16T16:46:37.486+0000] {logging_mixin.py:188} INFO - [2025-06-16T16:46:37.485+0000] {dagbag.py:545} INFO - Filling up the DagBag from /opt/airflow/dags/process_sales_dag.py
[2025-06-16T16:46:37.570+0000] {processor.py:840} INFO - DAG(s) 'process_sales' retrieved from /opt/airflow/dags/process_sales_dag.py
[2025-06-16T16:46:37.978+0000] {logging_mixin.py:188} INFO - [2025-06-16T16:46:37.978+0000] {dag.py:3096} INFO - Sync 1 DAGs
[2025-06-16T16:46:38.008+0000] {logging_mixin.py:188} INFO - [2025-06-16T16:46:38.008+0000] {dag.py:3954} INFO - Setting next_dagrun for process_sales to None, run_after=None
[2025-06-16T16:46:38.075+0000] {processor.py:183} INFO - Processing /opt/airflow/dags/process_sales_dag.py took 0.613 seconds
[2025-06-16T16:47:08.336+0000] {processor.py:161} INFO - Started process (PID=248) to work on /opt/airflow/dags/process_sales_dag.py
[2025-06-16T16:47:08.338+0000] {processor.py:830} INFO - Processing file /opt/airflow/dags/process_sales_dag.py for tasks to queue
[2025-06-16T16:47:08.342+0000] {logging_mixin.py:188} INFO - [2025-06-16T16:47:08.341+0000] {dagbag.py:545} INFO - Filling up the DagBag from /opt/airflow/dags/process_sales_dag.py
[2025-06-16T16:47:08.372+0000] {processor.py:840} INFO - DAG(s) 'process_sales' retrieved from /opt/airflow/dags/process_sales_dag.py
[2025-06-16T16:47:08.416+0000] {logging_mixin.py:188} INFO - [2025-06-16T16:47:08.416+0000] {dag.py:3096} INFO - Sync 1 DAGs
[2025-06-16T16:47:08.434+0000] {logging_mixin.py:188} INFO - [2025-06-16T16:47:08.434+0000] {dag.py:3954} INFO - Setting next_dagrun for process_sales to None, run_after=None
[2025-06-16T16:47:08.467+0000] {processor.py:183} INFO - Processing /opt/airflow/dags/process_sales_dag.py took 0.140 seconds
[2025-06-16T16:47:38.868+0000] {processor.py:161} INFO - Started process (PID=253) to work on /opt/airflow/dags/process_sales_dag.py
[2025-06-16T16:47:38.883+0000] {processor.py:830} INFO - Processing file /opt/airflow/dags/process_sales_dag.py for tasks to queue
[2025-06-16T16:47:38.896+0000] {logging_mixin.py:188} INFO - [2025-06-16T16:47:38.893+0000] {dagbag.py:545} INFO - Filling up the DagBag from /opt/airflow/dags/process_sales_dag.py
[2025-06-16T16:47:38.983+0000] {processor.py:840} INFO - DAG(s) 'process_sales' retrieved from /opt/airflow/dags/process_sales_dag.py
[2025-06-16T16:47:39.078+0000] {logging_mixin.py:188} INFO - [2025-06-16T16:47:39.077+0000] {dag.py:3096} INFO - Sync 1 DAGs
[2025-06-16T16:47:39.118+0000] {logging_mixin.py:188} INFO - [2025-06-16T16:47:39.117+0000] {dag.py:3954} INFO - Setting next_dagrun for process_sales to None, run_after=None
[2025-06-16T16:47:39.179+0000] {processor.py:183} INFO - Processing /opt/airflow/dags/process_sales_dag.py took 0.347 seconds
[2025-06-16T16:48:09.712+0000] {processor.py:161} INFO - Started process (PID=258) to work on /opt/airflow/dags/process_sales_dag.py
[2025-06-16T16:48:09.719+0000] {processor.py:830} INFO - Processing file /opt/airflow/dags/process_sales_dag.py for tasks to queue
[2025-06-16T16:48:09.727+0000] {logging_mixin.py:188} INFO - [2025-06-16T16:48:09.726+0000] {dagbag.py:545} INFO - Filling up the DagBag from /opt/airflow/dags/process_sales_dag.py
[2025-06-16T16:48:09.824+0000] {processor.py:840} INFO - DAG(s) 'process_sales' retrieved from /opt/airflow/dags/process_sales_dag.py
[2025-06-16T16:48:09.872+0000] {logging_mixin.py:188} INFO - [2025-06-16T16:48:09.872+0000] {dag.py:3096} INFO - Sync 1 DAGs
[2025-06-16T16:48:09.895+0000] {logging_mixin.py:188} INFO - [2025-06-16T16:48:09.895+0000] {dag.py:3954} INFO - Setting next_dagrun for process_sales to None, run_after=None
[2025-06-16T16:48:09.924+0000] {processor.py:183} INFO - Processing /opt/airflow/dags/process_sales_dag.py took 0.236 seconds
[2025-06-16T19:28:16.770+0000] {processor.py:161} INFO - Started process (PID=160) to work on /opt/airflow/dags/process_sales_dag.py
[2025-06-16T19:28:16.789+0000] {processor.py:830} INFO - Processing file /opt/airflow/dags/process_sales_dag.py for tasks to queue
[2025-06-16T19:28:16.819+0000] {logging_mixin.py:188} INFO - [2025-06-16T19:28:16.818+0000] {dagbag.py:545} INFO - Filling up the DagBag from /opt/airflow/dags/process_sales_dag.py
[2025-06-16T19:28:16.961+0000] {processor.py:840} INFO - DAG(s) 'process_sales' retrieved from /opt/airflow/dags/process_sales_dag.py
[2025-06-16T19:28:17.350+0000] {logging_mixin.py:188} INFO - [2025-06-16T19:28:17.349+0000] {dag.py:3096} INFO - Sync 1 DAGs
[2025-06-16T19:28:17.417+0000] {logging_mixin.py:188} INFO - [2025-06-16T19:28:17.417+0000] {dag.py:3954} INFO - Setting next_dagrun for process_sales to None, run_after=None
[2025-06-16T19:28:17.498+0000] {processor.py:183} INFO - Processing /opt/airflow/dags/process_sales_dag.py took 1.131 seconds
[2025-06-16T19:28:48.061+0000] {processor.py:161} INFO - Started process (PID=165) to work on /opt/airflow/dags/process_sales_dag.py
[2025-06-16T19:28:48.066+0000] {processor.py:830} INFO - Processing file /opt/airflow/dags/process_sales_dag.py for tasks to queue
[2025-06-16T19:28:48.094+0000] {logging_mixin.py:188} INFO - [2025-06-16T19:28:48.087+0000] {dagbag.py:545} INFO - Filling up the DagBag from /opt/airflow/dags/process_sales_dag.py
[2025-06-16T19:28:48.233+0000] {processor.py:840} INFO - DAG(s) 'process_sales' retrieved from /opt/airflow/dags/process_sales_dag.py
[2025-06-16T19:28:48.432+0000] {logging_mixin.py:188} INFO - [2025-06-16T19:28:48.431+0000] {dag.py:3096} INFO - Sync 1 DAGs
[2025-06-16T19:28:48.511+0000] {logging_mixin.py:188} INFO - [2025-06-16T19:28:48.510+0000] {dag.py:3954} INFO - Setting next_dagrun for process_sales to None, run_after=None
[2025-06-16T19:28:48.611+0000] {processor.py:183} INFO - Processing /opt/airflow/dags/process_sales_dag.py took 0.624 seconds
[2025-06-16T19:29:19.331+0000] {processor.py:161} INFO - Started process (PID=170) to work on /opt/airflow/dags/process_sales_dag.py
[2025-06-16T19:29:19.342+0000] {processor.py:830} INFO - Processing file /opt/airflow/dags/process_sales_dag.py for tasks to queue
[2025-06-16T19:29:19.367+0000] {logging_mixin.py:188} INFO - [2025-06-16T19:29:19.364+0000] {dagbag.py:545} INFO - Filling up the DagBag from /opt/airflow/dags/process_sales_dag.py
[2025-06-16T19:29:19.853+0000] {processor.py:840} INFO - DAG(s) 'process_sales' retrieved from /opt/airflow/dags/process_sales_dag.py
[2025-06-16T19:29:20.265+0000] {logging_mixin.py:188} INFO - [2025-06-16T19:29:20.264+0000] {dag.py:3096} INFO - Sync 1 DAGs
[2025-06-16T19:29:20.365+0000] {logging_mixin.py:188} INFO - [2025-06-16T19:29:20.364+0000] {dag.py:3954} INFO - Setting next_dagrun for process_sales to None, run_after=None
[2025-06-16T19:29:20.421+0000] {processor.py:183} INFO - Processing /opt/airflow/dags/process_sales_dag.py took 1.188 seconds
[2025-06-16T19:29:51.807+0000] {processor.py:161} INFO - Started process (PID=175) to work on /opt/airflow/dags/process_sales_dag.py
[2025-06-16T19:29:51.997+0000] {processor.py:830} INFO - Processing file /opt/airflow/dags/process_sales_dag.py for tasks to queue
[2025-06-16T19:29:52.089+0000] {logging_mixin.py:188} INFO - [2025-06-16T19:29:52.070+0000] {dagbag.py:545} INFO - Filling up the DagBag from /opt/airflow/dags/process_sales_dag.py
[2025-06-16T19:29:53.188+0000] {processor.py:840} INFO - DAG(s) 'process_sales' retrieved from /opt/airflow/dags/process_sales_dag.py
[2025-06-16T19:29:54.283+0000] {logging_mixin.py:188} INFO - [2025-06-16T19:29:54.282+0000] {dag.py:3096} INFO - Sync 1 DAGs
[2025-06-16T19:29:54.528+0000] {logging_mixin.py:188} INFO - [2025-06-16T19:29:54.528+0000] {dag.py:3954} INFO - Setting next_dagrun for process_sales to None, run_after=None
[2025-06-16T19:29:54.683+0000] {processor.py:183} INFO - Processing /opt/airflow/dags/process_sales_dag.py took 3.647 seconds
[2025-06-16T19:30:25.386+0000] {processor.py:161} INFO - Started process (PID=183) to work on /opt/airflow/dags/process_sales_dag.py
[2025-06-16T19:30:25.390+0000] {processor.py:830} INFO - Processing file /opt/airflow/dags/process_sales_dag.py for tasks to queue
[2025-06-16T19:30:25.399+0000] {logging_mixin.py:188} INFO - [2025-06-16T19:30:25.397+0000] {dagbag.py:545} INFO - Filling up the DagBag from /opt/airflow/dags/process_sales_dag.py
[2025-06-16T19:30:25.458+0000] {processor.py:840} INFO - DAG(s) 'process_sales' retrieved from /opt/airflow/dags/process_sales_dag.py
[2025-06-16T19:30:25.564+0000] {logging_mixin.py:188} INFO - [2025-06-16T19:30:25.563+0000] {dag.py:3096} INFO - Sync 1 DAGs
[2025-06-16T19:30:25.599+0000] {logging_mixin.py:188} INFO - [2025-06-16T19:30:25.598+0000] {dag.py:3954} INFO - Setting next_dagrun for process_sales to None, run_after=None
[2025-06-16T19:30:25.633+0000] {processor.py:183} INFO - Processing /opt/airflow/dags/process_sales_dag.py took 0.267 seconds
[2025-06-16T19:30:56.199+0000] {processor.py:161} INFO - Started process (PID=188) to work on /opt/airflow/dags/process_sales_dag.py
[2025-06-16T19:30:56.201+0000] {processor.py:830} INFO - Processing file /opt/airflow/dags/process_sales_dag.py for tasks to queue
[2025-06-16T19:30:56.205+0000] {logging_mixin.py:188} INFO - [2025-06-16T19:30:56.204+0000] {dagbag.py:545} INFO - Filling up the DagBag from /opt/airflow/dags/process_sales_dag.py
[2025-06-16T19:30:56.234+0000] {processor.py:840} INFO - DAG(s) 'process_sales' retrieved from /opt/airflow/dags/process_sales_dag.py
[2025-06-16T19:30:56.280+0000] {logging_mixin.py:188} INFO - [2025-06-16T19:30:56.280+0000] {dag.py:3096} INFO - Sync 1 DAGs
[2025-06-16T19:30:56.298+0000] {logging_mixin.py:188} INFO - [2025-06-16T19:30:56.298+0000] {dag.py:3954} INFO - Setting next_dagrun for process_sales to None, run_after=None
[2025-06-16T19:30:56.336+0000] {processor.py:183} INFO - Processing /opt/airflow/dags/process_sales_dag.py took 0.155 seconds
[2025-06-16T19:31:27.153+0000] {processor.py:161} INFO - Started process (PID=193) to work on /opt/airflow/dags/process_sales_dag.py
[2025-06-16T19:31:27.155+0000] {processor.py:830} INFO - Processing file /opt/airflow/dags/process_sales_dag.py for tasks to queue
[2025-06-16T19:31:27.159+0000] {logging_mixin.py:188} INFO - [2025-06-16T19:31:27.159+0000] {dagbag.py:545} INFO - Filling up the DagBag from /opt/airflow/dags/process_sales_dag.py
[2025-06-16T19:31:27.218+0000] {processor.py:840} INFO - DAG(s) 'process_sales' retrieved from /opt/airflow/dags/process_sales_dag.py
[2025-06-16T19:31:27.285+0000] {logging_mixin.py:188} INFO - [2025-06-16T19:31:27.285+0000] {dag.py:3096} INFO - Sync 1 DAGs
[2025-06-16T19:31:27.363+0000] {logging_mixin.py:188} INFO - [2025-06-16T19:31:27.362+0000] {dag.py:3954} INFO - Setting next_dagrun for process_sales to None, run_after=None
[2025-06-16T19:31:27.506+0000] {processor.py:183} INFO - Processing /opt/airflow/dags/process_sales_dag.py took 0.368 seconds
[2025-06-16T19:31:58.054+0000] {processor.py:161} INFO - Started process (PID=198) to work on /opt/airflow/dags/process_sales_dag.py
[2025-06-16T19:31:58.057+0000] {processor.py:830} INFO - Processing file /opt/airflow/dags/process_sales_dag.py for tasks to queue
[2025-06-16T19:31:58.066+0000] {logging_mixin.py:188} INFO - [2025-06-16T19:31:58.064+0000] {dagbag.py:545} INFO - Filling up the DagBag from /opt/airflow/dags/process_sales_dag.py
[2025-06-16T19:31:58.118+0000] {processor.py:840} INFO - DAG(s) 'process_sales' retrieved from /opt/airflow/dags/process_sales_dag.py
[2025-06-16T19:31:58.181+0000] {logging_mixin.py:188} INFO - [2025-06-16T19:31:58.181+0000] {dag.py:3096} INFO - Sync 1 DAGs
[2025-06-16T19:31:58.240+0000] {logging_mixin.py:188} INFO - [2025-06-16T19:31:58.239+0000] {dag.py:3954} INFO - Setting next_dagrun for process_sales to None, run_after=None
[2025-06-16T19:31:58.312+0000] {processor.py:183} INFO - Processing /opt/airflow/dags/process_sales_dag.py took 0.276 seconds
[2025-06-16T19:32:29.451+0000] {processor.py:161} INFO - Started process (PID=203) to work on /opt/airflow/dags/process_sales_dag.py
[2025-06-16T19:32:29.456+0000] {processor.py:830} INFO - Processing file /opt/airflow/dags/process_sales_dag.py for tasks to queue
[2025-06-16T19:32:29.472+0000] {logging_mixin.py:188} INFO - [2025-06-16T19:32:29.470+0000] {dagbag.py:545} INFO - Filling up the DagBag from /opt/airflow/dags/process_sales_dag.py
[2025-06-16T19:32:29.540+0000] {processor.py:840} INFO - DAG(s) 'process_sales' retrieved from /opt/airflow/dags/process_sales_dag.py
[2025-06-16T19:32:29.640+0000] {logging_mixin.py:188} INFO - [2025-06-16T19:32:29.639+0000] {dag.py:3096} INFO - Sync 1 DAGs
[2025-06-16T19:32:29.687+0000] {logging_mixin.py:188} INFO - [2025-06-16T19:32:29.687+0000] {dag.py:3954} INFO - Setting next_dagrun for process_sales to None, run_after=None
[2025-06-16T19:32:33.402+0000] {processor.py:183} INFO - Processing /opt/airflow/dags/process_sales_dag.py took 4.296 seconds
[2025-06-16T19:33:03.981+0000] {processor.py:161} INFO - Started process (PID=208) to work on /opt/airflow/dags/process_sales_dag.py
[2025-06-16T19:33:03.986+0000] {processor.py:830} INFO - Processing file /opt/airflow/dags/process_sales_dag.py for tasks to queue
[2025-06-16T19:33:03.995+0000] {logging_mixin.py:188} INFO - [2025-06-16T19:33:03.994+0000] {dagbag.py:545} INFO - Filling up the DagBag from /opt/airflow/dags/process_sales_dag.py
[2025-06-16T19:33:04.061+0000] {processor.py:840} INFO - DAG(s) 'process_sales' retrieved from /opt/airflow/dags/process_sales_dag.py
[2025-06-16T19:33:04.136+0000] {logging_mixin.py:188} INFO - [2025-06-16T19:33:04.135+0000] {dag.py:3096} INFO - Sync 1 DAGs
[2025-06-16T19:33:04.484+0000] {logging_mixin.py:188} INFO - [2025-06-16T19:33:04.484+0000] {dag.py:3954} INFO - Setting next_dagrun for process_sales to None, run_after=None
[2025-06-16T19:33:04.528+0000] {processor.py:183} INFO - Processing /opt/airflow/dags/process_sales_dag.py took 0.577 seconds
[2025-06-16T19:33:35.151+0000] {processor.py:161} INFO - Started process (PID=213) to work on /opt/airflow/dags/process_sales_dag.py
[2025-06-16T19:33:35.154+0000] {processor.py:830} INFO - Processing file /opt/airflow/dags/process_sales_dag.py for tasks to queue
[2025-06-16T19:33:35.159+0000] {logging_mixin.py:188} INFO - [2025-06-16T19:33:35.158+0000] {dagbag.py:545} INFO - Filling up the DagBag from /opt/airflow/dags/process_sales_dag.py
[2025-06-16T19:33:35.231+0000] {processor.py:840} INFO - DAG(s) 'process_sales' retrieved from /opt/airflow/dags/process_sales_dag.py
[2025-06-16T19:33:36.208+0000] {logging_mixin.py:188} INFO - [2025-06-16T19:33:36.208+0000] {dag.py:3096} INFO - Sync 1 DAGs
[2025-06-16T19:33:36.231+0000] {logging_mixin.py:188} INFO - [2025-06-16T19:33:36.230+0000] {dag.py:3954} INFO - Setting next_dagrun for process_sales to None, run_after=None
[2025-06-16T19:33:36.311+0000] {processor.py:183} INFO - Processing /opt/airflow/dags/process_sales_dag.py took 1.178 seconds
[2025-06-16T19:34:07.336+0000] {processor.py:161} INFO - Started process (PID=218) to work on /opt/airflow/dags/process_sales_dag.py
[2025-06-16T19:34:07.340+0000] {processor.py:830} INFO - Processing file /opt/airflow/dags/process_sales_dag.py for tasks to queue
[2025-06-16T19:34:07.345+0000] {logging_mixin.py:188} INFO - [2025-06-16T19:34:07.344+0000] {dagbag.py:545} INFO - Filling up the DagBag from /opt/airflow/dags/process_sales_dag.py
[2025-06-16T19:34:07.411+0000] {processor.py:840} INFO - DAG(s) 'process_sales' retrieved from /opt/airflow/dags/process_sales_dag.py
[2025-06-16T19:34:07.825+0000] {logging_mixin.py:188} INFO - [2025-06-16T19:34:07.819+0000] {dag.py:3096} INFO - Sync 1 DAGs
[2025-06-16T19:34:08.217+0000] {logging_mixin.py:188} INFO - [2025-06-16T19:34:08.157+0000] {dag.py:3954} INFO - Setting next_dagrun for process_sales to None, run_after=None
[2025-06-16T19:34:08.429+0000] {processor.py:183} INFO - Processing /opt/airflow/dags/process_sales_dag.py took 1.112 seconds
[2025-06-16T19:34:39.776+0000] {processor.py:161} INFO - Started process (PID=223) to work on /opt/airflow/dags/process_sales_dag.py
[2025-06-16T19:34:39.780+0000] {processor.py:830} INFO - Processing file /opt/airflow/dags/process_sales_dag.py for tasks to queue
[2025-06-16T19:34:39.789+0000] {logging_mixin.py:188} INFO - [2025-06-16T19:34:39.786+0000] {dagbag.py:545} INFO - Filling up the DagBag from /opt/airflow/dags/process_sales_dag.py
[2025-06-16T19:34:39.849+0000] {processor.py:840} INFO - DAG(s) 'process_sales' retrieved from /opt/airflow/dags/process_sales_dag.py
[2025-06-16T19:34:39.907+0000] {logging_mixin.py:188} INFO - [2025-06-16T19:34:39.907+0000] {dag.py:3096} INFO - Sync 1 DAGs
[2025-06-16T19:34:39.935+0000] {logging_mixin.py:188} INFO - [2025-06-16T19:34:39.935+0000] {dag.py:3954} INFO - Setting next_dagrun for process_sales to None, run_after=None
[2025-06-16T19:34:39.970+0000] {processor.py:183} INFO - Processing /opt/airflow/dags/process_sales_dag.py took 0.218 seconds
[2025-06-16T19:35:10.982+0000] {processor.py:161} INFO - Started process (PID=231) to work on /opt/airflow/dags/process_sales_dag.py
[2025-06-16T19:35:10.984+0000] {processor.py:830} INFO - Processing file /opt/airflow/dags/process_sales_dag.py for tasks to queue
[2025-06-16T19:35:10.990+0000] {logging_mixin.py:188} INFO - [2025-06-16T19:35:10.989+0000] {dagbag.py:545} INFO - Filling up the DagBag from /opt/airflow/dags/process_sales_dag.py
[2025-06-16T19:35:11.043+0000] {processor.py:840} INFO - DAG(s) 'process_sales' retrieved from /opt/airflow/dags/process_sales_dag.py
[2025-06-16T19:35:11.193+0000] {logging_mixin.py:188} INFO - [2025-06-16T19:35:11.193+0000] {dag.py:3096} INFO - Sync 1 DAGs
[2025-06-16T19:35:11.280+0000] {logging_mixin.py:188} INFO - [2025-06-16T19:35:11.279+0000] {dag.py:3954} INFO - Setting next_dagrun for process_sales to None, run_after=None
[2025-06-16T19:35:11.539+0000] {processor.py:183} INFO - Processing /opt/airflow/dags/process_sales_dag.py took 0.581 seconds
[2025-06-16T19:35:20.263+0000] {processor.py:161} INFO - Started process (PID=236) to work on /opt/airflow/dags/process_sales_dag.py
[2025-06-16T19:35:20.265+0000] {processor.py:830} INFO - Processing file /opt/airflow/dags/process_sales_dag.py for tasks to queue
[2025-06-16T19:35:20.272+0000] {logging_mixin.py:188} INFO - [2025-06-16T19:35:20.271+0000] {dagbag.py:545} INFO - Filling up the DagBag from /opt/airflow/dags/process_sales_dag.py
[2025-06-16T19:35:20.356+0000] {processor.py:840} INFO - DAG(s) 'process_sales' retrieved from /opt/airflow/dags/process_sales_dag.py
[2025-06-16T19:35:21.863+0000] {logging_mixin.py:188} INFO - [2025-06-16T19:35:21.862+0000] {dag.py:3096} INFO - Sync 1 DAGs
[2025-06-16T19:35:21.926+0000] {logging_mixin.py:188} INFO - [2025-06-16T19:35:21.925+0000] {dag.py:3954} INFO - Setting next_dagrun for process_sales to None, run_after=None
[2025-06-16T19:35:21.986+0000] {processor.py:183} INFO - Processing /opt/airflow/dags/process_sales_dag.py took 1.744 seconds
[2025-06-16T19:35:53.002+0000] {processor.py:161} INFO - Started process (PID=241) to work on /opt/airflow/dags/process_sales_dag.py
[2025-06-16T19:35:53.006+0000] {processor.py:830} INFO - Processing file /opt/airflow/dags/process_sales_dag.py for tasks to queue
[2025-06-16T19:35:53.031+0000] {logging_mixin.py:188} INFO - [2025-06-16T19:35:53.028+0000] {dagbag.py:545} INFO - Filling up the DagBag from /opt/airflow/dags/process_sales_dag.py
[2025-06-16T19:35:53.121+0000] {processor.py:840} INFO - DAG(s) 'process_sales' retrieved from /opt/airflow/dags/process_sales_dag.py
[2025-06-16T19:35:53.262+0000] {logging_mixin.py:188} INFO - [2025-06-16T19:35:53.261+0000] {dag.py:3096} INFO - Sync 1 DAGs
[2025-06-16T19:35:54.257+0000] {logging_mixin.py:188} INFO - [2025-06-16T19:35:54.256+0000] {dag.py:3954} INFO - Setting next_dagrun for process_sales to None, run_after=None
[2025-06-16T19:35:54.323+0000] {processor.py:183} INFO - Processing /opt/airflow/dags/process_sales_dag.py took 1.357 seconds
[2025-06-16T19:36:25.460+0000] {processor.py:161} INFO - Started process (PID=246) to work on /opt/airflow/dags/process_sales_dag.py
[2025-06-16T19:36:25.492+0000] {processor.py:830} INFO - Processing file /opt/airflow/dags/process_sales_dag.py for tasks to queue
[2025-06-16T19:36:25.508+0000] {logging_mixin.py:188} INFO - [2025-06-16T19:36:25.505+0000] {dagbag.py:545} INFO - Filling up the DagBag from /opt/airflow/dags/process_sales_dag.py
[2025-06-16T19:36:25.574+0000] {processor.py:840} INFO - DAG(s) 'process_sales' retrieved from /opt/airflow/dags/process_sales_dag.py
[2025-06-16T19:36:25.957+0000] {logging_mixin.py:188} INFO - [2025-06-16T19:36:25.956+0000] {dag.py:3096} INFO - Sync 1 DAGs
[2025-06-16T19:36:25.983+0000] {logging_mixin.py:188} INFO - [2025-06-16T19:36:25.983+0000] {dag.py:3954} INFO - Setting next_dagrun for process_sales to None, run_after=None
[2025-06-16T19:36:26.031+0000] {processor.py:183} INFO - Processing /opt/airflow/dags/process_sales_dag.py took 0.704 seconds
[2025-06-16T19:36:57.788+0000] {processor.py:161} INFO - Started process (PID=251) to work on /opt/airflow/dags/process_sales_dag.py
[2025-06-16T19:36:57.793+0000] {processor.py:830} INFO - Processing file /opt/airflow/dags/process_sales_dag.py for tasks to queue
[2025-06-16T19:36:57.801+0000] {logging_mixin.py:188} INFO - [2025-06-16T19:36:57.800+0000] {dagbag.py:545} INFO - Filling up the DagBag from /opt/airflow/dags/process_sales_dag.py
[2025-06-16T19:36:57.871+0000] {processor.py:840} INFO - DAG(s) 'process_sales' retrieved from /opt/airflow/dags/process_sales_dag.py
[2025-06-16T19:36:57.966+0000] {logging_mixin.py:188} INFO - [2025-06-16T19:36:57.966+0000] {dag.py:3096} INFO - Sync 1 DAGs
[2025-06-16T19:36:58.003+0000] {logging_mixin.py:188} INFO - [2025-06-16T19:36:58.003+0000] {dag.py:3954} INFO - Setting next_dagrun for process_sales to None, run_after=None
[2025-06-16T19:36:58.043+0000] {processor.py:183} INFO - Processing /opt/airflow/dags/process_sales_dag.py took 0.281 seconds
[2025-06-16T19:37:28.302+0000] {processor.py:161} INFO - Started process (PID=256) to work on /opt/airflow/dags/process_sales_dag.py
[2025-06-16T19:37:28.303+0000] {processor.py:830} INFO - Processing file /opt/airflow/dags/process_sales_dag.py for tasks to queue
[2025-06-16T19:37:28.308+0000] {logging_mixin.py:188} INFO - [2025-06-16T19:37:28.307+0000] {dagbag.py:545} INFO - Filling up the DagBag from /opt/airflow/dags/process_sales_dag.py
[2025-06-16T19:37:28.345+0000] {processor.py:840} INFO - DAG(s) 'process_sales' retrieved from /opt/airflow/dags/process_sales_dag.py
[2025-06-16T19:37:28.416+0000] {logging_mixin.py:188} INFO - [2025-06-16T19:37:28.415+0000] {dag.py:3096} INFO - Sync 1 DAGs
[2025-06-16T19:37:28.452+0000] {logging_mixin.py:188} INFO - [2025-06-16T19:37:28.451+0000] {dag.py:3954} INFO - Setting next_dagrun for process_sales to None, run_after=None
[2025-06-16T19:37:28.626+0000] {processor.py:183} INFO - Processing /opt/airflow/dags/process_sales_dag.py took 0.333 seconds
[2025-06-16T19:40:21.739+0000] {processor.py:161} INFO - Started process (PID=158) to work on /opt/airflow/dags/process_sales_dag.py
[2025-06-16T19:40:21.745+0000] {processor.py:830} INFO - Processing file /opt/airflow/dags/process_sales_dag.py for tasks to queue
[2025-06-16T19:40:21.939+0000] {logging_mixin.py:188} INFO - [2025-06-16T19:40:21.934+0000] {dagbag.py:545} INFO - Filling up the DagBag from /opt/airflow/dags/process_sales_dag.py
[2025-06-16T19:40:22.223+0000] {processor.py:840} INFO - DAG(s) 'process_sales' retrieved from /opt/airflow/dags/process_sales_dag.py
[2025-06-16T19:40:22.485+0000] {logging_mixin.py:188} INFO - [2025-06-16T19:40:22.484+0000] {dag.py:3096} INFO - Sync 1 DAGs
[2025-06-16T19:40:22.550+0000] {logging_mixin.py:188} INFO - [2025-06-16T19:40:22.549+0000] {dag.py:3954} INFO - Setting next_dagrun for process_sales to None, run_after=None
[2025-06-16T19:40:22.642+0000] {processor.py:183} INFO - Processing /opt/airflow/dags/process_sales_dag.py took 0.972 seconds
[2025-06-16T19:40:53.000+0000] {processor.py:161} INFO - Started process (PID=163) to work on /opt/airflow/dags/process_sales_dag.py
[2025-06-16T19:40:53.003+0000] {processor.py:830} INFO - Processing file /opt/airflow/dags/process_sales_dag.py for tasks to queue
[2025-06-16T19:40:53.010+0000] {logging_mixin.py:188} INFO - [2025-06-16T19:40:53.009+0000] {dagbag.py:545} INFO - Filling up the DagBag from /opt/airflow/dags/process_sales_dag.py
[2025-06-16T19:40:53.051+0000] {processor.py:840} INFO - DAG(s) 'process_sales' retrieved from /opt/airflow/dags/process_sales_dag.py
[2025-06-16T19:40:53.164+0000] {logging_mixin.py:188} INFO - [2025-06-16T19:40:53.164+0000] {dag.py:3096} INFO - Sync 1 DAGs
[2025-06-16T19:40:53.216+0000] {logging_mixin.py:188} INFO - [2025-06-16T19:40:53.215+0000] {dag.py:3954} INFO - Setting next_dagrun for process_sales to None, run_after=None
[2025-06-16T19:40:53.301+0000] {processor.py:183} INFO - Processing /opt/airflow/dags/process_sales_dag.py took 0.317 seconds
[2025-06-16T19:41:25.140+0000] {processor.py:161} INFO - Started process (PID=168) to work on /opt/airflow/dags/process_sales_dag.py
[2025-06-16T19:41:25.186+0000] {processor.py:830} INFO - Processing file /opt/airflow/dags/process_sales_dag.py for tasks to queue
[2025-06-16T19:41:25.404+0000] {logging_mixin.py:188} INFO - [2025-06-16T19:41:25.333+0000] {dagbag.py:545} INFO - Filling up the DagBag from /opt/airflow/dags/process_sales_dag.py
[2025-06-16T19:41:26.906+0000] {processor.py:840} INFO - DAG(s) 'process_sales' retrieved from /opt/airflow/dags/process_sales_dag.py
[2025-06-16T19:41:27.349+0000] {logging_mixin.py:188} INFO - [2025-06-16T19:41:27.348+0000] {dag.py:3096} INFO - Sync 1 DAGs
[2025-06-16T19:41:27.484+0000] {logging_mixin.py:188} INFO - [2025-06-16T19:41:27.484+0000] {dag.py:3954} INFO - Setting next_dagrun for process_sales to None, run_after=None
[2025-06-16T19:41:27.579+0000] {processor.py:183} INFO - Processing /opt/airflow/dags/process_sales_dag.py took 3.115 seconds
[2025-06-16T19:41:59.486+0000] {processor.py:161} INFO - Started process (PID=226) to work on /opt/airflow/dags/process_sales_dag.py
[2025-06-16T19:41:59.499+0000] {processor.py:830} INFO - Processing file /opt/airflow/dags/process_sales_dag.py for tasks to queue
[2025-06-16T19:41:59.776+0000] {logging_mixin.py:188} INFO - [2025-06-16T19:41:59.753+0000] {dagbag.py:545} INFO - Filling up the DagBag from /opt/airflow/dags/process_sales_dag.py
[2025-06-16T19:42:01.173+0000] {processor.py:840} INFO - DAG(s) 'process_sales' retrieved from /opt/airflow/dags/process_sales_dag.py
[2025-06-16T19:42:03.743+0000] {logging_mixin.py:188} INFO - [2025-06-16T19:42:03.742+0000] {dag.py:3096} INFO - Sync 1 DAGs
[2025-06-16T19:42:03.993+0000] {logging_mixin.py:188} INFO - [2025-06-16T19:42:03.992+0000] {dag.py:3954} INFO - Setting next_dagrun for process_sales to None, run_after=None
[2025-06-16T19:42:04.139+0000] {processor.py:183} INFO - Processing /opt/airflow/dags/process_sales_dag.py took 5.164 seconds
[2025-06-16T19:42:34.950+0000] {processor.py:161} INFO - Started process (PID=279) to work on /opt/airflow/dags/process_sales_dag.py
[2025-06-16T19:42:34.975+0000] {processor.py:830} INFO - Processing file /opt/airflow/dags/process_sales_dag.py for tasks to queue
[2025-06-16T19:42:35.039+0000] {logging_mixin.py:188} INFO - [2025-06-16T19:42:35.031+0000] {dagbag.py:545} INFO - Filling up the DagBag from /opt/airflow/dags/process_sales_dag.py
[2025-06-16T19:42:35.708+0000] {processor.py:840} INFO - DAG(s) 'process_sales' retrieved from /opt/airflow/dags/process_sales_dag.py
[2025-06-16T19:42:36.725+0000] {logging_mixin.py:188} INFO - [2025-06-16T19:42:36.724+0000] {dag.py:3096} INFO - Sync 1 DAGs
[2025-06-16T19:42:37.320+0000] {logging_mixin.py:188} INFO - [2025-06-16T19:42:37.320+0000] {dag.py:3954} INFO - Setting next_dagrun for process_sales to None, run_after=None
[2025-06-16T19:42:38.859+0000] {processor.py:183} INFO - Processing /opt/airflow/dags/process_sales_dag.py took 4.022 seconds
[2025-06-16T19:43:09.089+0000] {processor.py:161} INFO - Started process (PID=368) to work on /opt/airflow/dags/process_sales_dag.py
[2025-06-16T19:43:09.091+0000] {processor.py:830} INFO - Processing file /opt/airflow/dags/process_sales_dag.py for tasks to queue
[2025-06-16T19:43:09.095+0000] {logging_mixin.py:188} INFO - [2025-06-16T19:43:09.094+0000] {dagbag.py:545} INFO - Filling up the DagBag from /opt/airflow/dags/process_sales_dag.py
[2025-06-16T19:43:09.133+0000] {processor.py:840} INFO - DAG(s) 'process_sales' retrieved from /opt/airflow/dags/process_sales_dag.py
[2025-06-16T19:43:09.188+0000] {logging_mixin.py:188} INFO - [2025-06-16T19:43:09.187+0000] {dag.py:3096} INFO - Sync 1 DAGs
[2025-06-16T19:43:09.218+0000] {logging_mixin.py:188} INFO - [2025-06-16T19:43:09.217+0000] {dag.py:3954} INFO - Setting next_dagrun for process_sales to None, run_after=None
[2025-06-16T19:43:09.261+0000] {processor.py:183} INFO - Processing /opt/airflow/dags/process_sales_dag.py took 0.183 seconds
[2025-06-16T19:43:39.871+0000] {processor.py:161} INFO - Started process (PID=373) to work on /opt/airflow/dags/process_sales_dag.py
[2025-06-16T19:43:39.874+0000] {processor.py:830} INFO - Processing file /opt/airflow/dags/process_sales_dag.py for tasks to queue
[2025-06-16T19:43:39.878+0000] {logging_mixin.py:188} INFO - [2025-06-16T19:43:39.877+0000] {dagbag.py:545} INFO - Filling up the DagBag from /opt/airflow/dags/process_sales_dag.py
[2025-06-16T19:43:39.926+0000] {processor.py:840} INFO - DAG(s) 'process_sales' retrieved from /opt/airflow/dags/process_sales_dag.py
[2025-06-16T19:43:40.011+0000] {logging_mixin.py:188} INFO - [2025-06-16T19:43:40.010+0000] {dag.py:3096} INFO - Sync 1 DAGs
[2025-06-16T19:43:40.065+0000] {logging_mixin.py:188} INFO - [2025-06-16T19:43:40.064+0000] {dag.py:3954} INFO - Setting next_dagrun for process_sales to None, run_after=None
[2025-06-16T19:43:40.321+0000] {processor.py:183} INFO - Processing /opt/airflow/dags/process_sales_dag.py took 0.464 seconds
[2025-06-16T19:44:11.545+0000] {processor.py:161} INFO - Started process (PID=378) to work on /opt/airflow/dags/process_sales_dag.py
[2025-06-16T19:44:11.560+0000] {processor.py:830} INFO - Processing file /opt/airflow/dags/process_sales_dag.py for tasks to queue
[2025-06-16T19:44:11.590+0000] {logging_mixin.py:188} INFO - [2025-06-16T19:44:11.585+0000] {dagbag.py:545} INFO - Filling up the DagBag from /opt/airflow/dags/process_sales_dag.py
[2025-06-16T19:44:11.784+0000] {processor.py:840} INFO - DAG(s) 'process_sales' retrieved from /opt/airflow/dags/process_sales_dag.py
[2025-06-16T19:44:11.899+0000] {logging_mixin.py:188} INFO - [2025-06-16T19:44:11.898+0000] {dag.py:3096} INFO - Sync 1 DAGs
[2025-06-16T19:44:11.932+0000] {logging_mixin.py:188} INFO - [2025-06-16T19:44:11.932+0000] {dag.py:3954} INFO - Setting next_dagrun for process_sales to None, run_after=None
[2025-06-16T19:44:11.988+0000] {processor.py:183} INFO - Processing /opt/airflow/dags/process_sales_dag.py took 0.523 seconds
[2025-06-16T19:44:42.642+0000] {processor.py:161} INFO - Started process (PID=383) to work on /opt/airflow/dags/process_sales_dag.py
[2025-06-16T19:44:42.644+0000] {processor.py:830} INFO - Processing file /opt/airflow/dags/process_sales_dag.py for tasks to queue
[2025-06-16T19:44:42.653+0000] {logging_mixin.py:188} INFO - [2025-06-16T19:44:42.652+0000] {dagbag.py:545} INFO - Filling up the DagBag from /opt/airflow/dags/process_sales_dag.py
[2025-06-16T19:44:42.687+0000] {processor.py:840} INFO - DAG(s) 'process_sales' retrieved from /opt/airflow/dags/process_sales_dag.py
[2025-06-16T19:44:42.739+0000] {logging_mixin.py:188} INFO - [2025-06-16T19:44:42.739+0000] {dag.py:3096} INFO - Sync 1 DAGs
[2025-06-16T19:44:42.765+0000] {logging_mixin.py:188} INFO - [2025-06-16T19:44:42.765+0000] {dag.py:3954} INFO - Setting next_dagrun for process_sales to None, run_after=None
[2025-06-16T19:44:47.015+0000] {processor.py:183} INFO - Processing /opt/airflow/dags/process_sales_dag.py took 4.411 seconds
[2025-06-16T19:45:17.400+0000] {processor.py:161} INFO - Started process (PID=388) to work on /opt/airflow/dags/process_sales_dag.py
[2025-06-16T19:45:17.403+0000] {processor.py:830} INFO - Processing file /opt/airflow/dags/process_sales_dag.py for tasks to queue
[2025-06-16T19:45:17.406+0000] {logging_mixin.py:188} INFO - [2025-06-16T19:45:17.406+0000] {dagbag.py:545} INFO - Filling up the DagBag from /opt/airflow/dags/process_sales_dag.py
[2025-06-16T19:45:17.443+0000] {processor.py:840} INFO - DAG(s) 'process_sales' retrieved from /opt/airflow/dags/process_sales_dag.py
[2025-06-16T19:45:17.509+0000] {logging_mixin.py:188} INFO - [2025-06-16T19:45:17.508+0000] {dag.py:3096} INFO - Sync 1 DAGs
[2025-06-16T19:45:17.827+0000] {logging_mixin.py:188} INFO - [2025-06-16T19:45:17.827+0000] {dag.py:3954} INFO - Setting next_dagrun for process_sales to None, run_after=None
[2025-06-16T19:45:17.864+0000] {processor.py:183} INFO - Processing /opt/airflow/dags/process_sales_dag.py took 0.478 seconds
[2025-06-16T19:45:48.789+0000] {processor.py:161} INFO - Started process (PID=393) to work on /opt/airflow/dags/process_sales_dag.py
[2025-06-16T19:45:48.792+0000] {processor.py:830} INFO - Processing file /opt/airflow/dags/process_sales_dag.py for tasks to queue
[2025-06-16T19:45:48.799+0000] {logging_mixin.py:188} INFO - [2025-06-16T19:45:48.798+0000] {dagbag.py:545} INFO - Filling up the DagBag from /opt/airflow/dags/process_sales_dag.py
[2025-06-16T19:45:48.853+0000] {processor.py:840} INFO - DAG(s) 'process_sales' retrieved from /opt/airflow/dags/process_sales_dag.py
[2025-06-16T19:45:48.935+0000] {logging_mixin.py:188} INFO - [2025-06-16T19:45:48.934+0000] {dag.py:3096} INFO - Sync 1 DAGs
[2025-06-16T19:45:48.961+0000] {logging_mixin.py:188} INFO - [2025-06-16T19:45:48.961+0000] {dag.py:3954} INFO - Setting next_dagrun for process_sales to None, run_after=None
[2025-06-16T19:45:49.019+0000] {processor.py:183} INFO - Processing /opt/airflow/dags/process_sales_dag.py took 0.250 seconds
[2025-06-16T19:46:19.676+0000] {processor.py:161} INFO - Started process (PID=398) to work on /opt/airflow/dags/process_sales_dag.py
[2025-06-16T19:46:19.679+0000] {processor.py:830} INFO - Processing file /opt/airflow/dags/process_sales_dag.py for tasks to queue
[2025-06-16T19:46:19.688+0000] {logging_mixin.py:188} INFO - [2025-06-16T19:46:19.687+0000] {dagbag.py:545} INFO - Filling up the DagBag from /opt/airflow/dags/process_sales_dag.py
[2025-06-16T19:46:19.755+0000] {processor.py:840} INFO - DAG(s) 'process_sales' retrieved from /opt/airflow/dags/process_sales_dag.py
[2025-06-16T19:46:19.844+0000] {logging_mixin.py:188} INFO - [2025-06-16T19:46:19.843+0000] {dag.py:3096} INFO - Sync 1 DAGs
[2025-06-16T19:46:19.874+0000] {logging_mixin.py:188} INFO - [2025-06-16T19:46:19.873+0000] {dag.py:3954} INFO - Setting next_dagrun for process_sales to None, run_after=None
[2025-06-16T19:46:19.908+0000] {processor.py:183} INFO - Processing /opt/airflow/dags/process_sales_dag.py took 0.254 seconds
[2025-06-16T19:46:50.518+0000] {processor.py:161} INFO - Started process (PID=403) to work on /opt/airflow/dags/process_sales_dag.py
[2025-06-16T19:46:50.524+0000] {processor.py:830} INFO - Processing file /opt/airflow/dags/process_sales_dag.py for tasks to queue
[2025-06-16T19:46:50.535+0000] {logging_mixin.py:188} INFO - [2025-06-16T19:46:50.530+0000] {dagbag.py:545} INFO - Filling up the DagBag from /opt/airflow/dags/process_sales_dag.py
[2025-06-16T19:46:50.603+0000] {processor.py:840} INFO - DAG(s) 'process_sales' retrieved from /opt/airflow/dags/process_sales_dag.py
[2025-06-16T19:46:51.146+0000] {logging_mixin.py:188} INFO - [2025-06-16T19:46:51.141+0000] {dag.py:3096} INFO - Sync 1 DAGs
[2025-06-16T19:46:51.275+0000] {logging_mixin.py:188} INFO - [2025-06-16T19:46:51.273+0000] {dag.py:3954} INFO - Setting next_dagrun for process_sales to None, run_after=None
[2025-06-16T19:46:51.378+0000] {processor.py:183} INFO - Processing /opt/airflow/dags/process_sales_dag.py took 0.892 seconds
[2025-06-16T19:47:21.788+0000] {processor.py:161} INFO - Started process (PID=408) to work on /opt/airflow/dags/process_sales_dag.py
[2025-06-16T19:47:21.791+0000] {processor.py:830} INFO - Processing file /opt/airflow/dags/process_sales_dag.py for tasks to queue
[2025-06-16T19:47:21.797+0000] {logging_mixin.py:188} INFO - [2025-06-16T19:47:21.796+0000] {dagbag.py:545} INFO - Filling up the DagBag from /opt/airflow/dags/process_sales_dag.py
[2025-06-16T19:47:21.840+0000] {processor.py:840} INFO - DAG(s) 'process_sales' retrieved from /opt/airflow/dags/process_sales_dag.py
[2025-06-16T19:47:21.903+0000] {logging_mixin.py:188} INFO - [2025-06-16T19:47:21.902+0000] {dag.py:3096} INFO - Sync 1 DAGs
[2025-06-16T19:47:21.925+0000] {logging_mixin.py:188} INFO - [2025-06-16T19:47:21.925+0000] {dag.py:3954} INFO - Setting next_dagrun for process_sales to None, run_after=None
[2025-06-16T19:47:21.959+0000] {processor.py:183} INFO - Processing /opt/airflow/dags/process_sales_dag.py took 0.187 seconds
[2025-06-16T19:47:52.556+0000] {processor.py:161} INFO - Started process (PID=413) to work on /opt/airflow/dags/process_sales_dag.py
[2025-06-16T19:47:52.560+0000] {processor.py:830} INFO - Processing file /opt/airflow/dags/process_sales_dag.py for tasks to queue
[2025-06-16T19:47:52.567+0000] {logging_mixin.py:188} INFO - [2025-06-16T19:47:52.566+0000] {dagbag.py:545} INFO - Filling up the DagBag from /opt/airflow/dags/process_sales_dag.py
[2025-06-16T19:47:52.645+0000] {processor.py:840} INFO - DAG(s) 'process_sales' retrieved from /opt/airflow/dags/process_sales_dag.py
[2025-06-16T19:47:52.762+0000] {logging_mixin.py:188} INFO - [2025-06-16T19:47:52.762+0000] {dag.py:3096} INFO - Sync 1 DAGs
[2025-06-16T19:47:52.799+0000] {logging_mixin.py:188} INFO - [2025-06-16T19:47:52.798+0000] {dag.py:3954} INFO - Setting next_dagrun for process_sales to None, run_after=None
[2025-06-16T19:47:53.071+0000] {processor.py:183} INFO - Processing /opt/airflow/dags/process_sales_dag.py took 0.538 seconds
[2025-06-16T19:48:24.704+0000] {processor.py:161} INFO - Started process (PID=512) to work on /opt/airflow/dags/process_sales_dag.py
[2025-06-16T19:48:24.728+0000] {processor.py:830} INFO - Processing file /opt/airflow/dags/process_sales_dag.py for tasks to queue
[2025-06-16T19:48:24.774+0000] {logging_mixin.py:188} INFO - [2025-06-16T19:48:24.767+0000] {dagbag.py:545} INFO - Filling up the DagBag from /opt/airflow/dags/process_sales_dag.py
[2025-06-16T19:48:25.437+0000] {processor.py:840} INFO - DAG(s) 'process_sales' retrieved from /opt/airflow/dags/process_sales_dag.py
[2025-06-16T19:48:26.102+0000] {logging_mixin.py:188} INFO - [2025-06-16T19:48:26.101+0000] {dag.py:3096} INFO - Sync 1 DAGs
[2025-06-16T19:48:28.869+0000] {logging_mixin.py:188} INFO - [2025-06-16T19:48:28.867+0000] {dag.py:3954} INFO - Setting next_dagrun for process_sales to None, run_after=None
[2025-06-16T19:48:28.964+0000] {processor.py:183} INFO - Processing /opt/airflow/dags/process_sales_dag.py took 4.407 seconds
[2025-06-16T19:48:59.554+0000] {processor.py:161} INFO - Started process (PID=603) to work on /opt/airflow/dags/process_sales_dag.py
[2025-06-16T19:48:59.558+0000] {processor.py:830} INFO - Processing file /opt/airflow/dags/process_sales_dag.py for tasks to queue
[2025-06-16T19:48:59.563+0000] {logging_mixin.py:188} INFO - [2025-06-16T19:48:59.562+0000] {dagbag.py:545} INFO - Filling up the DagBag from /opt/airflow/dags/process_sales_dag.py
[2025-06-16T19:48:59.607+0000] {processor.py:840} INFO - DAG(s) 'process_sales' retrieved from /opt/airflow/dags/process_sales_dag.py
[2025-06-16T19:48:59.684+0000] {logging_mixin.py:188} INFO - [2025-06-16T19:48:59.683+0000] {dag.py:3096} INFO - Sync 1 DAGs
[2025-06-16T19:48:59.717+0000] {logging_mixin.py:188} INFO - [2025-06-16T19:48:59.716+0000] {dag.py:3954} INFO - Setting next_dagrun for process_sales to None, run_after=None
[2025-06-16T19:48:59.787+0000] {processor.py:183} INFO - Processing /opt/airflow/dags/process_sales_dag.py took 0.252 seconds
[2025-06-16T19:49:29.909+0000] {processor.py:161} INFO - Started process (PID=608) to work on /opt/airflow/dags/process_sales_dag.py
[2025-06-16T19:49:29.913+0000] {processor.py:830} INFO - Processing file /opt/airflow/dags/process_sales_dag.py for tasks to queue
[2025-06-16T19:49:29.918+0000] {logging_mixin.py:188} INFO - [2025-06-16T19:49:29.917+0000] {dagbag.py:545} INFO - Filling up the DagBag from /opt/airflow/dags/process_sales_dag.py
[2025-06-16T19:49:29.968+0000] {processor.py:840} INFO - DAG(s) 'process_sales' retrieved from /opt/airflow/dags/process_sales_dag.py
[2025-06-16T19:49:30.048+0000] {logging_mixin.py:188} INFO - [2025-06-16T19:49:30.047+0000] {dag.py:3096} INFO - Sync 1 DAGs
[2025-06-16T19:49:30.078+0000] {logging_mixin.py:188} INFO - [2025-06-16T19:49:30.078+0000] {dag.py:3954} INFO - Setting next_dagrun for process_sales to None, run_after=None
[2025-06-16T19:49:30.138+0000] {processor.py:183} INFO - Processing /opt/airflow/dags/process_sales_dag.py took 0.245 seconds
[2025-06-16T19:50:00.996+0000] {processor.py:161} INFO - Started process (PID=613) to work on /opt/airflow/dags/process_sales_dag.py
[2025-06-16T19:50:00.999+0000] {processor.py:830} INFO - Processing file /opt/airflow/dags/process_sales_dag.py for tasks to queue
[2025-06-16T19:50:01.006+0000] {logging_mixin.py:188} INFO - [2025-06-16T19:50:01.004+0000] {dagbag.py:545} INFO - Filling up the DagBag from /opt/airflow/dags/process_sales_dag.py
[2025-06-16T19:50:01.056+0000] {processor.py:840} INFO - DAG(s) 'process_sales' retrieved from /opt/airflow/dags/process_sales_dag.py
[2025-06-16T19:50:01.137+0000] {logging_mixin.py:188} INFO - [2025-06-16T19:50:01.136+0000] {dag.py:3096} INFO - Sync 1 DAGs
[2025-06-16T19:50:01.164+0000] {logging_mixin.py:188} INFO - [2025-06-16T19:50:01.163+0000] {dag.py:3954} INFO - Setting next_dagrun for process_sales to None, run_after=None
[2025-06-16T19:50:01.216+0000] {processor.py:183} INFO - Processing /opt/airflow/dags/process_sales_dag.py took 0.236 seconds
[2025-06-16T19:50:31.537+0000] {processor.py:161} INFO - Started process (PID=618) to work on /opt/airflow/dags/process_sales_dag.py
[2025-06-16T19:50:31.538+0000] {processor.py:830} INFO - Processing file /opt/airflow/dags/process_sales_dag.py for tasks to queue
[2025-06-16T19:50:31.545+0000] {logging_mixin.py:188} INFO - [2025-06-16T19:50:31.544+0000] {dagbag.py:545} INFO - Filling up the DagBag from /opt/airflow/dags/process_sales_dag.py
[2025-06-16T19:50:31.578+0000] {processor.py:840} INFO - DAG(s) 'process_sales' retrieved from /opt/airflow/dags/process_sales_dag.py
[2025-06-16T19:50:31.622+0000] {logging_mixin.py:188} INFO - [2025-06-16T19:50:31.622+0000] {dag.py:3096} INFO - Sync 1 DAGs
[2025-06-16T19:50:31.648+0000] {logging_mixin.py:188} INFO - [2025-06-16T19:50:31.647+0000] {dag.py:3954} INFO - Setting next_dagrun for process_sales to None, run_after=None
[2025-06-16T19:50:31.689+0000] {processor.py:183} INFO - Processing /opt/airflow/dags/process_sales_dag.py took 0.164 seconds
[2025-06-16T19:51:02.249+0000] {processor.py:161} INFO - Started process (PID=623) to work on /opt/airflow/dags/process_sales_dag.py
[2025-06-16T19:51:02.250+0000] {processor.py:830} INFO - Processing file /opt/airflow/dags/process_sales_dag.py for tasks to queue
[2025-06-16T19:51:02.254+0000] {logging_mixin.py:188} INFO - [2025-06-16T19:51:02.253+0000] {dagbag.py:545} INFO - Filling up the DagBag from /opt/airflow/dags/process_sales_dag.py
[2025-06-16T19:51:02.281+0000] {processor.py:840} INFO - DAG(s) 'process_sales' retrieved from /opt/airflow/dags/process_sales_dag.py
[2025-06-16T19:51:02.326+0000] {logging_mixin.py:188} INFO - [2025-06-16T19:51:02.326+0000] {dag.py:3096} INFO - Sync 1 DAGs
[2025-06-16T19:51:02.631+0000] {logging_mixin.py:188} INFO - [2025-06-16T19:51:02.631+0000] {dag.py:3954} INFO - Setting next_dagrun for process_sales to None, run_after=None
[2025-06-16T19:51:02.680+0000] {processor.py:183} INFO - Processing /opt/airflow/dags/process_sales_dag.py took 0.441 seconds
[2025-06-16T19:51:33.289+0000] {processor.py:161} INFO - Started process (PID=628) to work on /opt/airflow/dags/process_sales_dag.py
[2025-06-16T19:51:33.292+0000] {processor.py:830} INFO - Processing file /opt/airflow/dags/process_sales_dag.py for tasks to queue
[2025-06-16T19:51:33.300+0000] {logging_mixin.py:188} INFO - [2025-06-16T19:51:33.300+0000] {dagbag.py:545} INFO - Filling up the DagBag from /opt/airflow/dags/process_sales_dag.py
[2025-06-16T19:51:33.340+0000] {processor.py:840} INFO - DAG(s) 'process_sales' retrieved from /opt/airflow/dags/process_sales_dag.py
[2025-06-16T19:51:33.730+0000] {logging_mixin.py:188} INFO - [2025-06-16T19:51:33.730+0000] {dag.py:3096} INFO - Sync 1 DAGs
[2025-06-16T19:51:33.751+0000] {logging_mixin.py:188} INFO - [2025-06-16T19:51:33.750+0000] {dag.py:3954} INFO - Setting next_dagrun for process_sales to None, run_after=None
[2025-06-16T19:51:33.784+0000] {processor.py:183} INFO - Processing /opt/airflow/dags/process_sales_dag.py took 0.519 seconds
[2025-06-16T19:52:04.255+0000] {processor.py:161} INFO - Started process (PID=633) to work on /opt/airflow/dags/process_sales_dag.py
[2025-06-16T19:52:04.259+0000] {processor.py:830} INFO - Processing file /opt/airflow/dags/process_sales_dag.py for tasks to queue
[2025-06-16T19:52:04.266+0000] {logging_mixin.py:188} INFO - [2025-06-16T19:52:04.265+0000] {dagbag.py:545} INFO - Filling up the DagBag from /opt/airflow/dags/process_sales_dag.py
[2025-06-16T19:52:04.310+0000] {processor.py:840} INFO - DAG(s) 'process_sales' retrieved from /opt/airflow/dags/process_sales_dag.py
[2025-06-16T19:52:04.384+0000] {logging_mixin.py:188} INFO - [2025-06-16T19:52:04.384+0000] {dag.py:3096} INFO - Sync 1 DAGs
[2025-06-16T19:52:04.416+0000] {logging_mixin.py:188} INFO - [2025-06-16T19:52:04.416+0000] {dag.py:3954} INFO - Setting next_dagrun for process_sales to None, run_after=None
[2025-06-16T19:52:04.467+0000] {processor.py:183} INFO - Processing /opt/airflow/dags/process_sales_dag.py took 0.229 seconds
[2025-06-16T19:52:35.639+0000] {processor.py:161} INFO - Started process (PID=638) to work on /opt/airflow/dags/process_sales_dag.py
[2025-06-16T19:52:35.654+0000] {processor.py:830} INFO - Processing file /opt/airflow/dags/process_sales_dag.py for tasks to queue
[2025-06-16T19:52:35.695+0000] {logging_mixin.py:188} INFO - [2025-06-16T19:52:35.692+0000] {dagbag.py:545} INFO - Filling up the DagBag from /opt/airflow/dags/process_sales_dag.py
[2025-06-16T19:52:35.820+0000] {processor.py:840} INFO - DAG(s) 'process_sales' retrieved from /opt/airflow/dags/process_sales_dag.py
[2025-06-16T19:52:35.920+0000] {logging_mixin.py:188} INFO - [2025-06-16T19:52:35.919+0000] {dag.py:3096} INFO - Sync 1 DAGs
[2025-06-16T19:52:35.964+0000] {logging_mixin.py:188} INFO - [2025-06-16T19:52:35.963+0000] {dag.py:3954} INFO - Setting next_dagrun for process_sales to None, run_after=None
[2025-06-16T19:52:36.010+0000] {processor.py:183} INFO - Processing /opt/airflow/dags/process_sales_dag.py took 0.471 seconds
[2025-06-16T19:53:06.266+0000] {processor.py:161} INFO - Started process (PID=643) to work on /opt/airflow/dags/process_sales_dag.py
[2025-06-16T19:53:06.270+0000] {processor.py:830} INFO - Processing file /opt/airflow/dags/process_sales_dag.py for tasks to queue
[2025-06-16T19:53:06.279+0000] {logging_mixin.py:188} INFO - [2025-06-16T19:53:06.278+0000] {dagbag.py:545} INFO - Filling up the DagBag from /opt/airflow/dags/process_sales_dag.py
[2025-06-16T19:53:06.346+0000] {processor.py:840} INFO - DAG(s) 'process_sales' retrieved from /opt/airflow/dags/process_sales_dag.py
[2025-06-16T19:53:06.490+0000] {logging_mixin.py:188} INFO - [2025-06-16T19:53:06.490+0000] {dag.py:3096} INFO - Sync 1 DAGs
[2025-06-16T19:53:06.546+0000] {logging_mixin.py:188} INFO - [2025-06-16T19:53:06.546+0000] {dag.py:3954} INFO - Setting next_dagrun for process_sales to None, run_after=None
[2025-06-16T19:53:06.608+0000] {processor.py:183} INFO - Processing /opt/airflow/dags/process_sales_dag.py took 0.370 seconds
[2025-06-16T19:53:37.293+0000] {processor.py:161} INFO - Started process (PID=648) to work on /opt/airflow/dags/process_sales_dag.py
[2025-06-16T19:53:37.296+0000] {processor.py:830} INFO - Processing file /opt/airflow/dags/process_sales_dag.py for tasks to queue
[2025-06-16T19:53:37.310+0000] {logging_mixin.py:188} INFO - [2025-06-16T19:53:37.309+0000] {dagbag.py:545} INFO - Filling up the DagBag from /opt/airflow/dags/process_sales_dag.py
[2025-06-16T19:53:37.377+0000] {processor.py:840} INFO - DAG(s) 'process_sales' retrieved from /opt/airflow/dags/process_sales_dag.py
[2025-06-16T19:53:37.459+0000] {logging_mixin.py:188} INFO - [2025-06-16T19:53:37.458+0000] {dag.py:3096} INFO - Sync 1 DAGs
[2025-06-16T19:53:37.481+0000] {logging_mixin.py:188} INFO - [2025-06-16T19:53:37.481+0000] {dag.py:3954} INFO - Setting next_dagrun for process_sales to None, run_after=None
[2025-06-16T19:53:37.543+0000] {processor.py:183} INFO - Processing /opt/airflow/dags/process_sales_dag.py took 0.278 seconds
[2025-06-16T19:54:07.775+0000] {processor.py:161} INFO - Started process (PID=653) to work on /opt/airflow/dags/process_sales_dag.py
[2025-06-16T19:54:07.778+0000] {processor.py:830} INFO - Processing file /opt/airflow/dags/process_sales_dag.py for tasks to queue
[2025-06-16T19:54:07.784+0000] {logging_mixin.py:188} INFO - [2025-06-16T19:54:07.783+0000] {dagbag.py:545} INFO - Filling up the DagBag from /opt/airflow/dags/process_sales_dag.py
[2025-06-16T19:54:07.833+0000] {processor.py:840} INFO - DAG(s) 'process_sales' retrieved from /opt/airflow/dags/process_sales_dag.py
[2025-06-16T19:54:08.606+0000] {logging_mixin.py:188} INFO - [2025-06-16T19:54:08.604+0000] {dag.py:3096} INFO - Sync 1 DAGs
[2025-06-16T19:54:09.597+0000] {logging_mixin.py:188} INFO - [2025-06-16T19:54:09.597+0000] {dag.py:3954} INFO - Setting next_dagrun for process_sales to None, run_after=None
[2025-06-16T19:54:09.637+0000] {processor.py:183} INFO - Processing /opt/airflow/dags/process_sales_dag.py took 1.880 seconds
[2025-06-16T19:54:40.065+0000] {processor.py:161} INFO - Started process (PID=658) to work on /opt/airflow/dags/process_sales_dag.py
[2025-06-16T19:54:40.069+0000] {processor.py:830} INFO - Processing file /opt/airflow/dags/process_sales_dag.py for tasks to queue
[2025-06-16T19:54:40.075+0000] {logging_mixin.py:188} INFO - [2025-06-16T19:54:40.074+0000] {dagbag.py:545} INFO - Filling up the DagBag from /opt/airflow/dags/process_sales_dag.py
[2025-06-16T19:54:40.118+0000] {processor.py:840} INFO - DAG(s) 'process_sales' retrieved from /opt/airflow/dags/process_sales_dag.py
[2025-06-16T19:54:40.558+0000] {logging_mixin.py:188} INFO - [2025-06-16T19:54:40.558+0000] {dag.py:3096} INFO - Sync 1 DAGs
[2025-06-16T19:54:40.578+0000] {logging_mixin.py:188} INFO - [2025-06-16T19:54:40.578+0000] {dag.py:3954} INFO - Setting next_dagrun for process_sales to None, run_after=None
[2025-06-16T19:54:40.625+0000] {processor.py:183} INFO - Processing /opt/airflow/dags/process_sales_dag.py took 0.578 seconds
[2025-06-16T19:55:11.057+0000] {processor.py:161} INFO - Started process (PID=663) to work on /opt/airflow/dags/process_sales_dag.py
[2025-06-16T19:55:11.060+0000] {processor.py:830} INFO - Processing file /opt/airflow/dags/process_sales_dag.py for tasks to queue
[2025-06-16T19:55:11.066+0000] {logging_mixin.py:188} INFO - [2025-06-16T19:55:11.065+0000] {dagbag.py:545} INFO - Filling up the DagBag from /opt/airflow/dags/process_sales_dag.py
[2025-06-16T19:55:11.103+0000] {processor.py:840} INFO - DAG(s) 'process_sales' retrieved from /opt/airflow/dags/process_sales_dag.py
[2025-06-16T19:55:11.152+0000] {logging_mixin.py:188} INFO - [2025-06-16T19:55:11.152+0000] {dag.py:3096} INFO - Sync 1 DAGs
[2025-06-16T19:55:11.171+0000] {logging_mixin.py:188} INFO - [2025-06-16T19:55:11.171+0000] {dag.py:3954} INFO - Setting next_dagrun for process_sales to None, run_after=None
[2025-06-16T19:55:11.203+0000] {processor.py:183} INFO - Processing /opt/airflow/dags/process_sales_dag.py took 0.169 seconds
[2025-06-16T19:55:41.798+0000] {processor.py:161} INFO - Started process (PID=668) to work on /opt/airflow/dags/process_sales_dag.py
[2025-06-16T19:55:41.802+0000] {processor.py:830} INFO - Processing file /opt/airflow/dags/process_sales_dag.py for tasks to queue
[2025-06-16T19:55:41.809+0000] {logging_mixin.py:188} INFO - [2025-06-16T19:55:41.808+0000] {dagbag.py:545} INFO - Filling up the DagBag from /opt/airflow/dags/process_sales_dag.py
[2025-06-16T19:55:41.861+0000] {processor.py:840} INFO - DAG(s) 'process_sales' retrieved from /opt/airflow/dags/process_sales_dag.py
[2025-06-16T19:55:41.930+0000] {logging_mixin.py:188} INFO - [2025-06-16T19:55:41.930+0000] {dag.py:3096} INFO - Sync 1 DAGs
[2025-06-16T19:55:41.963+0000] {logging_mixin.py:188} INFO - [2025-06-16T19:55:41.962+0000] {dag.py:3954} INFO - Setting next_dagrun for process_sales to None, run_after=None
[2025-06-16T19:55:42.006+0000] {processor.py:183} INFO - Processing /opt/airflow/dags/process_sales_dag.py took 0.228 seconds
[2025-06-16T19:56:12.572+0000] {processor.py:161} INFO - Started process (PID=673) to work on /opt/airflow/dags/process_sales_dag.py
[2025-06-16T19:56:12.577+0000] {processor.py:830} INFO - Processing file /opt/airflow/dags/process_sales_dag.py for tasks to queue
[2025-06-16T19:56:12.589+0000] {logging_mixin.py:188} INFO - [2025-06-16T19:56:12.586+0000] {dagbag.py:545} INFO - Filling up the DagBag from /opt/airflow/dags/process_sales_dag.py
[2025-06-16T19:56:12.673+0000] {processor.py:840} INFO - DAG(s) 'process_sales' retrieved from /opt/airflow/dags/process_sales_dag.py
[2025-06-16T19:56:12.813+0000] {logging_mixin.py:188} INFO - [2025-06-16T19:56:12.804+0000] {dag.py:3096} INFO - Sync 1 DAGs
[2025-06-16T19:56:12.851+0000] {logging_mixin.py:188} INFO - [2025-06-16T19:56:12.850+0000] {dag.py:3954} INFO - Setting next_dagrun for process_sales to None, run_after=None
[2025-06-16T19:56:12.906+0000] {processor.py:183} INFO - Processing /opt/airflow/dags/process_sales_dag.py took 0.386 seconds
[2025-06-16T19:56:43.622+0000] {processor.py:161} INFO - Started process (PID=678) to work on /opt/airflow/dags/process_sales_dag.py
[2025-06-16T19:56:43.625+0000] {processor.py:830} INFO - Processing file /opt/airflow/dags/process_sales_dag.py for tasks to queue
[2025-06-16T19:56:43.630+0000] {logging_mixin.py:188} INFO - [2025-06-16T19:56:43.629+0000] {dagbag.py:545} INFO - Filling up the DagBag from /opt/airflow/dags/process_sales_dag.py
[2025-06-16T19:56:43.666+0000] {processor.py:840} INFO - DAG(s) 'process_sales' retrieved from /opt/airflow/dags/process_sales_dag.py
[2025-06-16T19:56:43.719+0000] {logging_mixin.py:188} INFO - [2025-06-16T19:56:43.719+0000] {dag.py:3096} INFO - Sync 1 DAGs
[2025-06-16T19:56:43.746+0000] {logging_mixin.py:188} INFO - [2025-06-16T19:56:43.745+0000] {dag.py:3954} INFO - Setting next_dagrun for process_sales to None, run_after=None
[2025-06-16T19:56:43.810+0000] {processor.py:183} INFO - Processing /opt/airflow/dags/process_sales_dag.py took 0.202 seconds
[2025-06-16T19:57:14.058+0000] {processor.py:161} INFO - Started process (PID=683) to work on /opt/airflow/dags/process_sales_dag.py
[2025-06-16T19:57:14.061+0000] {processor.py:830} INFO - Processing file /opt/airflow/dags/process_sales_dag.py for tasks to queue
[2025-06-16T19:57:14.065+0000] {logging_mixin.py:188} INFO - [2025-06-16T19:57:14.064+0000] {dagbag.py:545} INFO - Filling up the DagBag from /opt/airflow/dags/process_sales_dag.py
[2025-06-16T19:57:14.105+0000] {processor.py:840} INFO - DAG(s) 'process_sales' retrieved from /opt/airflow/dags/process_sales_dag.py
[2025-06-16T19:57:14.160+0000] {logging_mixin.py:188} INFO - [2025-06-16T19:57:14.159+0000] {dag.py:3096} INFO - Sync 1 DAGs
[2025-06-16T19:57:14.432+0000] {logging_mixin.py:188} INFO - [2025-06-16T19:57:14.431+0000] {dag.py:3954} INFO - Setting next_dagrun for process_sales to None, run_after=None
[2025-06-16T19:57:14.459+0000] {processor.py:183} INFO - Processing /opt/airflow/dags/process_sales_dag.py took 0.414 seconds
[2025-06-16T19:57:44.668+0000] {processor.py:161} INFO - Started process (PID=688) to work on /opt/airflow/dags/process_sales_dag.py
[2025-06-16T19:57:44.671+0000] {processor.py:830} INFO - Processing file /opt/airflow/dags/process_sales_dag.py for tasks to queue
[2025-06-16T19:57:44.676+0000] {logging_mixin.py:188} INFO - [2025-06-16T19:57:44.675+0000] {dagbag.py:545} INFO - Filling up the DagBag from /opt/airflow/dags/process_sales_dag.py
[2025-06-16T19:57:44.703+0000] {processor.py:840} INFO - DAG(s) 'process_sales' retrieved from /opt/airflow/dags/process_sales_dag.py
[2025-06-16T19:57:46.263+0000] {logging_mixin.py:188} INFO - [2025-06-16T19:57:46.262+0000] {dag.py:3096} INFO - Sync 1 DAGs
[2025-06-16T19:57:46.302+0000] {logging_mixin.py:188} INFO - [2025-06-16T19:57:46.301+0000] {dag.py:3954} INFO - Setting next_dagrun for process_sales to None, run_after=None
[2025-06-16T19:57:46.349+0000] {processor.py:183} INFO - Processing /opt/airflow/dags/process_sales_dag.py took 1.698 seconds
[2025-06-16T19:58:16.658+0000] {processor.py:161} INFO - Started process (PID=693) to work on /opt/airflow/dags/process_sales_dag.py
[2025-06-16T19:58:16.662+0000] {processor.py:830} INFO - Processing file /opt/airflow/dags/process_sales_dag.py for tasks to queue
[2025-06-16T19:58:16.670+0000] {logging_mixin.py:188} INFO - [2025-06-16T19:58:16.669+0000] {dagbag.py:545} INFO - Filling up the DagBag from /opt/airflow/dags/process_sales_dag.py
[2025-06-16T19:58:17.094+0000] {processor.py:840} INFO - DAG(s) 'process_sales' retrieved from /opt/airflow/dags/process_sales_dag.py
[2025-06-16T19:58:17.134+0000] {logging_mixin.py:188} INFO - [2025-06-16T19:58:17.134+0000] {dag.py:3096} INFO - Sync 1 DAGs
[2025-06-16T19:58:17.156+0000] {logging_mixin.py:188} INFO - [2025-06-16T19:58:17.155+0000] {dag.py:3954} INFO - Setting next_dagrun for process_sales to None, run_after=None
[2025-06-16T19:58:17.207+0000] {processor.py:183} INFO - Processing /opt/airflow/dags/process_sales_dag.py took 0.572 seconds
[2025-06-16T19:58:47.602+0000] {processor.py:161} INFO - Started process (PID=698) to work on /opt/airflow/dags/process_sales_dag.py
[2025-06-16T19:58:47.604+0000] {processor.py:830} INFO - Processing file /opt/airflow/dags/process_sales_dag.py for tasks to queue
[2025-06-16T19:58:47.609+0000] {logging_mixin.py:188} INFO - [2025-06-16T19:58:47.608+0000] {dagbag.py:545} INFO - Filling up the DagBag from /opt/airflow/dags/process_sales_dag.py
[2025-06-16T19:58:47.651+0000] {processor.py:840} INFO - DAG(s) 'process_sales' retrieved from /opt/airflow/dags/process_sales_dag.py
[2025-06-16T19:58:47.738+0000] {logging_mixin.py:188} INFO - [2025-06-16T19:58:47.737+0000] {dag.py:3096} INFO - Sync 1 DAGs
[2025-06-16T19:58:47.792+0000] {logging_mixin.py:188} INFO - [2025-06-16T19:58:47.792+0000] {dag.py:3954} INFO - Setting next_dagrun for process_sales to None, run_after=None
[2025-06-16T19:58:47.863+0000] {processor.py:183} INFO - Processing /opt/airflow/dags/process_sales_dag.py took 0.275 seconds
[2025-06-16T19:59:18.682+0000] {processor.py:161} INFO - Started process (PID=703) to work on /opt/airflow/dags/process_sales_dag.py
[2025-06-16T19:59:18.687+0000] {processor.py:830} INFO - Processing file /opt/airflow/dags/process_sales_dag.py for tasks to queue
[2025-06-16T19:59:18.697+0000] {logging_mixin.py:188} INFO - [2025-06-16T19:59:18.695+0000] {dagbag.py:545} INFO - Filling up the DagBag from /opt/airflow/dags/process_sales_dag.py
[2025-06-16T19:59:18.756+0000] {processor.py:840} INFO - DAG(s) 'process_sales' retrieved from /opt/airflow/dags/process_sales_dag.py
[2025-06-16T19:59:18.833+0000] {logging_mixin.py:188} INFO - [2025-06-16T19:59:18.832+0000] {dag.py:3096} INFO - Sync 1 DAGs
[2025-06-16T19:59:18.867+0000] {logging_mixin.py:188} INFO - [2025-06-16T19:59:18.867+0000] {dag.py:3954} INFO - Setting next_dagrun for process_sales to None, run_after=None
[2025-06-16T19:59:18.916+0000] {processor.py:183} INFO - Processing /opt/airflow/dags/process_sales_dag.py took 0.269 seconds
[2025-06-16T19:59:49.233+0000] {processor.py:161} INFO - Started process (PID=708) to work on /opt/airflow/dags/process_sales_dag.py
[2025-06-16T19:59:49.235+0000] {processor.py:830} INFO - Processing file /opt/airflow/dags/process_sales_dag.py for tasks to queue
[2025-06-16T19:59:49.240+0000] {logging_mixin.py:188} INFO - [2025-06-16T19:59:49.239+0000] {dagbag.py:545} INFO - Filling up the DagBag from /opt/airflow/dags/process_sales_dag.py
[2025-06-16T19:59:49.302+0000] {processor.py:840} INFO - DAG(s) 'process_sales' retrieved from /opt/airflow/dags/process_sales_dag.py
[2025-06-16T19:59:49.378+0000] {logging_mixin.py:188} INFO - [2025-06-16T19:59:49.377+0000] {dag.py:3096} INFO - Sync 1 DAGs
[2025-06-16T19:59:49.419+0000] {logging_mixin.py:188} INFO - [2025-06-16T19:59:49.418+0000] {dag.py:3954} INFO - Setting next_dagrun for process_sales to None, run_after=None
[2025-06-16T19:59:49.481+0000] {processor.py:183} INFO - Processing /opt/airflow/dags/process_sales_dag.py took 0.262 seconds
[2025-06-16T20:00:20.069+0000] {processor.py:161} INFO - Started process (PID=713) to work on /opt/airflow/dags/process_sales_dag.py
[2025-06-16T20:00:20.074+0000] {processor.py:830} INFO - Processing file /opt/airflow/dags/process_sales_dag.py for tasks to queue
[2025-06-16T20:00:20.083+0000] {logging_mixin.py:188} INFO - [2025-06-16T20:00:20.082+0000] {dagbag.py:545} INFO - Filling up the DagBag from /opt/airflow/dags/process_sales_dag.py
[2025-06-16T20:00:20.151+0000] {processor.py:840} INFO - DAG(s) 'process_sales' retrieved from /opt/airflow/dags/process_sales_dag.py
[2025-06-16T20:00:20.248+0000] {logging_mixin.py:188} INFO - [2025-06-16T20:00:20.247+0000] {dag.py:3096} INFO - Sync 1 DAGs
[2025-06-16T20:00:20.282+0000] {logging_mixin.py:188} INFO - [2025-06-16T20:00:20.282+0000] {dag.py:3954} INFO - Setting next_dagrun for process_sales to None, run_after=None
[2025-06-16T20:00:20.328+0000] {processor.py:183} INFO - Processing /opt/airflow/dags/process_sales_dag.py took 0.293 seconds
[2025-06-16T20:00:50.526+0000] {processor.py:161} INFO - Started process (PID=718) to work on /opt/airflow/dags/process_sales_dag.py
[2025-06-16T20:00:50.530+0000] {processor.py:830} INFO - Processing file /opt/airflow/dags/process_sales_dag.py for tasks to queue
[2025-06-16T20:00:50.537+0000] {logging_mixin.py:188} INFO - [2025-06-16T20:00:50.536+0000] {dagbag.py:545} INFO - Filling up the DagBag from /opt/airflow/dags/process_sales_dag.py
[2025-06-16T20:00:50.595+0000] {processor.py:840} INFO - DAG(s) 'process_sales' retrieved from /opt/airflow/dags/process_sales_dag.py
[2025-06-16T20:00:50.698+0000] {logging_mixin.py:188} INFO - [2025-06-16T20:00:50.697+0000] {dag.py:3096} INFO - Sync 1 DAGs
[2025-06-16T20:00:50.736+0000] {logging_mixin.py:188} INFO - [2025-06-16T20:00:50.735+0000] {dag.py:3954} INFO - Setting next_dagrun for process_sales to None, run_after=None
[2025-06-16T20:00:50.799+0000] {processor.py:183} INFO - Processing /opt/airflow/dags/process_sales_dag.py took 0.295 seconds
[2025-06-16T20:01:21.133+0000] {processor.py:161} INFO - Started process (PID=723) to work on /opt/airflow/dags/process_sales_dag.py
[2025-06-16T20:01:21.136+0000] {processor.py:830} INFO - Processing file /opt/airflow/dags/process_sales_dag.py for tasks to queue
[2025-06-16T20:01:21.143+0000] {logging_mixin.py:188} INFO - [2025-06-16T20:01:21.142+0000] {dagbag.py:545} INFO - Filling up the DagBag from /opt/airflow/dags/process_sales_dag.py
[2025-06-16T20:01:21.207+0000] {processor.py:840} INFO - DAG(s) 'process_sales' retrieved from /opt/airflow/dags/process_sales_dag.py
[2025-06-16T20:01:21.311+0000] {logging_mixin.py:188} INFO - [2025-06-16T20:01:21.310+0000] {dag.py:3096} INFO - Sync 1 DAGs
[2025-06-16T20:01:21.372+0000] {logging_mixin.py:188} INFO - [2025-06-16T20:01:21.372+0000] {dag.py:3954} INFO - Setting next_dagrun for process_sales to None, run_after=None
[2025-06-16T20:01:21.453+0000] {processor.py:183} INFO - Processing /opt/airflow/dags/process_sales_dag.py took 0.343 seconds
[2025-06-16T20:01:51.772+0000] {processor.py:161} INFO - Started process (PID=728) to work on /opt/airflow/dags/process_sales_dag.py
[2025-06-16T20:01:51.774+0000] {processor.py:830} INFO - Processing file /opt/airflow/dags/process_sales_dag.py for tasks to queue
[2025-06-16T20:01:51.778+0000] {logging_mixin.py:188} INFO - [2025-06-16T20:01:51.778+0000] {dagbag.py:545} INFO - Filling up the DagBag from /opt/airflow/dags/process_sales_dag.py
[2025-06-16T20:01:51.814+0000] {processor.py:840} INFO - DAG(s) 'process_sales' retrieved from /opt/airflow/dags/process_sales_dag.py
[2025-06-16T20:01:51.882+0000] {logging_mixin.py:188} INFO - [2025-06-16T20:01:51.881+0000] {dag.py:3096} INFO - Sync 1 DAGs
[2025-06-16T20:01:51.913+0000] {logging_mixin.py:188} INFO - [2025-06-16T20:01:51.912+0000] {dag.py:3954} INFO - Setting next_dagrun for process_sales to None, run_after=None
[2025-06-16T20:01:51.965+0000] {processor.py:183} INFO - Processing /opt/airflow/dags/process_sales_dag.py took 0.204 seconds
[2025-06-16T20:02:22.227+0000] {processor.py:161} INFO - Started process (PID=733) to work on /opt/airflow/dags/process_sales_dag.py
[2025-06-16T20:02:22.232+0000] {processor.py:830} INFO - Processing file /opt/airflow/dags/process_sales_dag.py for tasks to queue
[2025-06-16T20:02:22.241+0000] {logging_mixin.py:188} INFO - [2025-06-16T20:02:22.240+0000] {dagbag.py:545} INFO - Filling up the DagBag from /opt/airflow/dags/process_sales_dag.py
[2025-06-16T20:02:22.305+0000] {processor.py:840} INFO - DAG(s) 'process_sales' retrieved from /opt/airflow/dags/process_sales_dag.py
[2025-06-16T20:02:22.468+0000] {logging_mixin.py:188} INFO - [2025-06-16T20:02:22.465+0000] {dag.py:3096} INFO - Sync 1 DAGs
[2025-06-16T20:02:22.559+0000] {logging_mixin.py:188} INFO - [2025-06-16T20:02:22.559+0000] {dag.py:3954} INFO - Setting next_dagrun for process_sales to None, run_after=None
[2025-06-16T20:02:22.646+0000] {processor.py:183} INFO - Processing /opt/airflow/dags/process_sales_dag.py took 0.453 seconds
[2025-06-16T20:02:53.026+0000] {processor.py:161} INFO - Started process (PID=738) to work on /opt/airflow/dags/process_sales_dag.py
[2025-06-16T20:02:53.031+0000] {processor.py:830} INFO - Processing file /opt/airflow/dags/process_sales_dag.py for tasks to queue
[2025-06-16T20:02:53.035+0000] {logging_mixin.py:188} INFO - [2025-06-16T20:02:53.035+0000] {dagbag.py:545} INFO - Filling up the DagBag from /opt/airflow/dags/process_sales_dag.py
[2025-06-16T20:02:53.072+0000] {processor.py:840} INFO - DAG(s) 'process_sales' retrieved from /opt/airflow/dags/process_sales_dag.py
[2025-06-16T20:02:53.118+0000] {logging_mixin.py:188} INFO - [2025-06-16T20:02:53.117+0000] {dag.py:3096} INFO - Sync 1 DAGs
[2025-06-16T20:02:53.138+0000] {logging_mixin.py:188} INFO - [2025-06-16T20:02:53.138+0000] {dag.py:3954} INFO - Setting next_dagrun for process_sales to None, run_after=None
[2025-06-16T20:02:53.175+0000] {processor.py:183} INFO - Processing /opt/airflow/dags/process_sales_dag.py took 0.160 seconds
[2025-06-16T20:03:23.557+0000] {processor.py:161} INFO - Started process (PID=743) to work on /opt/airflow/dags/process_sales_dag.py
[2025-06-16T20:03:23.559+0000] {processor.py:830} INFO - Processing file /opt/airflow/dags/process_sales_dag.py for tasks to queue
[2025-06-16T20:03:23.565+0000] {logging_mixin.py:188} INFO - [2025-06-16T20:03:23.564+0000] {dagbag.py:545} INFO - Filling up the DagBag from /opt/airflow/dags/process_sales_dag.py
[2025-06-16T20:03:23.637+0000] {processor.py:840} INFO - DAG(s) 'process_sales' retrieved from /opt/airflow/dags/process_sales_dag.py
[2025-06-16T20:03:23.763+0000] {logging_mixin.py:188} INFO - [2025-06-16T20:03:23.763+0000] {dag.py:3096} INFO - Sync 1 DAGs
[2025-06-16T20:03:23.796+0000] {logging_mixin.py:188} INFO - [2025-06-16T20:03:23.796+0000] {dag.py:3954} INFO - Setting next_dagrun for process_sales to None, run_after=None
[2025-06-16T20:03:23.856+0000] {processor.py:183} INFO - Processing /opt/airflow/dags/process_sales_dag.py took 0.311 seconds
[2025-06-16T20:03:54.724+0000] {processor.py:161} INFO - Started process (PID=748) to work on /opt/airflow/dags/process_sales_dag.py
[2025-06-16T20:03:54.726+0000] {processor.py:830} INFO - Processing file /opt/airflow/dags/process_sales_dag.py for tasks to queue
[2025-06-16T20:03:54.732+0000] {logging_mixin.py:188} INFO - [2025-06-16T20:03:54.731+0000] {dagbag.py:545} INFO - Filling up the DagBag from /opt/airflow/dags/process_sales_dag.py
[2025-06-16T20:03:54.786+0000] {processor.py:840} INFO - DAG(s) 'process_sales' retrieved from /opt/airflow/dags/process_sales_dag.py
[2025-06-16T20:03:54.891+0000] {logging_mixin.py:188} INFO - [2025-06-16T20:03:54.891+0000] {dag.py:3096} INFO - Sync 1 DAGs
[2025-06-16T20:03:54.917+0000] {logging_mixin.py:188} INFO - [2025-06-16T20:03:54.916+0000] {dag.py:3954} INFO - Setting next_dagrun for process_sales to None, run_after=None
[2025-06-16T20:03:54.980+0000] {processor.py:183} INFO - Processing /opt/airflow/dags/process_sales_dag.py took 0.269 seconds
[2025-06-16T20:04:25.267+0000] {processor.py:161} INFO - Started process (PID=753) to work on /opt/airflow/dags/process_sales_dag.py
[2025-06-16T20:04:25.273+0000] {processor.py:830} INFO - Processing file /opt/airflow/dags/process_sales_dag.py for tasks to queue
[2025-06-16T20:04:25.279+0000] {logging_mixin.py:188} INFO - [2025-06-16T20:04:25.278+0000] {dagbag.py:545} INFO - Filling up the DagBag from /opt/airflow/dags/process_sales_dag.py
[2025-06-16T20:04:25.381+0000] {processor.py:840} INFO - DAG(s) 'process_sales' retrieved from /opt/airflow/dags/process_sales_dag.py
[2025-06-16T20:04:25.496+0000] {logging_mixin.py:188} INFO - [2025-06-16T20:04:25.496+0000] {dag.py:3096} INFO - Sync 1 DAGs
[2025-06-16T20:04:25.531+0000] {logging_mixin.py:188} INFO - [2025-06-16T20:04:25.531+0000] {dag.py:3954} INFO - Setting next_dagrun for process_sales to None, run_after=None
[2025-06-16T20:04:25.633+0000] {processor.py:183} INFO - Processing /opt/airflow/dags/process_sales_dag.py took 0.389 seconds
[2025-06-16T20:04:56.187+0000] {processor.py:161} INFO - Started process (PID=758) to work on /opt/airflow/dags/process_sales_dag.py
[2025-06-16T20:04:56.192+0000] {processor.py:830} INFO - Processing file /opt/airflow/dags/process_sales_dag.py for tasks to queue
[2025-06-16T20:04:56.209+0000] {logging_mixin.py:188} INFO - [2025-06-16T20:04:56.203+0000] {dagbag.py:545} INFO - Filling up the DagBag from /opt/airflow/dags/process_sales_dag.py
[2025-06-16T20:04:56.411+0000] {processor.py:840} INFO - DAG(s) 'process_sales' retrieved from /opt/airflow/dags/process_sales_dag.py
[2025-06-16T20:04:56.584+0000] {logging_mixin.py:188} INFO - [2025-06-16T20:04:56.583+0000] {dag.py:3096} INFO - Sync 1 DAGs
[2025-06-16T20:04:56.651+0000] {logging_mixin.py:188} INFO - [2025-06-16T20:04:56.650+0000] {dag.py:3954} INFO - Setting next_dagrun for process_sales to None, run_after=None
[2025-06-16T20:04:56.750+0000] {processor.py:183} INFO - Processing /opt/airflow/dags/process_sales_dag.py took 0.626 seconds
[2025-06-16T20:05:27.122+0000] {processor.py:161} INFO - Started process (PID=763) to work on /opt/airflow/dags/process_sales_dag.py
[2025-06-16T20:05:27.126+0000] {processor.py:830} INFO - Processing file /opt/airflow/dags/process_sales_dag.py for tasks to queue
[2025-06-16T20:05:27.153+0000] {logging_mixin.py:188} INFO - [2025-06-16T20:05:27.137+0000] {dagbag.py:545} INFO - Filling up the DagBag from /opt/airflow/dags/process_sales_dag.py
[2025-06-16T20:05:27.311+0000] {processor.py:840} INFO - DAG(s) 'process_sales' retrieved from /opt/airflow/dags/process_sales_dag.py
[2025-06-16T20:05:27.727+0000] {logging_mixin.py:188} INFO - [2025-06-16T20:05:27.722+0000] {dag.py:3096} INFO - Sync 1 DAGs
[2025-06-16T20:05:27.838+0000] {logging_mixin.py:188} INFO - [2025-06-16T20:05:27.838+0000] {dag.py:3954} INFO - Setting next_dagrun for process_sales to None, run_after=None
[2025-06-16T20:05:27.920+0000] {processor.py:183} INFO - Processing /opt/airflow/dags/process_sales_dag.py took 0.866 seconds
[2025-06-16T20:05:58.656+0000] {processor.py:161} INFO - Started process (PID=768) to work on /opt/airflow/dags/process_sales_dag.py
[2025-06-16T20:05:58.669+0000] {processor.py:830} INFO - Processing file /opt/airflow/dags/process_sales_dag.py for tasks to queue
[2025-06-16T20:05:58.687+0000] {logging_mixin.py:188} INFO - [2025-06-16T20:05:58.676+0000] {dagbag.py:545} INFO - Filling up the DagBag from /opt/airflow/dags/process_sales_dag.py
[2025-06-16T20:05:58.967+0000] {processor.py:840} INFO - DAG(s) 'process_sales' retrieved from /opt/airflow/dags/process_sales_dag.py
[2025-06-16T20:05:59.567+0000] {logging_mixin.py:188} INFO - [2025-06-16T20:05:59.559+0000] {dag.py:3096} INFO - Sync 1 DAGs
[2025-06-16T20:05:59.737+0000] {logging_mixin.py:188} INFO - [2025-06-16T20:05:59.736+0000] {dag.py:3954} INFO - Setting next_dagrun for process_sales to None, run_after=None
[2025-06-16T20:05:59.856+0000] {processor.py:183} INFO - Processing /opt/airflow/dags/process_sales_dag.py took 1.461 seconds
[2025-06-16T20:06:30.603+0000] {processor.py:161} INFO - Started process (PID=773) to work on /opt/airflow/dags/process_sales_dag.py
[2025-06-16T20:06:30.606+0000] {processor.py:830} INFO - Processing file /opt/airflow/dags/process_sales_dag.py for tasks to queue
[2025-06-16T20:06:30.614+0000] {logging_mixin.py:188} INFO - [2025-06-16T20:06:30.613+0000] {dagbag.py:545} INFO - Filling up the DagBag from /opt/airflow/dags/process_sales_dag.py
[2025-06-16T20:06:30.681+0000] {processor.py:840} INFO - DAG(s) 'process_sales' retrieved from /opt/airflow/dags/process_sales_dag.py
[2025-06-16T20:06:30.851+0000] {logging_mixin.py:188} INFO - [2025-06-16T20:06:30.850+0000] {dag.py:3096} INFO - Sync 1 DAGs
[2025-06-16T20:06:30.908+0000] {logging_mixin.py:188} INFO - [2025-06-16T20:06:30.907+0000] {dag.py:3954} INFO - Setting next_dagrun for process_sales to None, run_after=None
[2025-06-16T20:06:31.010+0000] {processor.py:183} INFO - Processing /opt/airflow/dags/process_sales_dag.py took 0.453 seconds
[2025-06-16T20:07:02.936+0000] {processor.py:161} INFO - Started process (PID=778) to work on /opt/airflow/dags/process_sales_dag.py
[2025-06-16T20:07:02.957+0000] {processor.py:830} INFO - Processing file /opt/airflow/dags/process_sales_dag.py for tasks to queue
[2025-06-16T20:07:03.070+0000] {logging_mixin.py:188} INFO - [2025-06-16T20:07:03.003+0000] {dagbag.py:545} INFO - Filling up the DagBag from /opt/airflow/dags/process_sales_dag.py
[2025-06-16T20:07:03.428+0000] {processor.py:840} INFO - DAG(s) 'process_sales' retrieved from /opt/airflow/dags/process_sales_dag.py
[2025-06-16T20:07:03.982+0000] {logging_mixin.py:188} INFO - [2025-06-16T20:07:03.981+0000] {dag.py:3096} INFO - Sync 1 DAGs
[2025-06-16T20:07:04.053+0000] {logging_mixin.py:188} INFO - [2025-06-16T20:07:04.053+0000] {dag.py:3954} INFO - Setting next_dagrun for process_sales to None, run_after=None
[2025-06-16T20:07:04.366+0000] {processor.py:183} INFO - Processing /opt/airflow/dags/process_sales_dag.py took 1.475 seconds
[2025-06-16T20:07:35.350+0000] {processor.py:161} INFO - Started process (PID=783) to work on /opt/airflow/dags/process_sales_dag.py
[2025-06-16T20:07:35.358+0000] {processor.py:830} INFO - Processing file /opt/airflow/dags/process_sales_dag.py for tasks to queue
[2025-06-16T20:07:35.384+0000] {logging_mixin.py:188} INFO - [2025-06-16T20:07:35.383+0000] {dagbag.py:545} INFO - Filling up the DagBag from /opt/airflow/dags/process_sales_dag.py
[2025-06-16T20:07:35.677+0000] {processor.py:840} INFO - DAG(s) 'process_sales' retrieved from /opt/airflow/dags/process_sales_dag.py
[2025-06-16T20:07:36.014+0000] {logging_mixin.py:188} INFO - [2025-06-16T20:07:36.013+0000] {dag.py:3096} INFO - Sync 1 DAGs
[2025-06-16T20:07:36.088+0000] {logging_mixin.py:188} INFO - [2025-06-16T20:07:36.088+0000] {dag.py:3954} INFO - Setting next_dagrun for process_sales to None, run_after=None
[2025-06-16T20:07:36.195+0000] {processor.py:183} INFO - Processing /opt/airflow/dags/process_sales_dag.py took 0.882 seconds
[2025-06-16T20:08:07.287+0000] {processor.py:161} INFO - Started process (PID=788) to work on /opt/airflow/dags/process_sales_dag.py
[2025-06-16T20:08:07.290+0000] {processor.py:830} INFO - Processing file /opt/airflow/dags/process_sales_dag.py for tasks to queue
[2025-06-16T20:08:07.306+0000] {logging_mixin.py:188} INFO - [2025-06-16T20:08:07.304+0000] {dagbag.py:545} INFO - Filling up the DagBag from /opt/airflow/dags/process_sales_dag.py
[2025-06-16T20:08:07.403+0000] {processor.py:840} INFO - DAG(s) 'process_sales' retrieved from /opt/airflow/dags/process_sales_dag.py
[2025-06-16T20:08:07.609+0000] {logging_mixin.py:188} INFO - [2025-06-16T20:08:07.608+0000] {dag.py:3096} INFO - Sync 1 DAGs
[2025-06-16T20:08:07.660+0000] {logging_mixin.py:188} INFO - [2025-06-16T20:08:07.660+0000] {dag.py:3954} INFO - Setting next_dagrun for process_sales to None, run_after=None
[2025-06-16T20:08:07.729+0000] {processor.py:183} INFO - Processing /opt/airflow/dags/process_sales_dag.py took 0.468 seconds
[2025-06-16T20:08:39.078+0000] {processor.py:161} INFO - Started process (PID=793) to work on /opt/airflow/dags/process_sales_dag.py
[2025-06-16T20:08:39.120+0000] {processor.py:830} INFO - Processing file /opt/airflow/dags/process_sales_dag.py for tasks to queue
[2025-06-16T20:08:39.196+0000] {logging_mixin.py:188} INFO - [2025-06-16T20:08:39.184+0000] {dagbag.py:545} INFO - Filling up the DagBag from /opt/airflow/dags/process_sales_dag.py
[2025-06-16T20:08:39.454+0000] {processor.py:840} INFO - DAG(s) 'process_sales' retrieved from /opt/airflow/dags/process_sales_dag.py
[2025-06-16T20:08:39.840+0000] {logging_mixin.py:188} INFO - [2025-06-16T20:08:39.839+0000] {dag.py:3096} INFO - Sync 1 DAGs
[2025-06-16T20:08:40.039+0000] {logging_mixin.py:188} INFO - [2025-06-16T20:08:40.035+0000] {dag.py:3954} INFO - Setting next_dagrun for process_sales to None, run_after=None
[2025-06-16T20:08:40.386+0000] {processor.py:183} INFO - Processing /opt/airflow/dags/process_sales_dag.py took 1.335 seconds
[2025-06-16T20:09:11.857+0000] {processor.py:161} INFO - Started process (PID=798) to work on /opt/airflow/dags/process_sales_dag.py
[2025-06-16T20:09:11.865+0000] {processor.py:830} INFO - Processing file /opt/airflow/dags/process_sales_dag.py for tasks to queue
[2025-06-16T20:09:11.884+0000] {logging_mixin.py:188} INFO - [2025-06-16T20:09:11.882+0000] {dagbag.py:545} INFO - Filling up the DagBag from /opt/airflow/dags/process_sales_dag.py
[2025-06-16T20:09:11.974+0000] {processor.py:840} INFO - DAG(s) 'process_sales' retrieved from /opt/airflow/dags/process_sales_dag.py
[2025-06-16T20:09:12.123+0000] {logging_mixin.py:188} INFO - [2025-06-16T20:09:12.123+0000] {dag.py:3096} INFO - Sync 1 DAGs
[2025-06-16T20:09:12.191+0000] {logging_mixin.py:188} INFO - [2025-06-16T20:09:12.191+0000] {dag.py:3954} INFO - Setting next_dagrun for process_sales to None, run_after=None
[2025-06-16T20:09:12.251+0000] {processor.py:183} INFO - Processing /opt/airflow/dags/process_sales_dag.py took 0.439 seconds
[2025-06-16T20:09:42.550+0000] {processor.py:161} INFO - Started process (PID=803) to work on /opt/airflow/dags/process_sales_dag.py
[2025-06-16T20:09:42.553+0000] {processor.py:830} INFO - Processing file /opt/airflow/dags/process_sales_dag.py for tasks to queue
[2025-06-16T20:09:42.557+0000] {logging_mixin.py:188} INFO - [2025-06-16T20:09:42.556+0000] {dagbag.py:545} INFO - Filling up the DagBag from /opt/airflow/dags/process_sales_dag.py
[2025-06-16T20:09:42.604+0000] {processor.py:840} INFO - DAG(s) 'process_sales' retrieved from /opt/airflow/dags/process_sales_dag.py
[2025-06-16T20:09:42.676+0000] {logging_mixin.py:188} INFO - [2025-06-16T20:09:42.676+0000] {dag.py:3096} INFO - Sync 1 DAGs
[2025-06-16T20:09:42.702+0000] {logging_mixin.py:188} INFO - [2025-06-16T20:09:42.701+0000] {dag.py:3954} INFO - Setting next_dagrun for process_sales to None, run_after=None
[2025-06-16T20:09:42.752+0000] {processor.py:183} INFO - Processing /opt/airflow/dags/process_sales_dag.py took 0.215 seconds
[2025-06-16T20:10:12.917+0000] {processor.py:161} INFO - Started process (PID=808) to work on /opt/airflow/dags/process_sales_dag.py
[2025-06-16T20:10:12.920+0000] {processor.py:830} INFO - Processing file /opt/airflow/dags/process_sales_dag.py for tasks to queue
[2025-06-16T20:10:12.926+0000] {logging_mixin.py:188} INFO - [2025-06-16T20:10:12.925+0000] {dagbag.py:545} INFO - Filling up the DagBag from /opt/airflow/dags/process_sales_dag.py
[2025-06-16T20:10:12.973+0000] {processor.py:840} INFO - DAG(s) 'process_sales' retrieved from /opt/airflow/dags/process_sales_dag.py
[2025-06-16T20:10:13.026+0000] {logging_mixin.py:188} INFO - [2025-06-16T20:10:13.026+0000] {dag.py:3096} INFO - Sync 1 DAGs
[2025-06-16T20:10:13.048+0000] {logging_mixin.py:188} INFO - [2025-06-16T20:10:13.048+0000] {dag.py:3954} INFO - Setting next_dagrun for process_sales to None, run_after=None
[2025-06-16T20:10:13.094+0000] {processor.py:183} INFO - Processing /opt/airflow/dags/process_sales_dag.py took 0.190 seconds
[2025-06-16T20:10:44.091+0000] {processor.py:161} INFO - Started process (PID=813) to work on /opt/airflow/dags/process_sales_dag.py
[2025-06-16T20:10:44.099+0000] {processor.py:830} INFO - Processing file /opt/airflow/dags/process_sales_dag.py for tasks to queue
[2025-06-16T20:10:44.108+0000] {logging_mixin.py:188} INFO - [2025-06-16T20:10:44.107+0000] {dagbag.py:545} INFO - Filling up the DagBag from /opt/airflow/dags/process_sales_dag.py
[2025-06-16T20:10:44.199+0000] {processor.py:840} INFO - DAG(s) 'process_sales' retrieved from /opt/airflow/dags/process_sales_dag.py
[2025-06-16T20:10:44.336+0000] {logging_mixin.py:188} INFO - [2025-06-16T20:10:44.335+0000] {dag.py:3096} INFO - Sync 1 DAGs
[2025-06-16T20:10:44.376+0000] {logging_mixin.py:188} INFO - [2025-06-16T20:10:44.375+0000] {dag.py:3954} INFO - Setting next_dagrun for process_sales to None, run_after=None
[2025-06-16T20:10:44.457+0000] {processor.py:183} INFO - Processing /opt/airflow/dags/process_sales_dag.py took 0.384 seconds
[2025-06-16T20:11:15.701+0000] {processor.py:161} INFO - Started process (PID=818) to work on /opt/airflow/dags/process_sales_dag.py
[2025-06-16T20:11:15.707+0000] {processor.py:830} INFO - Processing file /opt/airflow/dags/process_sales_dag.py for tasks to queue
[2025-06-16T20:11:15.732+0000] {logging_mixin.py:188} INFO - [2025-06-16T20:11:15.731+0000] {dagbag.py:545} INFO - Filling up the DagBag from /opt/airflow/dags/process_sales_dag.py
[2025-06-16T20:11:15.874+0000] {processor.py:840} INFO - DAG(s) 'process_sales' retrieved from /opt/airflow/dags/process_sales_dag.py
[2025-06-16T20:11:16.849+0000] {logging_mixin.py:188} INFO - [2025-06-16T20:11:16.848+0000] {dag.py:3096} INFO - Sync 1 DAGs
[2025-06-16T20:11:17.041+0000] {logging_mixin.py:188} INFO - [2025-06-16T20:11:17.040+0000] {dag.py:3954} INFO - Setting next_dagrun for process_sales to None, run_after=None
[2025-06-16T20:11:17.209+0000] {processor.py:183} INFO - Processing /opt/airflow/dags/process_sales_dag.py took 1.532 seconds
[2025-06-16T20:11:48.174+0000] {processor.py:161} INFO - Started process (PID=823) to work on /opt/airflow/dags/process_sales_dag.py
[2025-06-16T20:11:48.176+0000] {processor.py:830} INFO - Processing file /opt/airflow/dags/process_sales_dag.py for tasks to queue
[2025-06-16T20:11:48.193+0000] {logging_mixin.py:188} INFO - [2025-06-16T20:11:48.192+0000] {dagbag.py:545} INFO - Filling up the DagBag from /opt/airflow/dags/process_sales_dag.py
[2025-06-16T20:11:48.332+0000] {processor.py:840} INFO - DAG(s) 'process_sales' retrieved from /opt/airflow/dags/process_sales_dag.py
[2025-06-16T20:11:48.439+0000] {logging_mixin.py:188} INFO - [2025-06-16T20:11:48.438+0000] {dag.py:3096} INFO - Sync 1 DAGs
[2025-06-16T20:11:48.497+0000] {logging_mixin.py:188} INFO - [2025-06-16T20:11:48.496+0000] {dag.py:3954} INFO - Setting next_dagrun for process_sales to None, run_after=None
[2025-06-16T20:11:48.563+0000] {processor.py:183} INFO - Processing /opt/airflow/dags/process_sales_dag.py took 0.445 seconds
[2025-06-16T20:12:19.020+0000] {processor.py:161} INFO - Started process (PID=828) to work on /opt/airflow/dags/process_sales_dag.py
[2025-06-16T20:12:19.021+0000] {processor.py:830} INFO - Processing file /opt/airflow/dags/process_sales_dag.py for tasks to queue
[2025-06-16T20:12:19.029+0000] {logging_mixin.py:188} INFO - [2025-06-16T20:12:19.029+0000] {dagbag.py:545} INFO - Filling up the DagBag from /opt/airflow/dags/process_sales_dag.py
[2025-06-16T20:12:19.111+0000] {processor.py:840} INFO - DAG(s) 'process_sales' retrieved from /opt/airflow/dags/process_sales_dag.py
[2025-06-16T20:12:19.175+0000] {logging_mixin.py:188} INFO - [2025-06-16T20:12:19.174+0000] {dag.py:3096} INFO - Sync 1 DAGs
[2025-06-16T20:12:19.242+0000] {logging_mixin.py:188} INFO - [2025-06-16T20:12:19.241+0000] {dag.py:3954} INFO - Setting next_dagrun for process_sales to None, run_after=None
[2025-06-16T20:12:19.293+0000] {processor.py:183} INFO - Processing /opt/airflow/dags/process_sales_dag.py took 0.319 seconds
[2025-06-16T20:12:49.532+0000] {processor.py:161} INFO - Started process (PID=833) to work on /opt/airflow/dags/process_sales_dag.py
[2025-06-16T20:12:49.544+0000] {processor.py:830} INFO - Processing file /opt/airflow/dags/process_sales_dag.py for tasks to queue
[2025-06-16T20:12:49.571+0000] {logging_mixin.py:188} INFO - [2025-06-16T20:12:49.568+0000] {dagbag.py:545} INFO - Filling up the DagBag from /opt/airflow/dags/process_sales_dag.py
[2025-06-16T20:12:49.657+0000] {processor.py:840} INFO - DAG(s) 'process_sales' retrieved from /opt/airflow/dags/process_sales_dag.py
[2025-06-16T20:12:49.859+0000] {logging_mixin.py:188} INFO - [2025-06-16T20:12:49.859+0000] {dag.py:3096} INFO - Sync 1 DAGs
[2025-06-16T20:12:49.960+0000] {logging_mixin.py:188} INFO - [2025-06-16T20:12:49.960+0000] {dag.py:3954} INFO - Setting next_dagrun for process_sales to None, run_after=None
[2025-06-16T20:12:50.078+0000] {processor.py:183} INFO - Processing /opt/airflow/dags/process_sales_dag.py took 0.587 seconds
[2025-06-16T20:13:21.145+0000] {processor.py:161} INFO - Started process (PID=838) to work on /opt/airflow/dags/process_sales_dag.py
[2025-06-16T20:13:21.147+0000] {processor.py:830} INFO - Processing file /opt/airflow/dags/process_sales_dag.py for tasks to queue
[2025-06-16T20:13:21.154+0000] {logging_mixin.py:188} INFO - [2025-06-16T20:13:21.153+0000] {dagbag.py:545} INFO - Filling up the DagBag from /opt/airflow/dags/process_sales_dag.py
[2025-06-16T20:13:21.200+0000] {processor.py:840} INFO - DAG(s) 'process_sales' retrieved from /opt/airflow/dags/process_sales_dag.py
[2025-06-16T20:13:21.311+0000] {logging_mixin.py:188} INFO - [2025-06-16T20:13:21.311+0000] {dag.py:3096} INFO - Sync 1 DAGs
[2025-06-16T20:13:21.402+0000] {logging_mixin.py:188} INFO - [2025-06-16T20:13:21.402+0000] {dag.py:3954} INFO - Setting next_dagrun for process_sales to None, run_after=None
[2025-06-16T20:13:21.473+0000] {processor.py:183} INFO - Processing /opt/airflow/dags/process_sales_dag.py took 0.340 seconds
[2025-06-16T20:13:52.206+0000] {processor.py:161} INFO - Started process (PID=843) to work on /opt/airflow/dags/process_sales_dag.py
[2025-06-16T20:13:52.221+0000] {processor.py:830} INFO - Processing file /opt/airflow/dags/process_sales_dag.py for tasks to queue
[2025-06-16T20:13:52.325+0000] {logging_mixin.py:188} INFO - [2025-06-16T20:13:52.317+0000] {dagbag.py:545} INFO - Filling up the DagBag from /opt/airflow/dags/process_sales_dag.py
[2025-06-16T20:13:52.615+0000] {processor.py:840} INFO - DAG(s) 'process_sales' retrieved from /opt/airflow/dags/process_sales_dag.py
[2025-06-16T20:13:52.775+0000] {logging_mixin.py:188} INFO - [2025-06-16T20:13:52.775+0000] {dag.py:3096} INFO - Sync 1 DAGs
[2025-06-16T20:13:52.846+0000] {logging_mixin.py:188} INFO - [2025-06-16T20:13:52.846+0000] {dag.py:3954} INFO - Setting next_dagrun for process_sales to None, run_after=None
[2025-06-16T20:13:52.938+0000] {processor.py:183} INFO - Processing /opt/airflow/dags/process_sales_dag.py took 0.895 seconds
[2025-06-16T20:14:24.187+0000] {processor.py:161} INFO - Started process (PID=848) to work on /opt/airflow/dags/process_sales_dag.py
[2025-06-16T20:14:24.203+0000] {processor.py:830} INFO - Processing file /opt/airflow/dags/process_sales_dag.py for tasks to queue
[2025-06-16T20:14:24.246+0000] {logging_mixin.py:188} INFO - [2025-06-16T20:14:24.242+0000] {dagbag.py:545} INFO - Filling up the DagBag from /opt/airflow/dags/process_sales_dag.py
[2025-06-16T20:14:24.517+0000] {processor.py:840} INFO - DAG(s) 'process_sales' retrieved from /opt/airflow/dags/process_sales_dag.py
[2025-06-16T20:14:25.646+0000] {logging_mixin.py:188} INFO - [2025-06-16T20:14:25.644+0000] {dag.py:3096} INFO - Sync 1 DAGs
[2025-06-16T20:14:26.325+0000] {logging_mixin.py:188} INFO - [2025-06-16T20:14:26.324+0000] {dag.py:3954} INFO - Setting next_dagrun for process_sales to None, run_after=None
[2025-06-16T20:14:26.566+0000] {processor.py:183} INFO - Processing /opt/airflow/dags/process_sales_dag.py took 2.504 seconds
[2025-06-16T20:15:00.533+0000] {processor.py:161} INFO - Started process (PID=853) to work on /opt/airflow/dags/process_sales_dag.py
[2025-06-16T20:15:00.582+0000] {processor.py:830} INFO - Processing file /opt/airflow/dags/process_sales_dag.py for tasks to queue
[2025-06-16T20:15:00.753+0000] {logging_mixin.py:188} INFO - [2025-06-16T20:15:00.730+0000] {dagbag.py:545} INFO - Filling up the DagBag from /opt/airflow/dags/process_sales_dag.py
[2025-06-16T20:15:01.283+0000] {processor.py:840} INFO - DAG(s) 'process_sales' retrieved from /opt/airflow/dags/process_sales_dag.py
[2025-06-16T20:15:02.329+0000] {logging_mixin.py:188} INFO - [2025-06-16T20:15:02.328+0000] {dag.py:3096} INFO - Sync 1 DAGs
[2025-06-16T20:15:02.708+0000] {logging_mixin.py:188} INFO - [2025-06-16T20:15:02.707+0000] {dag.py:3954} INFO - Setting next_dagrun for process_sales to None, run_after=None
[2025-06-16T20:15:02.812+0000] {processor.py:183} INFO - Processing /opt/airflow/dags/process_sales_dag.py took 2.359 seconds
[2025-06-16T20:42:43.997+0000] {processor.py:161} INFO - Started process (PID=157) to work on /opt/airflow/dags/process_sales_dag.py
[2025-06-16T20:42:44.018+0000] {processor.py:830} INFO - Processing file /opt/airflow/dags/process_sales_dag.py for tasks to queue
[2025-06-16T20:42:44.028+0000] {logging_mixin.py:188} INFO - [2025-06-16T20:42:44.027+0000] {dagbag.py:545} INFO - Filling up the DagBag from /opt/airflow/dags/process_sales_dag.py
[2025-06-16T20:42:44.167+0000] {processor.py:840} INFO - DAG(s) 'process_sales' retrieved from /opt/airflow/dags/process_sales_dag.py
[2025-06-16T20:42:44.412+0000] {logging_mixin.py:188} INFO - [2025-06-16T20:42:44.411+0000] {dag.py:3096} INFO - Sync 1 DAGs
[2025-06-16T20:42:44.491+0000] {logging_mixin.py:188} INFO - [2025-06-16T20:42:44.491+0000] {dag.py:3954} INFO - Setting next_dagrun for process_sales to None, run_after=None
[2025-06-16T20:42:44.566+0000] {processor.py:183} INFO - Processing /opt/airflow/dags/process_sales_dag.py took 0.635 seconds
[2025-06-16T20:43:16.522+0000] {processor.py:161} INFO - Started process (PID=162) to work on /opt/airflow/dags/process_sales_dag.py
[2025-06-16T20:43:16.545+0000] {processor.py:830} INFO - Processing file /opt/airflow/dags/process_sales_dag.py for tasks to queue
[2025-06-16T20:43:16.557+0000] {logging_mixin.py:188} INFO - [2025-06-16T20:43:16.553+0000] {dagbag.py:545} INFO - Filling up the DagBag from /opt/airflow/dags/process_sales_dag.py
[2025-06-16T20:43:16.673+0000] {processor.py:840} INFO - DAG(s) 'process_sales' retrieved from /opt/airflow/dags/process_sales_dag.py
[2025-06-16T20:43:16.875+0000] {logging_mixin.py:188} INFO - [2025-06-16T20:43:16.875+0000] {dag.py:3096} INFO - Sync 1 DAGs
[2025-06-16T20:43:16.932+0000] {logging_mixin.py:188} INFO - [2025-06-16T20:43:16.932+0000] {dag.py:3954} INFO - Setting next_dagrun for process_sales to None, run_after=None
[2025-06-16T20:43:17.002+0000] {processor.py:183} INFO - Processing /opt/airflow/dags/process_sales_dag.py took 0.662 seconds
[2025-06-16T20:43:47.831+0000] {processor.py:161} INFO - Started process (PID=167) to work on /opt/airflow/dags/process_sales_dag.py
[2025-06-16T20:43:47.847+0000] {processor.py:830} INFO - Processing file /opt/airflow/dags/process_sales_dag.py for tasks to queue
[2025-06-16T20:43:47.874+0000] {logging_mixin.py:188} INFO - [2025-06-16T20:43:47.871+0000] {dagbag.py:545} INFO - Filling up the DagBag from /opt/airflow/dags/process_sales_dag.py
[2025-06-16T20:43:48.071+0000] {processor.py:840} INFO - DAG(s) 'process_sales' retrieved from /opt/airflow/dags/process_sales_dag.py
[2025-06-16T20:43:48.297+0000] {logging_mixin.py:188} INFO - [2025-06-16T20:43:48.297+0000] {dag.py:3096} INFO - Sync 1 DAGs
[2025-06-16T20:43:48.363+0000] {logging_mixin.py:188} INFO - [2025-06-16T20:43:48.363+0000] {dag.py:3954} INFO - Setting next_dagrun for process_sales to None, run_after=None
[2025-06-16T20:43:48.442+0000] {processor.py:183} INFO - Processing /opt/airflow/dags/process_sales_dag.py took 0.773 seconds
[2025-06-16T20:44:20.009+0000] {processor.py:161} INFO - Started process (PID=225) to work on /opt/airflow/dags/process_sales_dag.py
[2025-06-16T20:44:20.020+0000] {processor.py:830} INFO - Processing file /opt/airflow/dags/process_sales_dag.py for tasks to queue
[2025-06-16T20:44:20.066+0000] {logging_mixin.py:188} INFO - [2025-06-16T20:44:20.065+0000] {dagbag.py:545} INFO - Filling up the DagBag from /opt/airflow/dags/process_sales_dag.py
[2025-06-16T20:44:20.479+0000] {processor.py:840} INFO - DAG(s) 'process_sales' retrieved from /opt/airflow/dags/process_sales_dag.py
[2025-06-16T20:44:21.126+0000] {logging_mixin.py:188} INFO - [2025-06-16T20:44:21.126+0000] {dag.py:3096} INFO - Sync 1 DAGs
[2025-06-16T20:44:22.075+0000] {logging_mixin.py:188} INFO - [2025-06-16T20:44:22.063+0000] {dag.py:3954} INFO - Setting next_dagrun for process_sales to None, run_after=None
[2025-06-16T20:44:23.267+0000] {processor.py:183} INFO - Processing /opt/airflow/dags/process_sales_dag.py took 3.367 seconds
[2025-06-16T20:44:54.217+0000] {processor.py:161} INFO - Started process (PID=306) to work on /opt/airflow/dags/process_sales_dag.py
[2025-06-16T20:44:54.229+0000] {processor.py:830} INFO - Processing file /opt/airflow/dags/process_sales_dag.py for tasks to queue
[2025-06-16T20:44:54.258+0000] {logging_mixin.py:188} INFO - [2025-06-16T20:44:54.253+0000] {dagbag.py:545} INFO - Filling up the DagBag from /opt/airflow/dags/process_sales_dag.py
[2025-06-16T20:44:54.541+0000] {processor.py:840} INFO - DAG(s) 'process_sales' retrieved from /opt/airflow/dags/process_sales_dag.py
[2025-06-16T20:44:54.877+0000] {logging_mixin.py:188} INFO - [2025-06-16T20:44:54.876+0000] {dag.py:3096} INFO - Sync 1 DAGs
[2025-06-16T20:44:55.066+0000] {logging_mixin.py:188} INFO - [2025-06-16T20:44:55.065+0000] {dag.py:3954} INFO - Setting next_dagrun for process_sales to None, run_after=None
[2025-06-16T20:44:55.410+0000] {processor.py:183} INFO - Processing /opt/airflow/dags/process_sales_dag.py took 1.354 seconds
[2025-06-16T20:45:26.205+0000] {processor.py:161} INFO - Started process (PID=335) to work on /opt/airflow/dags/process_sales_dag.py
[2025-06-16T20:45:26.215+0000] {processor.py:830} INFO - Processing file /opt/airflow/dags/process_sales_dag.py for tasks to queue
[2025-06-16T20:45:26.231+0000] {logging_mixin.py:188} INFO - [2025-06-16T20:45:26.228+0000] {dagbag.py:545} INFO - Filling up the DagBag from /opt/airflow/dags/process_sales_dag.py
[2025-06-16T20:45:26.353+0000] {processor.py:840} INFO - DAG(s) 'process_sales' retrieved from /opt/airflow/dags/process_sales_dag.py
[2025-06-16T20:45:26.435+0000] {logging_mixin.py:188} INFO - [2025-06-16T20:45:26.434+0000] {dag.py:3096} INFO - Sync 1 DAGs
[2025-06-16T20:45:26.457+0000] {logging_mixin.py:188} INFO - [2025-06-16T20:45:26.456+0000] {dag.py:3954} INFO - Setting next_dagrun for process_sales to None, run_after=None
[2025-06-16T20:45:26.489+0000] {processor.py:183} INFO - Processing /opt/airflow/dags/process_sales_dag.py took 0.329 seconds
[2025-06-16T20:45:56.927+0000] {processor.py:161} INFO - Started process (PID=340) to work on /opt/airflow/dags/process_sales_dag.py
[2025-06-16T20:45:56.930+0000] {processor.py:830} INFO - Processing file /opt/airflow/dags/process_sales_dag.py for tasks to queue
[2025-06-16T20:45:56.936+0000] {logging_mixin.py:188} INFO - [2025-06-16T20:45:56.935+0000] {dagbag.py:545} INFO - Filling up the DagBag from /opt/airflow/dags/process_sales_dag.py
[2025-06-16T20:45:56.987+0000] {processor.py:840} INFO - DAG(s) 'process_sales' retrieved from /opt/airflow/dags/process_sales_dag.py
[2025-06-16T20:45:57.113+0000] {logging_mixin.py:188} INFO - [2025-06-16T20:45:57.098+0000] {dag.py:3096} INFO - Sync 1 DAGs
[2025-06-16T20:45:57.258+0000] {logging_mixin.py:188} INFO - [2025-06-16T20:45:57.257+0000] {dag.py:3954} INFO - Setting next_dagrun for process_sales to None, run_after=None
[2025-06-16T20:45:57.436+0000] {processor.py:183} INFO - Processing /opt/airflow/dags/process_sales_dag.py took 0.531 seconds
[2025-06-16T20:46:27.773+0000] {processor.py:161} INFO - Started process (PID=345) to work on /opt/airflow/dags/process_sales_dag.py
[2025-06-16T20:46:27.776+0000] {processor.py:830} INFO - Processing file /opt/airflow/dags/process_sales_dag.py for tasks to queue
[2025-06-16T20:46:27.782+0000] {logging_mixin.py:188} INFO - [2025-06-16T20:46:27.781+0000] {dagbag.py:545} INFO - Filling up the DagBag from /opt/airflow/dags/process_sales_dag.py
[2025-06-16T20:46:27.836+0000] {processor.py:840} INFO - DAG(s) 'process_sales' retrieved from /opt/airflow/dags/process_sales_dag.py
[2025-06-16T20:46:27.942+0000] {logging_mixin.py:188} INFO - [2025-06-16T20:46:27.940+0000] {dag.py:3096} INFO - Sync 1 DAGs
[2025-06-16T20:46:27.990+0000] {logging_mixin.py:188} INFO - [2025-06-16T20:46:27.990+0000] {dag.py:3954} INFO - Setting next_dagrun for process_sales to None, run_after=None
[2025-06-16T20:46:28.093+0000] {processor.py:183} INFO - Processing /opt/airflow/dags/process_sales_dag.py took 0.339 seconds
[2025-06-16T20:46:59.795+0000] {processor.py:161} INFO - Started process (PID=350) to work on /opt/airflow/dags/process_sales_dag.py
[2025-06-16T20:46:59.814+0000] {processor.py:830} INFO - Processing file /opt/airflow/dags/process_sales_dag.py for tasks to queue
[2025-06-16T20:46:59.856+0000] {logging_mixin.py:188} INFO - [2025-06-16T20:46:59.855+0000] {dagbag.py:545} INFO - Filling up the DagBag from /opt/airflow/dags/process_sales_dag.py
[2025-06-16T20:46:59.914+0000] {processor.py:840} INFO - DAG(s) 'process_sales' retrieved from /opt/airflow/dags/process_sales_dag.py
[2025-06-16T20:47:00.033+0000] {logging_mixin.py:188} INFO - [2025-06-16T20:47:00.033+0000] {dag.py:3096} INFO - Sync 1 DAGs
[2025-06-16T20:47:00.054+0000] {logging_mixin.py:188} INFO - [2025-06-16T20:47:00.054+0000] {dag.py:3954} INFO - Setting next_dagrun for process_sales to None, run_after=None
[2025-06-16T20:47:02.323+0000] {processor.py:183} INFO - Processing /opt/airflow/dags/process_sales_dag.py took 2.587 seconds
[2025-06-16T20:47:33.943+0000] {processor.py:161} INFO - Started process (PID=355) to work on /opt/airflow/dags/process_sales_dag.py
[2025-06-16T20:47:33.973+0000] {processor.py:830} INFO - Processing file /opt/airflow/dags/process_sales_dag.py for tasks to queue
[2025-06-16T20:47:34.012+0000] {logging_mixin.py:188} INFO - [2025-06-16T20:47:34.006+0000] {dagbag.py:545} INFO - Filling up the DagBag from /opt/airflow/dags/process_sales_dag.py
[2025-06-16T20:47:34.177+0000] {processor.py:840} INFO - DAG(s) 'process_sales' retrieved from /opt/airflow/dags/process_sales_dag.py
[2025-06-16T20:47:34.374+0000] {logging_mixin.py:188} INFO - [2025-06-16T20:47:34.373+0000] {dag.py:3096} INFO - Sync 1 DAGs
[2025-06-16T20:47:35.059+0000] {logging_mixin.py:188} INFO - [2025-06-16T20:47:35.058+0000] {dag.py:3954} INFO - Setting next_dagrun for process_sales to None, run_after=None
[2025-06-16T20:47:35.107+0000] {processor.py:183} INFO - Processing /opt/airflow/dags/process_sales_dag.py took 1.416 seconds
[2025-06-16T20:48:05.526+0000] {processor.py:161} INFO - Started process (PID=360) to work on /opt/airflow/dags/process_sales_dag.py
[2025-06-16T20:48:05.529+0000] {processor.py:830} INFO - Processing file /opt/airflow/dags/process_sales_dag.py for tasks to queue
[2025-06-16T20:48:05.533+0000] {logging_mixin.py:188} INFO - [2025-06-16T20:48:05.532+0000] {dagbag.py:545} INFO - Filling up the DagBag from /opt/airflow/dags/process_sales_dag.py
[2025-06-16T20:48:05.575+0000] {processor.py:840} INFO - DAG(s) 'process_sales' retrieved from /opt/airflow/dags/process_sales_dag.py
[2025-06-16T20:48:05.639+0000] {logging_mixin.py:188} INFO - [2025-06-16T20:48:05.639+0000] {dag.py:3096} INFO - Sync 1 DAGs
[2025-06-16T20:48:05.662+0000] {logging_mixin.py:188} INFO - [2025-06-16T20:48:05.662+0000] {dag.py:3954} INFO - Setting next_dagrun for process_sales to None, run_after=None
[2025-06-16T20:48:05.700+0000] {processor.py:183} INFO - Processing /opt/airflow/dags/process_sales_dag.py took 0.189 seconds
[2025-06-16T20:48:37.209+0000] {processor.py:161} INFO - Started process (PID=365) to work on /opt/airflow/dags/process_sales_dag.py
[2025-06-16T20:48:37.234+0000] {processor.py:830} INFO - Processing file /opt/airflow/dags/process_sales_dag.py for tasks to queue
[2025-06-16T20:48:37.282+0000] {logging_mixin.py:188} INFO - [2025-06-16T20:48:37.275+0000] {dagbag.py:545} INFO - Filling up the DagBag from /opt/airflow/dags/process_sales_dag.py
[2025-06-16T20:48:37.565+0000] {processor.py:840} INFO - DAG(s) 'process_sales' retrieved from /opt/airflow/dags/process_sales_dag.py
[2025-06-16T20:48:37.677+0000] {logging_mixin.py:188} INFO - [2025-06-16T20:48:37.676+0000] {dag.py:3096} INFO - Sync 1 DAGs
[2025-06-16T20:48:37.717+0000] {logging_mixin.py:188} INFO - [2025-06-16T20:48:37.716+0000] {dag.py:3954} INFO - Setting next_dagrun for process_sales to None, run_after=None
[2025-06-16T20:48:37.776+0000] {processor.py:183} INFO - Processing /opt/airflow/dags/process_sales_dag.py took 0.712 seconds
[2025-06-16T20:49:08.229+0000] {processor.py:161} INFO - Started process (PID=370) to work on /opt/airflow/dags/process_sales_dag.py
[2025-06-16T20:49:08.233+0000] {processor.py:830} INFO - Processing file /opt/airflow/dags/process_sales_dag.py for tasks to queue
[2025-06-16T20:49:08.244+0000] {logging_mixin.py:188} INFO - [2025-06-16T20:49:08.242+0000] {dagbag.py:545} INFO - Filling up the DagBag from /opt/airflow/dags/process_sales_dag.py
[2025-06-16T20:49:08.299+0000] {processor.py:840} INFO - DAG(s) 'process_sales' retrieved from /opt/airflow/dags/process_sales_dag.py
[2025-06-16T20:49:08.355+0000] {logging_mixin.py:188} INFO - [2025-06-16T20:49:08.354+0000] {dag.py:3096} INFO - Sync 1 DAGs
[2025-06-16T20:49:08.378+0000] {logging_mixin.py:188} INFO - [2025-06-16T20:49:08.378+0000] {dag.py:3954} INFO - Setting next_dagrun for process_sales to None, run_after=None
[2025-06-16T20:49:08.415+0000] {processor.py:183} INFO - Processing /opt/airflow/dags/process_sales_dag.py took 0.208 seconds
[2025-06-16T20:49:38.867+0000] {processor.py:161} INFO - Started process (PID=375) to work on /opt/airflow/dags/process_sales_dag.py
[2025-06-16T20:49:38.870+0000] {processor.py:830} INFO - Processing file /opt/airflow/dags/process_sales_dag.py for tasks to queue
[2025-06-16T20:49:38.875+0000] {logging_mixin.py:188} INFO - [2025-06-16T20:49:38.874+0000] {dagbag.py:545} INFO - Filling up the DagBag from /opt/airflow/dags/process_sales_dag.py
[2025-06-16T20:49:38.909+0000] {processor.py:840} INFO - DAG(s) 'process_sales' retrieved from /opt/airflow/dags/process_sales_dag.py
[2025-06-16T20:49:38.967+0000] {logging_mixin.py:188} INFO - [2025-06-16T20:49:38.965+0000] {dag.py:3096} INFO - Sync 1 DAGs
[2025-06-16T20:49:39.017+0000] {logging_mixin.py:188} INFO - [2025-06-16T20:49:39.017+0000] {dag.py:3954} INFO - Setting next_dagrun for process_sales to None, run_after=None
[2025-06-16T20:49:39.093+0000] {processor.py:183} INFO - Processing /opt/airflow/dags/process_sales_dag.py took 0.237 seconds
[2025-06-16T20:50:09.639+0000] {processor.py:161} INFO - Started process (PID=406) to work on /opt/airflow/dags/process_sales_dag.py
[2025-06-16T20:50:09.662+0000] {processor.py:830} INFO - Processing file /opt/airflow/dags/process_sales_dag.py for tasks to queue
[2025-06-16T20:50:09.731+0000] {logging_mixin.py:188} INFO - [2025-06-16T20:50:09.725+0000] {dagbag.py:545} INFO - Filling up the DagBag from /opt/airflow/dags/process_sales_dag.py
[2025-06-16T20:50:09.879+0000] {processor.py:840} INFO - DAG(s) 'process_sales' retrieved from /opt/airflow/dags/process_sales_dag.py
[2025-06-16T20:50:10.088+0000] {logging_mixin.py:188} INFO - [2025-06-16T20:50:10.087+0000] {dag.py:3096} INFO - Sync 1 DAGs
[2025-06-16T20:50:10.117+0000] {logging_mixin.py:188} INFO - [2025-06-16T20:50:10.116+0000] {dag.py:3954} INFO - Setting next_dagrun for process_sales to None, run_after=None
[2025-06-16T20:50:10.939+0000] {processor.py:183} INFO - Processing /opt/airflow/dags/process_sales_dag.py took 1.398 seconds
[2025-06-16T20:50:41.447+0000] {processor.py:161} INFO - Started process (PID=490) to work on /opt/airflow/dags/process_sales_dag.py
[2025-06-16T20:50:41.468+0000] {processor.py:830} INFO - Processing file /opt/airflow/dags/process_sales_dag.py for tasks to queue
[2025-06-16T20:50:41.498+0000] {logging_mixin.py:188} INFO - [2025-06-16T20:50:41.490+0000] {dagbag.py:545} INFO - Filling up the DagBag from /opt/airflow/dags/process_sales_dag.py
[2025-06-16T20:50:41.686+0000] {processor.py:840} INFO - DAG(s) 'process_sales' retrieved from /opt/airflow/dags/process_sales_dag.py
[2025-06-16T20:50:41.866+0000] {logging_mixin.py:188} INFO - [2025-06-16T20:50:41.865+0000] {dag.py:3096} INFO - Sync 1 DAGs
[2025-06-16T20:50:44.765+0000] {logging_mixin.py:188} INFO - [2025-06-16T20:50:44.765+0000] {dag.py:3954} INFO - Setting next_dagrun for process_sales to None, run_after=None
[2025-06-16T20:50:44.936+0000] {processor.py:183} INFO - Processing /opt/airflow/dags/process_sales_dag.py took 3.597 seconds
[2025-06-16T20:51:15.326+0000] {processor.py:161} INFO - Started process (PID=544) to work on /opt/airflow/dags/process_sales_dag.py
[2025-06-16T20:51:15.328+0000] {processor.py:830} INFO - Processing file /opt/airflow/dags/process_sales_dag.py for tasks to queue
[2025-06-16T20:51:15.333+0000] {logging_mixin.py:188} INFO - [2025-06-16T20:51:15.331+0000] {dagbag.py:545} INFO - Filling up the DagBag from /opt/airflow/dags/process_sales_dag.py
[2025-06-16T20:51:15.380+0000] {processor.py:840} INFO - DAG(s) 'process_sales' retrieved from /opt/airflow/dags/process_sales_dag.py
[2025-06-16T20:51:15.430+0000] {logging_mixin.py:188} INFO - [2025-06-16T20:51:15.429+0000] {dag.py:3096} INFO - Sync 1 DAGs
[2025-06-16T20:51:15.448+0000] {logging_mixin.py:188} INFO - [2025-06-16T20:51:15.448+0000] {dag.py:3954} INFO - Setting next_dagrun for process_sales to None, run_after=None
[2025-06-16T20:51:15.480+0000] {processor.py:183} INFO - Processing /opt/airflow/dags/process_sales_dag.py took 0.165 seconds
[2025-06-16T20:51:45.839+0000] {processor.py:161} INFO - Started process (PID=549) to work on /opt/airflow/dags/process_sales_dag.py
[2025-06-16T20:51:45.841+0000] {processor.py:830} INFO - Processing file /opt/airflow/dags/process_sales_dag.py for tasks to queue
[2025-06-16T20:51:45.846+0000] {logging_mixin.py:188} INFO - [2025-06-16T20:51:45.845+0000] {dagbag.py:545} INFO - Filling up the DagBag from /opt/airflow/dags/process_sales_dag.py
[2025-06-16T20:51:45.893+0000] {processor.py:840} INFO - DAG(s) 'process_sales' retrieved from /opt/airflow/dags/process_sales_dag.py
[2025-06-16T20:51:45.963+0000] {logging_mixin.py:188} INFO - [2025-06-16T20:51:45.962+0000] {dag.py:3096} INFO - Sync 1 DAGs
[2025-06-16T20:51:45.996+0000] {logging_mixin.py:188} INFO - [2025-06-16T20:51:45.996+0000] {dag.py:3954} INFO - Setting next_dagrun for process_sales to None, run_after=None
[2025-06-16T20:51:46.054+0000] {processor.py:183} INFO - Processing /opt/airflow/dags/process_sales_dag.py took 0.228 seconds
[2025-06-16T20:52:16.753+0000] {processor.py:161} INFO - Started process (PID=554) to work on /opt/airflow/dags/process_sales_dag.py
[2025-06-16T20:52:16.756+0000] {processor.py:830} INFO - Processing file /opt/airflow/dags/process_sales_dag.py for tasks to queue
[2025-06-16T20:52:16.761+0000] {logging_mixin.py:188} INFO - [2025-06-16T20:52:16.760+0000] {dagbag.py:545} INFO - Filling up the DagBag from /opt/airflow/dags/process_sales_dag.py
[2025-06-16T20:52:16.809+0000] {processor.py:840} INFO - DAG(s) 'process_sales' retrieved from /opt/airflow/dags/process_sales_dag.py
[2025-06-16T20:52:16.871+0000] {logging_mixin.py:188} INFO - [2025-06-16T20:52:16.870+0000] {dag.py:3096} INFO - Sync 1 DAGs
[2025-06-16T20:52:16.893+0000] {logging_mixin.py:188} INFO - [2025-06-16T20:52:16.893+0000] {dag.py:3954} INFO - Setting next_dagrun for process_sales to None, run_after=None
[2025-06-16T20:52:16.935+0000] {processor.py:183} INFO - Processing /opt/airflow/dags/process_sales_dag.py took 0.199 seconds
[2025-06-16T20:52:47.815+0000] {processor.py:161} INFO - Started process (PID=559) to work on /opt/airflow/dags/process_sales_dag.py
[2025-06-16T20:52:47.819+0000] {processor.py:830} INFO - Processing file /opt/airflow/dags/process_sales_dag.py for tasks to queue
[2025-06-16T20:52:47.827+0000] {logging_mixin.py:188} INFO - [2025-06-16T20:52:47.825+0000] {dagbag.py:545} INFO - Filling up the DagBag from /opt/airflow/dags/process_sales_dag.py
[2025-06-16T20:52:47.900+0000] {processor.py:840} INFO - DAG(s) 'process_sales' retrieved from /opt/airflow/dags/process_sales_dag.py
[2025-06-16T20:52:47.953+0000] {logging_mixin.py:188} INFO - [2025-06-16T20:52:47.953+0000] {dag.py:3096} INFO - Sync 1 DAGs
[2025-06-16T20:52:47.973+0000] {logging_mixin.py:188} INFO - [2025-06-16T20:52:47.973+0000] {dag.py:3954} INFO - Setting next_dagrun for process_sales to None, run_after=None
[2025-06-16T20:52:48.010+0000] {processor.py:183} INFO - Processing /opt/airflow/dags/process_sales_dag.py took 0.219 seconds
[2025-06-16T20:53:18.544+0000] {processor.py:161} INFO - Started process (PID=564) to work on /opt/airflow/dags/process_sales_dag.py
[2025-06-16T20:53:18.557+0000] {processor.py:830} INFO - Processing file /opt/airflow/dags/process_sales_dag.py for tasks to queue
[2025-06-16T20:53:18.563+0000] {logging_mixin.py:188} INFO - [2025-06-16T20:53:18.562+0000] {dagbag.py:545} INFO - Filling up the DagBag from /opt/airflow/dags/process_sales_dag.py
[2025-06-16T20:53:18.637+0000] {processor.py:840} INFO - DAG(s) 'process_sales' retrieved from /opt/airflow/dags/process_sales_dag.py
[2025-06-16T20:53:18.734+0000] {logging_mixin.py:188} INFO - [2025-06-16T20:53:18.733+0000] {dag.py:3096} INFO - Sync 1 DAGs
[2025-06-16T20:53:19.877+0000] {logging_mixin.py:188} INFO - [2025-06-16T20:53:19.877+0000] {dag.py:3954} INFO - Setting next_dagrun for process_sales to None, run_after=None
[2025-06-16T20:53:19.907+0000] {processor.py:183} INFO - Processing /opt/airflow/dags/process_sales_dag.py took 1.405 seconds
[2025-06-16T20:53:50.295+0000] {processor.py:161} INFO - Started process (PID=569) to work on /opt/airflow/dags/process_sales_dag.py
[2025-06-16T20:53:50.300+0000] {processor.py:830} INFO - Processing file /opt/airflow/dags/process_sales_dag.py for tasks to queue
[2025-06-16T20:53:50.306+0000] {logging_mixin.py:188} INFO - [2025-06-16T20:53:50.305+0000] {dagbag.py:545} INFO - Filling up the DagBag from /opt/airflow/dags/process_sales_dag.py
[2025-06-16T20:53:50.349+0000] {processor.py:840} INFO - DAG(s) 'process_sales' retrieved from /opt/airflow/dags/process_sales_dag.py
[2025-06-16T20:53:50.649+0000] {logging_mixin.py:188} INFO - [2025-06-16T20:53:50.648+0000] {dag.py:3096} INFO - Sync 1 DAGs
[2025-06-16T20:53:50.669+0000] {logging_mixin.py:188} INFO - [2025-06-16T20:53:50.668+0000] {dag.py:3954} INFO - Setting next_dagrun for process_sales to None, run_after=None
[2025-06-16T20:53:50.705+0000] {processor.py:183} INFO - Processing /opt/airflow/dags/process_sales_dag.py took 0.432 seconds
[2025-06-16T20:54:21.510+0000] {processor.py:161} INFO - Started process (PID=574) to work on /opt/airflow/dags/process_sales_dag.py
[2025-06-16T20:54:21.538+0000] {processor.py:830} INFO - Processing file /opt/airflow/dags/process_sales_dag.py for tasks to queue
[2025-06-16T20:54:21.658+0000] {logging_mixin.py:188} INFO - [2025-06-16T20:54:21.656+0000] {dagbag.py:545} INFO - Filling up the DagBag from /opt/airflow/dags/process_sales_dag.py
[2025-06-16T20:54:21.743+0000] {processor.py:840} INFO - DAG(s) 'process_sales' retrieved from /opt/airflow/dags/process_sales_dag.py
[2025-06-16T20:54:22.111+0000] {logging_mixin.py:188} INFO - [2025-06-16T20:54:22.110+0000] {dag.py:3096} INFO - Sync 1 DAGs
[2025-06-16T20:54:22.128+0000] {logging_mixin.py:188} INFO - [2025-06-16T20:54:22.127+0000] {dag.py:3954} INFO - Setting next_dagrun for process_sales to None, run_after=None
[2025-06-16T20:54:22.207+0000] {processor.py:183} INFO - Processing /opt/airflow/dags/process_sales_dag.py took 0.808 seconds
[2025-06-16T20:54:53.095+0000] {processor.py:161} INFO - Started process (PID=579) to work on /opt/airflow/dags/process_sales_dag.py
[2025-06-16T20:54:53.096+0000] {processor.py:830} INFO - Processing file /opt/airflow/dags/process_sales_dag.py for tasks to queue
[2025-06-16T20:54:53.100+0000] {logging_mixin.py:188} INFO - [2025-06-16T20:54:53.099+0000] {dagbag.py:545} INFO - Filling up the DagBag from /opt/airflow/dags/process_sales_dag.py
[2025-06-16T20:54:53.129+0000] {processor.py:840} INFO - DAG(s) 'process_sales' retrieved from /opt/airflow/dags/process_sales_dag.py
[2025-06-16T20:54:53.191+0000] {logging_mixin.py:188} INFO - [2025-06-16T20:54:53.190+0000] {dag.py:3096} INFO - Sync 1 DAGs
[2025-06-16T20:54:53.208+0000] {logging_mixin.py:188} INFO - [2025-06-16T20:54:53.207+0000] {dag.py:3954} INFO - Setting next_dagrun for process_sales to None, run_after=None
[2025-06-16T20:54:53.241+0000] {processor.py:183} INFO - Processing /opt/airflow/dags/process_sales_dag.py took 0.155 seconds
[2025-06-16T20:55:23.390+0000] {processor.py:161} INFO - Started process (PID=584) to work on /opt/airflow/dags/process_sales_dag.py
[2025-06-16T20:55:23.394+0000] {processor.py:830} INFO - Processing file /opt/airflow/dags/process_sales_dag.py for tasks to queue
[2025-06-16T20:55:23.409+0000] {logging_mixin.py:188} INFO - [2025-06-16T20:55:23.407+0000] {dagbag.py:545} INFO - Filling up the DagBag from /opt/airflow/dags/process_sales_dag.py
[2025-06-16T20:55:23.530+0000] {processor.py:840} INFO - DAG(s) 'process_sales' retrieved from /opt/airflow/dags/process_sales_dag.py
[2025-06-16T20:55:23.594+0000] {logging_mixin.py:188} INFO - [2025-06-16T20:55:23.593+0000] {dag.py:3096} INFO - Sync 1 DAGs
[2025-06-16T20:55:23.649+0000] {logging_mixin.py:188} INFO - [2025-06-16T20:55:23.646+0000] {dag.py:3954} INFO - Setting next_dagrun for process_sales to None, run_after=None
[2025-06-16T20:55:23.734+0000] {processor.py:183} INFO - Processing /opt/airflow/dags/process_sales_dag.py took 0.365 seconds
[2025-06-16T20:55:54.136+0000] {processor.py:161} INFO - Started process (PID=589) to work on /opt/airflow/dags/process_sales_dag.py
[2025-06-16T20:55:54.138+0000] {processor.py:830} INFO - Processing file /opt/airflow/dags/process_sales_dag.py for tasks to queue
[2025-06-16T20:55:54.141+0000] {logging_mixin.py:188} INFO - [2025-06-16T20:55:54.141+0000] {dagbag.py:545} INFO - Filling up the DagBag from /opt/airflow/dags/process_sales_dag.py
[2025-06-16T20:55:54.168+0000] {processor.py:840} INFO - DAG(s) 'process_sales' retrieved from /opt/airflow/dags/process_sales_dag.py
[2025-06-16T20:55:54.211+0000] {logging_mixin.py:188} INFO - [2025-06-16T20:55:54.211+0000] {dag.py:3096} INFO - Sync 1 DAGs
[2025-06-16T20:55:54.232+0000] {logging_mixin.py:188} INFO - [2025-06-16T20:55:54.231+0000] {dag.py:3954} INFO - Setting next_dagrun for process_sales to None, run_after=None
[2025-06-16T20:55:54.274+0000] {processor.py:183} INFO - Processing /opt/airflow/dags/process_sales_dag.py took 0.149 seconds
[2025-06-16T20:56:25.261+0000] {processor.py:161} INFO - Started process (PID=594) to work on /opt/airflow/dags/process_sales_dag.py
[2025-06-16T20:56:25.265+0000] {processor.py:830} INFO - Processing file /opt/airflow/dags/process_sales_dag.py for tasks to queue
[2025-06-16T20:56:25.277+0000] {logging_mixin.py:188} INFO - [2025-06-16T20:56:25.275+0000] {dagbag.py:545} INFO - Filling up the DagBag from /opt/airflow/dags/process_sales_dag.py
[2025-06-16T20:56:25.399+0000] {processor.py:840} INFO - DAG(s) 'process_sales' retrieved from /opt/airflow/dags/process_sales_dag.py
[2025-06-16T20:56:25.483+0000] {logging_mixin.py:188} INFO - [2025-06-16T20:56:25.483+0000] {dag.py:3096} INFO - Sync 1 DAGs
[2025-06-16T20:56:25.746+0000] {logging_mixin.py:188} INFO - [2025-06-16T20:56:25.746+0000] {dag.py:3954} INFO - Setting next_dagrun for process_sales to None, run_after=None
[2025-06-16T20:56:25.786+0000] {processor.py:183} INFO - Processing /opt/airflow/dags/process_sales_dag.py took 0.577 seconds
[2025-06-16T20:56:56.199+0000] {processor.py:161} INFO - Started process (PID=599) to work on /opt/airflow/dags/process_sales_dag.py
[2025-06-16T20:56:56.202+0000] {processor.py:830} INFO - Processing file /opt/airflow/dags/process_sales_dag.py for tasks to queue
[2025-06-16T20:56:56.209+0000] {logging_mixin.py:188} INFO - [2025-06-16T20:56:56.207+0000] {dagbag.py:545} INFO - Filling up the DagBag from /opt/airflow/dags/process_sales_dag.py
[2025-06-16T20:56:56.270+0000] {processor.py:840} INFO - DAG(s) 'process_sales' retrieved from /opt/airflow/dags/process_sales_dag.py
[2025-06-16T20:56:56.360+0000] {logging_mixin.py:188} INFO - [2025-06-16T20:56:56.359+0000] {dag.py:3096} INFO - Sync 1 DAGs
[2025-06-16T20:56:56.798+0000] {logging_mixin.py:188} INFO - [2025-06-16T20:56:56.798+0000] {dag.py:3954} INFO - Setting next_dagrun for process_sales to None, run_after=None
[2025-06-16T20:56:56.840+0000] {processor.py:183} INFO - Processing /opt/airflow/dags/process_sales_dag.py took 0.664 seconds
[2025-06-16T20:57:27.393+0000] {processor.py:161} INFO - Started process (PID=604) to work on /opt/airflow/dags/process_sales_dag.py
[2025-06-16T20:57:27.410+0000] {processor.py:830} INFO - Processing file /opt/airflow/dags/process_sales_dag.py for tasks to queue
[2025-06-16T20:57:27.420+0000] {logging_mixin.py:188} INFO - [2025-06-16T20:57:27.417+0000] {dagbag.py:545} INFO - Filling up the DagBag from /opt/airflow/dags/process_sales_dag.py
[2025-06-16T20:57:27.535+0000] {processor.py:840} INFO - DAG(s) 'process_sales' retrieved from /opt/airflow/dags/process_sales_dag.py
[2025-06-16T20:57:28.481+0000] {logging_mixin.py:188} INFO - [2025-06-16T20:57:28.480+0000] {dag.py:3096} INFO - Sync 1 DAGs
[2025-06-16T20:57:28.497+0000] {logging_mixin.py:188} INFO - [2025-06-16T20:57:28.497+0000] {dag.py:3954} INFO - Setting next_dagrun for process_sales to None, run_after=None
[2025-06-16T20:57:28.539+0000] {processor.py:183} INFO - Processing /opt/airflow/dags/process_sales_dag.py took 1.202 seconds
[2025-06-16T20:57:59.504+0000] {processor.py:161} INFO - Started process (PID=609) to work on /opt/airflow/dags/process_sales_dag.py
[2025-06-16T20:57:59.513+0000] {processor.py:830} INFO - Processing file /opt/airflow/dags/process_sales_dag.py for tasks to queue
[2025-06-16T20:57:59.521+0000] {logging_mixin.py:188} INFO - [2025-06-16T20:57:59.519+0000] {dagbag.py:545} INFO - Filling up the DagBag from /opt/airflow/dags/process_sales_dag.py
[2025-06-16T20:57:59.637+0000] {processor.py:840} INFO - DAG(s) 'process_sales' retrieved from /opt/airflow/dags/process_sales_dag.py
[2025-06-16T20:57:59.730+0000] {logging_mixin.py:188} INFO - [2025-06-16T20:57:59.729+0000] {dag.py:3096} INFO - Sync 1 DAGs
[2025-06-16T20:57:59.766+0000] {logging_mixin.py:188} INFO - [2025-06-16T20:57:59.766+0000] {dag.py:3954} INFO - Setting next_dagrun for process_sales to None, run_after=None
[2025-06-16T20:57:59.874+0000] {processor.py:183} INFO - Processing /opt/airflow/dags/process_sales_dag.py took 0.432 seconds
[2025-06-16T20:58:34.023+0000] {processor.py:161} INFO - Started process (PID=614) to work on /opt/airflow/dags/process_sales_dag.py
[2025-06-16T20:58:34.040+0000] {processor.py:830} INFO - Processing file /opt/airflow/dags/process_sales_dag.py for tasks to queue
[2025-06-16T20:58:34.087+0000] {logging_mixin.py:188} INFO - [2025-06-16T20:58:34.085+0000] {dagbag.py:545} INFO - Filling up the DagBag from /opt/airflow/dags/process_sales_dag.py
[2025-06-16T20:58:34.668+0000] {processor.py:840} INFO - DAG(s) 'process_sales' retrieved from /opt/airflow/dags/process_sales_dag.py
[2025-06-16T20:58:34.966+0000] {logging_mixin.py:188} INFO - [2025-06-16T20:58:34.965+0000] {dag.py:3096} INFO - Sync 1 DAGs
[2025-06-16T20:58:35.136+0000] {logging_mixin.py:188} INFO - [2025-06-16T20:58:35.136+0000] {dag.py:3954} INFO - Setting next_dagrun for process_sales to None, run_after=None
[2025-06-16T20:58:35.288+0000] {processor.py:183} INFO - Processing /opt/airflow/dags/process_sales_dag.py took 1.543 seconds
[2025-06-16T20:59:05.883+0000] {processor.py:161} INFO - Started process (PID=619) to work on /opt/airflow/dags/process_sales_dag.py
[2025-06-16T20:59:05.886+0000] {processor.py:830} INFO - Processing file /opt/airflow/dags/process_sales_dag.py for tasks to queue
[2025-06-16T20:59:05.893+0000] {logging_mixin.py:188} INFO - [2025-06-16T20:59:05.892+0000] {dagbag.py:545} INFO - Filling up the DagBag from /opt/airflow/dags/process_sales_dag.py
[2025-06-16T20:59:05.981+0000] {processor.py:840} INFO - DAG(s) 'process_sales' retrieved from /opt/airflow/dags/process_sales_dag.py
[2025-06-16T20:59:06.102+0000] {logging_mixin.py:188} INFO - [2025-06-16T20:59:06.102+0000] {dag.py:3096} INFO - Sync 1 DAGs
[2025-06-16T20:59:06.151+0000] {logging_mixin.py:188} INFO - [2025-06-16T20:59:06.150+0000] {dag.py:3954} INFO - Setting next_dagrun for process_sales to None, run_after=None
[2025-06-16T20:59:06.242+0000] {processor.py:183} INFO - Processing /opt/airflow/dags/process_sales_dag.py took 0.374 seconds
[2025-06-16T20:59:37.031+0000] {processor.py:161} INFO - Started process (PID=624) to work on /opt/airflow/dags/process_sales_dag.py
[2025-06-16T20:59:37.034+0000] {processor.py:830} INFO - Processing file /opt/airflow/dags/process_sales_dag.py for tasks to queue
[2025-06-16T20:59:37.041+0000] {logging_mixin.py:188} INFO - [2025-06-16T20:59:37.038+0000] {dagbag.py:545} INFO - Filling up the DagBag from /opt/airflow/dags/process_sales_dag.py
[2025-06-16T20:59:37.096+0000] {processor.py:840} INFO - DAG(s) 'process_sales' retrieved from /opt/airflow/dags/process_sales_dag.py
[2025-06-16T20:59:37.137+0000] {logging_mixin.py:188} INFO - [2025-06-16T20:59:37.136+0000] {dag.py:3096} INFO - Sync 1 DAGs
[2025-06-16T20:59:37.663+0000] {logging_mixin.py:188} INFO - [2025-06-16T20:59:37.662+0000] {dag.py:3954} INFO - Setting next_dagrun for process_sales to None, run_after=None
[2025-06-16T20:59:37.696+0000] {processor.py:183} INFO - Processing /opt/airflow/dags/process_sales_dag.py took 0.682 seconds
[2025-06-16T21:00:08.535+0000] {processor.py:161} INFO - Started process (PID=629) to work on /opt/airflow/dags/process_sales_dag.py
[2025-06-16T21:00:08.543+0000] {processor.py:830} INFO - Processing file /opt/airflow/dags/process_sales_dag.py for tasks to queue
[2025-06-16T21:00:08.553+0000] {logging_mixin.py:188} INFO - [2025-06-16T21:00:08.552+0000] {dagbag.py:545} INFO - Filling up the DagBag from /opt/airflow/dags/process_sales_dag.py
[2025-06-16T21:00:10.830+0000] {processor.py:840} INFO - DAG(s) 'process_sales' retrieved from /opt/airflow/dags/process_sales_dag.py
[2025-06-16T21:00:11.692+0000] {logging_mixin.py:188} INFO - [2025-06-16T21:00:11.691+0000] {dag.py:3096} INFO - Sync 1 DAGs
[2025-06-16T21:00:11.725+0000] {logging_mixin.py:188} INFO - [2025-06-16T21:00:11.725+0000] {dag.py:3954} INFO - Setting next_dagrun for process_sales to None, run_after=None
[2025-06-16T21:00:12.902+0000] {processor.py:183} INFO - Processing /opt/airflow/dags/process_sales_dag.py took 4.397 seconds
[2025-06-16T21:00:43.601+0000] {processor.py:161} INFO - Started process (PID=634) to work on /opt/airflow/dags/process_sales_dag.py
[2025-06-16T21:00:43.608+0000] {processor.py:830} INFO - Processing file /opt/airflow/dags/process_sales_dag.py for tasks to queue
[2025-06-16T21:00:43.628+0000] {logging_mixin.py:188} INFO - [2025-06-16T21:00:43.624+0000] {dagbag.py:545} INFO - Filling up the DagBag from /opt/airflow/dags/process_sales_dag.py
[2025-06-16T21:00:44.722+0000] {processor.py:840} INFO - DAG(s) 'process_sales' retrieved from /opt/airflow/dags/process_sales_dag.py
[2025-06-16T21:00:44.765+0000] {logging_mixin.py:188} INFO - [2025-06-16T21:00:44.765+0000] {dag.py:3096} INFO - Sync 1 DAGs
[2025-06-16T21:00:44.780+0000] {logging_mixin.py:188} INFO - [2025-06-16T21:00:44.780+0000] {dag.py:3954} INFO - Setting next_dagrun for process_sales to None, run_after=None
[2025-06-16T21:00:44.811+0000] {processor.py:183} INFO - Processing /opt/airflow/dags/process_sales_dag.py took 1.245 seconds
[2025-06-16T21:01:15.534+0000] {processor.py:161} INFO - Started process (PID=639) to work on /opt/airflow/dags/process_sales_dag.py
[2025-06-16T21:01:15.535+0000] {processor.py:830} INFO - Processing file /opt/airflow/dags/process_sales_dag.py for tasks to queue
[2025-06-16T21:01:15.541+0000] {logging_mixin.py:188} INFO - [2025-06-16T21:01:15.540+0000] {dagbag.py:545} INFO - Filling up the DagBag from /opt/airflow/dags/process_sales_dag.py
[2025-06-16T21:01:15.567+0000] {processor.py:840} INFO - DAG(s) 'process_sales' retrieved from /opt/airflow/dags/process_sales_dag.py
[2025-06-16T21:01:15.611+0000] {logging_mixin.py:188} INFO - [2025-06-16T21:01:15.611+0000] {dag.py:3096} INFO - Sync 1 DAGs
[2025-06-16T21:01:15.630+0000] {logging_mixin.py:188} INFO - [2025-06-16T21:01:15.630+0000] {dag.py:3954} INFO - Setting next_dagrun for process_sales to None, run_after=None
[2025-06-16T21:01:15.674+0000] {processor.py:183} INFO - Processing /opt/airflow/dags/process_sales_dag.py took 0.152 seconds
[2025-06-16T21:01:46.056+0000] {processor.py:161} INFO - Started process (PID=644) to work on /opt/airflow/dags/process_sales_dag.py
[2025-06-16T21:01:46.059+0000] {processor.py:830} INFO - Processing file /opt/airflow/dags/process_sales_dag.py for tasks to queue
[2025-06-16T21:01:46.063+0000] {logging_mixin.py:188} INFO - [2025-06-16T21:01:46.062+0000] {dagbag.py:545} INFO - Filling up the DagBag from /opt/airflow/dags/process_sales_dag.py
[2025-06-16T21:01:46.090+0000] {processor.py:840} INFO - DAG(s) 'process_sales' retrieved from /opt/airflow/dags/process_sales_dag.py
[2025-06-16T21:01:46.136+0000] {logging_mixin.py:188} INFO - [2025-06-16T21:01:46.136+0000] {dag.py:3096} INFO - Sync 1 DAGs
[2025-06-16T21:01:46.157+0000] {logging_mixin.py:188} INFO - [2025-06-16T21:01:46.157+0000] {dag.py:3954} INFO - Setting next_dagrun for process_sales to None, run_after=None
[2025-06-16T21:01:46.195+0000] {processor.py:183} INFO - Processing /opt/airflow/dags/process_sales_dag.py took 0.157 seconds
[2025-06-16T21:02:16.315+0000] {processor.py:161} INFO - Started process (PID=649) to work on /opt/airflow/dags/process_sales_dag.py
[2025-06-16T21:02:16.317+0000] {processor.py:830} INFO - Processing file /opt/airflow/dags/process_sales_dag.py for tasks to queue
[2025-06-16T21:02:16.321+0000] {logging_mixin.py:188} INFO - [2025-06-16T21:02:16.320+0000] {dagbag.py:545} INFO - Filling up the DagBag from /opt/airflow/dags/process_sales_dag.py
[2025-06-16T21:02:16.348+0000] {processor.py:840} INFO - DAG(s) 'process_sales' retrieved from /opt/airflow/dags/process_sales_dag.py
[2025-06-16T21:02:16.389+0000] {logging_mixin.py:188} INFO - [2025-06-16T21:02:16.389+0000] {dag.py:3096} INFO - Sync 1 DAGs
[2025-06-16T21:02:16.410+0000] {logging_mixin.py:188} INFO - [2025-06-16T21:02:16.410+0000] {dag.py:3954} INFO - Setting next_dagrun for process_sales to None, run_after=None
[2025-06-16T21:02:16.443+0000] {processor.py:183} INFO - Processing /opt/airflow/dags/process_sales_dag.py took 0.143 seconds
[2025-06-16T21:02:46.652+0000] {processor.py:161} INFO - Started process (PID=654) to work on /opt/airflow/dags/process_sales_dag.py
[2025-06-16T21:02:46.654+0000] {processor.py:830} INFO - Processing file /opt/airflow/dags/process_sales_dag.py for tasks to queue
[2025-06-16T21:02:46.657+0000] {logging_mixin.py:188} INFO - [2025-06-16T21:02:46.657+0000] {dagbag.py:545} INFO - Filling up the DagBag from /opt/airflow/dags/process_sales_dag.py
[2025-06-16T21:02:46.692+0000] {processor.py:840} INFO - DAG(s) 'process_sales' retrieved from /opt/airflow/dags/process_sales_dag.py
[2025-06-16T21:02:46.757+0000] {logging_mixin.py:188} INFO - [2025-06-16T21:02:46.757+0000] {dag.py:3096} INFO - Sync 1 DAGs
[2025-06-16T21:02:46.791+0000] {logging_mixin.py:188} INFO - [2025-06-16T21:02:46.790+0000] {dag.py:3954} INFO - Setting next_dagrun for process_sales to None, run_after=None
[2025-06-16T21:02:46.842+0000] {processor.py:183} INFO - Processing /opt/airflow/dags/process_sales_dag.py took 0.200 seconds
[2025-06-16T21:03:17.155+0000] {processor.py:161} INFO - Started process (PID=659) to work on /opt/airflow/dags/process_sales_dag.py
[2025-06-16T21:03:17.157+0000] {processor.py:830} INFO - Processing file /opt/airflow/dags/process_sales_dag.py for tasks to queue
[2025-06-16T21:03:17.164+0000] {logging_mixin.py:188} INFO - [2025-06-16T21:03:17.163+0000] {dagbag.py:545} INFO - Filling up the DagBag from /opt/airflow/dags/process_sales_dag.py
[2025-06-16T21:03:17.215+0000] {processor.py:840} INFO - DAG(s) 'process_sales' retrieved from /opt/airflow/dags/process_sales_dag.py
[2025-06-16T21:03:17.270+0000] {logging_mixin.py:188} INFO - [2025-06-16T21:03:17.269+0000] {dag.py:3096} INFO - Sync 1 DAGs
[2025-06-16T21:03:17.292+0000] {logging_mixin.py:188} INFO - [2025-06-16T21:03:17.292+0000] {dag.py:3954} INFO - Setting next_dagrun for process_sales to None, run_after=None
[2025-06-16T21:03:17.324+0000] {processor.py:183} INFO - Processing /opt/airflow/dags/process_sales_dag.py took 0.190 seconds
[2025-06-16T21:03:47.803+0000] {processor.py:161} INFO - Started process (PID=664) to work on /opt/airflow/dags/process_sales_dag.py
[2025-06-16T21:03:47.806+0000] {processor.py:830} INFO - Processing file /opt/airflow/dags/process_sales_dag.py for tasks to queue
[2025-06-16T21:03:47.822+0000] {logging_mixin.py:188} INFO - [2025-06-16T21:03:47.820+0000] {dagbag.py:545} INFO - Filling up the DagBag from /opt/airflow/dags/process_sales_dag.py
[2025-06-16T21:03:47.907+0000] {processor.py:840} INFO - DAG(s) 'process_sales' retrieved from /opt/airflow/dags/process_sales_dag.py
[2025-06-16T21:03:47.990+0000] {logging_mixin.py:188} INFO - [2025-06-16T21:03:47.989+0000] {dag.py:3096} INFO - Sync 1 DAGs
[2025-06-16T21:03:48.026+0000] {logging_mixin.py:188} INFO - [2025-06-16T21:03:48.025+0000] {dag.py:3954} INFO - Setting next_dagrun for process_sales to None, run_after=None
[2025-06-16T21:03:48.086+0000] {processor.py:183} INFO - Processing /opt/airflow/dags/process_sales_dag.py took 0.307 seconds
[2025-06-16T21:04:19.045+0000] {processor.py:161} INFO - Started process (PID=669) to work on /opt/airflow/dags/process_sales_dag.py
[2025-06-16T21:04:19.050+0000] {processor.py:830} INFO - Processing file /opt/airflow/dags/process_sales_dag.py for tasks to queue
[2025-06-16T21:04:19.059+0000] {logging_mixin.py:188} INFO - [2025-06-16T21:04:19.058+0000] {dagbag.py:545} INFO - Filling up the DagBag from /opt/airflow/dags/process_sales_dag.py
[2025-06-16T21:04:19.121+0000] {processor.py:840} INFO - DAG(s) 'process_sales' retrieved from /opt/airflow/dags/process_sales_dag.py
[2025-06-16T21:04:19.205+0000] {logging_mixin.py:188} INFO - [2025-06-16T21:04:19.204+0000] {dag.py:3096} INFO - Sync 1 DAGs
[2025-06-16T21:04:19.239+0000] {logging_mixin.py:188} INFO - [2025-06-16T21:04:19.239+0000] {dag.py:3954} INFO - Setting next_dagrun for process_sales to None, run_after=None
[2025-06-16T21:04:19.303+0000] {processor.py:183} INFO - Processing /opt/airflow/dags/process_sales_dag.py took 0.295 seconds
[2025-06-16T21:04:49.836+0000] {processor.py:161} INFO - Started process (PID=674) to work on /opt/airflow/dags/process_sales_dag.py
[2025-06-16T21:04:49.839+0000] {processor.py:830} INFO - Processing file /opt/airflow/dags/process_sales_dag.py for tasks to queue
[2025-06-16T21:04:49.845+0000] {logging_mixin.py:188} INFO - [2025-06-16T21:04:49.844+0000] {dagbag.py:545} INFO - Filling up the DagBag from /opt/airflow/dags/process_sales_dag.py
[2025-06-16T21:04:49.894+0000] {processor.py:840} INFO - DAG(s) 'process_sales' retrieved from /opt/airflow/dags/process_sales_dag.py
[2025-06-16T21:04:49.979+0000] {logging_mixin.py:188} INFO - [2025-06-16T21:04:49.978+0000] {dag.py:3096} INFO - Sync 1 DAGs
[2025-06-16T21:04:50.023+0000] {logging_mixin.py:188} INFO - [2025-06-16T21:04:50.023+0000] {dag.py:3954} INFO - Setting next_dagrun for process_sales to None, run_after=None
[2025-06-16T21:04:50.103+0000] {processor.py:183} INFO - Processing /opt/airflow/dags/process_sales_dag.py took 0.288 seconds
[2025-06-16T21:05:20.391+0000] {processor.py:161} INFO - Started process (PID=679) to work on /opt/airflow/dags/process_sales_dag.py
[2025-06-16T21:05:20.393+0000] {processor.py:830} INFO - Processing file /opt/airflow/dags/process_sales_dag.py for tasks to queue
[2025-06-16T21:05:20.399+0000] {logging_mixin.py:188} INFO - [2025-06-16T21:05:20.398+0000] {dagbag.py:545} INFO - Filling up the DagBag from /opt/airflow/dags/process_sales_dag.py
[2025-06-16T21:05:20.449+0000] {processor.py:840} INFO - DAG(s) 'process_sales' retrieved from /opt/airflow/dags/process_sales_dag.py
[2025-06-16T21:05:20.503+0000] {logging_mixin.py:188} INFO - [2025-06-16T21:05:20.502+0000] {dag.py:3096} INFO - Sync 1 DAGs
[2025-06-16T21:05:20.526+0000] {logging_mixin.py:188} INFO - [2025-06-16T21:05:20.525+0000] {dag.py:3954} INFO - Setting next_dagrun for process_sales to None, run_after=None
[2025-06-16T21:05:20.571+0000] {processor.py:183} INFO - Processing /opt/airflow/dags/process_sales_dag.py took 0.192 seconds
[2025-06-16T21:05:51.306+0000] {processor.py:161} INFO - Started process (PID=684) to work on /opt/airflow/dags/process_sales_dag.py
[2025-06-16T21:05:51.307+0000] {processor.py:830} INFO - Processing file /opt/airflow/dags/process_sales_dag.py for tasks to queue
[2025-06-16T21:05:51.313+0000] {logging_mixin.py:188} INFO - [2025-06-16T21:05:51.312+0000] {dagbag.py:545} INFO - Filling up the DagBag from /opt/airflow/dags/process_sales_dag.py
[2025-06-16T21:05:51.342+0000] {processor.py:840} INFO - DAG(s) 'process_sales' retrieved from /opt/airflow/dags/process_sales_dag.py
[2025-06-16T21:05:51.403+0000] {logging_mixin.py:188} INFO - [2025-06-16T21:05:51.402+0000] {dag.py:3096} INFO - Sync 1 DAGs
[2025-06-16T21:05:51.452+0000] {logging_mixin.py:188} INFO - [2025-06-16T21:05:51.452+0000] {dag.py:3954} INFO - Setting next_dagrun for process_sales to None, run_after=None
[2025-06-16T21:05:51.497+0000] {processor.py:183} INFO - Processing /opt/airflow/dags/process_sales_dag.py took 0.201 seconds
[2025-06-16T21:06:22.298+0000] {processor.py:161} INFO - Started process (PID=689) to work on /opt/airflow/dags/process_sales_dag.py
[2025-06-16T21:06:22.308+0000] {processor.py:830} INFO - Processing file /opt/airflow/dags/process_sales_dag.py for tasks to queue
[2025-06-16T21:06:22.317+0000] {logging_mixin.py:188} INFO - [2025-06-16T21:06:22.316+0000] {dagbag.py:545} INFO - Filling up the DagBag from /opt/airflow/dags/process_sales_dag.py
[2025-06-16T21:06:22.367+0000] {processor.py:840} INFO - DAG(s) 'process_sales' retrieved from /opt/airflow/dags/process_sales_dag.py
[2025-06-16T21:06:22.454+0000] {logging_mixin.py:188} INFO - [2025-06-16T21:06:22.454+0000] {dag.py:3096} INFO - Sync 1 DAGs
[2025-06-16T21:06:22.493+0000] {logging_mixin.py:188} INFO - [2025-06-16T21:06:22.492+0000] {dag.py:3954} INFO - Setting next_dagrun for process_sales to None, run_after=None
[2025-06-16T21:06:22.625+0000] {processor.py:183} INFO - Processing /opt/airflow/dags/process_sales_dag.py took 0.359 seconds
[2025-06-16T21:06:53.040+0000] {processor.py:161} INFO - Started process (PID=694) to work on /opt/airflow/dags/process_sales_dag.py
[2025-06-16T21:06:53.046+0000] {processor.py:830} INFO - Processing file /opt/airflow/dags/process_sales_dag.py for tasks to queue
[2025-06-16T21:06:53.059+0000] {logging_mixin.py:188} INFO - [2025-06-16T21:06:53.054+0000] {dagbag.py:545} INFO - Filling up the DagBag from /opt/airflow/dags/process_sales_dag.py
[2025-06-16T21:06:53.258+0000] {processor.py:840} INFO - DAG(s) 'process_sales' retrieved from /opt/airflow/dags/process_sales_dag.py
[2025-06-16T21:06:53.437+0000] {logging_mixin.py:188} INFO - [2025-06-16T21:06:53.435+0000] {dag.py:3096} INFO - Sync 1 DAGs
[2025-06-16T21:06:53.492+0000] {logging_mixin.py:188} INFO - [2025-06-16T21:06:53.492+0000] {dag.py:3954} INFO - Setting next_dagrun for process_sales to None, run_after=None
[2025-06-16T21:06:53.564+0000] {processor.py:183} INFO - Processing /opt/airflow/dags/process_sales_dag.py took 0.568 seconds
[2025-06-16T21:07:24.203+0000] {processor.py:161} INFO - Started process (PID=699) to work on /opt/airflow/dags/process_sales_dag.py
[2025-06-16T21:07:24.224+0000] {processor.py:830} INFO - Processing file /opt/airflow/dags/process_sales_dag.py for tasks to queue
[2025-06-16T21:07:24.255+0000] {logging_mixin.py:188} INFO - [2025-06-16T21:07:24.254+0000] {dagbag.py:545} INFO - Filling up the DagBag from /opt/airflow/dags/process_sales_dag.py
[2025-06-16T21:07:24.579+0000] {processor.py:840} INFO - DAG(s) 'process_sales' retrieved from /opt/airflow/dags/process_sales_dag.py
[2025-06-16T21:07:24.917+0000] {logging_mixin.py:188} INFO - [2025-06-16T21:07:24.917+0000] {dag.py:3096} INFO - Sync 1 DAGs
[2025-06-16T21:07:24.964+0000] {logging_mixin.py:188} INFO - [2025-06-16T21:07:24.963+0000] {dag.py:3954} INFO - Setting next_dagrun for process_sales to None, run_after=None
[2025-06-16T21:07:25.043+0000] {processor.py:183} INFO - Processing /opt/airflow/dags/process_sales_dag.py took 0.889 seconds
[2025-06-16T21:07:55.290+0000] {processor.py:161} INFO - Started process (PID=704) to work on /opt/airflow/dags/process_sales_dag.py
[2025-06-16T21:07:55.292+0000] {processor.py:830} INFO - Processing file /opt/airflow/dags/process_sales_dag.py for tasks to queue
[2025-06-16T21:07:55.310+0000] {logging_mixin.py:188} INFO - [2025-06-16T21:07:55.298+0000] {dagbag.py:545} INFO - Filling up the DagBag from /opt/airflow/dags/process_sales_dag.py
[2025-06-16T21:07:55.373+0000] {processor.py:840} INFO - DAG(s) 'process_sales' retrieved from /opt/airflow/dags/process_sales_dag.py
[2025-06-16T21:07:55.560+0000] {logging_mixin.py:188} INFO - [2025-06-16T21:07:55.560+0000] {dag.py:3096} INFO - Sync 1 DAGs
[2025-06-16T21:07:55.636+0000] {logging_mixin.py:188} INFO - [2025-06-16T21:07:55.635+0000] {dag.py:3954} INFO - Setting next_dagrun for process_sales to None, run_after=None
[2025-06-16T21:07:55.755+0000] {processor.py:183} INFO - Processing /opt/airflow/dags/process_sales_dag.py took 0.493 seconds
[2025-06-16T21:08:26.185+0000] {processor.py:161} INFO - Started process (PID=709) to work on /opt/airflow/dags/process_sales_dag.py
[2025-06-16T21:08:26.200+0000] {processor.py:830} INFO - Processing file /opt/airflow/dags/process_sales_dag.py for tasks to queue
[2025-06-16T21:08:26.225+0000] {logging_mixin.py:188} INFO - [2025-06-16T21:08:26.224+0000] {dagbag.py:545} INFO - Filling up the DagBag from /opt/airflow/dags/process_sales_dag.py
[2025-06-16T21:08:26.284+0000] {processor.py:840} INFO - DAG(s) 'process_sales' retrieved from /opt/airflow/dags/process_sales_dag.py
[2025-06-16T21:08:26.487+0000] {logging_mixin.py:188} INFO - [2025-06-16T21:08:26.487+0000] {dag.py:3096} INFO - Sync 1 DAGs
[2025-06-16T21:08:26.544+0000] {logging_mixin.py:188} INFO - [2025-06-16T21:08:26.544+0000] {dag.py:3954} INFO - Setting next_dagrun for process_sales to None, run_after=None
[2025-06-16T21:08:26.631+0000] {processor.py:183} INFO - Processing /opt/airflow/dags/process_sales_dag.py took 0.493 seconds
[2025-06-16T21:08:57.336+0000] {processor.py:161} INFO - Started process (PID=714) to work on /opt/airflow/dags/process_sales_dag.py
[2025-06-16T21:08:57.353+0000] {processor.py:830} INFO - Processing file /opt/airflow/dags/process_sales_dag.py for tasks to queue
[2025-06-16T21:08:57.360+0000] {logging_mixin.py:188} INFO - [2025-06-16T21:08:57.357+0000] {dagbag.py:545} INFO - Filling up the DagBag from /opt/airflow/dags/process_sales_dag.py
[2025-06-16T21:08:57.454+0000] {processor.py:840} INFO - DAG(s) 'process_sales' retrieved from /opt/airflow/dags/process_sales_dag.py
[2025-06-16T21:08:57.772+0000] {logging_mixin.py:188} INFO - [2025-06-16T21:08:57.765+0000] {dag.py:3096} INFO - Sync 1 DAGs
[2025-06-16T21:08:57.809+0000] {logging_mixin.py:188} INFO - [2025-06-16T21:08:57.809+0000] {dag.py:3954} INFO - Setting next_dagrun for process_sales to None, run_after=None
[2025-06-16T21:08:57.891+0000] {processor.py:183} INFO - Processing /opt/airflow/dags/process_sales_dag.py took 0.614 seconds
[2025-06-16T21:09:29.565+0000] {processor.py:161} INFO - Started process (PID=719) to work on /opt/airflow/dags/process_sales_dag.py
[2025-06-16T21:09:29.568+0000] {processor.py:830} INFO - Processing file /opt/airflow/dags/process_sales_dag.py for tasks to queue
[2025-06-16T21:09:29.605+0000] {logging_mixin.py:188} INFO - [2025-06-16T21:09:29.584+0000] {dagbag.py:545} INFO - Filling up the DagBag from /opt/airflow/dags/process_sales_dag.py
[2025-06-16T21:09:29.742+0000] {processor.py:840} INFO - DAG(s) 'process_sales' retrieved from /opt/airflow/dags/process_sales_dag.py
[2025-06-16T21:09:29.859+0000] {logging_mixin.py:188} INFO - [2025-06-16T21:09:29.858+0000] {dag.py:3096} INFO - Sync 1 DAGs
[2025-06-16T21:09:30.042+0000] {logging_mixin.py:188} INFO - [2025-06-16T21:09:30.041+0000] {dag.py:3954} INFO - Setting next_dagrun for process_sales to None, run_after=None
[2025-06-16T21:09:30.216+0000] {processor.py:183} INFO - Processing /opt/airflow/dags/process_sales_dag.py took 0.729 seconds
[2025-06-16T21:10:00.872+0000] {processor.py:161} INFO - Started process (PID=724) to work on /opt/airflow/dags/process_sales_dag.py
[2025-06-16T21:10:00.887+0000] {processor.py:830} INFO - Processing file /opt/airflow/dags/process_sales_dag.py for tasks to queue
[2025-06-16T21:10:00.896+0000] {logging_mixin.py:188} INFO - [2025-06-16T21:10:00.896+0000] {dagbag.py:545} INFO - Filling up the DagBag from /opt/airflow/dags/process_sales_dag.py
[2025-06-16T21:10:01.192+0000] {processor.py:840} INFO - DAG(s) 'process_sales' retrieved from /opt/airflow/dags/process_sales_dag.py
[2025-06-16T21:10:01.371+0000] {logging_mixin.py:188} INFO - [2025-06-16T21:10:01.370+0000] {dag.py:3096} INFO - Sync 1 DAGs
[2025-06-16T21:10:01.423+0000] {logging_mixin.py:188} INFO - [2025-06-16T21:10:01.423+0000] {dag.py:3954} INFO - Setting next_dagrun for process_sales to None, run_after=None
[2025-06-16T21:10:01.593+0000] {processor.py:183} INFO - Processing /opt/airflow/dags/process_sales_dag.py took 0.771 seconds
[2025-06-16T21:10:31.883+0000] {processor.py:161} INFO - Started process (PID=729) to work on /opt/airflow/dags/process_sales_dag.py
[2025-06-16T21:10:31.888+0000] {processor.py:830} INFO - Processing file /opt/airflow/dags/process_sales_dag.py for tasks to queue
[2025-06-16T21:10:31.905+0000] {logging_mixin.py:188} INFO - [2025-06-16T21:10:31.902+0000] {dagbag.py:545} INFO - Filling up the DagBag from /opt/airflow/dags/process_sales_dag.py
[2025-06-16T21:10:31.993+0000] {processor.py:840} INFO - DAG(s) 'process_sales' retrieved from /opt/airflow/dags/process_sales_dag.py
[2025-06-16T21:10:32.159+0000] {logging_mixin.py:188} INFO - [2025-06-16T21:10:32.159+0000] {dag.py:3096} INFO - Sync 1 DAGs
[2025-06-16T21:10:32.233+0000] {logging_mixin.py:188} INFO - [2025-06-16T21:10:32.233+0000] {dag.py:3954} INFO - Setting next_dagrun for process_sales to None, run_after=None
[2025-06-16T21:10:32.284+0000] {processor.py:183} INFO - Processing /opt/airflow/dags/process_sales_dag.py took 0.430 seconds
[2025-06-16T21:11:04.071+0000] {processor.py:161} INFO - Started process (PID=734) to work on /opt/airflow/dags/process_sales_dag.py
[2025-06-16T21:11:04.084+0000] {processor.py:830} INFO - Processing file /opt/airflow/dags/process_sales_dag.py for tasks to queue
[2025-06-16T21:11:04.091+0000] {logging_mixin.py:188} INFO - [2025-06-16T21:11:04.090+0000] {dagbag.py:545} INFO - Filling up the DagBag from /opt/airflow/dags/process_sales_dag.py
[2025-06-16T21:11:04.371+0000] {processor.py:840} INFO - DAG(s) 'process_sales' retrieved from /opt/airflow/dags/process_sales_dag.py
[2025-06-16T21:11:04.550+0000] {logging_mixin.py:188} INFO - [2025-06-16T21:11:04.549+0000] {dag.py:3096} INFO - Sync 1 DAGs
[2025-06-16T21:11:04.608+0000] {logging_mixin.py:188} INFO - [2025-06-16T21:11:04.608+0000] {dag.py:3954} INFO - Setting next_dagrun for process_sales to None, run_after=None
[2025-06-16T21:11:04.717+0000] {processor.py:183} INFO - Processing /opt/airflow/dags/process_sales_dag.py took 0.751 seconds
[2025-06-16T21:11:36.150+0000] {processor.py:161} INFO - Started process (PID=739) to work on /opt/airflow/dags/process_sales_dag.py
[2025-06-16T21:11:36.171+0000] {processor.py:830} INFO - Processing file /opt/airflow/dags/process_sales_dag.py for tasks to queue
[2025-06-16T21:11:36.222+0000] {logging_mixin.py:188} INFO - [2025-06-16T21:11:36.221+0000] {dagbag.py:545} INFO - Filling up the DagBag from /opt/airflow/dags/process_sales_dag.py
[2025-06-16T21:11:36.968+0000] {processor.py:840} INFO - DAG(s) 'process_sales' retrieved from /opt/airflow/dags/process_sales_dag.py
[2025-06-16T21:11:37.561+0000] {logging_mixin.py:188} INFO - [2025-06-16T21:11:37.561+0000] {dag.py:3096} INFO - Sync 1 DAGs
[2025-06-16T21:11:38.075+0000] {logging_mixin.py:188} INFO - [2025-06-16T21:11:38.074+0000] {dag.py:3954} INFO - Setting next_dagrun for process_sales to None, run_after=None
[2025-06-16T21:11:38.802+0000] {processor.py:183} INFO - Processing /opt/airflow/dags/process_sales_dag.py took 2.716 seconds
[2025-06-16T21:12:09.909+0000] {processor.py:161} INFO - Started process (PID=744) to work on /opt/airflow/dags/process_sales_dag.py
[2025-06-16T21:12:09.914+0000] {processor.py:830} INFO - Processing file /opt/airflow/dags/process_sales_dag.py for tasks to queue
[2025-06-16T21:12:09.924+0000] {logging_mixin.py:188} INFO - [2025-06-16T21:12:09.923+0000] {dagbag.py:545} INFO - Filling up the DagBag from /opt/airflow/dags/process_sales_dag.py
[2025-06-16T21:12:09.970+0000] {processor.py:840} INFO - DAG(s) 'process_sales' retrieved from /opt/airflow/dags/process_sales_dag.py
[2025-06-16T21:12:10.172+0000] {logging_mixin.py:188} INFO - [2025-06-16T21:12:10.171+0000] {dag.py:3096} INFO - Sync 1 DAGs
[2025-06-16T21:12:10.216+0000] {logging_mixin.py:188} INFO - [2025-06-16T21:12:10.215+0000] {dag.py:3954} INFO - Setting next_dagrun for process_sales to None, run_after=None
[2025-06-16T21:12:10.286+0000] {processor.py:183} INFO - Processing /opt/airflow/dags/process_sales_dag.py took 0.398 seconds
[2025-06-16T21:12:40.540+0000] {processor.py:161} INFO - Started process (PID=749) to work on /opt/airflow/dags/process_sales_dag.py
[2025-06-16T21:12:40.543+0000] {processor.py:830} INFO - Processing file /opt/airflow/dags/process_sales_dag.py for tasks to queue
[2025-06-16T21:12:40.549+0000] {logging_mixin.py:188} INFO - [2025-06-16T21:12:40.548+0000] {dagbag.py:545} INFO - Filling up the DagBag from /opt/airflow/dags/process_sales_dag.py
[2025-06-16T21:12:40.595+0000] {processor.py:840} INFO - DAG(s) 'process_sales' retrieved from /opt/airflow/dags/process_sales_dag.py
[2025-06-16T21:12:40.668+0000] {logging_mixin.py:188} INFO - [2025-06-16T21:12:40.668+0000] {dag.py:3096} INFO - Sync 1 DAGs
[2025-06-16T21:12:40.703+0000] {logging_mixin.py:188} INFO - [2025-06-16T21:12:40.703+0000] {dag.py:3954} INFO - Setting next_dagrun for process_sales to None, run_after=None
[2025-06-16T21:12:40.739+0000] {processor.py:183} INFO - Processing /opt/airflow/dags/process_sales_dag.py took 0.217 seconds
[2025-06-16T21:13:11.079+0000] {processor.py:161} INFO - Started process (PID=754) to work on /opt/airflow/dags/process_sales_dag.py
[2025-06-16T21:13:11.083+0000] {processor.py:830} INFO - Processing file /opt/airflow/dags/process_sales_dag.py for tasks to queue
[2025-06-16T21:13:11.119+0000] {logging_mixin.py:188} INFO - [2025-06-16T21:13:11.118+0000] {dagbag.py:545} INFO - Filling up the DagBag from /opt/airflow/dags/process_sales_dag.py
[2025-06-16T21:13:11.189+0000] {processor.py:840} INFO - DAG(s) 'process_sales' retrieved from /opt/airflow/dags/process_sales_dag.py
[2025-06-16T21:13:11.306+0000] {logging_mixin.py:188} INFO - [2025-06-16T21:13:11.305+0000] {dag.py:3096} INFO - Sync 1 DAGs
[2025-06-16T21:13:11.473+0000] {logging_mixin.py:188} INFO - [2025-06-16T21:13:11.473+0000] {dag.py:3954} INFO - Setting next_dagrun for process_sales to None, run_after=None
[2025-06-16T21:13:11.549+0000] {processor.py:183} INFO - Processing /opt/airflow/dags/process_sales_dag.py took 0.488 seconds
[2025-06-16T21:13:41.904+0000] {processor.py:161} INFO - Started process (PID=759) to work on /opt/airflow/dags/process_sales_dag.py
[2025-06-16T21:13:41.906+0000] {processor.py:830} INFO - Processing file /opt/airflow/dags/process_sales_dag.py for tasks to queue
[2025-06-16T21:13:41.910+0000] {logging_mixin.py:188} INFO - [2025-06-16T21:13:41.909+0000] {dagbag.py:545} INFO - Filling up the DagBag from /opt/airflow/dags/process_sales_dag.py
[2025-06-16T21:13:41.956+0000] {processor.py:840} INFO - DAG(s) 'process_sales' retrieved from /opt/airflow/dags/process_sales_dag.py
[2025-06-16T21:13:42.042+0000] {logging_mixin.py:188} INFO - [2025-06-16T21:13:42.041+0000] {dag.py:3096} INFO - Sync 1 DAGs
[2025-06-16T21:13:42.086+0000] {logging_mixin.py:188} INFO - [2025-06-16T21:13:42.085+0000] {dag.py:3954} INFO - Setting next_dagrun for process_sales to None, run_after=None
[2025-06-16T21:13:42.151+0000] {processor.py:183} INFO - Processing /opt/airflow/dags/process_sales_dag.py took 0.261 seconds
[2025-06-16T21:14:12.718+0000] {processor.py:161} INFO - Started process (PID=764) to work on /opt/airflow/dags/process_sales_dag.py
[2025-06-16T21:14:12.720+0000] {processor.py:830} INFO - Processing file /opt/airflow/dags/process_sales_dag.py for tasks to queue
[2025-06-16T21:14:12.725+0000] {logging_mixin.py:188} INFO - [2025-06-16T21:14:12.724+0000] {dagbag.py:545} INFO - Filling up the DagBag from /opt/airflow/dags/process_sales_dag.py
[2025-06-16T21:14:12.827+0000] {processor.py:840} INFO - DAG(s) 'process_sales' retrieved from /opt/airflow/dags/process_sales_dag.py
[2025-06-16T21:14:12.946+0000] {logging_mixin.py:188} INFO - [2025-06-16T21:14:12.946+0000] {dag.py:3096} INFO - Sync 1 DAGs
[2025-06-16T21:14:12.978+0000] {logging_mixin.py:188} INFO - [2025-06-16T21:14:12.978+0000] {dag.py:3954} INFO - Setting next_dagrun for process_sales to None, run_after=None
[2025-06-16T21:14:13.025+0000] {processor.py:183} INFO - Processing /opt/airflow/dags/process_sales_dag.py took 0.325 seconds
[2025-06-16T21:14:43.450+0000] {processor.py:161} INFO - Started process (PID=769) to work on /opt/airflow/dags/process_sales_dag.py
[2025-06-16T21:14:43.454+0000] {processor.py:830} INFO - Processing file /opt/airflow/dags/process_sales_dag.py for tasks to queue
[2025-06-16T21:14:43.460+0000] {logging_mixin.py:188} INFO - [2025-06-16T21:14:43.458+0000] {dagbag.py:545} INFO - Filling up the DagBag from /opt/airflow/dags/process_sales_dag.py
[2025-06-16T21:14:43.543+0000] {processor.py:840} INFO - DAG(s) 'process_sales' retrieved from /opt/airflow/dags/process_sales_dag.py
[2025-06-16T21:14:43.640+0000] {logging_mixin.py:188} INFO - [2025-06-16T21:14:43.640+0000] {dag.py:3096} INFO - Sync 1 DAGs
[2025-06-16T21:14:43.695+0000] {logging_mixin.py:188} INFO - [2025-06-16T21:14:43.694+0000] {dag.py:3954} INFO - Setting next_dagrun for process_sales to None, run_after=None
[2025-06-16T21:14:43.758+0000] {processor.py:183} INFO - Processing /opt/airflow/dags/process_sales_dag.py took 0.337 seconds
[2025-06-16T21:15:14.398+0000] {processor.py:161} INFO - Started process (PID=774) to work on /opt/airflow/dags/process_sales_dag.py
[2025-06-16T21:15:14.405+0000] {processor.py:830} INFO - Processing file /opt/airflow/dags/process_sales_dag.py for tasks to queue
[2025-06-16T21:15:14.420+0000] {logging_mixin.py:188} INFO - [2025-06-16T21:15:14.419+0000] {dagbag.py:545} INFO - Filling up the DagBag from /opt/airflow/dags/process_sales_dag.py
[2025-06-16T21:15:14.479+0000] {processor.py:840} INFO - DAG(s) 'process_sales' retrieved from /opt/airflow/dags/process_sales_dag.py
[2025-06-16T21:15:14.582+0000] {logging_mixin.py:188} INFO - [2025-06-16T21:15:14.581+0000] {dag.py:3096} INFO - Sync 1 DAGs
[2025-06-16T21:15:14.628+0000] {logging_mixin.py:188} INFO - [2025-06-16T21:15:14.627+0000] {dag.py:3954} INFO - Setting next_dagrun for process_sales to None, run_after=None
[2025-06-16T21:15:14.697+0000] {processor.py:183} INFO - Processing /opt/airflow/dags/process_sales_dag.py took 0.328 seconds
[2025-06-16T21:15:44.946+0000] {processor.py:161} INFO - Started process (PID=779) to work on /opt/airflow/dags/process_sales_dag.py
[2025-06-16T21:15:44.949+0000] {processor.py:830} INFO - Processing file /opt/airflow/dags/process_sales_dag.py for tasks to queue
[2025-06-16T21:15:44.957+0000] {logging_mixin.py:188} INFO - [2025-06-16T21:15:44.955+0000] {dagbag.py:545} INFO - Filling up the DagBag from /opt/airflow/dags/process_sales_dag.py
[2025-06-16T21:15:45.045+0000] {processor.py:840} INFO - DAG(s) 'process_sales' retrieved from /opt/airflow/dags/process_sales_dag.py
[2025-06-16T21:15:45.181+0000] {logging_mixin.py:188} INFO - [2025-06-16T21:15:45.180+0000] {dag.py:3096} INFO - Sync 1 DAGs
[2025-06-16T21:15:45.216+0000] {logging_mixin.py:188} INFO - [2025-06-16T21:15:45.216+0000] {dag.py:3954} INFO - Setting next_dagrun for process_sales to None, run_after=None
[2025-06-16T21:15:45.379+0000] {processor.py:183} INFO - Processing /opt/airflow/dags/process_sales_dag.py took 0.455 seconds
[2025-06-16T21:16:15.701+0000] {processor.py:161} INFO - Started process (PID=784) to work on /opt/airflow/dags/process_sales_dag.py
[2025-06-16T21:16:15.704+0000] {processor.py:830} INFO - Processing file /opt/airflow/dags/process_sales_dag.py for tasks to queue
[2025-06-16T21:16:15.708+0000] {logging_mixin.py:188} INFO - [2025-06-16T21:16:15.707+0000] {dagbag.py:545} INFO - Filling up the DagBag from /opt/airflow/dags/process_sales_dag.py
[2025-06-16T21:16:15.747+0000] {processor.py:840} INFO - DAG(s) 'process_sales' retrieved from /opt/airflow/dags/process_sales_dag.py
[2025-06-16T21:16:15.842+0000] {logging_mixin.py:188} INFO - [2025-06-16T21:16:15.841+0000] {dag.py:3096} INFO - Sync 1 DAGs
[2025-06-16T21:16:15.880+0000] {logging_mixin.py:188} INFO - [2025-06-16T21:16:15.879+0000] {dag.py:3954} INFO - Setting next_dagrun for process_sales to None, run_after=None
[2025-06-16T21:16:15.938+0000] {processor.py:183} INFO - Processing /opt/airflow/dags/process_sales_dag.py took 0.272 seconds
[2025-06-16T21:16:46.463+0000] {processor.py:161} INFO - Started process (PID=789) to work on /opt/airflow/dags/process_sales_dag.py
[2025-06-16T21:16:46.466+0000] {processor.py:830} INFO - Processing file /opt/airflow/dags/process_sales_dag.py for tasks to queue
[2025-06-16T21:16:46.481+0000] {logging_mixin.py:188} INFO - [2025-06-16T21:16:46.473+0000] {dagbag.py:545} INFO - Filling up the DagBag from /opt/airflow/dags/process_sales_dag.py
[2025-06-16T21:16:46.597+0000] {processor.py:840} INFO - DAG(s) 'process_sales' retrieved from /opt/airflow/dags/process_sales_dag.py
[2025-06-16T21:16:46.738+0000] {logging_mixin.py:188} INFO - [2025-06-16T21:16:46.737+0000] {dag.py:3096} INFO - Sync 1 DAGs
[2025-06-16T21:16:46.782+0000] {logging_mixin.py:188} INFO - [2025-06-16T21:16:46.782+0000] {dag.py:3954} INFO - Setting next_dagrun for process_sales to None, run_after=None
[2025-06-16T21:16:46.933+0000] {processor.py:183} INFO - Processing /opt/airflow/dags/process_sales_dag.py took 0.491 seconds
[2025-06-16T21:17:17.798+0000] {processor.py:161} INFO - Started process (PID=794) to work on /opt/airflow/dags/process_sales_dag.py
[2025-06-16T21:17:17.801+0000] {processor.py:830} INFO - Processing file /opt/airflow/dags/process_sales_dag.py for tasks to queue
[2025-06-16T21:17:17.807+0000] {logging_mixin.py:188} INFO - [2025-06-16T21:17:17.806+0000] {dagbag.py:545} INFO - Filling up the DagBag from /opt/airflow/dags/process_sales_dag.py
[2025-06-16T21:17:17.860+0000] {processor.py:840} INFO - DAG(s) 'process_sales' retrieved from /opt/airflow/dags/process_sales_dag.py
[2025-06-16T21:17:17.957+0000] {logging_mixin.py:188} INFO - [2025-06-16T21:17:17.956+0000] {dag.py:3096} INFO - Sync 1 DAGs
[2025-06-16T21:17:18.013+0000] {logging_mixin.py:188} INFO - [2025-06-16T21:17:18.013+0000] {dag.py:3954} INFO - Setting next_dagrun for process_sales to None, run_after=None
[2025-06-16T21:17:18.112+0000] {processor.py:183} INFO - Processing /opt/airflow/dags/process_sales_dag.py took 0.342 seconds
[2025-06-16T21:17:48.498+0000] {processor.py:161} INFO - Started process (PID=799) to work on /opt/airflow/dags/process_sales_dag.py
[2025-06-16T21:17:48.501+0000] {processor.py:830} INFO - Processing file /opt/airflow/dags/process_sales_dag.py for tasks to queue
[2025-06-16T21:17:48.513+0000] {logging_mixin.py:188} INFO - [2025-06-16T21:17:48.513+0000] {dagbag.py:545} INFO - Filling up the DagBag from /opt/airflow/dags/process_sales_dag.py
[2025-06-16T21:17:48.558+0000] {processor.py:840} INFO - DAG(s) 'process_sales' retrieved from /opt/airflow/dags/process_sales_dag.py
[2025-06-16T21:17:48.662+0000] {logging_mixin.py:188} INFO - [2025-06-16T21:17:48.661+0000] {dag.py:3096} INFO - Sync 1 DAGs
[2025-06-16T21:17:48.703+0000] {logging_mixin.py:188} INFO - [2025-06-16T21:17:48.700+0000] {dag.py:3954} INFO - Setting next_dagrun for process_sales to None, run_after=None
[2025-06-16T21:17:48.793+0000] {processor.py:183} INFO - Processing /opt/airflow/dags/process_sales_dag.py took 0.316 seconds
[2025-06-16T21:18:19.617+0000] {processor.py:161} INFO - Started process (PID=804) to work on /opt/airflow/dags/process_sales_dag.py
[2025-06-16T21:18:19.629+0000] {processor.py:830} INFO - Processing file /opt/airflow/dags/process_sales_dag.py for tasks to queue
[2025-06-16T21:18:19.649+0000] {logging_mixin.py:188} INFO - [2025-06-16T21:18:19.647+0000] {dagbag.py:545} INFO - Filling up the DagBag from /opt/airflow/dags/process_sales_dag.py
[2025-06-16T21:18:19.774+0000] {processor.py:840} INFO - DAG(s) 'process_sales' retrieved from /opt/airflow/dags/process_sales_dag.py
[2025-06-16T21:18:19.982+0000] {logging_mixin.py:188} INFO - [2025-06-16T21:18:19.979+0000] {dag.py:3096} INFO - Sync 1 DAGs
[2025-06-16T21:18:20.036+0000] {logging_mixin.py:188} INFO - [2025-06-16T21:18:20.035+0000] {dag.py:3954} INFO - Setting next_dagrun for process_sales to None, run_after=None
[2025-06-16T21:18:20.518+0000] {processor.py:183} INFO - Processing /opt/airflow/dags/process_sales_dag.py took 0.955 seconds
[2025-06-16T21:18:51.881+0000] {processor.py:161} INFO - Started process (PID=809) to work on /opt/airflow/dags/process_sales_dag.py
[2025-06-16T21:18:51.893+0000] {processor.py:830} INFO - Processing file /opt/airflow/dags/process_sales_dag.py for tasks to queue
[2025-06-16T21:18:51.996+0000] {logging_mixin.py:188} INFO - [2025-06-16T21:18:51.966+0000] {dagbag.py:545} INFO - Filling up the DagBag from /opt/airflow/dags/process_sales_dag.py
[2025-06-16T21:18:52.290+0000] {processor.py:840} INFO - DAG(s) 'process_sales' retrieved from /opt/airflow/dags/process_sales_dag.py
[2025-06-16T21:18:52.482+0000] {logging_mixin.py:188} INFO - [2025-06-16T21:18:52.481+0000] {dag.py:3096} INFO - Sync 1 DAGs
[2025-06-16T21:18:52.611+0000] {logging_mixin.py:188} INFO - [2025-06-16T21:18:52.610+0000] {dag.py:3954} INFO - Setting next_dagrun for process_sales to None, run_after=None
[2025-06-16T21:18:52.833+0000] {processor.py:183} INFO - Processing /opt/airflow/dags/process_sales_dag.py took 1.134 seconds
[2025-06-16T21:20:47.116+0000] {processor.py:161} INFO - Started process (PID=157) to work on /opt/airflow/dags/process_sales_dag.py
[2025-06-16T21:20:47.179+0000] {processor.py:830} INFO - Processing file /opt/airflow/dags/process_sales_dag.py for tasks to queue
[2025-06-16T21:20:47.249+0000] {logging_mixin.py:188} INFO - [2025-06-16T21:20:47.239+0000] {dagbag.py:545} INFO - Filling up the DagBag from /opt/airflow/dags/process_sales_dag.py
[2025-06-16T21:20:47.505+0000] {processor.py:840} INFO - DAG(s) 'process_sales' retrieved from /opt/airflow/dags/process_sales_dag.py
[2025-06-16T21:20:48.097+0000] {logging_mixin.py:188} INFO - [2025-06-16T21:20:48.097+0000] {dag.py:3096} INFO - Sync 1 DAGs
[2025-06-16T21:20:48.375+0000] {logging_mixin.py:188} INFO - [2025-06-16T21:20:48.374+0000] {dag.py:3954} INFO - Setting next_dagrun for process_sales to None, run_after=None
[2025-06-16T21:20:48.528+0000] {processor.py:183} INFO - Processing /opt/airflow/dags/process_sales_dag.py took 1.703 seconds
[2025-06-16T21:21:19.189+0000] {processor.py:161} INFO - Started process (PID=162) to work on /opt/airflow/dags/process_sales_dag.py
[2025-06-16T21:21:19.202+0000] {processor.py:830} INFO - Processing file /opt/airflow/dags/process_sales_dag.py for tasks to queue
[2025-06-16T21:21:19.233+0000] {logging_mixin.py:188} INFO - [2025-06-16T21:21:19.227+0000] {dagbag.py:545} INFO - Filling up the DagBag from /opt/airflow/dags/process_sales_dag.py
[2025-06-16T21:21:19.374+0000] {processor.py:840} INFO - DAG(s) 'process_sales' retrieved from /opt/airflow/dags/process_sales_dag.py
[2025-06-16T21:21:19.655+0000] {logging_mixin.py:188} INFO - [2025-06-16T21:21:19.655+0000] {dag.py:3096} INFO - Sync 1 DAGs
[2025-06-16T21:21:19.745+0000] {logging_mixin.py:188} INFO - [2025-06-16T21:21:19.745+0000] {dag.py:3954} INFO - Setting next_dagrun for process_sales to None, run_after=None
[2025-06-16T21:21:19.802+0000] {processor.py:183} INFO - Processing /opt/airflow/dags/process_sales_dag.py took 0.727 seconds
[2025-06-16T21:21:51.373+0000] {processor.py:161} INFO - Started process (PID=167) to work on /opt/airflow/dags/process_sales_dag.py
[2025-06-16T21:21:51.406+0000] {processor.py:830} INFO - Processing file /opt/airflow/dags/process_sales_dag.py for tasks to queue
[2025-06-16T21:21:51.449+0000] {logging_mixin.py:188} INFO - [2025-06-16T21:21:51.434+0000] {dagbag.py:545} INFO - Filling up the DagBag from /opt/airflow/dags/process_sales_dag.py
[2025-06-16T21:21:52.458+0000] {processor.py:840} INFO - DAG(s) 'process_sales' retrieved from /opt/airflow/dags/process_sales_dag.py
[2025-06-16T21:21:53.074+0000] {logging_mixin.py:188} INFO - [2025-06-16T21:21:53.073+0000] {dag.py:3096} INFO - Sync 1 DAGs
[2025-06-16T21:21:53.286+0000] {logging_mixin.py:188} INFO - [2025-06-16T21:21:53.286+0000] {dag.py:3954} INFO - Setting next_dagrun for process_sales to None, run_after=None
[2025-06-16T21:21:53.378+0000] {processor.py:183} INFO - Processing /opt/airflow/dags/process_sales_dag.py took 2.147 seconds
[2025-06-16T21:22:24.329+0000] {processor.py:161} INFO - Started process (PID=172) to work on /opt/airflow/dags/process_sales_dag.py
[2025-06-16T21:22:24.343+0000] {processor.py:830} INFO - Processing file /opt/airflow/dags/process_sales_dag.py for tasks to queue
[2025-06-16T21:22:24.374+0000] {logging_mixin.py:188} INFO - [2025-06-16T21:22:24.369+0000] {dagbag.py:545} INFO - Filling up the DagBag from /opt/airflow/dags/process_sales_dag.py
[2025-06-16T21:22:24.559+0000] {processor.py:840} INFO - DAG(s) 'process_sales' retrieved from /opt/airflow/dags/process_sales_dag.py
[2025-06-16T21:22:24.873+0000] {logging_mixin.py:188} INFO - [2025-06-16T21:22:24.873+0000] {dag.py:3096} INFO - Sync 1 DAGs
[2025-06-16T21:22:25.037+0000] {logging_mixin.py:188} INFO - [2025-06-16T21:22:25.037+0000] {dag.py:3954} INFO - Setting next_dagrun for process_sales to None, run_after=None
[2025-06-16T21:22:25.151+0000] {processor.py:183} INFO - Processing /opt/airflow/dags/process_sales_dag.py took 0.905 seconds
[2025-06-16T21:22:56.369+0000] {processor.py:161} INFO - Started process (PID=178) to work on /opt/airflow/dags/process_sales_dag.py
[2025-06-16T21:22:56.376+0000] {processor.py:830} INFO - Processing file /opt/airflow/dags/process_sales_dag.py for tasks to queue
[2025-06-16T21:22:56.440+0000] {logging_mixin.py:188} INFO - [2025-06-16T21:22:56.424+0000] {dagbag.py:545} INFO - Filling up the DagBag from /opt/airflow/dags/process_sales_dag.py
[2025-06-16T21:22:56.694+0000] {processor.py:840} INFO - DAG(s) 'process_sales' retrieved from /opt/airflow/dags/process_sales_dag.py
[2025-06-16T21:22:57.110+0000] {logging_mixin.py:188} INFO - [2025-06-16T21:22:57.105+0000] {dag.py:3096} INFO - Sync 1 DAGs
[2025-06-16T21:22:57.217+0000] {logging_mixin.py:188} INFO - [2025-06-16T21:22:57.217+0000] {dag.py:3954} INFO - Setting next_dagrun for process_sales to None, run_after=None
[2025-06-16T21:22:57.380+0000] {processor.py:183} INFO - Processing /opt/airflow/dags/process_sales_dag.py took 1.139 seconds
[2025-06-16T21:23:28.821+0000] {processor.py:161} INFO - Started process (PID=277) to work on /opt/airflow/dags/process_sales_dag.py
[2025-06-16T21:23:28.855+0000] {processor.py:830} INFO - Processing file /opt/airflow/dags/process_sales_dag.py for tasks to queue
[2025-06-16T21:23:28.891+0000] {logging_mixin.py:188} INFO - [2025-06-16T21:23:28.887+0000] {dagbag.py:545} INFO - Filling up the DagBag from /opt/airflow/dags/process_sales_dag.py
[2025-06-16T21:23:29.140+0000] {processor.py:840} INFO - DAG(s) 'process_sales' retrieved from /opt/airflow/dags/process_sales_dag.py
[2025-06-16T21:23:29.737+0000] {logging_mixin.py:188} INFO - [2025-06-16T21:23:29.736+0000] {dag.py:3096} INFO - Sync 1 DAGs
[2025-06-16T21:23:29.959+0000] {logging_mixin.py:188} INFO - [2025-06-16T21:23:29.959+0000] {dag.py:3954} INFO - Setting next_dagrun for process_sales to None, run_after=None
[2025-06-16T21:23:30.176+0000] {processor.py:183} INFO - Processing /opt/airflow/dags/process_sales_dag.py took 1.466 seconds
[2025-06-16T21:24:01.248+0000] {processor.py:161} INFO - Started process (PID=322) to work on /opt/airflow/dags/process_sales_dag.py
[2025-06-16T21:24:01.311+0000] {processor.py:830} INFO - Processing file /opt/airflow/dags/process_sales_dag.py for tasks to queue
[2025-06-16T21:24:01.391+0000] {logging_mixin.py:188} INFO - [2025-06-16T21:24:01.373+0000] {dagbag.py:545} INFO - Filling up the DagBag from /opt/airflow/dags/process_sales_dag.py
[2025-06-16T21:24:01.773+0000] {processor.py:840} INFO - DAG(s) 'process_sales' retrieved from /opt/airflow/dags/process_sales_dag.py
[2025-06-16T21:24:03.074+0000] {logging_mixin.py:188} INFO - [2025-06-16T21:24:03.073+0000] {dag.py:3096} INFO - Sync 1 DAGs
[2025-06-16T21:24:03.518+0000] {logging_mixin.py:188} INFO - [2025-06-16T21:24:03.518+0000] {dag.py:3954} INFO - Setting next_dagrun for process_sales to None, run_after=None
[2025-06-16T21:24:03.852+0000] {processor.py:183} INFO - Processing /opt/airflow/dags/process_sales_dag.py took 2.855 seconds
[2025-06-16T21:24:36.662+0000] {processor.py:161} INFO - Started process (PID=383) to work on /opt/airflow/dags/process_sales_dag.py
[2025-06-16T21:24:36.700+0000] {processor.py:830} INFO - Processing file /opt/airflow/dags/process_sales_dag.py for tasks to queue
[2025-06-16T21:24:36.904+0000] {logging_mixin.py:188} INFO - [2025-06-16T21:24:36.832+0000] {dagbag.py:545} INFO - Filling up the DagBag from /opt/airflow/dags/process_sales_dag.py
[2025-06-16T21:24:38.083+0000] {processor.py:840} INFO - DAG(s) 'process_sales' retrieved from /opt/airflow/dags/process_sales_dag.py
[2025-06-16T21:24:41.832+0000] {logging_mixin.py:188} INFO - [2025-06-16T21:24:41.831+0000] {dag.py:3096} INFO - Sync 1 DAGs
[2025-06-16T21:24:42.531+0000] {logging_mixin.py:188} INFO - [2025-06-16T21:24:42.529+0000] {dag.py:3954} INFO - Setting next_dagrun for process_sales to None, run_after=None
[2025-06-16T21:24:43.378+0000] {processor.py:183} INFO - Processing /opt/airflow/dags/process_sales_dag.py took 7.367 seconds
[2025-06-16T21:25:14.268+0000] {processor.py:161} INFO - Started process (PID=493) to work on /opt/airflow/dags/process_sales_dag.py
[2025-06-16T21:25:14.270+0000] {processor.py:830} INFO - Processing file /opt/airflow/dags/process_sales_dag.py for tasks to queue
[2025-06-16T21:25:14.273+0000] {logging_mixin.py:188} INFO - [2025-06-16T21:25:14.273+0000] {dagbag.py:545} INFO - Filling up the DagBag from /opt/airflow/dags/process_sales_dag.py
[2025-06-16T21:25:14.314+0000] {processor.py:840} INFO - DAG(s) 'process_sales' retrieved from /opt/airflow/dags/process_sales_dag.py
[2025-06-16T21:25:14.388+0000] {logging_mixin.py:188} INFO - [2025-06-16T21:25:14.387+0000] {dag.py:3096} INFO - Sync 1 DAGs
[2025-06-16T21:25:14.428+0000] {logging_mixin.py:188} INFO - [2025-06-16T21:25:14.428+0000] {dag.py:3954} INFO - Setting next_dagrun for process_sales to None, run_after=None
[2025-06-16T21:25:18.764+0000] {processor.py:183} INFO - Processing /opt/airflow/dags/process_sales_dag.py took 4.508 seconds
[2025-06-16T21:25:49.634+0000] {processor.py:161} INFO - Started process (PID=498) to work on /opt/airflow/dags/process_sales_dag.py
[2025-06-16T21:25:49.638+0000] {processor.py:830} INFO - Processing file /opt/airflow/dags/process_sales_dag.py for tasks to queue
[2025-06-16T21:25:49.646+0000] {logging_mixin.py:188} INFO - [2025-06-16T21:25:49.644+0000] {dagbag.py:545} INFO - Filling up the DagBag from /opt/airflow/dags/process_sales_dag.py
[2025-06-16T21:25:49.706+0000] {processor.py:840} INFO - DAG(s) 'process_sales' retrieved from /opt/airflow/dags/process_sales_dag.py
[2025-06-16T21:25:50.122+0000] {logging_mixin.py:188} INFO - [2025-06-16T21:25:50.121+0000] {dag.py:3096} INFO - Sync 1 DAGs
[2025-06-16T21:25:50.138+0000] {logging_mixin.py:188} INFO - [2025-06-16T21:25:50.138+0000] {dag.py:3954} INFO - Setting next_dagrun for process_sales to None, run_after=None
[2025-06-16T21:25:50.167+0000] {processor.py:183} INFO - Processing /opt/airflow/dags/process_sales_dag.py took 0.560 seconds
[2025-06-16T21:26:20.865+0000] {processor.py:161} INFO - Started process (PID=503) to work on /opt/airflow/dags/process_sales_dag.py
[2025-06-16T21:26:20.911+0000] {processor.py:830} INFO - Processing file /opt/airflow/dags/process_sales_dag.py for tasks to queue
[2025-06-16T21:26:20.979+0000] {logging_mixin.py:188} INFO - [2025-06-16T21:26:20.956+0000] {dagbag.py:545} INFO - Filling up the DagBag from /opt/airflow/dags/process_sales_dag.py
[2025-06-16T21:26:21.192+0000] {processor.py:840} INFO - DAG(s) 'process_sales' retrieved from /opt/airflow/dags/process_sales_dag.py
[2025-06-16T21:26:21.317+0000] {logging_mixin.py:188} INFO - [2025-06-16T21:26:21.317+0000] {dag.py:3096} INFO - Sync 1 DAGs
[2025-06-16T21:26:21.362+0000] {logging_mixin.py:188} INFO - [2025-06-16T21:26:21.361+0000] {dag.py:3954} INFO - Setting next_dagrun for process_sales to None, run_after=None
[2025-06-16T21:26:21.430+0000] {processor.py:183} INFO - Processing /opt/airflow/dags/process_sales_dag.py took 0.717 seconds
[2025-06-16T21:26:51.948+0000] {processor.py:161} INFO - Started process (PID=508) to work on /opt/airflow/dags/process_sales_dag.py
[2025-06-16T21:26:51.950+0000] {processor.py:830} INFO - Processing file /opt/airflow/dags/process_sales_dag.py for tasks to queue
[2025-06-16T21:26:51.956+0000] {logging_mixin.py:188} INFO - [2025-06-16T21:26:51.954+0000] {dagbag.py:545} INFO - Filling up the DagBag from /opt/airflow/dags/process_sales_dag.py
[2025-06-16T21:26:52.007+0000] {processor.py:840} INFO - DAG(s) 'process_sales' retrieved from /opt/airflow/dags/process_sales_dag.py
[2025-06-16T21:26:52.765+0000] {logging_mixin.py:188} INFO - [2025-06-16T21:26:52.763+0000] {dag.py:3096} INFO - Sync 1 DAGs
[2025-06-16T21:26:53.009+0000] {logging_mixin.py:188} INFO - [2025-06-16T21:26:53.008+0000] {dag.py:3954} INFO - Setting next_dagrun for process_sales to None, run_after=None
[2025-06-16T21:26:53.139+0000] {processor.py:183} INFO - Processing /opt/airflow/dags/process_sales_dag.py took 1.226 seconds
[2025-06-16T21:27:24.012+0000] {processor.py:161} INFO - Started process (PID=513) to work on /opt/airflow/dags/process_sales_dag.py
[2025-06-16T21:27:24.020+0000] {processor.py:830} INFO - Processing file /opt/airflow/dags/process_sales_dag.py for tasks to queue
[2025-06-16T21:27:24.029+0000] {logging_mixin.py:188} INFO - [2025-06-16T21:27:24.027+0000] {dagbag.py:545} INFO - Filling up the DagBag from /opt/airflow/dags/process_sales_dag.py
[2025-06-16T21:27:24.105+0000] {processor.py:840} INFO - DAG(s) 'process_sales' retrieved from /opt/airflow/dags/process_sales_dag.py
[2025-06-16T21:27:24.161+0000] {logging_mixin.py:188} INFO - [2025-06-16T21:27:24.160+0000] {dag.py:3096} INFO - Sync 1 DAGs
[2025-06-16T21:27:24.185+0000] {logging_mixin.py:188} INFO - [2025-06-16T21:27:24.185+0000] {dag.py:3954} INFO - Setting next_dagrun for process_sales to None, run_after=None
[2025-06-16T21:27:24.222+0000] {processor.py:183} INFO - Processing /opt/airflow/dags/process_sales_dag.py took 0.297 seconds
[2025-06-16T21:27:54.840+0000] {processor.py:161} INFO - Started process (PID=518) to work on /opt/airflow/dags/process_sales_dag.py
[2025-06-16T21:27:54.844+0000] {processor.py:830} INFO - Processing file /opt/airflow/dags/process_sales_dag.py for tasks to queue
[2025-06-16T21:27:54.850+0000] {logging_mixin.py:188} INFO - [2025-06-16T21:27:54.849+0000] {dagbag.py:545} INFO - Filling up the DagBag from /opt/airflow/dags/process_sales_dag.py
[2025-06-16T21:27:54.897+0000] {processor.py:840} INFO - DAG(s) 'process_sales' retrieved from /opt/airflow/dags/process_sales_dag.py
[2025-06-16T21:27:54.994+0000] {logging_mixin.py:188} INFO - [2025-06-16T21:27:54.993+0000] {dag.py:3096} INFO - Sync 1 DAGs
[2025-06-16T21:27:55.055+0000] {logging_mixin.py:188} INFO - [2025-06-16T21:27:55.054+0000] {dag.py:3954} INFO - Setting next_dagrun for process_sales to None, run_after=None
[2025-06-16T21:27:55.122+0000] {processor.py:183} INFO - Processing /opt/airflow/dags/process_sales_dag.py took 0.300 seconds
[2025-06-16T21:28:25.887+0000] {processor.py:161} INFO - Started process (PID=523) to work on /opt/airflow/dags/process_sales_dag.py
[2025-06-16T21:28:25.890+0000] {processor.py:830} INFO - Processing file /opt/airflow/dags/process_sales_dag.py for tasks to queue
[2025-06-16T21:28:25.898+0000] {logging_mixin.py:188} INFO - [2025-06-16T21:28:25.896+0000] {dagbag.py:545} INFO - Filling up the DagBag from /opt/airflow/dags/process_sales_dag.py
[2025-06-16T21:28:25.954+0000] {processor.py:840} INFO - DAG(s) 'process_sales' retrieved from /opt/airflow/dags/process_sales_dag.py
[2025-06-16T21:28:26.118+0000] {logging_mixin.py:188} INFO - [2025-06-16T21:28:26.117+0000] {dag.py:3096} INFO - Sync 1 DAGs
[2025-06-16T21:28:26.624+0000] {logging_mixin.py:188} INFO - [2025-06-16T21:28:26.623+0000] {dag.py:3954} INFO - Setting next_dagrun for process_sales to None, run_after=None
[2025-06-16T21:28:26.656+0000] {processor.py:183} INFO - Processing /opt/airflow/dags/process_sales_dag.py took 0.791 seconds
[2025-06-16T21:28:57.568+0000] {processor.py:161} INFO - Started process (PID=528) to work on /opt/airflow/dags/process_sales_dag.py
[2025-06-16T21:28:57.570+0000] {processor.py:830} INFO - Processing file /opt/airflow/dags/process_sales_dag.py for tasks to queue
[2025-06-16T21:28:57.575+0000] {logging_mixin.py:188} INFO - [2025-06-16T21:28:57.574+0000] {dagbag.py:545} INFO - Filling up the DagBag from /opt/airflow/dags/process_sales_dag.py
[2025-06-16T21:28:57.606+0000] {processor.py:840} INFO - DAG(s) 'process_sales' retrieved from /opt/airflow/dags/process_sales_dag.py
[2025-06-16T21:28:57.957+0000] {logging_mixin.py:188} INFO - [2025-06-16T21:28:57.957+0000] {dag.py:3096} INFO - Sync 1 DAGs
[2025-06-16T21:28:57.976+0000] {logging_mixin.py:188} INFO - [2025-06-16T21:28:57.976+0000] {dag.py:3954} INFO - Setting next_dagrun for process_sales to None, run_after=None
[2025-06-16T21:28:58.023+0000] {processor.py:183} INFO - Processing /opt/airflow/dags/process_sales_dag.py took 0.468 seconds
[2025-06-16T21:29:28.564+0000] {processor.py:161} INFO - Started process (PID=533) to work on /opt/airflow/dags/process_sales_dag.py
[2025-06-16T21:29:28.567+0000] {processor.py:830} INFO - Processing file /opt/airflow/dags/process_sales_dag.py for tasks to queue
[2025-06-16T21:29:28.573+0000] {logging_mixin.py:188} INFO - [2025-06-16T21:29:28.572+0000] {dagbag.py:545} INFO - Filling up the DagBag from /opt/airflow/dags/process_sales_dag.py
[2025-06-16T21:29:28.626+0000] {processor.py:840} INFO - DAG(s) 'process_sales' retrieved from /opt/airflow/dags/process_sales_dag.py
[2025-06-16T21:29:28.710+0000] {logging_mixin.py:188} INFO - [2025-06-16T21:29:28.709+0000] {dag.py:3096} INFO - Sync 1 DAGs
[2025-06-16T21:29:28.741+0000] {logging_mixin.py:188} INFO - [2025-06-16T21:29:28.740+0000] {dag.py:3954} INFO - Setting next_dagrun for process_sales to None, run_after=None
[2025-06-16T21:29:28.794+0000] {processor.py:183} INFO - Processing /opt/airflow/dags/process_sales_dag.py took 0.246 seconds
[2025-06-16T21:29:59.101+0000] {processor.py:161} INFO - Started process (PID=538) to work on /opt/airflow/dags/process_sales_dag.py
[2025-06-16T21:29:59.104+0000] {processor.py:830} INFO - Processing file /opt/airflow/dags/process_sales_dag.py for tasks to queue
[2025-06-16T21:29:59.110+0000] {logging_mixin.py:188} INFO - [2025-06-16T21:29:59.109+0000] {dagbag.py:545} INFO - Filling up the DagBag from /opt/airflow/dags/process_sales_dag.py
[2025-06-16T21:29:59.177+0000] {processor.py:840} INFO - DAG(s) 'process_sales' retrieved from /opt/airflow/dags/process_sales_dag.py
[2025-06-16T21:29:59.277+0000] {logging_mixin.py:188} INFO - [2025-06-16T21:29:59.276+0000] {dag.py:3096} INFO - Sync 1 DAGs
[2025-06-16T21:29:59.324+0000] {logging_mixin.py:188} INFO - [2025-06-16T21:29:59.324+0000] {dag.py:3954} INFO - Setting next_dagrun for process_sales to None, run_after=None
[2025-06-16T21:29:59.372+0000] {processor.py:183} INFO - Processing /opt/airflow/dags/process_sales_dag.py took 0.295 seconds
[2025-06-16T21:30:29.868+0000] {processor.py:161} INFO - Started process (PID=543) to work on /opt/airflow/dags/process_sales_dag.py
[2025-06-16T21:30:29.891+0000] {processor.py:830} INFO - Processing file /opt/airflow/dags/process_sales_dag.py for tasks to queue
[2025-06-16T21:30:29.900+0000] {logging_mixin.py:188} INFO - [2025-06-16T21:30:29.898+0000] {dagbag.py:545} INFO - Filling up the DagBag from /opt/airflow/dags/process_sales_dag.py
[2025-06-16T21:30:29.957+0000] {processor.py:840} INFO - DAG(s) 'process_sales' retrieved from /opt/airflow/dags/process_sales_dag.py
[2025-06-16T21:30:30.064+0000] {logging_mixin.py:188} INFO - [2025-06-16T21:30:30.064+0000] {dag.py:3096} INFO - Sync 1 DAGs
[2025-06-16T21:30:30.091+0000] {logging_mixin.py:188} INFO - [2025-06-16T21:30:30.091+0000] {dag.py:3954} INFO - Setting next_dagrun for process_sales to None, run_after=None
[2025-06-16T21:30:30.145+0000] {processor.py:183} INFO - Processing /opt/airflow/dags/process_sales_dag.py took 0.323 seconds
[2025-06-16T21:31:00.756+0000] {processor.py:161} INFO - Started process (PID=548) to work on /opt/airflow/dags/process_sales_dag.py
[2025-06-16T21:31:00.758+0000] {processor.py:830} INFO - Processing file /opt/airflow/dags/process_sales_dag.py for tasks to queue
[2025-06-16T21:31:00.763+0000] {logging_mixin.py:188} INFO - [2025-06-16T21:31:00.762+0000] {dagbag.py:545} INFO - Filling up the DagBag from /opt/airflow/dags/process_sales_dag.py
[2025-06-16T21:31:00.999+0000] {processor.py:840} INFO - DAG(s) 'process_sales' retrieved from /opt/airflow/dags/process_sales_dag.py
[2025-06-16T21:31:01.071+0000] {logging_mixin.py:188} INFO - [2025-06-16T21:31:01.070+0000] {dag.py:3096} INFO - Sync 1 DAGs
[2025-06-16T21:31:01.105+0000] {logging_mixin.py:188} INFO - [2025-06-16T21:31:01.104+0000] {dag.py:3954} INFO - Setting next_dagrun for process_sales to None, run_after=None
[2025-06-16T21:31:01.633+0000] {processor.py:183} INFO - Processing /opt/airflow/dags/process_sales_dag.py took 0.890 seconds
[2025-06-16T21:31:31.879+0000] {processor.py:161} INFO - Started process (PID=553) to work on /opt/airflow/dags/process_sales_dag.py
[2025-06-16T21:31:31.882+0000] {processor.py:830} INFO - Processing file /opt/airflow/dags/process_sales_dag.py for tasks to queue
[2025-06-16T21:31:31.887+0000] {logging_mixin.py:188} INFO - [2025-06-16T21:31:31.886+0000] {dagbag.py:545} INFO - Filling up the DagBag from /opt/airflow/dags/process_sales_dag.py
[2025-06-16T21:31:31.922+0000] {processor.py:840} INFO - DAG(s) 'process_sales' retrieved from /opt/airflow/dags/process_sales_dag.py
[2025-06-16T21:31:31.982+0000] {logging_mixin.py:188} INFO - [2025-06-16T21:31:31.981+0000] {dag.py:3096} INFO - Sync 1 DAGs
[2025-06-16T21:31:32.526+0000] {logging_mixin.py:188} INFO - [2025-06-16T21:31:32.526+0000] {dag.py:3954} INFO - Setting next_dagrun for process_sales to None, run_after=None
[2025-06-16T21:31:32.571+0000] {processor.py:183} INFO - Processing /opt/airflow/dags/process_sales_dag.py took 0.705 seconds
[2025-06-16T21:32:03.214+0000] {processor.py:161} INFO - Started process (PID=558) to work on /opt/airflow/dags/process_sales_dag.py
[2025-06-16T21:32:03.215+0000] {processor.py:830} INFO - Processing file /opt/airflow/dags/process_sales_dag.py for tasks to queue
[2025-06-16T21:32:03.219+0000] {logging_mixin.py:188} INFO - [2025-06-16T21:32:03.218+0000] {dagbag.py:545} INFO - Filling up the DagBag from /opt/airflow/dags/process_sales_dag.py
[2025-06-16T21:32:03.249+0000] {processor.py:840} INFO - DAG(s) 'process_sales' retrieved from /opt/airflow/dags/process_sales_dag.py
[2025-06-16T21:32:03.547+0000] {logging_mixin.py:188} INFO - [2025-06-16T21:32:03.546+0000] {dag.py:3096} INFO - Sync 1 DAGs
[2025-06-16T21:32:03.588+0000] {logging_mixin.py:188} INFO - [2025-06-16T21:32:03.587+0000] {dag.py:3954} INFO - Setting next_dagrun for process_sales to None, run_after=None
[2025-06-16T21:32:03.704+0000] {processor.py:183} INFO - Processing /opt/airflow/dags/process_sales_dag.py took 0.498 seconds
[2025-06-16T21:32:34.041+0000] {processor.py:161} INFO - Started process (PID=563) to work on /opt/airflow/dags/process_sales_dag.py
[2025-06-16T21:32:34.050+0000] {processor.py:830} INFO - Processing file /opt/airflow/dags/process_sales_dag.py for tasks to queue
[2025-06-16T21:32:34.073+0000] {logging_mixin.py:188} INFO - [2025-06-16T21:32:34.069+0000] {dagbag.py:545} INFO - Filling up the DagBag from /opt/airflow/dags/process_sales_dag.py
[2025-06-16T21:32:34.293+0000] {processor.py:840} INFO - DAG(s) 'process_sales' retrieved from /opt/airflow/dags/process_sales_dag.py
[2025-06-16T21:32:34.492+0000] {logging_mixin.py:188} INFO - [2025-06-16T21:32:34.491+0000] {dag.py:3096} INFO - Sync 1 DAGs
[2025-06-16T21:32:34.541+0000] {logging_mixin.py:188} INFO - [2025-06-16T21:32:34.540+0000] {dag.py:3954} INFO - Setting next_dagrun for process_sales to None, run_after=None
[2025-06-16T21:32:34.613+0000] {processor.py:183} INFO - Processing /opt/airflow/dags/process_sales_dag.py took 0.621 seconds
[2025-06-16T21:33:05.046+0000] {processor.py:161} INFO - Started process (PID=568) to work on /opt/airflow/dags/process_sales_dag.py
[2025-06-16T21:33:05.049+0000] {processor.py:830} INFO - Processing file /opt/airflow/dags/process_sales_dag.py for tasks to queue
[2025-06-16T21:33:05.055+0000] {logging_mixin.py:188} INFO - [2025-06-16T21:33:05.054+0000] {dagbag.py:545} INFO - Filling up the DagBag from /opt/airflow/dags/process_sales_dag.py
[2025-06-16T21:33:05.096+0000] {processor.py:840} INFO - DAG(s) 'process_sales' retrieved from /opt/airflow/dags/process_sales_dag.py
[2025-06-16T21:33:05.153+0000] {logging_mixin.py:188} INFO - [2025-06-16T21:33:05.153+0000] {dag.py:3096} INFO - Sync 1 DAGs
[2025-06-16T21:33:05.176+0000] {logging_mixin.py:188} INFO - [2025-06-16T21:33:05.176+0000] {dag.py:3954} INFO - Setting next_dagrun for process_sales to None, run_after=None
[2025-06-16T21:33:05.212+0000] {processor.py:183} INFO - Processing /opt/airflow/dags/process_sales_dag.py took 0.181 seconds
[2025-06-16T21:33:35.397+0000] {processor.py:161} INFO - Started process (PID=573) to work on /opt/airflow/dags/process_sales_dag.py
[2025-06-16T21:33:35.399+0000] {processor.py:830} INFO - Processing file /opt/airflow/dags/process_sales_dag.py for tasks to queue
[2025-06-16T21:33:35.405+0000] {logging_mixin.py:188} INFO - [2025-06-16T21:33:35.404+0000] {dagbag.py:545} INFO - Filling up the DagBag from /opt/airflow/dags/process_sales_dag.py
[2025-06-16T21:33:35.445+0000] {processor.py:840} INFO - DAG(s) 'process_sales' retrieved from /opt/airflow/dags/process_sales_dag.py
[2025-06-16T21:33:35.498+0000] {logging_mixin.py:188} INFO - [2025-06-16T21:33:35.497+0000] {dag.py:3096} INFO - Sync 1 DAGs
[2025-06-16T21:33:35.519+0000] {logging_mixin.py:188} INFO - [2025-06-16T21:33:35.519+0000] {dag.py:3954} INFO - Setting next_dagrun for process_sales to None, run_after=None
[2025-06-16T21:33:35.551+0000] {processor.py:183} INFO - Processing /opt/airflow/dags/process_sales_dag.py took 0.174 seconds
[2025-06-16T21:34:06.013+0000] {processor.py:161} INFO - Started process (PID=578) to work on /opt/airflow/dags/process_sales_dag.py
[2025-06-16T21:34:06.017+0000] {processor.py:830} INFO - Processing file /opt/airflow/dags/process_sales_dag.py for tasks to queue
[2025-06-16T21:34:06.024+0000] {logging_mixin.py:188} INFO - [2025-06-16T21:34:06.023+0000] {dagbag.py:545} INFO - Filling up the DagBag from /opt/airflow/dags/process_sales_dag.py
[2025-06-16T21:34:06.077+0000] {processor.py:840} INFO - DAG(s) 'process_sales' retrieved from /opt/airflow/dags/process_sales_dag.py
[2025-06-16T21:34:06.161+0000] {logging_mixin.py:188} INFO - [2025-06-16T21:34:06.161+0000] {dag.py:3096} INFO - Sync 1 DAGs
[2025-06-16T21:34:06.198+0000] {logging_mixin.py:188} INFO - [2025-06-16T21:34:06.197+0000] {dag.py:3954} INFO - Setting next_dagrun for process_sales to None, run_after=None
[2025-06-16T21:34:06.261+0000] {processor.py:183} INFO - Processing /opt/airflow/dags/process_sales_dag.py took 0.270 seconds
[2025-06-16T21:34:36.929+0000] {processor.py:161} INFO - Started process (PID=583) to work on /opt/airflow/dags/process_sales_dag.py
[2025-06-16T21:34:36.932+0000] {processor.py:830} INFO - Processing file /opt/airflow/dags/process_sales_dag.py for tasks to queue
[2025-06-16T21:34:36.937+0000] {logging_mixin.py:188} INFO - [2025-06-16T21:34:36.936+0000] {dagbag.py:545} INFO - Filling up the DagBag from /opt/airflow/dags/process_sales_dag.py
[2025-06-16T21:34:37.008+0000] {processor.py:840} INFO - DAG(s) 'process_sales' retrieved from /opt/airflow/dags/process_sales_dag.py
[2025-06-16T21:34:37.083+0000] {logging_mixin.py:188} INFO - [2025-06-16T21:34:37.082+0000] {dag.py:3096} INFO - Sync 1 DAGs
[2025-06-16T21:34:38.272+0000] {logging_mixin.py:188} INFO - [2025-06-16T21:34:38.272+0000] {dag.py:3954} INFO - Setting next_dagrun for process_sales to None, run_after=None
[2025-06-16T21:34:38.345+0000] {processor.py:183} INFO - Processing /opt/airflow/dags/process_sales_dag.py took 1.426 seconds
[2025-06-16T21:35:09.155+0000] {processor.py:161} INFO - Started process (PID=588) to work on /opt/airflow/dags/process_sales_dag.py
[2025-06-16T21:35:09.159+0000] {processor.py:830} INFO - Processing file /opt/airflow/dags/process_sales_dag.py for tasks to queue
[2025-06-16T21:35:09.166+0000] {logging_mixin.py:188} INFO - [2025-06-16T21:35:09.165+0000] {dagbag.py:545} INFO - Filling up the DagBag from /opt/airflow/dags/process_sales_dag.py
[2025-06-16T21:35:09.222+0000] {processor.py:840} INFO - DAG(s) 'process_sales' retrieved from /opt/airflow/dags/process_sales_dag.py
[2025-06-16T21:35:09.704+0000] {logging_mixin.py:188} INFO - [2025-06-16T21:35:09.704+0000] {dag.py:3096} INFO - Sync 1 DAGs
[2025-06-16T21:35:09.738+0000] {logging_mixin.py:188} INFO - [2025-06-16T21:35:09.738+0000] {dag.py:3954} INFO - Setting next_dagrun for process_sales to None, run_after=None
[2025-06-16T21:35:09.777+0000] {processor.py:183} INFO - Processing /opt/airflow/dags/process_sales_dag.py took 0.642 seconds
[2025-06-16T21:35:40.602+0000] {processor.py:161} INFO - Started process (PID=593) to work on /opt/airflow/dags/process_sales_dag.py
[2025-06-16T21:35:40.627+0000] {processor.py:830} INFO - Processing file /opt/airflow/dags/process_sales_dag.py for tasks to queue
[2025-06-16T21:35:40.652+0000] {logging_mixin.py:188} INFO - [2025-06-16T21:35:40.646+0000] {dagbag.py:545} INFO - Filling up the DagBag from /opt/airflow/dags/process_sales_dag.py
[2025-06-16T21:35:40.911+0000] {processor.py:840} INFO - DAG(s) 'process_sales' retrieved from /opt/airflow/dags/process_sales_dag.py
[2025-06-16T21:35:41.017+0000] {logging_mixin.py:188} INFO - [2025-06-16T21:35:41.017+0000] {dag.py:3096} INFO - Sync 1 DAGs
[2025-06-16T21:35:41.057+0000] {logging_mixin.py:188} INFO - [2025-06-16T21:35:41.056+0000] {dag.py:3954} INFO - Setting next_dagrun for process_sales to None, run_after=None
[2025-06-16T21:35:41.131+0000] {processor.py:183} INFO - Processing /opt/airflow/dags/process_sales_dag.py took 0.620 seconds
[2025-06-16T21:36:11.922+0000] {processor.py:161} INFO - Started process (PID=598) to work on /opt/airflow/dags/process_sales_dag.py
[2025-06-16T21:36:11.955+0000] {processor.py:830} INFO - Processing file /opt/airflow/dags/process_sales_dag.py for tasks to queue
[2025-06-16T21:36:11.978+0000] {logging_mixin.py:188} INFO - [2025-06-16T21:36:11.975+0000] {dagbag.py:545} INFO - Filling up the DagBag from /opt/airflow/dags/process_sales_dag.py
[2025-06-16T21:36:12.180+0000] {processor.py:840} INFO - DAG(s) 'process_sales' retrieved from /opt/airflow/dags/process_sales_dag.py
[2025-06-16T21:36:12.347+0000] {logging_mixin.py:188} INFO - [2025-06-16T21:36:12.347+0000] {dag.py:3096} INFO - Sync 1 DAGs
[2025-06-16T21:36:12.423+0000] {logging_mixin.py:188} INFO - [2025-06-16T21:36:12.422+0000] {dag.py:3954} INFO - Setting next_dagrun for process_sales to None, run_after=None
[2025-06-16T21:36:12.498+0000] {processor.py:183} INFO - Processing /opt/airflow/dags/process_sales_dag.py took 0.610 seconds
[2025-06-16T21:36:43.058+0000] {processor.py:161} INFO - Started process (PID=603) to work on /opt/airflow/dags/process_sales_dag.py
[2025-06-16T21:36:43.060+0000] {processor.py:830} INFO - Processing file /opt/airflow/dags/process_sales_dag.py for tasks to queue
[2025-06-16T21:36:43.064+0000] {logging_mixin.py:188} INFO - [2025-06-16T21:36:43.063+0000] {dagbag.py:545} INFO - Filling up the DagBag from /opt/airflow/dags/process_sales_dag.py
[2025-06-16T21:36:43.093+0000] {processor.py:840} INFO - DAG(s) 'process_sales' retrieved from /opt/airflow/dags/process_sales_dag.py
[2025-06-16T21:36:43.149+0000] {logging_mixin.py:188} INFO - [2025-06-16T21:36:43.149+0000] {dag.py:3096} INFO - Sync 1 DAGs
[2025-06-16T21:36:43.199+0000] {logging_mixin.py:188} INFO - [2025-06-16T21:36:43.199+0000] {dag.py:3954} INFO - Setting next_dagrun for process_sales to None, run_after=None
[2025-06-16T21:36:43.262+0000] {processor.py:183} INFO - Processing /opt/airflow/dags/process_sales_dag.py took 0.214 seconds
[2025-06-16T21:37:13.475+0000] {processor.py:161} INFO - Started process (PID=608) to work on /opt/airflow/dags/process_sales_dag.py
[2025-06-16T21:37:13.484+0000] {processor.py:830} INFO - Processing file /opt/airflow/dags/process_sales_dag.py for tasks to queue
[2025-06-16T21:37:13.496+0000] {logging_mixin.py:188} INFO - [2025-06-16T21:37:13.492+0000] {dagbag.py:545} INFO - Filling up the DagBag from /opt/airflow/dags/process_sales_dag.py
[2025-06-16T21:37:13.702+0000] {processor.py:840} INFO - DAG(s) 'process_sales' retrieved from /opt/airflow/dags/process_sales_dag.py
[2025-06-16T21:37:13.927+0000] {logging_mixin.py:188} INFO - [2025-06-16T21:37:13.926+0000] {dag.py:3096} INFO - Sync 1 DAGs
[2025-06-16T21:37:14.005+0000] {logging_mixin.py:188} INFO - [2025-06-16T21:37:14.004+0000] {dag.py:3954} INFO - Setting next_dagrun for process_sales to None, run_after=None
[2025-06-16T21:37:14.100+0000] {processor.py:183} INFO - Processing /opt/airflow/dags/process_sales_dag.py took 0.668 seconds
[2025-06-16T21:37:44.848+0000] {processor.py:161} INFO - Started process (PID=613) to work on /opt/airflow/dags/process_sales_dag.py
[2025-06-16T21:37:44.852+0000] {processor.py:830} INFO - Processing file /opt/airflow/dags/process_sales_dag.py for tasks to queue
[2025-06-16T21:37:44.860+0000] {logging_mixin.py:188} INFO - [2025-06-16T21:37:44.859+0000] {dagbag.py:545} INFO - Filling up the DagBag from /opt/airflow/dags/process_sales_dag.py
[2025-06-16T21:37:44.935+0000] {processor.py:840} INFO - DAG(s) 'process_sales' retrieved from /opt/airflow/dags/process_sales_dag.py
[2025-06-16T21:37:45.054+0000] {logging_mixin.py:188} INFO - [2025-06-16T21:37:45.054+0000] {dag.py:3096} INFO - Sync 1 DAGs
[2025-06-16T21:37:46.143+0000] {logging_mixin.py:188} INFO - [2025-06-16T21:37:46.142+0000] {dag.py:3954} INFO - Setting next_dagrun for process_sales to None, run_after=None
[2025-06-16T21:37:46.186+0000] {processor.py:183} INFO - Processing /opt/airflow/dags/process_sales_dag.py took 1.365 seconds
[2025-06-16T21:38:16.723+0000] {processor.py:161} INFO - Started process (PID=618) to work on /opt/airflow/dags/process_sales_dag.py
[2025-06-16T21:38:16.728+0000] {processor.py:830} INFO - Processing file /opt/airflow/dags/process_sales_dag.py for tasks to queue
[2025-06-16T21:38:16.735+0000] {logging_mixin.py:188} INFO - [2025-06-16T21:38:16.733+0000] {dagbag.py:545} INFO - Filling up the DagBag from /opt/airflow/dags/process_sales_dag.py
[2025-06-16T21:38:16.793+0000] {processor.py:840} INFO - DAG(s) 'process_sales' retrieved from /opt/airflow/dags/process_sales_dag.py
[2025-06-16T21:38:17.549+0000] {logging_mixin.py:188} INFO - [2025-06-16T21:38:17.548+0000] {dag.py:3096} INFO - Sync 1 DAGs
[2025-06-16T21:38:17.580+0000] {logging_mixin.py:188} INFO - [2025-06-16T21:38:17.579+0000] {dag.py:3954} INFO - Setting next_dagrun for process_sales to None, run_after=None
[2025-06-16T21:38:17.619+0000] {processor.py:183} INFO - Processing /opt/airflow/dags/process_sales_dag.py took 0.926 seconds
[2025-06-16T21:38:47.945+0000] {processor.py:161} INFO - Started process (PID=623) to work on /opt/airflow/dags/process_sales_dag.py
[2025-06-16T21:38:47.947+0000] {processor.py:830} INFO - Processing file /opt/airflow/dags/process_sales_dag.py for tasks to queue
[2025-06-16T21:38:47.951+0000] {logging_mixin.py:188} INFO - [2025-06-16T21:38:47.950+0000] {dagbag.py:545} INFO - Filling up the DagBag from /opt/airflow/dags/process_sales_dag.py
[2025-06-16T21:38:48.311+0000] {processor.py:840} INFO - DAG(s) 'process_sales' retrieved from /opt/airflow/dags/process_sales_dag.py
[2025-06-16T21:38:48.390+0000] {logging_mixin.py:188} INFO - [2025-06-16T21:38:48.389+0000] {dag.py:3096} INFO - Sync 1 DAGs
[2025-06-16T21:38:48.433+0000] {logging_mixin.py:188} INFO - [2025-06-16T21:38:48.432+0000] {dag.py:3954} INFO - Setting next_dagrun for process_sales to None, run_after=None
[2025-06-16T21:38:48.939+0000] {processor.py:183} INFO - Processing /opt/airflow/dags/process_sales_dag.py took 1.007 seconds
[2025-06-16T21:39:20.209+0000] {processor.py:161} INFO - Started process (PID=628) to work on /opt/airflow/dags/process_sales_dag.py
[2025-06-16T21:39:20.214+0000] {processor.py:830} INFO - Processing file /opt/airflow/dags/process_sales_dag.py for tasks to queue
[2025-06-16T21:39:20.226+0000] {logging_mixin.py:188} INFO - [2025-06-16T21:39:20.224+0000] {dagbag.py:545} INFO - Filling up the DagBag from /opt/airflow/dags/process_sales_dag.py
[2025-06-16T21:39:20.330+0000] {processor.py:840} INFO - DAG(s) 'process_sales' retrieved from /opt/airflow/dags/process_sales_dag.py
[2025-06-16T21:39:20.418+0000] {logging_mixin.py:188} INFO - [2025-06-16T21:39:20.417+0000] {dag.py:3096} INFO - Sync 1 DAGs
[2025-06-16T21:39:20.452+0000] {logging_mixin.py:188} INFO - [2025-06-16T21:39:20.452+0000] {dag.py:3954} INFO - Setting next_dagrun for process_sales to None, run_after=None
[2025-06-16T21:39:20.507+0000] {processor.py:183} INFO - Processing /opt/airflow/dags/process_sales_dag.py took 0.334 seconds
[2025-06-16T21:39:50.871+0000] {processor.py:161} INFO - Started process (PID=633) to work on /opt/airflow/dags/process_sales_dag.py
[2025-06-16T21:39:50.874+0000] {processor.py:830} INFO - Processing file /opt/airflow/dags/process_sales_dag.py for tasks to queue
[2025-06-16T21:39:50.879+0000] {logging_mixin.py:188} INFO - [2025-06-16T21:39:50.878+0000] {dagbag.py:545} INFO - Filling up the DagBag from /opt/airflow/dags/process_sales_dag.py
[2025-06-16T21:39:50.924+0000] {processor.py:840} INFO - DAG(s) 'process_sales' retrieved from /opt/airflow/dags/process_sales_dag.py
[2025-06-16T21:39:50.976+0000] {logging_mixin.py:188} INFO - [2025-06-16T21:39:50.975+0000] {dag.py:3096} INFO - Sync 1 DAGs
[2025-06-16T21:39:51.007+0000] {logging_mixin.py:188} INFO - [2025-06-16T21:39:51.007+0000] {dag.py:3954} INFO - Setting next_dagrun for process_sales to None, run_after=None
[2025-06-16T21:39:51.073+0000] {processor.py:183} INFO - Processing /opt/airflow/dags/process_sales_dag.py took 0.223 seconds
[2025-06-16T21:40:21.372+0000] {processor.py:161} INFO - Started process (PID=638) to work on /opt/airflow/dags/process_sales_dag.py
[2025-06-16T21:40:21.375+0000] {processor.py:830} INFO - Processing file /opt/airflow/dags/process_sales_dag.py for tasks to queue
[2025-06-16T21:40:21.380+0000] {logging_mixin.py:188} INFO - [2025-06-16T21:40:21.379+0000] {dagbag.py:545} INFO - Filling up the DagBag from /opt/airflow/dags/process_sales_dag.py
[2025-06-16T21:40:21.414+0000] {processor.py:840} INFO - DAG(s) 'process_sales' retrieved from /opt/airflow/dags/process_sales_dag.py
[2025-06-16T21:40:21.463+0000] {logging_mixin.py:188} INFO - [2025-06-16T21:40:21.463+0000] {dag.py:3096} INFO - Sync 1 DAGs
[2025-06-16T21:40:21.486+0000] {logging_mixin.py:188} INFO - [2025-06-16T21:40:21.486+0000] {dag.py:3954} INFO - Setting next_dagrun for process_sales to None, run_after=None
[2025-06-16T21:40:21.524+0000] {processor.py:183} INFO - Processing /opt/airflow/dags/process_sales_dag.py took 0.168 seconds
[2025-06-16T21:40:52.187+0000] {processor.py:161} INFO - Started process (PID=643) to work on /opt/airflow/dags/process_sales_dag.py
[2025-06-16T21:40:52.189+0000] {processor.py:830} INFO - Processing file /opt/airflow/dags/process_sales_dag.py for tasks to queue
[2025-06-16T21:40:52.195+0000] {logging_mixin.py:188} INFO - [2025-06-16T21:40:52.194+0000] {dagbag.py:545} INFO - Filling up the DagBag from /opt/airflow/dags/process_sales_dag.py
[2025-06-16T21:40:52.260+0000] {processor.py:840} INFO - DAG(s) 'process_sales' retrieved from /opt/airflow/dags/process_sales_dag.py
[2025-06-16T21:40:52.343+0000] {logging_mixin.py:188} INFO - [2025-06-16T21:40:52.343+0000] {dag.py:3096} INFO - Sync 1 DAGs
[2025-06-16T21:40:52.397+0000] {logging_mixin.py:188} INFO - [2025-06-16T21:40:52.396+0000] {dag.py:3954} INFO - Setting next_dagrun for process_sales to None, run_after=None
[2025-06-16T21:40:52.469+0000] {processor.py:183} INFO - Processing /opt/airflow/dags/process_sales_dag.py took 0.294 seconds
[2025-06-16T21:41:22.865+0000] {processor.py:161} INFO - Started process (PID=648) to work on /opt/airflow/dags/process_sales_dag.py
[2025-06-16T21:41:22.867+0000] {processor.py:830} INFO - Processing file /opt/airflow/dags/process_sales_dag.py for tasks to queue
[2025-06-16T21:41:22.872+0000] {logging_mixin.py:188} INFO - [2025-06-16T21:41:22.871+0000] {dagbag.py:545} INFO - Filling up the DagBag from /opt/airflow/dags/process_sales_dag.py
[2025-06-16T21:41:22.906+0000] {processor.py:840} INFO - DAG(s) 'process_sales' retrieved from /opt/airflow/dags/process_sales_dag.py
[2025-06-16T21:41:22.959+0000] {logging_mixin.py:188} INFO - [2025-06-16T21:41:22.958+0000] {dag.py:3096} INFO - Sync 1 DAGs
[2025-06-16T21:41:22.978+0000] {logging_mixin.py:188} INFO - [2025-06-16T21:41:22.978+0000] {dag.py:3954} INFO - Setting next_dagrun for process_sales to None, run_after=None
[2025-06-16T21:41:23.015+0000] {processor.py:183} INFO - Processing /opt/airflow/dags/process_sales_dag.py took 0.163 seconds
[2025-06-16T21:41:53.650+0000] {processor.py:161} INFO - Started process (PID=653) to work on /opt/airflow/dags/process_sales_dag.py
[2025-06-16T21:41:53.654+0000] {processor.py:830} INFO - Processing file /opt/airflow/dags/process_sales_dag.py for tasks to queue
[2025-06-16T21:41:53.661+0000] {logging_mixin.py:188} INFO - [2025-06-16T21:41:53.659+0000] {dagbag.py:545} INFO - Filling up the DagBag from /opt/airflow/dags/process_sales_dag.py
[2025-06-16T21:41:53.744+0000] {processor.py:840} INFO - DAG(s) 'process_sales' retrieved from /opt/airflow/dags/process_sales_dag.py
[2025-06-16T21:41:53.824+0000] {logging_mixin.py:188} INFO - [2025-06-16T21:41:53.824+0000] {dag.py:3096} INFO - Sync 1 DAGs
[2025-06-16T21:41:53.854+0000] {logging_mixin.py:188} INFO - [2025-06-16T21:41:53.854+0000] {dag.py:3954} INFO - Setting next_dagrun for process_sales to None, run_after=None
[2025-06-16T21:41:53.901+0000] {processor.py:183} INFO - Processing /opt/airflow/dags/process_sales_dag.py took 0.281 seconds
[2025-06-16T21:42:24.786+0000] {processor.py:161} INFO - Started process (PID=658) to work on /opt/airflow/dags/process_sales_dag.py
[2025-06-16T21:42:24.789+0000] {processor.py:830} INFO - Processing file /opt/airflow/dags/process_sales_dag.py for tasks to queue
[2025-06-16T21:42:24.795+0000] {logging_mixin.py:188} INFO - [2025-06-16T21:42:24.794+0000] {dagbag.py:545} INFO - Filling up the DagBag from /opt/airflow/dags/process_sales_dag.py
[2025-06-16T21:42:24.855+0000] {processor.py:840} INFO - DAG(s) 'process_sales' retrieved from /opt/airflow/dags/process_sales_dag.py
[2025-06-16T21:42:24.950+0000] {logging_mixin.py:188} INFO - [2025-06-16T21:42:24.950+0000] {dag.py:3096} INFO - Sync 1 DAGs
[2025-06-16T21:42:24.991+0000] {logging_mixin.py:188} INFO - [2025-06-16T21:42:24.990+0000] {dag.py:3954} INFO - Setting next_dagrun for process_sales to None, run_after=None
[2025-06-16T21:42:25.072+0000] {processor.py:183} INFO - Processing /opt/airflow/dags/process_sales_dag.py took 0.312 seconds
[2025-06-16T21:42:56.198+0000] {processor.py:161} INFO - Started process (PID=663) to work on /opt/airflow/dags/process_sales_dag.py
[2025-06-16T21:42:56.205+0000] {processor.py:830} INFO - Processing file /opt/airflow/dags/process_sales_dag.py for tasks to queue
[2025-06-16T21:42:56.220+0000] {logging_mixin.py:188} INFO - [2025-06-16T21:42:56.218+0000] {dagbag.py:545} INFO - Filling up the DagBag from /opt/airflow/dags/process_sales_dag.py
[2025-06-16T21:42:56.323+0000] {processor.py:840} INFO - DAG(s) 'process_sales' retrieved from /opt/airflow/dags/process_sales_dag.py
[2025-06-16T21:42:56.436+0000] {logging_mixin.py:188} INFO - [2025-06-16T21:42:56.435+0000] {dag.py:3096} INFO - Sync 1 DAGs
[2025-06-16T21:42:56.489+0000] {logging_mixin.py:188} INFO - [2025-06-16T21:42:56.488+0000] {dag.py:3954} INFO - Setting next_dagrun for process_sales to None, run_after=None
[2025-06-16T21:42:56.537+0000] {processor.py:183} INFO - Processing /opt/airflow/dags/process_sales_dag.py took 0.455 seconds
[2025-06-16T21:43:26.643+0000] {processor.py:161} INFO - Started process (PID=668) to work on /opt/airflow/dags/process_sales_dag.py
[2025-06-16T21:43:26.645+0000] {processor.py:830} INFO - Processing file /opt/airflow/dags/process_sales_dag.py for tasks to queue
[2025-06-16T21:43:26.649+0000] {logging_mixin.py:188} INFO - [2025-06-16T21:43:26.648+0000] {dagbag.py:545} INFO - Filling up the DagBag from /opt/airflow/dags/process_sales_dag.py
[2025-06-16T21:43:26.676+0000] {processor.py:840} INFO - DAG(s) 'process_sales' retrieved from /opt/airflow/dags/process_sales_dag.py
[2025-06-16T21:43:26.718+0000] {logging_mixin.py:188} INFO - [2025-06-16T21:43:26.718+0000] {dag.py:3096} INFO - Sync 1 DAGs
[2025-06-16T21:43:26.736+0000] {logging_mixin.py:188} INFO - [2025-06-16T21:43:26.736+0000] {dag.py:3954} INFO - Setting next_dagrun for process_sales to None, run_after=None
[2025-06-16T21:43:26.767+0000] {processor.py:183} INFO - Processing /opt/airflow/dags/process_sales_dag.py took 0.138 seconds
[2025-06-16T21:43:57.072+0000] {processor.py:161} INFO - Started process (PID=673) to work on /opt/airflow/dags/process_sales_dag.py
[2025-06-16T21:43:57.076+0000] {processor.py:830} INFO - Processing file /opt/airflow/dags/process_sales_dag.py for tasks to queue
[2025-06-16T21:43:57.083+0000] {logging_mixin.py:188} INFO - [2025-06-16T21:43:57.081+0000] {dagbag.py:545} INFO - Filling up the DagBag from /opt/airflow/dags/process_sales_dag.py
[2025-06-16T21:43:57.145+0000] {processor.py:840} INFO - DAG(s) 'process_sales' retrieved from /opt/airflow/dags/process_sales_dag.py
[2025-06-16T21:43:57.246+0000] {logging_mixin.py:188} INFO - [2025-06-16T21:43:57.245+0000] {dag.py:3096} INFO - Sync 1 DAGs
[2025-06-16T21:43:57.288+0000] {logging_mixin.py:188} INFO - [2025-06-16T21:43:57.287+0000] {dag.py:3954} INFO - Setting next_dagrun for process_sales to None, run_after=None
[2025-06-16T21:43:57.353+0000] {processor.py:183} INFO - Processing /opt/airflow/dags/process_sales_dag.py took 0.298 seconds
[2025-06-16T21:44:28.035+0000] {processor.py:161} INFO - Started process (PID=678) to work on /opt/airflow/dags/process_sales_dag.py
[2025-06-16T21:44:28.037+0000] {processor.py:830} INFO - Processing file /opt/airflow/dags/process_sales_dag.py for tasks to queue
[2025-06-16T21:44:28.042+0000] {logging_mixin.py:188} INFO - [2025-06-16T21:44:28.042+0000] {dagbag.py:545} INFO - Filling up the DagBag from /opt/airflow/dags/process_sales_dag.py
[2025-06-16T21:44:28.101+0000] {processor.py:840} INFO - DAG(s) 'process_sales' retrieved from /opt/airflow/dags/process_sales_dag.py
[2025-06-16T21:44:28.200+0000] {logging_mixin.py:188} INFO - [2025-06-16T21:44:28.200+0000] {dag.py:3096} INFO - Sync 1 DAGs
[2025-06-16T21:44:28.240+0000] {logging_mixin.py:188} INFO - [2025-06-16T21:44:28.240+0000] {dag.py:3954} INFO - Setting next_dagrun for process_sales to None, run_after=None
[2025-06-16T21:44:28.271+0000] {processor.py:183} INFO - Processing /opt/airflow/dags/process_sales_dag.py took 0.251 seconds
[2025-06-16T21:44:58.821+0000] {processor.py:161} INFO - Started process (PID=683) to work on /opt/airflow/dags/process_sales_dag.py
[2025-06-16T21:44:58.823+0000] {processor.py:830} INFO - Processing file /opt/airflow/dags/process_sales_dag.py for tasks to queue
[2025-06-16T21:44:58.828+0000] {logging_mixin.py:188} INFO - [2025-06-16T21:44:58.827+0000] {dagbag.py:545} INFO - Filling up the DagBag from /opt/airflow/dags/process_sales_dag.py
[2025-06-16T21:44:58.865+0000] {processor.py:840} INFO - DAG(s) 'process_sales' retrieved from /opt/airflow/dags/process_sales_dag.py
[2025-06-16T21:44:58.954+0000] {logging_mixin.py:188} INFO - [2025-06-16T21:44:58.954+0000] {dag.py:3096} INFO - Sync 1 DAGs
[2025-06-16T21:44:59.033+0000] {logging_mixin.py:188} INFO - [2025-06-16T21:44:59.032+0000] {dag.py:3954} INFO - Setting next_dagrun for process_sales to None, run_after=None
[2025-06-16T21:44:59.150+0000] {processor.py:183} INFO - Processing /opt/airflow/dags/process_sales_dag.py took 0.349 seconds
[2025-06-16T21:45:29.780+0000] {processor.py:161} INFO - Started process (PID=688) to work on /opt/airflow/dags/process_sales_dag.py
[2025-06-16T21:45:29.785+0000] {processor.py:830} INFO - Processing file /opt/airflow/dags/process_sales_dag.py for tasks to queue
[2025-06-16T21:45:29.804+0000] {logging_mixin.py:188} INFO - [2025-06-16T21:45:29.803+0000] {dagbag.py:545} INFO - Filling up the DagBag from /opt/airflow/dags/process_sales_dag.py
[2025-06-16T21:45:30.066+0000] {processor.py:840} INFO - DAG(s) 'process_sales' retrieved from /opt/airflow/dags/process_sales_dag.py
[2025-06-16T21:45:30.172+0000] {logging_mixin.py:188} INFO - [2025-06-16T21:45:30.172+0000] {dag.py:3096} INFO - Sync 1 DAGs
[2025-06-16T21:45:30.194+0000] {logging_mixin.py:188} INFO - [2025-06-16T21:45:30.194+0000] {dag.py:3954} INFO - Setting next_dagrun for process_sales to None, run_after=None
[2025-06-16T21:45:30.251+0000] {processor.py:183} INFO - Processing /opt/airflow/dags/process_sales_dag.py took 0.491 seconds
[2025-06-16T21:46:00.510+0000] {processor.py:161} INFO - Started process (PID=693) to work on /opt/airflow/dags/process_sales_dag.py
[2025-06-16T21:46:00.512+0000] {processor.py:830} INFO - Processing file /opt/airflow/dags/process_sales_dag.py for tasks to queue
[2025-06-16T21:46:00.519+0000] {logging_mixin.py:188} INFO - [2025-06-16T21:46:00.518+0000] {dagbag.py:545} INFO - Filling up the DagBag from /opt/airflow/dags/process_sales_dag.py
[2025-06-16T21:46:00.557+0000] {processor.py:840} INFO - DAG(s) 'process_sales' retrieved from /opt/airflow/dags/process_sales_dag.py
[2025-06-16T21:46:00.630+0000] {logging_mixin.py:188} INFO - [2025-06-16T21:46:00.629+0000] {dag.py:3096} INFO - Sync 1 DAGs
[2025-06-16T21:46:00.662+0000] {logging_mixin.py:188} INFO - [2025-06-16T21:46:00.661+0000] {dag.py:3954} INFO - Setting next_dagrun for process_sales to None, run_after=None
[2025-06-16T21:46:00.718+0000] {processor.py:183} INFO - Processing /opt/airflow/dags/process_sales_dag.py took 0.220 seconds
[2025-06-16T21:46:31.326+0000] {processor.py:161} INFO - Started process (PID=698) to work on /opt/airflow/dags/process_sales_dag.py
[2025-06-16T21:46:31.327+0000] {processor.py:830} INFO - Processing file /opt/airflow/dags/process_sales_dag.py for tasks to queue
[2025-06-16T21:46:31.332+0000] {logging_mixin.py:188} INFO - [2025-06-16T21:46:31.331+0000] {dagbag.py:545} INFO - Filling up the DagBag from /opt/airflow/dags/process_sales_dag.py
[2025-06-16T21:46:31.361+0000] {processor.py:840} INFO - DAG(s) 'process_sales' retrieved from /opt/airflow/dags/process_sales_dag.py
[2025-06-16T21:46:31.403+0000] {logging_mixin.py:188} INFO - [2025-06-16T21:46:31.402+0000] {dag.py:3096} INFO - Sync 1 DAGs
[2025-06-16T21:46:31.421+0000] {logging_mixin.py:188} INFO - [2025-06-16T21:46:31.420+0000] {dag.py:3954} INFO - Setting next_dagrun for process_sales to None, run_after=None
[2025-06-16T21:46:31.451+0000] {processor.py:183} INFO - Processing /opt/airflow/dags/process_sales_dag.py took 0.138 seconds
[2025-06-16T21:47:02.568+0000] {processor.py:161} INFO - Started process (PID=703) to work on /opt/airflow/dags/process_sales_dag.py
[2025-06-16T21:47:02.573+0000] {processor.py:830} INFO - Processing file /opt/airflow/dags/process_sales_dag.py for tasks to queue
[2025-06-16T21:47:02.585+0000] {logging_mixin.py:188} INFO - [2025-06-16T21:47:02.583+0000] {dagbag.py:545} INFO - Filling up the DagBag from /opt/airflow/dags/process_sales_dag.py
[2025-06-16T21:47:02.650+0000] {processor.py:840} INFO - DAG(s) 'process_sales' retrieved from /opt/airflow/dags/process_sales_dag.py
[2025-06-16T21:47:02.768+0000] {logging_mixin.py:188} INFO - [2025-06-16T21:47:02.767+0000] {dag.py:3096} INFO - Sync 1 DAGs
[2025-06-16T21:47:02.817+0000] {logging_mixin.py:188} INFO - [2025-06-16T21:47:02.817+0000] {dag.py:3954} INFO - Setting next_dagrun for process_sales to None, run_after=None
[2025-06-16T21:47:02.863+0000] {processor.py:183} INFO - Processing /opt/airflow/dags/process_sales_dag.py took 0.331 seconds
[2025-06-16T21:47:33.685+0000] {processor.py:161} INFO - Started process (PID=708) to work on /opt/airflow/dags/process_sales_dag.py
[2025-06-16T21:47:33.688+0000] {processor.py:830} INFO - Processing file /opt/airflow/dags/process_sales_dag.py for tasks to queue
[2025-06-16T21:47:33.694+0000] {logging_mixin.py:188} INFO - [2025-06-16T21:47:33.693+0000] {dagbag.py:545} INFO - Filling up the DagBag from /opt/airflow/dags/process_sales_dag.py
[2025-06-16T21:47:33.745+0000] {processor.py:840} INFO - DAG(s) 'process_sales' retrieved from /opt/airflow/dags/process_sales_dag.py
[2025-06-16T21:47:33.832+0000] {logging_mixin.py:188} INFO - [2025-06-16T21:47:33.832+0000] {dag.py:3096} INFO - Sync 1 DAGs
[2025-06-16T21:47:33.877+0000] {logging_mixin.py:188} INFO - [2025-06-16T21:47:33.876+0000] {dag.py:3954} INFO - Setting next_dagrun for process_sales to None, run_after=None
[2025-06-16T21:47:33.942+0000] {processor.py:183} INFO - Processing /opt/airflow/dags/process_sales_dag.py took 0.273 seconds
[2025-06-16T21:48:05.006+0000] {processor.py:161} INFO - Started process (PID=713) to work on /opt/airflow/dags/process_sales_dag.py
[2025-06-16T21:48:05.010+0000] {processor.py:830} INFO - Processing file /opt/airflow/dags/process_sales_dag.py for tasks to queue
[2025-06-16T21:48:05.017+0000] {logging_mixin.py:188} INFO - [2025-06-16T21:48:05.016+0000] {dagbag.py:545} INFO - Filling up the DagBag from /opt/airflow/dags/process_sales_dag.py
[2025-06-16T21:48:05.071+0000] {processor.py:840} INFO - DAG(s) 'process_sales' retrieved from /opt/airflow/dags/process_sales_dag.py
[2025-06-16T21:48:05.178+0000] {logging_mixin.py:188} INFO - [2025-06-16T21:48:05.175+0000] {dag.py:3096} INFO - Sync 1 DAGs
[2025-06-16T21:48:05.205+0000] {logging_mixin.py:188} INFO - [2025-06-16T21:48:05.205+0000] {dag.py:3954} INFO - Setting next_dagrun for process_sales to None, run_after=None
[2025-06-16T21:48:05.243+0000] {processor.py:183} INFO - Processing /opt/airflow/dags/process_sales_dag.py took 0.275 seconds
[2025-06-16T21:48:35.837+0000] {processor.py:161} INFO - Started process (PID=718) to work on /opt/airflow/dags/process_sales_dag.py
[2025-06-16T21:48:35.840+0000] {processor.py:830} INFO - Processing file /opt/airflow/dags/process_sales_dag.py for tasks to queue
[2025-06-16T21:48:35.850+0000] {logging_mixin.py:188} INFO - [2025-06-16T21:48:35.849+0000] {dagbag.py:545} INFO - Filling up the DagBag from /opt/airflow/dags/process_sales_dag.py
[2025-06-16T21:48:35.895+0000] {processor.py:840} INFO - DAG(s) 'process_sales' retrieved from /opt/airflow/dags/process_sales_dag.py
[2025-06-16T21:48:35.952+0000] {logging_mixin.py:188} INFO - [2025-06-16T21:48:35.951+0000] {dag.py:3096} INFO - Sync 1 DAGs
[2025-06-16T21:48:35.974+0000] {logging_mixin.py:188} INFO - [2025-06-16T21:48:35.974+0000] {dag.py:3954} INFO - Setting next_dagrun for process_sales to None, run_after=None
[2025-06-16T21:48:36.028+0000] {processor.py:183} INFO - Processing /opt/airflow/dags/process_sales_dag.py took 0.219 seconds
