[2025-06-18T06:31:22.495+0000] {processor.py:161} INFO - Started process (PID=2388) to work on /opt/airflow/dags/enrich_user_profiles_dag.py
[2025-06-18T06:31:22.497+0000] {processor.py:830} INFO - Processing file /opt/airflow/dags/enrich_user_profiles_dag.py for tasks to queue
[2025-06-18T06:31:22.500+0000] {logging_mixin.py:188} INFO - [2025-06-18T06:31:22.500+0000] {dagbag.py:545} INFO - Filling up the DagBag from /opt/airflow/dags/enrich_user_profiles_dag.py
[2025-06-18T06:31:22.550+0000] {processor.py:840} INFO - DAG(s) 'enrich_user_profiles' retrieved from /opt/airflow/dags/enrich_user_profiles_dag.py
[2025-06-18T06:31:23.415+0000] {logging_mixin.py:188} INFO - [2025-06-18T06:31:23.413+0000] {override.py:1829} INFO - Created Permission View: can read on DAG:enrich_user_profiles
[2025-06-18T06:31:23.430+0000] {logging_mixin.py:188} INFO - [2025-06-18T06:31:23.429+0000] {override.py:1829} INFO - Created Permission View: can delete on DAG:enrich_user_profiles
[2025-06-18T06:31:23.441+0000] {logging_mixin.py:188} INFO - [2025-06-18T06:31:23.441+0000] {override.py:1829} INFO - Created Permission View: can edit on DAG:enrich_user_profiles
[2025-06-18T06:31:23.442+0000] {logging_mixin.py:188} INFO - [2025-06-18T06:31:23.442+0000] {dag.py:3096} INFO - Sync 1 DAGs
[2025-06-18T06:31:23.458+0000] {logging_mixin.py:188} INFO - [2025-06-18T06:31:23.457+0000] {dag.py:3118} INFO - Creating ORM DAG for enrich_user_profiles
[2025-06-18T06:31:23.459+0000] {logging_mixin.py:188} INFO - [2025-06-18T06:31:23.459+0000] {dag.py:3954} INFO - Setting next_dagrun for enrich_user_profiles to None, run_after=None
[2025-06-18T06:31:23.487+0000] {processor.py:183} INFO - Processing /opt/airflow/dags/enrich_user_profiles_dag.py took 1.006 seconds
[2025-06-18T06:31:54.188+0000] {processor.py:161} INFO - Started process (PID=2403) to work on /opt/airflow/dags/enrich_user_profiles_dag.py
[2025-06-18T06:31:54.191+0000] {processor.py:830} INFO - Processing file /opt/airflow/dags/enrich_user_profiles_dag.py for tasks to queue
[2025-06-18T06:31:54.196+0000] {logging_mixin.py:188} INFO - [2025-06-18T06:31:54.195+0000] {dagbag.py:545} INFO - Filling up the DagBag from /opt/airflow/dags/enrich_user_profiles_dag.py
[2025-06-18T06:31:54.224+0000] {processor.py:840} INFO - DAG(s) 'enrich_user_profiles' retrieved from /opt/airflow/dags/enrich_user_profiles_dag.py
[2025-06-18T06:31:54.280+0000] {logging_mixin.py:188} INFO - [2025-06-18T06:31:54.280+0000] {dag.py:3096} INFO - Sync 1 DAGs
[2025-06-18T06:31:54.307+0000] {logging_mixin.py:188} INFO - [2025-06-18T06:31:54.307+0000] {dag.py:3954} INFO - Setting next_dagrun for enrich_user_profiles to None, run_after=None
[2025-06-18T06:31:54.358+0000] {processor.py:183} INFO - Processing /opt/airflow/dags/enrich_user_profiles_dag.py took 0.181 seconds
[2025-06-18T06:32:24.840+0000] {processor.py:161} INFO - Started process (PID=2418) to work on /opt/airflow/dags/enrich_user_profiles_dag.py
[2025-06-18T06:32:24.842+0000] {processor.py:830} INFO - Processing file /opt/airflow/dags/enrich_user_profiles_dag.py for tasks to queue
[2025-06-18T06:32:24.849+0000] {logging_mixin.py:188} INFO - [2025-06-18T06:32:24.848+0000] {dagbag.py:545} INFO - Filling up the DagBag from /opt/airflow/dags/enrich_user_profiles_dag.py
[2025-06-18T06:32:24.896+0000] {processor.py:840} INFO - DAG(s) 'enrich_user_profiles' retrieved from /opt/airflow/dags/enrich_user_profiles_dag.py
[2025-06-18T06:32:24.962+0000] {logging_mixin.py:188} INFO - [2025-06-18T06:32:24.962+0000] {dag.py:3096} INFO - Sync 1 DAGs
[2025-06-18T06:32:24.993+0000] {logging_mixin.py:188} INFO - [2025-06-18T06:32:24.992+0000] {dag.py:3954} INFO - Setting next_dagrun for enrich_user_profiles to None, run_after=None
[2025-06-18T06:32:25.038+0000] {processor.py:183} INFO - Processing /opt/airflow/dags/enrich_user_profiles_dag.py took 0.214 seconds
[2025-06-18T06:32:56.012+0000] {processor.py:161} INFO - Started process (PID=2433) to work on /opt/airflow/dags/enrich_user_profiles_dag.py
[2025-06-18T06:32:56.016+0000] {processor.py:830} INFO - Processing file /opt/airflow/dags/enrich_user_profiles_dag.py for tasks to queue
[2025-06-18T06:32:56.026+0000] {logging_mixin.py:188} INFO - [2025-06-18T06:32:56.025+0000] {dagbag.py:545} INFO - Filling up the DagBag from /opt/airflow/dags/enrich_user_profiles_dag.py
[2025-06-18T06:32:56.089+0000] {processor.py:840} INFO - DAG(s) 'enrich_user_profiles' retrieved from /opt/airflow/dags/enrich_user_profiles_dag.py
[2025-06-18T06:32:56.236+0000] {logging_mixin.py:188} INFO - [2025-06-18T06:32:56.235+0000] {dag.py:3096} INFO - Sync 1 DAGs
[2025-06-18T06:32:56.284+0000] {logging_mixin.py:188} INFO - [2025-06-18T06:32:56.283+0000] {dag.py:3954} INFO - Setting next_dagrun for enrich_user_profiles to None, run_after=None
[2025-06-18T06:32:56.336+0000] {processor.py:183} INFO - Processing /opt/airflow/dags/enrich_user_profiles_dag.py took 0.346 seconds
[2025-06-18T06:43:50.111+0000] {processor.py:161} INFO - Started process (PID=158) to work on /opt/airflow/dags/enrich_user_profiles_dag.py
[2025-06-18T06:43:50.134+0000] {processor.py:830} INFO - Processing file /opt/airflow/dags/enrich_user_profiles_dag.py for tasks to queue
[2025-06-18T06:43:50.155+0000] {logging_mixin.py:188} INFO - [2025-06-18T06:43:50.153+0000] {dagbag.py:545} INFO - Filling up the DagBag from /opt/airflow/dags/enrich_user_profiles_dag.py
[2025-06-18T06:43:50.295+0000] {processor.py:840} INFO - DAG(s) 'enrich_user_profiles' retrieved from /opt/airflow/dags/enrich_user_profiles_dag.py
[2025-06-18T06:43:51.495+0000] {logging_mixin.py:188} INFO - [2025-06-18T06:43:51.495+0000] {dag.py:3096} INFO - Sync 1 DAGs
[2025-06-18T06:43:51.667+0000] {logging_mixin.py:188} INFO - [2025-06-18T06:43:51.667+0000] {dag.py:3954} INFO - Setting next_dagrun for enrich_user_profiles to None, run_after=None
[2025-06-18T06:43:51.968+0000] {processor.py:183} INFO - Processing /opt/airflow/dags/enrich_user_profiles_dag.py took 1.962 seconds
[2025-06-18T06:44:25.299+0000] {processor.py:161} INFO - Started process (PID=226) to work on /opt/airflow/dags/enrich_user_profiles_dag.py
[2025-06-18T06:44:25.321+0000] {processor.py:830} INFO - Processing file /opt/airflow/dags/enrich_user_profiles_dag.py for tasks to queue
[2025-06-18T06:44:25.472+0000] {logging_mixin.py:188} INFO - [2025-06-18T06:44:25.440+0000] {dagbag.py:545} INFO - Filling up the DagBag from /opt/airflow/dags/enrich_user_profiles_dag.py
[2025-06-18T06:44:26.922+0000] {processor.py:840} INFO - DAG(s) 'enrich_user_profiles' retrieved from /opt/airflow/dags/enrich_user_profiles_dag.py
[2025-06-18T06:44:28.289+0000] {logging_mixin.py:188} INFO - [2025-06-18T06:44:28.288+0000] {dag.py:3096} INFO - Sync 1 DAGs
[2025-06-18T06:44:28.504+0000] {logging_mixin.py:188} INFO - [2025-06-18T06:44:28.502+0000] {dag.py:3954} INFO - Setting next_dagrun for enrich_user_profiles to None, run_after=None
[2025-06-18T06:44:28.644+0000] {processor.py:183} INFO - Processing /opt/airflow/dags/enrich_user_profiles_dag.py took 3.793 seconds
[2025-06-18T06:45:00.321+0000] {processor.py:161} INFO - Started process (PID=287) to work on /opt/airflow/dags/enrich_user_profiles_dag.py
[2025-06-18T06:45:00.381+0000] {processor.py:830} INFO - Processing file /opt/airflow/dags/enrich_user_profiles_dag.py for tasks to queue
[2025-06-18T06:45:01.342+0000] {logging_mixin.py:188} INFO - [2025-06-18T06:45:00.771+0000] {dagbag.py:545} INFO - Filling up the DagBag from /opt/airflow/dags/enrich_user_profiles_dag.py
[2025-06-18T06:45:03.400+0000] {processor.py:840} INFO - DAG(s) 'enrich_user_profiles' retrieved from /opt/airflow/dags/enrich_user_profiles_dag.py
[2025-06-18T06:45:04.044+0000] {logging_mixin.py:188} INFO - [2025-06-18T06:45:04.044+0000] {dag.py:3096} INFO - Sync 1 DAGs
[2025-06-18T06:45:04.336+0000] {logging_mixin.py:188} INFO - [2025-06-18T06:45:04.336+0000] {dag.py:3954} INFO - Setting next_dagrun for enrich_user_profiles to None, run_after=None
[2025-06-18T06:45:04.667+0000] {processor.py:183} INFO - Processing /opt/airflow/dags/enrich_user_profiles_dag.py took 4.838 seconds
[2025-06-18T06:45:35.859+0000] {processor.py:161} INFO - Started process (PID=318) to work on /opt/airflow/dags/enrich_user_profiles_dag.py
[2025-06-18T06:45:35.898+0000] {processor.py:830} INFO - Processing file /opt/airflow/dags/enrich_user_profiles_dag.py for tasks to queue
[2025-06-18T06:45:36.050+0000] {logging_mixin.py:188} INFO - [2025-06-18T06:45:36.013+0000] {dagbag.py:545} INFO - Filling up the DagBag from /opt/airflow/dags/enrich_user_profiles_dag.py
[2025-06-18T06:45:37.585+0000] {processor.py:840} INFO - DAG(s) 'enrich_user_profiles' retrieved from /opt/airflow/dags/enrich_user_profiles_dag.py
[2025-06-18T06:45:39.871+0000] {logging_mixin.py:188} INFO - [2025-06-18T06:45:39.864+0000] {dag.py:3096} INFO - Sync 1 DAGs
[2025-06-18T06:45:41.720+0000] {logging_mixin.py:188} INFO - [2025-06-18T06:45:41.720+0000] {dag.py:3954} INFO - Setting next_dagrun for enrich_user_profiles to None, run_after=None
[2025-06-18T06:45:43.732+0000] {processor.py:183} INFO - Processing /opt/airflow/dags/enrich_user_profiles_dag.py took 8.174 seconds
[2025-06-18T06:46:14.713+0000] {processor.py:161} INFO - Started process (PID=482) to work on /opt/airflow/dags/enrich_user_profiles_dag.py
[2025-06-18T06:46:14.723+0000] {processor.py:830} INFO - Processing file /opt/airflow/dags/enrich_user_profiles_dag.py for tasks to queue
[2025-06-18T06:46:14.733+0000] {logging_mixin.py:188} INFO - [2025-06-18T06:46:14.732+0000] {dagbag.py:545} INFO - Filling up the DagBag from /opt/airflow/dags/enrich_user_profiles_dag.py
[2025-06-18T06:46:14.899+0000] {processor.py:840} INFO - DAG(s) 'enrich_user_profiles' retrieved from /opt/airflow/dags/enrich_user_profiles_dag.py
[2025-06-18T06:46:15.127+0000] {logging_mixin.py:188} INFO - [2025-06-18T06:46:15.127+0000] {dag.py:3096} INFO - Sync 1 DAGs
[2025-06-18T06:46:15.307+0000] {logging_mixin.py:188} INFO - [2025-06-18T06:46:15.306+0000] {dag.py:3954} INFO - Setting next_dagrun for enrich_user_profiles to None, run_after=None
[2025-06-18T06:46:15.476+0000] {processor.py:183} INFO - Processing /opt/airflow/dags/enrich_user_profiles_dag.py took 0.820 seconds
[2025-06-18T06:46:46.279+0000] {processor.py:161} INFO - Started process (PID=569) to work on /opt/airflow/dags/enrich_user_profiles_dag.py
[2025-06-18T06:46:46.296+0000] {processor.py:830} INFO - Processing file /opt/airflow/dags/enrich_user_profiles_dag.py for tasks to queue
[2025-06-18T06:46:46.314+0000] {logging_mixin.py:188} INFO - [2025-06-18T06:46:46.311+0000] {dagbag.py:545} INFO - Filling up the DagBag from /opt/airflow/dags/enrich_user_profiles_dag.py
[2025-06-18T06:46:46.499+0000] {processor.py:840} INFO - DAG(s) 'enrich_user_profiles' retrieved from /opt/airflow/dags/enrich_user_profiles_dag.py
[2025-06-18T06:46:46.723+0000] {logging_mixin.py:188} INFO - [2025-06-18T06:46:46.722+0000] {dag.py:3096} INFO - Sync 1 DAGs
[2025-06-18T06:46:46.757+0000] {logging_mixin.py:188} INFO - [2025-06-18T06:46:46.757+0000] {dag.py:3954} INFO - Setting next_dagrun for enrich_user_profiles to None, run_after=None
[2025-06-18T06:46:46.827+0000] {processor.py:183} INFO - Processing /opt/airflow/dags/enrich_user_profiles_dag.py took 0.605 seconds
[2025-06-18T06:47:17.750+0000] {processor.py:161} INFO - Started process (PID=584) to work on /opt/airflow/dags/enrich_user_profiles_dag.py
[2025-06-18T06:47:17.754+0000] {processor.py:830} INFO - Processing file /opt/airflow/dags/enrich_user_profiles_dag.py for tasks to queue
[2025-06-18T06:47:17.763+0000] {logging_mixin.py:188} INFO - [2025-06-18T06:47:17.762+0000] {dagbag.py:545} INFO - Filling up the DagBag from /opt/airflow/dags/enrich_user_profiles_dag.py
[2025-06-18T06:47:17.864+0000] {processor.py:840} INFO - DAG(s) 'enrich_user_profiles' retrieved from /opt/airflow/dags/enrich_user_profiles_dag.py
[2025-06-18T06:47:17.984+0000] {logging_mixin.py:188} INFO - [2025-06-18T06:47:17.984+0000] {dag.py:3096} INFO - Sync 1 DAGs
[2025-06-18T06:47:18.046+0000] {logging_mixin.py:188} INFO - [2025-06-18T06:47:18.045+0000] {dag.py:3954} INFO - Setting next_dagrun for enrich_user_profiles to None, run_after=None
[2025-06-18T06:47:18.220+0000] {processor.py:183} INFO - Processing /opt/airflow/dags/enrich_user_profiles_dag.py took 0.498 seconds
[2025-06-18T06:47:49.057+0000] {processor.py:161} INFO - Started process (PID=599) to work on /opt/airflow/dags/enrich_user_profiles_dag.py
[2025-06-18T06:47:49.063+0000] {processor.py:830} INFO - Processing file /opt/airflow/dags/enrich_user_profiles_dag.py for tasks to queue
[2025-06-18T06:47:49.070+0000] {logging_mixin.py:188} INFO - [2025-06-18T06:47:49.068+0000] {dagbag.py:545} INFO - Filling up the DagBag from /opt/airflow/dags/enrich_user_profiles_dag.py
[2025-06-18T06:47:49.153+0000] {processor.py:840} INFO - DAG(s) 'enrich_user_profiles' retrieved from /opt/airflow/dags/enrich_user_profiles_dag.py
[2025-06-18T06:47:49.253+0000] {logging_mixin.py:188} INFO - [2025-06-18T06:47:49.253+0000] {dag.py:3096} INFO - Sync 1 DAGs
[2025-06-18T06:47:49.290+0000] {logging_mixin.py:188} INFO - [2025-06-18T06:47:49.290+0000] {dag.py:3954} INFO - Setting next_dagrun for enrich_user_profiles to None, run_after=None
[2025-06-18T06:47:49.337+0000] {processor.py:183} INFO - Processing /opt/airflow/dags/enrich_user_profiles_dag.py took 0.307 seconds
[2025-06-18T06:48:20.139+0000] {processor.py:161} INFO - Started process (PID=732) to work on /opt/airflow/dags/enrich_user_profiles_dag.py
[2025-06-18T06:48:20.204+0000] {processor.py:830} INFO - Processing file /opt/airflow/dags/enrich_user_profiles_dag.py for tasks to queue
[2025-06-18T06:48:20.314+0000] {logging_mixin.py:188} INFO - [2025-06-18T06:48:20.305+0000] {dagbag.py:545} INFO - Filling up the DagBag from /opt/airflow/dags/enrich_user_profiles_dag.py
[2025-06-18T06:48:20.719+0000] {processor.py:840} INFO - DAG(s) 'enrich_user_profiles' retrieved from /opt/airflow/dags/enrich_user_profiles_dag.py
[2025-06-18T06:48:21.764+0000] {logging_mixin.py:188} INFO - [2025-06-18T06:48:21.764+0000] {dag.py:3096} INFO - Sync 1 DAGs
[2025-06-18T06:48:22.059+0000] {logging_mixin.py:188} INFO - [2025-06-18T06:48:22.058+0000] {dag.py:3954} INFO - Setting next_dagrun for enrich_user_profiles to None, run_after=None
[2025-06-18T06:48:22.234+0000] {processor.py:183} INFO - Processing /opt/airflow/dags/enrich_user_profiles_dag.py took 2.132 seconds
[2025-06-18T06:48:52.912+0000] {processor.py:161} INFO - Started process (PID=791) to work on /opt/airflow/dags/enrich_user_profiles_dag.py
[2025-06-18T06:48:52.917+0000] {processor.py:830} INFO - Processing file /opt/airflow/dags/enrich_user_profiles_dag.py for tasks to queue
[2025-06-18T06:48:52.933+0000] {logging_mixin.py:188} INFO - [2025-06-18T06:48:52.931+0000] {dagbag.py:545} INFO - Filling up the DagBag from /opt/airflow/dags/enrich_user_profiles_dag.py
[2025-06-18T06:48:53.133+0000] {processor.py:840} INFO - DAG(s) 'enrich_user_profiles' retrieved from /opt/airflow/dags/enrich_user_profiles_dag.py
[2025-06-18T06:48:54.183+0000] {logging_mixin.py:188} INFO - [2025-06-18T06:48:54.182+0000] {dag.py:3096} INFO - Sync 1 DAGs
[2025-06-18T06:48:54.248+0000] {logging_mixin.py:188} INFO - [2025-06-18T06:48:54.247+0000] {dag.py:3954} INFO - Setting next_dagrun for enrich_user_profiles to None, run_after=None
[2025-06-18T06:48:54.313+0000] {processor.py:183} INFO - Processing /opt/airflow/dags/enrich_user_profiles_dag.py took 1.440 seconds
[2025-06-18T06:49:24.699+0000] {processor.py:161} INFO - Started process (PID=806) to work on /opt/airflow/dags/enrich_user_profiles_dag.py
[2025-06-18T06:49:24.701+0000] {processor.py:830} INFO - Processing file /opt/airflow/dags/enrich_user_profiles_dag.py for tasks to queue
[2025-06-18T06:49:24.723+0000] {logging_mixin.py:188} INFO - [2025-06-18T06:49:24.710+0000] {dagbag.py:545} INFO - Filling up the DagBag from /opt/airflow/dags/enrich_user_profiles_dag.py
[2025-06-18T06:49:24.819+0000] {processor.py:840} INFO - DAG(s) 'enrich_user_profiles' retrieved from /opt/airflow/dags/enrich_user_profiles_dag.py
[2025-06-18T06:49:24.875+0000] {logging_mixin.py:188} INFO - [2025-06-18T06:49:24.874+0000] {dag.py:3096} INFO - Sync 1 DAGs
[2025-06-18T06:49:29.134+0000] {logging_mixin.py:188} INFO - [2025-06-18T06:49:29.134+0000] {dag.py:3954} INFO - Setting next_dagrun for enrich_user_profiles to None, run_after=None
[2025-06-18T06:49:29.194+0000] {processor.py:183} INFO - Processing /opt/airflow/dags/enrich_user_profiles_dag.py took 4.507 seconds
[2025-06-18T06:50:00.224+0000] {processor.py:161} INFO - Started process (PID=821) to work on /opt/airflow/dags/enrich_user_profiles_dag.py
[2025-06-18T06:50:00.228+0000] {processor.py:830} INFO - Processing file /opt/airflow/dags/enrich_user_profiles_dag.py for tasks to queue
[2025-06-18T06:50:00.235+0000] {logging_mixin.py:188} INFO - [2025-06-18T06:50:00.234+0000] {dagbag.py:545} INFO - Filling up the DagBag from /opt/airflow/dags/enrich_user_profiles_dag.py
[2025-06-18T06:50:00.300+0000] {processor.py:840} INFO - DAG(s) 'enrich_user_profiles' retrieved from /opt/airflow/dags/enrich_user_profiles_dag.py
[2025-06-18T06:50:00.767+0000] {logging_mixin.py:188} INFO - [2025-06-18T06:50:00.766+0000] {dag.py:3096} INFO - Sync 1 DAGs
[2025-06-18T06:50:00.796+0000] {logging_mixin.py:188} INFO - [2025-06-18T06:50:00.796+0000] {dag.py:3954} INFO - Setting next_dagrun for enrich_user_profiles to None, run_after=None
[2025-06-18T06:50:00.843+0000] {processor.py:183} INFO - Processing /opt/airflow/dags/enrich_user_profiles_dag.py took 0.660 seconds
[2025-06-18T06:50:31.375+0000] {processor.py:161} INFO - Started process (PID=836) to work on /opt/airflow/dags/enrich_user_profiles_dag.py
[2025-06-18T06:50:31.382+0000] {processor.py:830} INFO - Processing file /opt/airflow/dags/enrich_user_profiles_dag.py for tasks to queue
[2025-06-18T06:50:31.392+0000] {logging_mixin.py:188} INFO - [2025-06-18T06:50:31.387+0000] {dagbag.py:545} INFO - Filling up the DagBag from /opt/airflow/dags/enrich_user_profiles_dag.py
[2025-06-18T06:50:31.837+0000] {processor.py:840} INFO - DAG(s) 'enrich_user_profiles' retrieved from /opt/airflow/dags/enrich_user_profiles_dag.py
[2025-06-18T06:50:31.907+0000] {logging_mixin.py:188} INFO - [2025-06-18T06:50:31.907+0000] {dag.py:3096} INFO - Sync 1 DAGs
[2025-06-18T06:50:31.930+0000] {logging_mixin.py:188} INFO - [2025-06-18T06:50:31.930+0000] {dag.py:3954} INFO - Setting next_dagrun for enrich_user_profiles to None, run_after=None
[2025-06-18T06:50:32.005+0000] {processor.py:183} INFO - Processing /opt/airflow/dags/enrich_user_profiles_dag.py took 0.663 seconds
[2025-06-18T06:51:02.521+0000] {processor.py:161} INFO - Started process (PID=851) to work on /opt/airflow/dags/enrich_user_profiles_dag.py
[2025-06-18T06:51:02.524+0000] {processor.py:830} INFO - Processing file /opt/airflow/dags/enrich_user_profiles_dag.py for tasks to queue
[2025-06-18T06:51:02.529+0000] {logging_mixin.py:188} INFO - [2025-06-18T06:51:02.528+0000] {dagbag.py:545} INFO - Filling up the DagBag from /opt/airflow/dags/enrich_user_profiles_dag.py
[2025-06-18T06:51:02.566+0000] {processor.py:840} INFO - DAG(s) 'enrich_user_profiles' retrieved from /opt/airflow/dags/enrich_user_profiles_dag.py
[2025-06-18T06:51:02.628+0000] {logging_mixin.py:188} INFO - [2025-06-18T06:51:02.627+0000] {dag.py:3096} INFO - Sync 1 DAGs
[2025-06-18T06:51:02.651+0000] {logging_mixin.py:188} INFO - [2025-06-18T06:51:02.651+0000] {dag.py:3954} INFO - Setting next_dagrun for enrich_user_profiles to None, run_after=None
[2025-06-18T06:51:02.691+0000] {processor.py:183} INFO - Processing /opt/airflow/dags/enrich_user_profiles_dag.py took 0.192 seconds
[2025-06-18T06:51:32.920+0000] {processor.py:161} INFO - Started process (PID=866) to work on /opt/airflow/dags/enrich_user_profiles_dag.py
[2025-06-18T06:51:32.922+0000] {processor.py:830} INFO - Processing file /opt/airflow/dags/enrich_user_profiles_dag.py for tasks to queue
[2025-06-18T06:51:32.927+0000] {logging_mixin.py:188} INFO - [2025-06-18T06:51:32.927+0000] {dagbag.py:545} INFO - Filling up the DagBag from /opt/airflow/dags/enrich_user_profiles_dag.py
[2025-06-18T06:51:32.982+0000] {processor.py:840} INFO - DAG(s) 'enrich_user_profiles' retrieved from /opt/airflow/dags/enrich_user_profiles_dag.py
[2025-06-18T06:51:33.045+0000] {logging_mixin.py:188} INFO - [2025-06-18T06:51:33.045+0000] {dag.py:3096} INFO - Sync 1 DAGs
[2025-06-18T06:51:33.070+0000] {logging_mixin.py:188} INFO - [2025-06-18T06:51:33.070+0000] {dag.py:3954} INFO - Setting next_dagrun for enrich_user_profiles to None, run_after=None
[2025-06-18T06:51:33.118+0000] {processor.py:183} INFO - Processing /opt/airflow/dags/enrich_user_profiles_dag.py took 0.213 seconds
[2025-06-18T06:52:03.660+0000] {processor.py:161} INFO - Started process (PID=881) to work on /opt/airflow/dags/enrich_user_profiles_dag.py
[2025-06-18T06:52:03.662+0000] {processor.py:830} INFO - Processing file /opt/airflow/dags/enrich_user_profiles_dag.py for tasks to queue
[2025-06-18T06:52:03.678+0000] {logging_mixin.py:188} INFO - [2025-06-18T06:52:03.667+0000] {dagbag.py:545} INFO - Filling up the DagBag from /opt/airflow/dags/enrich_user_profiles_dag.py
[2025-06-18T06:52:03.734+0000] {processor.py:840} INFO - DAG(s) 'enrich_user_profiles' retrieved from /opt/airflow/dags/enrich_user_profiles_dag.py
[2025-06-18T06:52:03.837+0000] {logging_mixin.py:188} INFO - [2025-06-18T06:52:03.837+0000] {dag.py:3096} INFO - Sync 1 DAGs
[2025-06-18T06:52:03.876+0000] {logging_mixin.py:188} INFO - [2025-06-18T06:52:03.875+0000] {dag.py:3954} INFO - Setting next_dagrun for enrich_user_profiles to None, run_after=None
[2025-06-18T06:52:03.931+0000] {processor.py:183} INFO - Processing /opt/airflow/dags/enrich_user_profiles_dag.py took 0.288 seconds
[2025-06-18T06:52:34.642+0000] {processor.py:161} INFO - Started process (PID=896) to work on /opt/airflow/dags/enrich_user_profiles_dag.py
[2025-06-18T06:52:34.645+0000] {processor.py:830} INFO - Processing file /opt/airflow/dags/enrich_user_profiles_dag.py for tasks to queue
[2025-06-18T06:52:34.650+0000] {logging_mixin.py:188} INFO - [2025-06-18T06:52:34.649+0000] {dagbag.py:545} INFO - Filling up the DagBag from /opt/airflow/dags/enrich_user_profiles_dag.py
[2025-06-18T06:52:34.695+0000] {processor.py:840} INFO - DAG(s) 'enrich_user_profiles' retrieved from /opt/airflow/dags/enrich_user_profiles_dag.py
[2025-06-18T06:52:34.749+0000] {logging_mixin.py:188} INFO - [2025-06-18T06:52:34.748+0000] {dag.py:3096} INFO - Sync 1 DAGs
[2025-06-18T06:52:34.774+0000] {logging_mixin.py:188} INFO - [2025-06-18T06:52:34.774+0000] {dag.py:3954} INFO - Setting next_dagrun for enrich_user_profiles to None, run_after=None
[2025-06-18T06:52:34.808+0000] {processor.py:183} INFO - Processing /opt/airflow/dags/enrich_user_profiles_dag.py took 0.180 seconds
[2025-06-18T06:53:05.559+0000] {processor.py:161} INFO - Started process (PID=911) to work on /opt/airflow/dags/enrich_user_profiles_dag.py
[2025-06-18T06:53:05.564+0000] {processor.py:830} INFO - Processing file /opt/airflow/dags/enrich_user_profiles_dag.py for tasks to queue
[2025-06-18T06:53:05.572+0000] {logging_mixin.py:188} INFO - [2025-06-18T06:53:05.570+0000] {dagbag.py:545} INFO - Filling up the DagBag from /opt/airflow/dags/enrich_user_profiles_dag.py
[2025-06-18T06:53:05.653+0000] {processor.py:840} INFO - DAG(s) 'enrich_user_profiles' retrieved from /opt/airflow/dags/enrich_user_profiles_dag.py
[2025-06-18T06:53:05.776+0000] {logging_mixin.py:188} INFO - [2025-06-18T06:53:05.775+0000] {dag.py:3096} INFO - Sync 1 DAGs
[2025-06-18T06:53:05.831+0000] {logging_mixin.py:188} INFO - [2025-06-18T06:53:05.831+0000] {dag.py:3954} INFO - Setting next_dagrun for enrich_user_profiles to None, run_after=None
[2025-06-18T06:53:05.871+0000] {processor.py:183} INFO - Processing /opt/airflow/dags/enrich_user_profiles_dag.py took 0.351 seconds
[2025-06-18T06:53:36.466+0000] {processor.py:161} INFO - Started process (PID=926) to work on /opt/airflow/dags/enrich_user_profiles_dag.py
[2025-06-18T06:53:36.469+0000] {processor.py:830} INFO - Processing file /opt/airflow/dags/enrich_user_profiles_dag.py for tasks to queue
[2025-06-18T06:53:36.474+0000] {logging_mixin.py:188} INFO - [2025-06-18T06:53:36.473+0000] {dagbag.py:545} INFO - Filling up the DagBag from /opt/airflow/dags/enrich_user_profiles_dag.py
[2025-06-18T06:53:36.512+0000] {processor.py:840} INFO - DAG(s) 'enrich_user_profiles' retrieved from /opt/airflow/dags/enrich_user_profiles_dag.py
[2025-06-18T06:53:36.596+0000] {logging_mixin.py:188} INFO - [2025-06-18T06:53:36.596+0000] {dag.py:3096} INFO - Sync 1 DAGs
[2025-06-18T06:53:36.621+0000] {logging_mixin.py:188} INFO - [2025-06-18T06:53:36.620+0000] {dag.py:3954} INFO - Setting next_dagrun for enrich_user_profiles to None, run_after=None
[2025-06-18T06:53:36.655+0000] {processor.py:183} INFO - Processing /opt/airflow/dags/enrich_user_profiles_dag.py took 0.205 seconds
[2025-06-18T06:54:07.904+0000] {processor.py:161} INFO - Started process (PID=941) to work on /opt/airflow/dags/enrich_user_profiles_dag.py
[2025-06-18T06:54:07.918+0000] {processor.py:830} INFO - Processing file /opt/airflow/dags/enrich_user_profiles_dag.py for tasks to queue
[2025-06-18T06:54:07.934+0000] {logging_mixin.py:188} INFO - [2025-06-18T06:54:07.932+0000] {dagbag.py:545} INFO - Filling up the DagBag from /opt/airflow/dags/enrich_user_profiles_dag.py
[2025-06-18T06:54:08.052+0000] {processor.py:840} INFO - DAG(s) 'enrich_user_profiles' retrieved from /opt/airflow/dags/enrich_user_profiles_dag.py
[2025-06-18T06:54:08.246+0000] {logging_mixin.py:188} INFO - [2025-06-18T06:54:08.245+0000] {dag.py:3096} INFO - Sync 1 DAGs
[2025-06-18T06:54:08.318+0000] {logging_mixin.py:188} INFO - [2025-06-18T06:54:08.317+0000] {dag.py:3954} INFO - Setting next_dagrun for enrich_user_profiles to None, run_after=None
[2025-06-18T06:54:08.449+0000] {processor.py:183} INFO - Processing /opt/airflow/dags/enrich_user_profiles_dag.py took 0.581 seconds
[2025-06-18T06:54:39.620+0000] {processor.py:161} INFO - Started process (PID=956) to work on /opt/airflow/dags/enrich_user_profiles_dag.py
[2025-06-18T06:54:39.623+0000] {processor.py:830} INFO - Processing file /opt/airflow/dags/enrich_user_profiles_dag.py for tasks to queue
[2025-06-18T06:54:39.628+0000] {logging_mixin.py:188} INFO - [2025-06-18T06:54:39.627+0000] {dagbag.py:545} INFO - Filling up the DagBag from /opt/airflow/dags/enrich_user_profiles_dag.py
[2025-06-18T06:54:39.678+0000] {processor.py:840} INFO - DAG(s) 'enrich_user_profiles' retrieved from /opt/airflow/dags/enrich_user_profiles_dag.py
[2025-06-18T06:54:39.780+0000] {logging_mixin.py:188} INFO - [2025-06-18T06:54:39.780+0000] {dag.py:3096} INFO - Sync 1 DAGs
[2025-06-18T06:54:39.810+0000] {logging_mixin.py:188} INFO - [2025-06-18T06:54:39.810+0000] {dag.py:3954} INFO - Setting next_dagrun for enrich_user_profiles to None, run_after=None
[2025-06-18T06:54:39.856+0000] {processor.py:183} INFO - Processing /opt/airflow/dags/enrich_user_profiles_dag.py took 0.261 seconds
[2025-06-18T06:55:10.230+0000] {processor.py:161} INFO - Started process (PID=971) to work on /opt/airflow/dags/enrich_user_profiles_dag.py
[2025-06-18T06:55:10.232+0000] {processor.py:830} INFO - Processing file /opt/airflow/dags/enrich_user_profiles_dag.py for tasks to queue
[2025-06-18T06:55:10.237+0000] {logging_mixin.py:188} INFO - [2025-06-18T06:55:10.236+0000] {dagbag.py:545} INFO - Filling up the DagBag from /opt/airflow/dags/enrich_user_profiles_dag.py
[2025-06-18T06:55:10.271+0000] {processor.py:840} INFO - DAG(s) 'enrich_user_profiles' retrieved from /opt/airflow/dags/enrich_user_profiles_dag.py
[2025-06-18T06:55:10.330+0000] {logging_mixin.py:188} INFO - [2025-06-18T06:55:10.330+0000] {dag.py:3096} INFO - Sync 1 DAGs
[2025-06-18T06:55:10.358+0000] {logging_mixin.py:188} INFO - [2025-06-18T06:55:10.358+0000] {dag.py:3954} INFO - Setting next_dagrun for enrich_user_profiles to None, run_after=None
[2025-06-18T06:55:10.414+0000] {processor.py:183} INFO - Processing /opt/airflow/dags/enrich_user_profiles_dag.py took 0.211 seconds
[2025-06-18T06:55:41.484+0000] {processor.py:161} INFO - Started process (PID=986) to work on /opt/airflow/dags/enrich_user_profiles_dag.py
[2025-06-18T06:55:41.489+0000] {processor.py:830} INFO - Processing file /opt/airflow/dags/enrich_user_profiles_dag.py for tasks to queue
[2025-06-18T06:55:41.515+0000] {logging_mixin.py:188} INFO - [2025-06-18T06:55:41.512+0000] {dagbag.py:545} INFO - Filling up the DagBag from /opt/airflow/dags/enrich_user_profiles_dag.py
[2025-06-18T06:55:41.650+0000] {processor.py:840} INFO - DAG(s) 'enrich_user_profiles' retrieved from /opt/airflow/dags/enrich_user_profiles_dag.py
[2025-06-18T06:55:41.819+0000] {logging_mixin.py:188} INFO - [2025-06-18T06:55:41.818+0000] {dag.py:3096} INFO - Sync 1 DAGs
[2025-06-18T06:55:41.898+0000] {logging_mixin.py:188} INFO - [2025-06-18T06:55:41.898+0000] {dag.py:3954} INFO - Setting next_dagrun for enrich_user_profiles to None, run_after=None
[2025-06-18T06:55:42.317+0000] {processor.py:183} INFO - Processing /opt/airflow/dags/enrich_user_profiles_dag.py took 0.868 seconds
[2025-06-18T06:56:12.531+0000] {processor.py:161} INFO - Started process (PID=1001) to work on /opt/airflow/dags/enrich_user_profiles_dag.py
[2025-06-18T06:56:12.535+0000] {processor.py:830} INFO - Processing file /opt/airflow/dags/enrich_user_profiles_dag.py for tasks to queue
[2025-06-18T06:56:12.541+0000] {logging_mixin.py:188} INFO - [2025-06-18T06:56:12.540+0000] {dagbag.py:545} INFO - Filling up the DagBag from /opt/airflow/dags/enrich_user_profiles_dag.py
[2025-06-18T06:56:12.629+0000] {processor.py:840} INFO - DAG(s) 'enrich_user_profiles' retrieved from /opt/airflow/dags/enrich_user_profiles_dag.py
[2025-06-18T06:56:12.727+0000] {logging_mixin.py:188} INFO - [2025-06-18T06:56:12.726+0000] {dag.py:3096} INFO - Sync 1 DAGs
[2025-06-18T06:56:12.767+0000] {logging_mixin.py:188} INFO - [2025-06-18T06:56:12.766+0000] {dag.py:3954} INFO - Setting next_dagrun for enrich_user_profiles to None, run_after=None
[2025-06-18T06:56:12.836+0000] {processor.py:183} INFO - Processing /opt/airflow/dags/enrich_user_profiles_dag.py took 0.326 seconds
[2025-06-18T06:56:43.371+0000] {processor.py:161} INFO - Started process (PID=1016) to work on /opt/airflow/dags/enrich_user_profiles_dag.py
[2025-06-18T06:56:43.373+0000] {processor.py:830} INFO - Processing file /opt/airflow/dags/enrich_user_profiles_dag.py for tasks to queue
[2025-06-18T06:56:43.377+0000] {logging_mixin.py:188} INFO - [2025-06-18T06:56:43.376+0000] {dagbag.py:545} INFO - Filling up the DagBag from /opt/airflow/dags/enrich_user_profiles_dag.py
[2025-06-18T06:56:43.414+0000] {processor.py:840} INFO - DAG(s) 'enrich_user_profiles' retrieved from /opt/airflow/dags/enrich_user_profiles_dag.py
[2025-06-18T06:56:43.463+0000] {logging_mixin.py:188} INFO - [2025-06-18T06:56:43.463+0000] {dag.py:3096} INFO - Sync 1 DAGs
[2025-06-18T06:56:43.482+0000] {logging_mixin.py:188} INFO - [2025-06-18T06:56:43.482+0000] {dag.py:3954} INFO - Setting next_dagrun for enrich_user_profiles to None, run_after=None
[2025-06-18T06:56:43.527+0000] {processor.py:183} INFO - Processing /opt/airflow/dags/enrich_user_profiles_dag.py took 0.171 seconds
[2025-06-18T06:57:13.755+0000] {processor.py:161} INFO - Started process (PID=1031) to work on /opt/airflow/dags/enrich_user_profiles_dag.py
[2025-06-18T06:57:13.757+0000] {processor.py:830} INFO - Processing file /opt/airflow/dags/enrich_user_profiles_dag.py for tasks to queue
[2025-06-18T06:57:13.761+0000] {logging_mixin.py:188} INFO - [2025-06-18T06:57:13.760+0000] {dagbag.py:545} INFO - Filling up the DagBag from /opt/airflow/dags/enrich_user_profiles_dag.py
[2025-06-18T06:57:13.789+0000] {processor.py:840} INFO - DAG(s) 'enrich_user_profiles' retrieved from /opt/airflow/dags/enrich_user_profiles_dag.py
[2025-06-18T06:57:13.841+0000] {logging_mixin.py:188} INFO - [2025-06-18T06:57:13.840+0000] {dag.py:3096} INFO - Sync 1 DAGs
[2025-06-18T06:57:13.863+0000] {logging_mixin.py:188} INFO - [2025-06-18T06:57:13.863+0000] {dag.py:3954} INFO - Setting next_dagrun for enrich_user_profiles to None, run_after=None
[2025-06-18T06:57:13.893+0000] {processor.py:183} INFO - Processing /opt/airflow/dags/enrich_user_profiles_dag.py took 0.149 seconds
[2025-06-18T06:57:44.384+0000] {processor.py:161} INFO - Started process (PID=1046) to work on /opt/airflow/dags/enrich_user_profiles_dag.py
[2025-06-18T06:57:44.390+0000] {processor.py:830} INFO - Processing file /opt/airflow/dags/enrich_user_profiles_dag.py for tasks to queue
[2025-06-18T06:57:44.403+0000] {logging_mixin.py:188} INFO - [2025-06-18T06:57:44.401+0000] {dagbag.py:545} INFO - Filling up the DagBag from /opt/airflow/dags/enrich_user_profiles_dag.py
[2025-06-18T06:57:44.487+0000] {processor.py:840} INFO - DAG(s) 'enrich_user_profiles' retrieved from /opt/airflow/dags/enrich_user_profiles_dag.py
[2025-06-18T06:57:45.165+0000] {logging_mixin.py:188} INFO - [2025-06-18T06:57:45.151+0000] {dag.py:3096} INFO - Sync 1 DAGs
[2025-06-18T06:57:45.343+0000] {logging_mixin.py:188} INFO - [2025-06-18T06:57:45.342+0000] {dag.py:3954} INFO - Setting next_dagrun for enrich_user_profiles to None, run_after=None
[2025-06-18T06:57:45.476+0000] {processor.py:183} INFO - Processing /opt/airflow/dags/enrich_user_profiles_dag.py took 1.173 seconds
[2025-06-18T06:58:15.635+0000] {processor.py:161} INFO - Started process (PID=1061) to work on /opt/airflow/dags/enrich_user_profiles_dag.py
[2025-06-18T06:58:15.637+0000] {processor.py:830} INFO - Processing file /opt/airflow/dags/enrich_user_profiles_dag.py for tasks to queue
[2025-06-18T06:58:15.642+0000] {logging_mixin.py:188} INFO - [2025-06-18T06:58:15.641+0000] {dagbag.py:545} INFO - Filling up the DagBag from /opt/airflow/dags/enrich_user_profiles_dag.py
[2025-06-18T06:58:15.674+0000] {processor.py:840} INFO - DAG(s) 'enrich_user_profiles' retrieved from /opt/airflow/dags/enrich_user_profiles_dag.py
[2025-06-18T06:58:15.720+0000] {logging_mixin.py:188} INFO - [2025-06-18T06:58:15.720+0000] {dag.py:3096} INFO - Sync 1 DAGs
[2025-06-18T06:58:15.747+0000] {logging_mixin.py:188} INFO - [2025-06-18T06:58:15.746+0000] {dag.py:3954} INFO - Setting next_dagrun for enrich_user_profiles to None, run_after=None
[2025-06-18T06:58:15.782+0000] {processor.py:183} INFO - Processing /opt/airflow/dags/enrich_user_profiles_dag.py took 0.161 seconds
[2025-06-18T06:58:46.399+0000] {processor.py:161} INFO - Started process (PID=1076) to work on /opt/airflow/dags/enrich_user_profiles_dag.py
[2025-06-18T06:58:46.403+0000] {processor.py:830} INFO - Processing file /opt/airflow/dags/enrich_user_profiles_dag.py for tasks to queue
[2025-06-18T06:58:46.414+0000] {logging_mixin.py:188} INFO - [2025-06-18T06:58:46.411+0000] {dagbag.py:545} INFO - Filling up the DagBag from /opt/airflow/dags/enrich_user_profiles_dag.py
[2025-06-18T06:58:46.464+0000] {processor.py:840} INFO - DAG(s) 'enrich_user_profiles' retrieved from /opt/airflow/dags/enrich_user_profiles_dag.py
[2025-06-18T06:58:46.583+0000] {logging_mixin.py:188} INFO - [2025-06-18T06:58:46.582+0000] {dag.py:3096} INFO - Sync 1 DAGs
[2025-06-18T06:58:46.627+0000] {logging_mixin.py:188} INFO - [2025-06-18T06:58:46.627+0000] {dag.py:3954} INFO - Setting next_dagrun for enrich_user_profiles to None, run_after=None
[2025-06-18T06:58:46.670+0000] {processor.py:183} INFO - Processing /opt/airflow/dags/enrich_user_profiles_dag.py took 0.295 seconds
[2025-06-18T06:59:16.856+0000] {processor.py:161} INFO - Started process (PID=1091) to work on /opt/airflow/dags/enrich_user_profiles_dag.py
[2025-06-18T06:59:16.858+0000] {processor.py:830} INFO - Processing file /opt/airflow/dags/enrich_user_profiles_dag.py for tasks to queue
[2025-06-18T06:59:16.862+0000] {logging_mixin.py:188} INFO - [2025-06-18T06:59:16.861+0000] {dagbag.py:545} INFO - Filling up the DagBag from /opt/airflow/dags/enrich_user_profiles_dag.py
[2025-06-18T06:59:16.901+0000] {processor.py:840} INFO - DAG(s) 'enrich_user_profiles' retrieved from /opt/airflow/dags/enrich_user_profiles_dag.py
[2025-06-18T06:59:16.965+0000] {logging_mixin.py:188} INFO - [2025-06-18T06:59:16.965+0000] {dag.py:3096} INFO - Sync 1 DAGs
[2025-06-18T06:59:16.997+0000] {logging_mixin.py:188} INFO - [2025-06-18T06:59:16.997+0000] {dag.py:3954} INFO - Setting next_dagrun for enrich_user_profiles to None, run_after=None
[2025-06-18T06:59:17.038+0000] {processor.py:183} INFO - Processing /opt/airflow/dags/enrich_user_profiles_dag.py took 0.196 seconds
[2025-06-18T06:59:47.812+0000] {processor.py:161} INFO - Started process (PID=1106) to work on /opt/airflow/dags/enrich_user_profiles_dag.py
[2025-06-18T06:59:47.815+0000] {processor.py:830} INFO - Processing file /opt/airflow/dags/enrich_user_profiles_dag.py for tasks to queue
[2025-06-18T06:59:47.818+0000] {logging_mixin.py:188} INFO - [2025-06-18T06:59:47.818+0000] {dagbag.py:545} INFO - Filling up the DagBag from /opt/airflow/dags/enrich_user_profiles_dag.py
[2025-06-18T06:59:47.860+0000] {processor.py:840} INFO - DAG(s) 'enrich_user_profiles' retrieved from /opt/airflow/dags/enrich_user_profiles_dag.py
[2025-06-18T06:59:47.917+0000] {logging_mixin.py:188} INFO - [2025-06-18T06:59:47.917+0000] {dag.py:3096} INFO - Sync 1 DAGs
[2025-06-18T06:59:47.943+0000] {logging_mixin.py:188} INFO - [2025-06-18T06:59:47.943+0000] {dag.py:3954} INFO - Setting next_dagrun for enrich_user_profiles to None, run_after=None
[2025-06-18T06:59:47.983+0000] {processor.py:183} INFO - Processing /opt/airflow/dags/enrich_user_profiles_dag.py took 0.190 seconds
[2025-06-18T07:00:18.101+0000] {processor.py:161} INFO - Started process (PID=1121) to work on /opt/airflow/dags/enrich_user_profiles_dag.py
[2025-06-18T07:00:18.102+0000] {processor.py:830} INFO - Processing file /opt/airflow/dags/enrich_user_profiles_dag.py for tasks to queue
[2025-06-18T07:00:18.106+0000] {logging_mixin.py:188} INFO - [2025-06-18T07:00:18.106+0000] {dagbag.py:545} INFO - Filling up the DagBag from /opt/airflow/dags/enrich_user_profiles_dag.py
[2025-06-18T07:00:18.145+0000] {processor.py:840} INFO - DAG(s) 'enrich_user_profiles' retrieved from /opt/airflow/dags/enrich_user_profiles_dag.py
[2025-06-18T07:00:18.205+0000] {logging_mixin.py:188} INFO - [2025-06-18T07:00:18.205+0000] {dag.py:3096} INFO - Sync 1 DAGs
[2025-06-18T07:00:18.234+0000] {logging_mixin.py:188} INFO - [2025-06-18T07:00:18.233+0000] {dag.py:3954} INFO - Setting next_dagrun for enrich_user_profiles to None, run_after=None
[2025-06-18T07:00:18.273+0000] {processor.py:183} INFO - Processing /opt/airflow/dags/enrich_user_profiles_dag.py took 0.183 seconds
[2025-06-18T07:00:48.588+0000] {processor.py:161} INFO - Started process (PID=1136) to work on /opt/airflow/dags/enrich_user_profiles_dag.py
[2025-06-18T07:00:48.593+0000] {processor.py:830} INFO - Processing file /opt/airflow/dags/enrich_user_profiles_dag.py for tasks to queue
[2025-06-18T07:00:48.605+0000] {logging_mixin.py:188} INFO - [2025-06-18T07:00:48.604+0000] {dagbag.py:545} INFO - Filling up the DagBag from /opt/airflow/dags/enrich_user_profiles_dag.py
[2025-06-18T07:00:48.665+0000] {processor.py:840} INFO - DAG(s) 'enrich_user_profiles' retrieved from /opt/airflow/dags/enrich_user_profiles_dag.py
[2025-06-18T07:00:48.757+0000] {logging_mixin.py:188} INFO - [2025-06-18T07:00:48.755+0000] {dag.py:3096} INFO - Sync 1 DAGs
[2025-06-18T07:00:48.813+0000] {logging_mixin.py:188} INFO - [2025-06-18T07:00:48.812+0000] {dag.py:3954} INFO - Setting next_dagrun for enrich_user_profiles to None, run_after=None
[2025-06-18T07:00:48.893+0000] {processor.py:183} INFO - Processing /opt/airflow/dags/enrich_user_profiles_dag.py took 0.339 seconds
[2025-06-18T07:01:19.596+0000] {processor.py:161} INFO - Started process (PID=1151) to work on /opt/airflow/dags/enrich_user_profiles_dag.py
[2025-06-18T07:01:19.600+0000] {processor.py:830} INFO - Processing file /opt/airflow/dags/enrich_user_profiles_dag.py for tasks to queue
[2025-06-18T07:01:19.606+0000] {logging_mixin.py:188} INFO - [2025-06-18T07:01:19.605+0000] {dagbag.py:545} INFO - Filling up the DagBag from /opt/airflow/dags/enrich_user_profiles_dag.py
[2025-06-18T07:01:19.660+0000] {processor.py:840} INFO - DAG(s) 'enrich_user_profiles' retrieved from /opt/airflow/dags/enrich_user_profiles_dag.py
[2025-06-18T07:01:19.755+0000] {logging_mixin.py:188} INFO - [2025-06-18T07:01:19.754+0000] {dag.py:3096} INFO - Sync 1 DAGs
[2025-06-18T07:01:19.830+0000] {logging_mixin.py:188} INFO - [2025-06-18T07:01:19.830+0000] {dag.py:3954} INFO - Setting next_dagrun for enrich_user_profiles to None, run_after=None
[2025-06-18T07:01:19.914+0000] {processor.py:183} INFO - Processing /opt/airflow/dags/enrich_user_profiles_dag.py took 0.338 seconds
[2025-06-18T07:01:50.296+0000] {processor.py:161} INFO - Started process (PID=1166) to work on /opt/airflow/dags/enrich_user_profiles_dag.py
[2025-06-18T07:01:50.302+0000] {processor.py:830} INFO - Processing file /opt/airflow/dags/enrich_user_profiles_dag.py for tasks to queue
[2025-06-18T07:01:50.310+0000] {logging_mixin.py:188} INFO - [2025-06-18T07:01:50.309+0000] {dagbag.py:545} INFO - Filling up the DagBag from /opt/airflow/dags/enrich_user_profiles_dag.py
[2025-06-18T07:01:50.378+0000] {processor.py:840} INFO - DAG(s) 'enrich_user_profiles' retrieved from /opt/airflow/dags/enrich_user_profiles_dag.py
[2025-06-18T07:01:50.496+0000] {logging_mixin.py:188} INFO - [2025-06-18T07:01:50.495+0000] {dag.py:3096} INFO - Sync 1 DAGs
[2025-06-18T07:01:51.019+0000] {logging_mixin.py:188} INFO - [2025-06-18T07:01:51.017+0000] {dag.py:3954} INFO - Setting next_dagrun for enrich_user_profiles to None, run_after=None
[2025-06-18T07:01:51.434+0000] {processor.py:183} INFO - Processing /opt/airflow/dags/enrich_user_profiles_dag.py took 1.154 seconds
[2025-06-18T07:02:21.682+0000] {processor.py:161} INFO - Started process (PID=1181) to work on /opt/airflow/dags/enrich_user_profiles_dag.py
[2025-06-18T07:02:21.686+0000] {processor.py:830} INFO - Processing file /opt/airflow/dags/enrich_user_profiles_dag.py for tasks to queue
[2025-06-18T07:02:21.695+0000] {logging_mixin.py:188} INFO - [2025-06-18T07:02:21.694+0000] {dagbag.py:545} INFO - Filling up the DagBag from /opt/airflow/dags/enrich_user_profiles_dag.py
[2025-06-18T07:02:21.765+0000] {processor.py:840} INFO - DAG(s) 'enrich_user_profiles' retrieved from /opt/airflow/dags/enrich_user_profiles_dag.py
[2025-06-18T07:02:21.877+0000] {logging_mixin.py:188} INFO - [2025-06-18T07:02:21.877+0000] {dag.py:3096} INFO - Sync 1 DAGs
[2025-06-18T07:02:21.925+0000] {logging_mixin.py:188} INFO - [2025-06-18T07:02:21.924+0000] {dag.py:3954} INFO - Setting next_dagrun for enrich_user_profiles to None, run_after=None
[2025-06-18T07:02:21.983+0000] {processor.py:183} INFO - Processing /opt/airflow/dags/enrich_user_profiles_dag.py took 0.331 seconds
[2025-06-18T07:02:52.210+0000] {processor.py:161} INFO - Started process (PID=1196) to work on /opt/airflow/dags/enrich_user_profiles_dag.py
[2025-06-18T07:02:52.213+0000] {processor.py:830} INFO - Processing file /opt/airflow/dags/enrich_user_profiles_dag.py for tasks to queue
[2025-06-18T07:02:52.219+0000] {logging_mixin.py:188} INFO - [2025-06-18T07:02:52.218+0000] {dagbag.py:545} INFO - Filling up the DagBag from /opt/airflow/dags/enrich_user_profiles_dag.py
[2025-06-18T07:02:52.289+0000] {processor.py:840} INFO - DAG(s) 'enrich_user_profiles' retrieved from /opt/airflow/dags/enrich_user_profiles_dag.py
[2025-06-18T07:02:52.349+0000] {logging_mixin.py:188} INFO - [2025-06-18T07:02:52.348+0000] {dag.py:3096} INFO - Sync 1 DAGs
[2025-06-18T07:02:52.376+0000] {logging_mixin.py:188} INFO - [2025-06-18T07:02:52.376+0000] {dag.py:3954} INFO - Setting next_dagrun for enrich_user_profiles to None, run_after=None
[2025-06-18T07:02:52.412+0000] {processor.py:183} INFO - Processing /opt/airflow/dags/enrich_user_profiles_dag.py took 0.219 seconds
[2025-06-18T07:03:23.498+0000] {processor.py:161} INFO - Started process (PID=1211) to work on /opt/airflow/dags/enrich_user_profiles_dag.py
[2025-06-18T07:03:23.503+0000] {processor.py:830} INFO - Processing file /opt/airflow/dags/enrich_user_profiles_dag.py for tasks to queue
[2025-06-18T07:03:23.510+0000] {logging_mixin.py:188} INFO - [2025-06-18T07:03:23.509+0000] {dagbag.py:545} INFO - Filling up the DagBag from /opt/airflow/dags/enrich_user_profiles_dag.py
[2025-06-18T07:03:23.594+0000] {processor.py:840} INFO - DAG(s) 'enrich_user_profiles' retrieved from /opt/airflow/dags/enrich_user_profiles_dag.py
[2025-06-18T07:03:24.196+0000] {logging_mixin.py:188} INFO - [2025-06-18T07:03:24.195+0000] {dag.py:3096} INFO - Sync 1 DAGs
[2025-06-18T07:03:24.332+0000] {logging_mixin.py:188} INFO - [2025-06-18T07:03:24.331+0000] {dag.py:3954} INFO - Setting next_dagrun for enrich_user_profiles to None, run_after=None
[2025-06-18T07:03:24.389+0000] {processor.py:183} INFO - Processing /opt/airflow/dags/enrich_user_profiles_dag.py took 0.928 seconds
[2025-06-18T07:03:55.156+0000] {processor.py:161} INFO - Started process (PID=1226) to work on /opt/airflow/dags/enrich_user_profiles_dag.py
[2025-06-18T07:03:55.159+0000] {processor.py:830} INFO - Processing file /opt/airflow/dags/enrich_user_profiles_dag.py for tasks to queue
[2025-06-18T07:03:55.164+0000] {logging_mixin.py:188} INFO - [2025-06-18T07:03:55.163+0000] {dagbag.py:545} INFO - Filling up the DagBag from /opt/airflow/dags/enrich_user_profiles_dag.py
[2025-06-18T07:03:55.239+0000] {processor.py:840} INFO - DAG(s) 'enrich_user_profiles' retrieved from /opt/airflow/dags/enrich_user_profiles_dag.py
[2025-06-18T07:03:55.390+0000] {logging_mixin.py:188} INFO - [2025-06-18T07:03:55.389+0000] {dag.py:3096} INFO - Sync 1 DAGs
[2025-06-18T07:03:55.484+0000] {logging_mixin.py:188} INFO - [2025-06-18T07:03:55.484+0000] {dag.py:3954} INFO - Setting next_dagrun for enrich_user_profiles to None, run_after=None
[2025-06-18T07:03:55.567+0000] {processor.py:183} INFO - Processing /opt/airflow/dags/enrich_user_profiles_dag.py took 0.455 seconds
[2025-06-18T11:48:25.470+0000] {processor.py:161} INFO - Started process (PID=156) to work on /opt/airflow/dags/enrich_user_profiles_dag.py
[2025-06-18T11:48:25.497+0000] {processor.py:830} INFO - Processing file /opt/airflow/dags/enrich_user_profiles_dag.py for tasks to queue
[2025-06-18T11:48:25.552+0000] {logging_mixin.py:188} INFO - [2025-06-18T11:48:25.530+0000] {dagbag.py:545} INFO - Filling up the DagBag from /opt/airflow/dags/enrich_user_profiles_dag.py
[2025-06-18T11:48:26.069+0000] {processor.py:840} INFO - DAG(s) 'enrich_user_profiles' retrieved from /opt/airflow/dags/enrich_user_profiles_dag.py
[2025-06-18T11:48:26.729+0000] {logging_mixin.py:188} INFO - [2025-06-18T11:48:26.729+0000] {dag.py:3096} INFO - Sync 1 DAGs
[2025-06-18T11:48:26.832+0000] {logging_mixin.py:188} INFO - [2025-06-18T11:48:26.832+0000] {dag.py:3954} INFO - Setting next_dagrun for enrich_user_profiles to None, run_after=None
[2025-06-18T11:48:26.960+0000] {processor.py:183} INFO - Processing /opt/airflow/dags/enrich_user_profiles_dag.py took 1.714 seconds
[2025-06-18T11:48:57.419+0000] {processor.py:161} INFO - Started process (PID=172) to work on /opt/airflow/dags/enrich_user_profiles_dag.py
[2025-06-18T11:48:57.428+0000] {processor.py:830} INFO - Processing file /opt/airflow/dags/enrich_user_profiles_dag.py for tasks to queue
[2025-06-18T11:48:57.442+0000] {logging_mixin.py:188} INFO - [2025-06-18T11:48:57.441+0000] {dagbag.py:545} INFO - Filling up the DagBag from /opt/airflow/dags/enrich_user_profiles_dag.py
[2025-06-18T11:48:57.558+0000] {processor.py:840} INFO - DAG(s) 'enrich_user_profiles' retrieved from /opt/airflow/dags/enrich_user_profiles_dag.py
[2025-06-18T11:48:57.747+0000] {logging_mixin.py:188} INFO - [2025-06-18T11:48:57.747+0000] {dag.py:3096} INFO - Sync 1 DAGs
[2025-06-18T11:48:57.821+0000] {logging_mixin.py:188} INFO - [2025-06-18T11:48:57.816+0000] {dag.py:3954} INFO - Setting next_dagrun for enrich_user_profiles to None, run_after=None
[2025-06-18T11:48:57.896+0000] {processor.py:183} INFO - Processing /opt/airflow/dags/enrich_user_profiles_dag.py took 0.492 seconds
[2025-06-18T11:49:30.231+0000] {processor.py:161} INFO - Started process (PID=187) to work on /opt/airflow/dags/enrich_user_profiles_dag.py
[2025-06-18T11:49:30.236+0000] {processor.py:830} INFO - Processing file /opt/airflow/dags/enrich_user_profiles_dag.py for tasks to queue
[2025-06-18T11:49:30.247+0000] {logging_mixin.py:188} INFO - [2025-06-18T11:49:30.246+0000] {dagbag.py:545} INFO - Filling up the DagBag from /opt/airflow/dags/enrich_user_profiles_dag.py
[2025-06-18T11:49:32.152+0000] {processor.py:840} INFO - DAG(s) 'enrich_user_profiles' retrieved from /opt/airflow/dags/enrich_user_profiles_dag.py
[2025-06-18T11:49:32.635+0000] {logging_mixin.py:188} INFO - [2025-06-18T11:49:32.634+0000] {dag.py:3096} INFO - Sync 1 DAGs
[2025-06-18T11:49:32.836+0000] {logging_mixin.py:188} INFO - [2025-06-18T11:49:32.836+0000] {dag.py:3954} INFO - Setting next_dagrun for enrich_user_profiles to None, run_after=None
[2025-06-18T11:49:33.022+0000] {processor.py:183} INFO - Processing /opt/airflow/dags/enrich_user_profiles_dag.py took 3.007 seconds
[2025-06-18T11:50:03.423+0000] {processor.py:161} INFO - Started process (PID=207) to work on /opt/airflow/dags/enrich_user_profiles_dag.py
[2025-06-18T11:50:03.425+0000] {processor.py:830} INFO - Processing file /opt/airflow/dags/enrich_user_profiles_dag.py for tasks to queue
[2025-06-18T11:50:03.429+0000] {logging_mixin.py:188} INFO - [2025-06-18T11:50:03.429+0000] {dagbag.py:545} INFO - Filling up the DagBag from /opt/airflow/dags/enrich_user_profiles_dag.py
[2025-06-18T11:50:03.461+0000] {processor.py:840} INFO - DAG(s) 'enrich_user_profiles' retrieved from /opt/airflow/dags/enrich_user_profiles_dag.py
[2025-06-18T11:50:03.525+0000] {logging_mixin.py:188} INFO - [2025-06-18T11:50:03.524+0000] {dag.py:3096} INFO - Sync 1 DAGs
[2025-06-18T11:50:03.544+0000] {logging_mixin.py:188} INFO - [2025-06-18T11:50:03.544+0000] {dag.py:3954} INFO - Setting next_dagrun for enrich_user_profiles to None, run_after=None
[2025-06-18T11:50:03.579+0000] {processor.py:183} INFO - Processing /opt/airflow/dags/enrich_user_profiles_dag.py took 0.165 seconds
[2025-06-18T11:50:34.089+0000] {processor.py:161} INFO - Started process (PID=217) to work on /opt/airflow/dags/enrich_user_profiles_dag.py
[2025-06-18T11:50:34.092+0000] {processor.py:830} INFO - Processing file /opt/airflow/dags/enrich_user_profiles_dag.py for tasks to queue
[2025-06-18T11:50:34.099+0000] {logging_mixin.py:188} INFO - [2025-06-18T11:50:34.097+0000] {dagbag.py:545} INFO - Filling up the DagBag from /opt/airflow/dags/enrich_user_profiles_dag.py
[2025-06-18T11:50:34.152+0000] {processor.py:840} INFO - DAG(s) 'enrich_user_profiles' retrieved from /opt/airflow/dags/enrich_user_profiles_dag.py
[2025-06-18T11:50:34.293+0000] {logging_mixin.py:188} INFO - [2025-06-18T11:50:34.292+0000] {dag.py:3096} INFO - Sync 1 DAGs
[2025-06-18T11:50:34.438+0000] {logging_mixin.py:188} INFO - [2025-06-18T11:50:34.437+0000] {dag.py:3954} INFO - Setting next_dagrun for enrich_user_profiles to None, run_after=None
[2025-06-18T11:50:34.486+0000] {processor.py:183} INFO - Processing /opt/airflow/dags/enrich_user_profiles_dag.py took 0.420 seconds
[2025-06-18T11:51:05.499+0000] {processor.py:161} INFO - Started process (PID=232) to work on /opt/airflow/dags/enrich_user_profiles_dag.py
[2025-06-18T11:51:05.502+0000] {processor.py:830} INFO - Processing file /opt/airflow/dags/enrich_user_profiles_dag.py for tasks to queue
[2025-06-18T11:51:05.509+0000] {logging_mixin.py:188} INFO - [2025-06-18T11:51:05.508+0000] {dagbag.py:545} INFO - Filling up the DagBag from /opt/airflow/dags/enrich_user_profiles_dag.py
[2025-06-18T11:51:05.560+0000] {processor.py:840} INFO - DAG(s) 'enrich_user_profiles' retrieved from /opt/airflow/dags/enrich_user_profiles_dag.py
[2025-06-18T11:51:05.639+0000] {logging_mixin.py:188} INFO - [2025-06-18T11:51:05.639+0000] {dag.py:3096} INFO - Sync 1 DAGs
[2025-06-18T11:51:05.679+0000] {logging_mixin.py:188} INFO - [2025-06-18T11:51:05.679+0000] {dag.py:3954} INFO - Setting next_dagrun for enrich_user_profiles to None, run_after=None
[2025-06-18T11:51:05.731+0000] {processor.py:183} INFO - Processing /opt/airflow/dags/enrich_user_profiles_dag.py took 0.252 seconds
[2025-06-18T11:51:36.463+0000] {processor.py:161} INFO - Started process (PID=247) to work on /opt/airflow/dags/enrich_user_profiles_dag.py
[2025-06-18T11:51:36.467+0000] {processor.py:830} INFO - Processing file /opt/airflow/dags/enrich_user_profiles_dag.py for tasks to queue
[2025-06-18T11:51:36.473+0000] {logging_mixin.py:188} INFO - [2025-06-18T11:51:36.472+0000] {dagbag.py:545} INFO - Filling up the DagBag from /opt/airflow/dags/enrich_user_profiles_dag.py
[2025-06-18T11:51:36.524+0000] {processor.py:840} INFO - DAG(s) 'enrich_user_profiles' retrieved from /opt/airflow/dags/enrich_user_profiles_dag.py
[2025-06-18T11:51:36.620+0000] {logging_mixin.py:188} INFO - [2025-06-18T11:51:36.619+0000] {dag.py:3096} INFO - Sync 1 DAGs
[2025-06-18T11:51:36.647+0000] {logging_mixin.py:188} INFO - [2025-06-18T11:51:36.647+0000] {dag.py:3954} INFO - Setting next_dagrun for enrich_user_profiles to None, run_after=None
[2025-06-18T11:51:36.685+0000] {processor.py:183} INFO - Processing /opt/airflow/dags/enrich_user_profiles_dag.py took 0.249 seconds
[2025-06-18T11:52:07.241+0000] {processor.py:161} INFO - Started process (PID=262) to work on /opt/airflow/dags/enrich_user_profiles_dag.py
[2025-06-18T11:52:07.243+0000] {processor.py:830} INFO - Processing file /opt/airflow/dags/enrich_user_profiles_dag.py for tasks to queue
[2025-06-18T11:52:07.250+0000] {logging_mixin.py:188} INFO - [2025-06-18T11:52:07.248+0000] {dagbag.py:545} INFO - Filling up the DagBag from /opt/airflow/dags/enrich_user_profiles_dag.py
[2025-06-18T11:52:07.293+0000] {processor.py:840} INFO - DAG(s) 'enrich_user_profiles' retrieved from /opt/airflow/dags/enrich_user_profiles_dag.py
[2025-06-18T11:52:07.391+0000] {logging_mixin.py:188} INFO - [2025-06-18T11:52:07.391+0000] {dag.py:3096} INFO - Sync 1 DAGs
[2025-06-18T11:52:07.434+0000] {logging_mixin.py:188} INFO - [2025-06-18T11:52:07.433+0000] {dag.py:3954} INFO - Setting next_dagrun for enrich_user_profiles to None, run_after=None
[2025-06-18T11:52:07.473+0000] {processor.py:183} INFO - Processing /opt/airflow/dags/enrich_user_profiles_dag.py took 0.246 seconds
[2025-06-18T11:52:37.839+0000] {processor.py:161} INFO - Started process (PID=277) to work on /opt/airflow/dags/enrich_user_profiles_dag.py
[2025-06-18T11:52:37.842+0000] {processor.py:830} INFO - Processing file /opt/airflow/dags/enrich_user_profiles_dag.py for tasks to queue
[2025-06-18T11:52:37.847+0000] {logging_mixin.py:188} INFO - [2025-06-18T11:52:37.846+0000] {dagbag.py:545} INFO - Filling up the DagBag from /opt/airflow/dags/enrich_user_profiles_dag.py
[2025-06-18T11:52:37.940+0000] {processor.py:840} INFO - DAG(s) 'enrich_user_profiles' retrieved from /opt/airflow/dags/enrich_user_profiles_dag.py
[2025-06-18T11:52:38.026+0000] {logging_mixin.py:188} INFO - [2025-06-18T11:52:38.026+0000] {dag.py:3096} INFO - Sync 1 DAGs
[2025-06-18T11:52:38.069+0000] {logging_mixin.py:188} INFO - [2025-06-18T11:52:38.068+0000] {dag.py:3954} INFO - Setting next_dagrun for enrich_user_profiles to None, run_after=None
[2025-06-18T11:52:38.138+0000] {processor.py:183} INFO - Processing /opt/airflow/dags/enrich_user_profiles_dag.py took 0.315 seconds
[2025-06-18T11:53:08.437+0000] {processor.py:161} INFO - Started process (PID=292) to work on /opt/airflow/dags/enrich_user_profiles_dag.py
[2025-06-18T11:53:08.445+0000] {processor.py:830} INFO - Processing file /opt/airflow/dags/enrich_user_profiles_dag.py for tasks to queue
[2025-06-18T11:53:08.452+0000] {logging_mixin.py:188} INFO - [2025-06-18T11:53:08.451+0000] {dagbag.py:545} INFO - Filling up the DagBag from /opt/airflow/dags/enrich_user_profiles_dag.py
[2025-06-18T11:53:08.516+0000] {processor.py:840} INFO - DAG(s) 'enrich_user_profiles' retrieved from /opt/airflow/dags/enrich_user_profiles_dag.py
[2025-06-18T11:53:08.597+0000] {logging_mixin.py:188} INFO - [2025-06-18T11:53:08.597+0000] {dag.py:3096} INFO - Sync 1 DAGs
[2025-06-18T11:53:08.636+0000] {logging_mixin.py:188} INFO - [2025-06-18T11:53:08.636+0000] {dag.py:3954} INFO - Setting next_dagrun for enrich_user_profiles to None, run_after=None
[2025-06-18T11:53:08.696+0000] {processor.py:183} INFO - Processing /opt/airflow/dags/enrich_user_profiles_dag.py took 0.290 seconds
[2025-06-18T11:53:39.775+0000] {processor.py:161} INFO - Started process (PID=307) to work on /opt/airflow/dags/enrich_user_profiles_dag.py
[2025-06-18T11:53:39.779+0000] {processor.py:830} INFO - Processing file /opt/airflow/dags/enrich_user_profiles_dag.py for tasks to queue
[2025-06-18T11:53:39.786+0000] {logging_mixin.py:188} INFO - [2025-06-18T11:53:39.785+0000] {dagbag.py:545} INFO - Filling up the DagBag from /opt/airflow/dags/enrich_user_profiles_dag.py
[2025-06-18T11:53:39.823+0000] {processor.py:840} INFO - DAG(s) 'enrich_user_profiles' retrieved from /opt/airflow/dags/enrich_user_profiles_dag.py
[2025-06-18T11:53:39.871+0000] {logging_mixin.py:188} INFO - [2025-06-18T11:53:39.871+0000] {dag.py:3096} INFO - Sync 1 DAGs
[2025-06-18T11:53:39.898+0000] {logging_mixin.py:188} INFO - [2025-06-18T11:53:39.897+0000] {dag.py:3954} INFO - Setting next_dagrun for enrich_user_profiles to None, run_after=None
[2025-06-18T11:53:41.224+0000] {processor.py:183} INFO - Processing /opt/airflow/dags/enrich_user_profiles_dag.py took 1.472 seconds
[2025-06-18T11:54:11.610+0000] {processor.py:161} INFO - Started process (PID=322) to work on /opt/airflow/dags/enrich_user_profiles_dag.py
[2025-06-18T11:54:11.613+0000] {processor.py:830} INFO - Processing file /opt/airflow/dags/enrich_user_profiles_dag.py for tasks to queue
[2025-06-18T11:54:11.618+0000] {logging_mixin.py:188} INFO - [2025-06-18T11:54:11.617+0000] {dagbag.py:545} INFO - Filling up the DagBag from /opt/airflow/dags/enrich_user_profiles_dag.py
[2025-06-18T11:54:11.671+0000] {processor.py:840} INFO - DAG(s) 'enrich_user_profiles' retrieved from /opt/airflow/dags/enrich_user_profiles_dag.py
[2025-06-18T11:54:11.811+0000] {logging_mixin.py:188} INFO - [2025-06-18T11:54:11.808+0000] {dag.py:3096} INFO - Sync 1 DAGs
[2025-06-18T11:54:12.954+0000] {logging_mixin.py:188} INFO - [2025-06-18T11:54:12.954+0000] {dag.py:3954} INFO - Setting next_dagrun for enrich_user_profiles to None, run_after=None
[2025-06-18T11:54:13.003+0000] {processor.py:183} INFO - Processing /opt/airflow/dags/enrich_user_profiles_dag.py took 1.415 seconds
[2025-06-18T11:54:43.214+0000] {processor.py:161} INFO - Started process (PID=337) to work on /opt/airflow/dags/enrich_user_profiles_dag.py
[2025-06-18T11:54:43.217+0000] {processor.py:830} INFO - Processing file /opt/airflow/dags/enrich_user_profiles_dag.py for tasks to queue
[2025-06-18T11:54:43.224+0000] {logging_mixin.py:188} INFO - [2025-06-18T11:54:43.222+0000] {dagbag.py:545} INFO - Filling up the DagBag from /opt/airflow/dags/enrich_user_profiles_dag.py
[2025-06-18T11:54:43.288+0000] {processor.py:840} INFO - DAG(s) 'enrich_user_profiles' retrieved from /opt/airflow/dags/enrich_user_profiles_dag.py
[2025-06-18T11:54:44.131+0000] {logging_mixin.py:188} INFO - [2025-06-18T11:54:44.131+0000] {dag.py:3096} INFO - Sync 1 DAGs
[2025-06-18T11:54:44.152+0000] {logging_mixin.py:188} INFO - [2025-06-18T11:54:44.152+0000] {dag.py:3954} INFO - Setting next_dagrun for enrich_user_profiles to None, run_after=None
[2025-06-18T11:54:44.192+0000] {processor.py:183} INFO - Processing /opt/airflow/dags/enrich_user_profiles_dag.py took 0.996 seconds
[2025-06-18T11:55:14.419+0000] {processor.py:161} INFO - Started process (PID=352) to work on /opt/airflow/dags/enrich_user_profiles_dag.py
[2025-06-18T11:55:14.427+0000] {processor.py:830} INFO - Processing file /opt/airflow/dags/enrich_user_profiles_dag.py for tasks to queue
[2025-06-18T11:55:14.434+0000] {logging_mixin.py:188} INFO - [2025-06-18T11:55:14.433+0000] {dagbag.py:545} INFO - Filling up the DagBag from /opt/airflow/dags/enrich_user_profiles_dag.py
[2025-06-18T11:55:14.556+0000] {processor.py:840} INFO - DAG(s) 'enrich_user_profiles' retrieved from /opt/airflow/dags/enrich_user_profiles_dag.py
[2025-06-18T11:55:14.784+0000] {logging_mixin.py:188} INFO - [2025-06-18T11:55:14.784+0000] {dag.py:3096} INFO - Sync 1 DAGs
[2025-06-18T11:55:14.804+0000] {logging_mixin.py:188} INFO - [2025-06-18T11:55:14.804+0000] {dag.py:3954} INFO - Setting next_dagrun for enrich_user_profiles to None, run_after=None
[2025-06-18T11:55:14.840+0000] {processor.py:183} INFO - Processing /opt/airflow/dags/enrich_user_profiles_dag.py took 0.471 seconds
[2025-06-18T11:55:45.148+0000] {processor.py:161} INFO - Started process (PID=367) to work on /opt/airflow/dags/enrich_user_profiles_dag.py
[2025-06-18T11:55:45.150+0000] {processor.py:830} INFO - Processing file /opt/airflow/dags/enrich_user_profiles_dag.py for tasks to queue
[2025-06-18T11:55:45.153+0000] {logging_mixin.py:188} INFO - [2025-06-18T11:55:45.152+0000] {dagbag.py:545} INFO - Filling up the DagBag from /opt/airflow/dags/enrich_user_profiles_dag.py
[2025-06-18T11:55:45.187+0000] {processor.py:840} INFO - DAG(s) 'enrich_user_profiles' retrieved from /opt/airflow/dags/enrich_user_profiles_dag.py
[2025-06-18T11:55:45.247+0000] {logging_mixin.py:188} INFO - [2025-06-18T11:55:45.246+0000] {dag.py:3096} INFO - Sync 1 DAGs
[2025-06-18T11:55:45.269+0000] {logging_mixin.py:188} INFO - [2025-06-18T11:55:45.269+0000] {dag.py:3954} INFO - Setting next_dagrun for enrich_user_profiles to None, run_after=None
[2025-06-18T11:55:45.310+0000] {processor.py:183} INFO - Processing /opt/airflow/dags/enrich_user_profiles_dag.py took 0.182 seconds
[2025-06-18T11:56:16.301+0000] {processor.py:161} INFO - Started process (PID=382) to work on /opt/airflow/dags/enrich_user_profiles_dag.py
[2025-06-18T11:56:16.305+0000] {processor.py:830} INFO - Processing file /opt/airflow/dags/enrich_user_profiles_dag.py for tasks to queue
[2025-06-18T11:56:16.311+0000] {logging_mixin.py:188} INFO - [2025-06-18T11:56:16.310+0000] {dagbag.py:545} INFO - Filling up the DagBag from /opt/airflow/dags/enrich_user_profiles_dag.py
[2025-06-18T11:56:16.381+0000] {processor.py:840} INFO - DAG(s) 'enrich_user_profiles' retrieved from /opt/airflow/dags/enrich_user_profiles_dag.py
[2025-06-18T11:56:16.476+0000] {logging_mixin.py:188} INFO - [2025-06-18T11:56:16.476+0000] {dag.py:3096} INFO - Sync 1 DAGs
[2025-06-18T11:56:16.513+0000] {logging_mixin.py:188} INFO - [2025-06-18T11:56:16.512+0000] {dag.py:3954} INFO - Setting next_dagrun for enrich_user_profiles to None, run_after=None
[2025-06-18T11:56:16.551+0000] {processor.py:183} INFO - Processing /opt/airflow/dags/enrich_user_profiles_dag.py took 0.292 seconds
[2025-06-18T11:56:47.147+0000] {processor.py:161} INFO - Started process (PID=397) to work on /opt/airflow/dags/enrich_user_profiles_dag.py
[2025-06-18T11:56:47.221+0000] {processor.py:830} INFO - Processing file /opt/airflow/dags/enrich_user_profiles_dag.py for tasks to queue
[2025-06-18T11:56:47.569+0000] {logging_mixin.py:188} INFO - [2025-06-18T11:56:47.568+0000] {dagbag.py:545} INFO - Filling up the DagBag from /opt/airflow/dags/enrich_user_profiles_dag.py
[2025-06-18T11:56:48.303+0000] {processor.py:840} INFO - DAG(s) 'enrich_user_profiles' retrieved from /opt/airflow/dags/enrich_user_profiles_dag.py
[2025-06-18T11:56:48.684+0000] {logging_mixin.py:188} INFO - [2025-06-18T11:56:48.684+0000] {dag.py:3096} INFO - Sync 1 DAGs
[2025-06-18T11:56:48.852+0000] {logging_mixin.py:188} INFO - [2025-06-18T11:56:48.851+0000] {dag.py:3954} INFO - Setting next_dagrun for enrich_user_profiles to None, run_after=None
[2025-06-18T11:56:49.009+0000] {processor.py:183} INFO - Processing /opt/airflow/dags/enrich_user_profiles_dag.py took 1.979 seconds
[2025-06-18T11:57:19.739+0000] {processor.py:161} INFO - Started process (PID=412) to work on /opt/airflow/dags/enrich_user_profiles_dag.py
[2025-06-18T11:57:19.742+0000] {processor.py:830} INFO - Processing file /opt/airflow/dags/enrich_user_profiles_dag.py for tasks to queue
[2025-06-18T11:57:19.748+0000] {logging_mixin.py:188} INFO - [2025-06-18T11:57:19.747+0000] {dagbag.py:545} INFO - Filling up the DagBag from /opt/airflow/dags/enrich_user_profiles_dag.py
[2025-06-18T11:57:19.795+0000] {processor.py:840} INFO - DAG(s) 'enrich_user_profiles' retrieved from /opt/airflow/dags/enrich_user_profiles_dag.py
[2025-06-18T11:57:19.871+0000] {logging_mixin.py:188} INFO - [2025-06-18T11:57:19.871+0000] {dag.py:3096} INFO - Sync 1 DAGs
[2025-06-18T11:57:19.898+0000] {logging_mixin.py:188} INFO - [2025-06-18T11:57:19.897+0000] {dag.py:3954} INFO - Setting next_dagrun for enrich_user_profiles to None, run_after=None
[2025-06-18T11:57:19.936+0000] {processor.py:183} INFO - Processing /opt/airflow/dags/enrich_user_profiles_dag.py took 0.215 seconds
[2025-06-18T11:57:50.077+0000] {processor.py:161} INFO - Started process (PID=427) to work on /opt/airflow/dags/enrich_user_profiles_dag.py
[2025-06-18T11:57:50.080+0000] {processor.py:830} INFO - Processing file /opt/airflow/dags/enrich_user_profiles_dag.py for tasks to queue
[2025-06-18T11:57:50.086+0000] {logging_mixin.py:188} INFO - [2025-06-18T11:57:50.085+0000] {dagbag.py:545} INFO - Filling up the DagBag from /opt/airflow/dags/enrich_user_profiles_dag.py
[2025-06-18T11:57:50.138+0000] {processor.py:840} INFO - DAG(s) 'enrich_user_profiles' retrieved from /opt/airflow/dags/enrich_user_profiles_dag.py
[2025-06-18T11:57:50.399+0000] {logging_mixin.py:188} INFO - [2025-06-18T11:57:50.397+0000] {dag.py:3096} INFO - Sync 1 DAGs
[2025-06-18T11:57:50.534+0000] {logging_mixin.py:188} INFO - [2025-06-18T11:57:50.532+0000] {dag.py:3954} INFO - Setting next_dagrun for enrich_user_profiles to None, run_after=None
[2025-06-18T11:57:50.807+0000] {processor.py:183} INFO - Processing /opt/airflow/dags/enrich_user_profiles_dag.py took 0.747 seconds
[2025-06-18T11:58:21.754+0000] {processor.py:161} INFO - Started process (PID=442) to work on /opt/airflow/dags/enrich_user_profiles_dag.py
[2025-06-18T11:58:21.757+0000] {processor.py:830} INFO - Processing file /opt/airflow/dags/enrich_user_profiles_dag.py for tasks to queue
[2025-06-18T11:58:21.773+0000] {logging_mixin.py:188} INFO - [2025-06-18T11:58:21.771+0000] {dagbag.py:545} INFO - Filling up the DagBag from /opt/airflow/dags/enrich_user_profiles_dag.py
[2025-06-18T11:58:21.871+0000] {processor.py:840} INFO - DAG(s) 'enrich_user_profiles' retrieved from /opt/airflow/dags/enrich_user_profiles_dag.py
[2025-06-18T11:58:21.933+0000] {logging_mixin.py:188} INFO - [2025-06-18T11:58:21.932+0000] {dag.py:3096} INFO - Sync 1 DAGs
[2025-06-18T11:58:21.955+0000] {logging_mixin.py:188} INFO - [2025-06-18T11:58:21.955+0000] {dag.py:3954} INFO - Setting next_dagrun for enrich_user_profiles to None, run_after=None
[2025-06-18T11:58:21.995+0000] {processor.py:183} INFO - Processing /opt/airflow/dags/enrich_user_profiles_dag.py took 0.272 seconds
[2025-06-18T11:58:52.374+0000] {processor.py:161} INFO - Started process (PID=457) to work on /opt/airflow/dags/enrich_user_profiles_dag.py
[2025-06-18T11:58:52.387+0000] {processor.py:830} INFO - Processing file /opt/airflow/dags/enrich_user_profiles_dag.py for tasks to queue
[2025-06-18T11:58:52.414+0000] {logging_mixin.py:188} INFO - [2025-06-18T11:58:52.410+0000] {dagbag.py:545} INFO - Filling up the DagBag from /opt/airflow/dags/enrich_user_profiles_dag.py
[2025-06-18T11:58:52.773+0000] {processor.py:840} INFO - DAG(s) 'enrich_user_profiles' retrieved from /opt/airflow/dags/enrich_user_profiles_dag.py
[2025-06-18T11:58:52.964+0000] {logging_mixin.py:188} INFO - [2025-06-18T11:58:52.964+0000] {dag.py:3096} INFO - Sync 1 DAGs
[2025-06-18T11:58:53.005+0000] {logging_mixin.py:188} INFO - [2025-06-18T11:58:53.004+0000] {dag.py:3954} INFO - Setting next_dagrun for enrich_user_profiles to None, run_after=None
[2025-06-18T11:58:53.077+0000] {processor.py:183} INFO - Processing /opt/airflow/dags/enrich_user_profiles_dag.py took 0.759 seconds
[2025-06-18T11:59:23.514+0000] {processor.py:161} INFO - Started process (PID=472) to work on /opt/airflow/dags/enrich_user_profiles_dag.py
[2025-06-18T11:59:23.525+0000] {processor.py:830} INFO - Processing file /opt/airflow/dags/enrich_user_profiles_dag.py for tasks to queue
[2025-06-18T11:59:23.545+0000] {logging_mixin.py:188} INFO - [2025-06-18T11:59:23.541+0000] {dagbag.py:545} INFO - Filling up the DagBag from /opt/airflow/dags/enrich_user_profiles_dag.py
[2025-06-18T11:59:23.681+0000] {processor.py:840} INFO - DAG(s) 'enrich_user_profiles' retrieved from /opt/airflow/dags/enrich_user_profiles_dag.py
[2025-06-18T11:59:23.797+0000] {logging_mixin.py:188} INFO - [2025-06-18T11:59:23.796+0000] {dag.py:3096} INFO - Sync 1 DAGs
[2025-06-18T11:59:23.831+0000] {logging_mixin.py:188} INFO - [2025-06-18T11:59:23.830+0000] {dag.py:3954} INFO - Setting next_dagrun for enrich_user_profiles to None, run_after=None
[2025-06-18T11:59:23.889+0000] {processor.py:183} INFO - Processing /opt/airflow/dags/enrich_user_profiles_dag.py took 0.448 seconds
[2025-06-18T11:59:54.462+0000] {processor.py:161} INFO - Started process (PID=487) to work on /opt/airflow/dags/enrich_user_profiles_dag.py
[2025-06-18T11:59:54.467+0000] {processor.py:830} INFO - Processing file /opt/airflow/dags/enrich_user_profiles_dag.py for tasks to queue
[2025-06-18T11:59:54.485+0000] {logging_mixin.py:188} INFO - [2025-06-18T11:59:54.484+0000] {dagbag.py:545} INFO - Filling up the DagBag from /opt/airflow/dags/enrich_user_profiles_dag.py
[2025-06-18T11:59:54.546+0000] {processor.py:840} INFO - DAG(s) 'enrich_user_profiles' retrieved from /opt/airflow/dags/enrich_user_profiles_dag.py
[2025-06-18T11:59:54.657+0000] {logging_mixin.py:188} INFO - [2025-06-18T11:59:54.656+0000] {dag.py:3096} INFO - Sync 1 DAGs
[2025-06-18T11:59:54.711+0000] {logging_mixin.py:188} INFO - [2025-06-18T11:59:54.710+0000] {dag.py:3954} INFO - Setting next_dagrun for enrich_user_profiles to None, run_after=None
[2025-06-18T11:59:54.839+0000] {processor.py:183} INFO - Processing /opt/airflow/dags/enrich_user_profiles_dag.py took 0.414 seconds
[2025-06-18T12:00:25.177+0000] {processor.py:161} INFO - Started process (PID=502) to work on /opt/airflow/dags/enrich_user_profiles_dag.py
[2025-06-18T12:00:25.178+0000] {processor.py:830} INFO - Processing file /opt/airflow/dags/enrich_user_profiles_dag.py for tasks to queue
[2025-06-18T12:00:25.182+0000] {logging_mixin.py:188} INFO - [2025-06-18T12:00:25.181+0000] {dagbag.py:545} INFO - Filling up the DagBag from /opt/airflow/dags/enrich_user_profiles_dag.py
[2025-06-18T12:00:25.228+0000] {processor.py:840} INFO - DAG(s) 'enrich_user_profiles' retrieved from /opt/airflow/dags/enrich_user_profiles_dag.py
[2025-06-18T12:00:25.278+0000] {logging_mixin.py:188} INFO - [2025-06-18T12:00:25.278+0000] {dag.py:3096} INFO - Sync 1 DAGs
[2025-06-18T12:00:25.305+0000] {logging_mixin.py:188} INFO - [2025-06-18T12:00:25.304+0000] {dag.py:3954} INFO - Setting next_dagrun for enrich_user_profiles to None, run_after=None
[2025-06-18T12:00:25.359+0000] {processor.py:183} INFO - Processing /opt/airflow/dags/enrich_user_profiles_dag.py took 0.192 seconds
[2025-06-18T12:00:56.090+0000] {processor.py:161} INFO - Started process (PID=517) to work on /opt/airflow/dags/enrich_user_profiles_dag.py
[2025-06-18T12:00:56.096+0000] {processor.py:830} INFO - Processing file /opt/airflow/dags/enrich_user_profiles_dag.py for tasks to queue
[2025-06-18T12:00:56.101+0000] {logging_mixin.py:188} INFO - [2025-06-18T12:00:56.100+0000] {dagbag.py:545} INFO - Filling up the DagBag from /opt/airflow/dags/enrich_user_profiles_dag.py
[2025-06-18T12:00:56.137+0000] {processor.py:840} INFO - DAG(s) 'enrich_user_profiles' retrieved from /opt/airflow/dags/enrich_user_profiles_dag.py
[2025-06-18T12:00:56.185+0000] {logging_mixin.py:188} INFO - [2025-06-18T12:00:56.185+0000] {dag.py:3096} INFO - Sync 1 DAGs
[2025-06-18T12:00:56.203+0000] {logging_mixin.py:188} INFO - [2025-06-18T12:00:56.203+0000] {dag.py:3954} INFO - Setting next_dagrun for enrich_user_profiles to None, run_after=None
[2025-06-18T12:00:56.232+0000] {processor.py:183} INFO - Processing /opt/airflow/dags/enrich_user_profiles_dag.py took 0.172 seconds
[2025-06-18T12:01:27.194+0000] {processor.py:161} INFO - Started process (PID=532) to work on /opt/airflow/dags/enrich_user_profiles_dag.py
[2025-06-18T12:01:27.196+0000] {processor.py:830} INFO - Processing file /opt/airflow/dags/enrich_user_profiles_dag.py for tasks to queue
[2025-06-18T12:01:27.200+0000] {logging_mixin.py:188} INFO - [2025-06-18T12:01:27.199+0000] {dagbag.py:545} INFO - Filling up the DagBag from /opt/airflow/dags/enrich_user_profiles_dag.py
[2025-06-18T12:01:27.243+0000] {processor.py:840} INFO - DAG(s) 'enrich_user_profiles' retrieved from /opt/airflow/dags/enrich_user_profiles_dag.py
[2025-06-18T12:01:27.291+0000] {logging_mixin.py:188} INFO - [2025-06-18T12:01:27.290+0000] {dag.py:3096} INFO - Sync 1 DAGs
[2025-06-18T12:01:27.312+0000] {logging_mixin.py:188} INFO - [2025-06-18T12:01:27.311+0000] {dag.py:3954} INFO - Setting next_dagrun for enrich_user_profiles to None, run_after=None
[2025-06-18T12:01:27.345+0000] {processor.py:183} INFO - Processing /opt/airflow/dags/enrich_user_profiles_dag.py took 0.166 seconds
[2025-06-18T12:01:57.805+0000] {processor.py:161} INFO - Started process (PID=547) to work on /opt/airflow/dags/enrich_user_profiles_dag.py
[2025-06-18T12:01:57.808+0000] {processor.py:830} INFO - Processing file /opt/airflow/dags/enrich_user_profiles_dag.py for tasks to queue
[2025-06-18T12:01:57.813+0000] {logging_mixin.py:188} INFO - [2025-06-18T12:01:57.813+0000] {dagbag.py:545} INFO - Filling up the DagBag from /opt/airflow/dags/enrich_user_profiles_dag.py
[2025-06-18T12:01:57.893+0000] {processor.py:840} INFO - DAG(s) 'enrich_user_profiles' retrieved from /opt/airflow/dags/enrich_user_profiles_dag.py
[2025-06-18T12:01:58.055+0000] {logging_mixin.py:188} INFO - [2025-06-18T12:01:58.053+0000] {dag.py:3096} INFO - Sync 1 DAGs
[2025-06-18T12:01:58.338+0000] {logging_mixin.py:188} INFO - [2025-06-18T12:01:58.335+0000] {dag.py:3954} INFO - Setting next_dagrun for enrich_user_profiles to None, run_after=None
[2025-06-18T12:01:58.570+0000] {processor.py:183} INFO - Processing /opt/airflow/dags/enrich_user_profiles_dag.py took 0.783 seconds
[2025-06-18T12:02:29.166+0000] {processor.py:161} INFO - Started process (PID=562) to work on /opt/airflow/dags/enrich_user_profiles_dag.py
[2025-06-18T12:02:29.169+0000] {processor.py:830} INFO - Processing file /opt/airflow/dags/enrich_user_profiles_dag.py for tasks to queue
[2025-06-18T12:02:29.174+0000] {logging_mixin.py:188} INFO - [2025-06-18T12:02:29.173+0000] {dagbag.py:545} INFO - Filling up the DagBag from /opt/airflow/dags/enrich_user_profiles_dag.py
[2025-06-18T12:02:29.255+0000] {processor.py:840} INFO - DAG(s) 'enrich_user_profiles' retrieved from /opt/airflow/dags/enrich_user_profiles_dag.py
[2025-06-18T12:02:29.345+0000] {logging_mixin.py:188} INFO - [2025-06-18T12:02:29.344+0000] {dag.py:3096} INFO - Sync 1 DAGs
[2025-06-18T12:02:29.399+0000] {logging_mixin.py:188} INFO - [2025-06-18T12:02:29.398+0000] {dag.py:3954} INFO - Setting next_dagrun for enrich_user_profiles to None, run_after=None
[2025-06-18T12:02:29.498+0000] {processor.py:183} INFO - Processing /opt/airflow/dags/enrich_user_profiles_dag.py took 0.353 seconds
[2025-06-18T12:03:00.154+0000] {processor.py:161} INFO - Started process (PID=577) to work on /opt/airflow/dags/enrich_user_profiles_dag.py
[2025-06-18T12:03:00.155+0000] {processor.py:830} INFO - Processing file /opt/airflow/dags/enrich_user_profiles_dag.py for tasks to queue
[2025-06-18T12:03:00.158+0000] {logging_mixin.py:188} INFO - [2025-06-18T12:03:00.158+0000] {dagbag.py:545} INFO - Filling up the DagBag from /opt/airflow/dags/enrich_user_profiles_dag.py
[2025-06-18T12:03:00.187+0000] {processor.py:840} INFO - DAG(s) 'enrich_user_profiles' retrieved from /opt/airflow/dags/enrich_user_profiles_dag.py
[2025-06-18T12:03:00.240+0000] {logging_mixin.py:188} INFO - [2025-06-18T12:03:00.240+0000] {dag.py:3096} INFO - Sync 1 DAGs
[2025-06-18T12:03:00.265+0000] {logging_mixin.py:188} INFO - [2025-06-18T12:03:00.264+0000] {dag.py:3954} INFO - Setting next_dagrun for enrich_user_profiles to None, run_after=None
[2025-06-18T12:03:00.313+0000] {processor.py:183} INFO - Processing /opt/airflow/dags/enrich_user_profiles_dag.py took 0.170 seconds
[2025-06-18T12:03:31.235+0000] {processor.py:161} INFO - Started process (PID=592) to work on /opt/airflow/dags/enrich_user_profiles_dag.py
[2025-06-18T12:03:31.237+0000] {processor.py:830} INFO - Processing file /opt/airflow/dags/enrich_user_profiles_dag.py for tasks to queue
[2025-06-18T12:03:31.242+0000] {logging_mixin.py:188} INFO - [2025-06-18T12:03:31.241+0000] {dagbag.py:545} INFO - Filling up the DagBag from /opt/airflow/dags/enrich_user_profiles_dag.py
[2025-06-18T12:03:31.274+0000] {processor.py:840} INFO - DAG(s) 'enrich_user_profiles' retrieved from /opt/airflow/dags/enrich_user_profiles_dag.py
[2025-06-18T12:03:31.337+0000] {logging_mixin.py:188} INFO - [2025-06-18T12:03:31.336+0000] {dag.py:3096} INFO - Sync 1 DAGs
[2025-06-18T12:03:31.364+0000] {logging_mixin.py:188} INFO - [2025-06-18T12:03:31.364+0000] {dag.py:3954} INFO - Setting next_dagrun for enrich_user_profiles to None, run_after=None
[2025-06-18T12:03:31.453+0000] {processor.py:183} INFO - Processing /opt/airflow/dags/enrich_user_profiles_dag.py took 0.236 seconds
[2025-06-18T12:04:02.214+0000] {processor.py:161} INFO - Started process (PID=607) to work on /opt/airflow/dags/enrich_user_profiles_dag.py
[2025-06-18T12:04:02.218+0000] {processor.py:830} INFO - Processing file /opt/airflow/dags/enrich_user_profiles_dag.py for tasks to queue
[2025-06-18T12:04:02.226+0000] {logging_mixin.py:188} INFO - [2025-06-18T12:04:02.225+0000] {dagbag.py:545} INFO - Filling up the DagBag from /opt/airflow/dags/enrich_user_profiles_dag.py
[2025-06-18T12:04:02.299+0000] {processor.py:840} INFO - DAG(s) 'enrich_user_profiles' retrieved from /opt/airflow/dags/enrich_user_profiles_dag.py
[2025-06-18T12:04:02.412+0000] {logging_mixin.py:188} INFO - [2025-06-18T12:04:02.411+0000] {dag.py:3096} INFO - Sync 1 DAGs
[2025-06-18T12:04:02.437+0000] {logging_mixin.py:188} INFO - [2025-06-18T12:04:02.436+0000] {dag.py:3954} INFO - Setting next_dagrun for enrich_user_profiles to None, run_after=None
[2025-06-18T12:04:02.488+0000] {processor.py:183} INFO - Processing /opt/airflow/dags/enrich_user_profiles_dag.py took 0.312 seconds
[2025-06-18T12:04:32.980+0000] {processor.py:161} INFO - Started process (PID=622) to work on /opt/airflow/dags/enrich_user_profiles_dag.py
[2025-06-18T12:04:32.986+0000] {processor.py:830} INFO - Processing file /opt/airflow/dags/enrich_user_profiles_dag.py for tasks to queue
[2025-06-18T12:04:33.000+0000] {logging_mixin.py:188} INFO - [2025-06-18T12:04:32.999+0000] {dagbag.py:545} INFO - Filling up the DagBag from /opt/airflow/dags/enrich_user_profiles_dag.py
[2025-06-18T12:04:33.103+0000] {processor.py:840} INFO - DAG(s) 'enrich_user_profiles' retrieved from /opt/airflow/dags/enrich_user_profiles_dag.py
[2025-06-18T12:04:33.224+0000] {logging_mixin.py:188} INFO - [2025-06-18T12:04:33.223+0000] {dag.py:3096} INFO - Sync 1 DAGs
[2025-06-18T12:04:33.261+0000] {logging_mixin.py:188} INFO - [2025-06-18T12:04:33.260+0000] {dag.py:3954} INFO - Setting next_dagrun for enrich_user_profiles to None, run_after=None
[2025-06-18T12:04:33.308+0000] {processor.py:183} INFO - Processing /opt/airflow/dags/enrich_user_profiles_dag.py took 0.369 seconds
[2025-06-18T12:05:04.619+0000] {processor.py:161} INFO - Started process (PID=637) to work on /opt/airflow/dags/enrich_user_profiles_dag.py
[2025-06-18T12:05:04.636+0000] {processor.py:830} INFO - Processing file /opt/airflow/dags/enrich_user_profiles_dag.py for tasks to queue
[2025-06-18T12:05:04.679+0000] {logging_mixin.py:188} INFO - [2025-06-18T12:05:04.664+0000] {dagbag.py:545} INFO - Filling up the DagBag from /opt/airflow/dags/enrich_user_profiles_dag.py
[2025-06-18T12:05:04.776+0000] {processor.py:840} INFO - DAG(s) 'enrich_user_profiles' retrieved from /opt/airflow/dags/enrich_user_profiles_dag.py
[2025-06-18T12:05:04.898+0000] {logging_mixin.py:188} INFO - [2025-06-18T12:05:04.897+0000] {dag.py:3096} INFO - Sync 1 DAGs
[2025-06-18T12:05:05.000+0000] {logging_mixin.py:188} INFO - [2025-06-18T12:05:05.000+0000] {dag.py:3954} INFO - Setting next_dagrun for enrich_user_profiles to None, run_after=None
[2025-06-18T12:05:05.168+0000] {processor.py:183} INFO - Processing /opt/airflow/dags/enrich_user_profiles_dag.py took 0.691 seconds
[2025-06-18T12:05:35.842+0000] {processor.py:161} INFO - Started process (PID=652) to work on /opt/airflow/dags/enrich_user_profiles_dag.py
[2025-06-18T12:05:35.859+0000] {processor.py:830} INFO - Processing file /opt/airflow/dags/enrich_user_profiles_dag.py for tasks to queue
[2025-06-18T12:05:35.894+0000] {logging_mixin.py:188} INFO - [2025-06-18T12:05:35.887+0000] {dagbag.py:545} INFO - Filling up the DagBag from /opt/airflow/dags/enrich_user_profiles_dag.py
[2025-06-18T12:05:36.053+0000] {processor.py:840} INFO - DAG(s) 'enrich_user_profiles' retrieved from /opt/airflow/dags/enrich_user_profiles_dag.py
[2025-06-18T12:05:36.239+0000] {logging_mixin.py:188} INFO - [2025-06-18T12:05:36.238+0000] {dag.py:3096} INFO - Sync 1 DAGs
[2025-06-18T12:05:36.346+0000] {logging_mixin.py:188} INFO - [2025-06-18T12:05:36.345+0000] {dag.py:3954} INFO - Setting next_dagrun for enrich_user_profiles to None, run_after=None
[2025-06-18T12:05:36.455+0000] {processor.py:183} INFO - Processing /opt/airflow/dags/enrich_user_profiles_dag.py took 0.728 seconds
[2025-06-18T12:06:07.434+0000] {processor.py:161} INFO - Started process (PID=667) to work on /opt/airflow/dags/enrich_user_profiles_dag.py
[2025-06-18T12:06:07.444+0000] {processor.py:830} INFO - Processing file /opt/airflow/dags/enrich_user_profiles_dag.py for tasks to queue
[2025-06-18T12:06:07.455+0000] {logging_mixin.py:188} INFO - [2025-06-18T12:06:07.454+0000] {dagbag.py:545} INFO - Filling up the DagBag from /opt/airflow/dags/enrich_user_profiles_dag.py
[2025-06-18T12:06:07.547+0000] {processor.py:840} INFO - DAG(s) 'enrich_user_profiles' retrieved from /opt/airflow/dags/enrich_user_profiles_dag.py
[2025-06-18T12:06:07.712+0000] {logging_mixin.py:188} INFO - [2025-06-18T12:06:07.708+0000] {dag.py:3096} INFO - Sync 1 DAGs
[2025-06-18T12:06:07.844+0000] {logging_mixin.py:188} INFO - [2025-06-18T12:06:07.843+0000] {dag.py:3954} INFO - Setting next_dagrun for enrich_user_profiles to None, run_after=None
[2025-06-18T12:06:08.171+0000] {processor.py:183} INFO - Processing /opt/airflow/dags/enrich_user_profiles_dag.py took 0.780 seconds
[2025-06-18T12:06:38.853+0000] {processor.py:161} INFO - Started process (PID=682) to work on /opt/airflow/dags/enrich_user_profiles_dag.py
[2025-06-18T12:06:38.858+0000] {processor.py:830} INFO - Processing file /opt/airflow/dags/enrich_user_profiles_dag.py for tasks to queue
[2025-06-18T12:06:38.870+0000] {logging_mixin.py:188} INFO - [2025-06-18T12:06:38.869+0000] {dagbag.py:545} INFO - Filling up the DagBag from /opt/airflow/dags/enrich_user_profiles_dag.py
[2025-06-18T12:06:38.942+0000] {processor.py:840} INFO - DAG(s) 'enrich_user_profiles' retrieved from /opt/airflow/dags/enrich_user_profiles_dag.py
[2025-06-18T12:06:39.866+0000] {logging_mixin.py:188} INFO - [2025-06-18T12:06:39.865+0000] {dag.py:3096} INFO - Sync 1 DAGs
[2025-06-18T12:06:40.016+0000] {logging_mixin.py:188} INFO - [2025-06-18T12:06:40.015+0000] {dag.py:3954} INFO - Setting next_dagrun for enrich_user_profiles to None, run_after=None
[2025-06-18T12:06:40.113+0000] {processor.py:183} INFO - Processing /opt/airflow/dags/enrich_user_profiles_dag.py took 1.283 seconds
[2025-06-18T12:07:10.646+0000] {processor.py:161} INFO - Started process (PID=697) to work on /opt/airflow/dags/enrich_user_profiles_dag.py
[2025-06-18T12:07:10.650+0000] {processor.py:830} INFO - Processing file /opt/airflow/dags/enrich_user_profiles_dag.py for tasks to queue
[2025-06-18T12:07:10.656+0000] {logging_mixin.py:188} INFO - [2025-06-18T12:07:10.655+0000] {dagbag.py:545} INFO - Filling up the DagBag from /opt/airflow/dags/enrich_user_profiles_dag.py
[2025-06-18T12:07:10.690+0000] {processor.py:840} INFO - DAG(s) 'enrich_user_profiles' retrieved from /opt/airflow/dags/enrich_user_profiles_dag.py
[2025-06-18T12:07:10.754+0000] {logging_mixin.py:188} INFO - [2025-06-18T12:07:10.753+0000] {dag.py:3096} INFO - Sync 1 DAGs
[2025-06-18T12:07:10.777+0000] {logging_mixin.py:188} INFO - [2025-06-18T12:07:10.777+0000] {dag.py:3954} INFO - Setting next_dagrun for enrich_user_profiles to None, run_after=None
[2025-06-18T12:07:10.835+0000] {processor.py:183} INFO - Processing /opt/airflow/dags/enrich_user_profiles_dag.py took 0.208 seconds
[2025-06-18T12:07:41.308+0000] {processor.py:161} INFO - Started process (PID=712) to work on /opt/airflow/dags/enrich_user_profiles_dag.py
[2025-06-18T12:07:41.315+0000] {processor.py:830} INFO - Processing file /opt/airflow/dags/enrich_user_profiles_dag.py for tasks to queue
[2025-06-18T12:07:41.333+0000] {logging_mixin.py:188} INFO - [2025-06-18T12:07:41.330+0000] {dagbag.py:545} INFO - Filling up the DagBag from /opt/airflow/dags/enrich_user_profiles_dag.py
[2025-06-18T12:07:41.470+0000] {processor.py:840} INFO - DAG(s) 'enrich_user_profiles' retrieved from /opt/airflow/dags/enrich_user_profiles_dag.py
[2025-06-18T12:07:41.640+0000] {logging_mixin.py:188} INFO - [2025-06-18T12:07:41.640+0000] {dag.py:3096} INFO - Sync 1 DAGs
[2025-06-18T12:07:41.697+0000] {logging_mixin.py:188} INFO - [2025-06-18T12:07:41.696+0000] {dag.py:3954} INFO - Setting next_dagrun for enrich_user_profiles to None, run_after=None
[2025-06-18T12:07:41.779+0000] {processor.py:183} INFO - Processing /opt/airflow/dags/enrich_user_profiles_dag.py took 0.532 seconds
[2025-06-18T12:08:13.116+0000] {processor.py:161} INFO - Started process (PID=727) to work on /opt/airflow/dags/enrich_user_profiles_dag.py
[2025-06-18T12:08:13.141+0000] {processor.py:830} INFO - Processing file /opt/airflow/dags/enrich_user_profiles_dag.py for tasks to queue
[2025-06-18T12:08:13.178+0000] {logging_mixin.py:188} INFO - [2025-06-18T12:08:13.171+0000] {dagbag.py:545} INFO - Filling up the DagBag from /opt/airflow/dags/enrich_user_profiles_dag.py
[2025-06-18T12:08:13.442+0000] {processor.py:840} INFO - DAG(s) 'enrich_user_profiles' retrieved from /opt/airflow/dags/enrich_user_profiles_dag.py
[2025-06-18T12:08:13.628+0000] {logging_mixin.py:188} INFO - [2025-06-18T12:08:13.627+0000] {dag.py:3096} INFO - Sync 1 DAGs
[2025-06-18T12:08:13.680+0000] {logging_mixin.py:188} INFO - [2025-06-18T12:08:13.679+0000] {dag.py:3954} INFO - Setting next_dagrun for enrich_user_profiles to None, run_after=None
[2025-06-18T12:08:13.769+0000] {processor.py:183} INFO - Processing /opt/airflow/dags/enrich_user_profiles_dag.py took 0.832 seconds
[2025-06-18T12:08:45.096+0000] {processor.py:161} INFO - Started process (PID=742) to work on /opt/airflow/dags/enrich_user_profiles_dag.py
[2025-06-18T12:08:45.113+0000] {processor.py:830} INFO - Processing file /opt/airflow/dags/enrich_user_profiles_dag.py for tasks to queue
[2025-06-18T12:08:45.127+0000] {logging_mixin.py:188} INFO - [2025-06-18T12:08:45.127+0000] {dagbag.py:545} INFO - Filling up the DagBag from /opt/airflow/dags/enrich_user_profiles_dag.py
[2025-06-18T12:08:45.213+0000] {processor.py:840} INFO - DAG(s) 'enrich_user_profiles' retrieved from /opt/airflow/dags/enrich_user_profiles_dag.py
[2025-06-18T12:08:45.351+0000] {logging_mixin.py:188} INFO - [2025-06-18T12:08:45.351+0000] {dag.py:3096} INFO - Sync 1 DAGs
[2025-06-18T12:08:45.379+0000] {logging_mixin.py:188} INFO - [2025-06-18T12:08:45.378+0000] {dag.py:3954} INFO - Setting next_dagrun for enrich_user_profiles to None, run_after=None
[2025-06-18T12:08:45.472+0000] {processor.py:183} INFO - Processing /opt/airflow/dags/enrich_user_profiles_dag.py took 0.457 seconds
[2025-06-18T12:09:15.819+0000] {processor.py:161} INFO - Started process (PID=757) to work on /opt/airflow/dags/enrich_user_profiles_dag.py
[2025-06-18T12:09:15.826+0000] {processor.py:830} INFO - Processing file /opt/airflow/dags/enrich_user_profiles_dag.py for tasks to queue
[2025-06-18T12:09:15.837+0000] {logging_mixin.py:188} INFO - [2025-06-18T12:09:15.836+0000] {dagbag.py:545} INFO - Filling up the DagBag from /opt/airflow/dags/enrich_user_profiles_dag.py
[2025-06-18T12:09:15.914+0000] {processor.py:840} INFO - DAG(s) 'enrich_user_profiles' retrieved from /opt/airflow/dags/enrich_user_profiles_dag.py
[2025-06-18T12:09:16.029+0000] {logging_mixin.py:188} INFO - [2025-06-18T12:09:16.028+0000] {dag.py:3096} INFO - Sync 1 DAGs
[2025-06-18T12:09:16.069+0000] {logging_mixin.py:188} INFO - [2025-06-18T12:09:16.068+0000] {dag.py:3954} INFO - Setting next_dagrun for enrich_user_profiles to None, run_after=None
[2025-06-18T12:09:16.121+0000] {processor.py:183} INFO - Processing /opt/airflow/dags/enrich_user_profiles_dag.py took 0.322 seconds
[2025-06-18T12:09:47.188+0000] {processor.py:161} INFO - Started process (PID=772) to work on /opt/airflow/dags/enrich_user_profiles_dag.py
[2025-06-18T12:09:47.193+0000] {processor.py:830} INFO - Processing file /opt/airflow/dags/enrich_user_profiles_dag.py for tasks to queue
[2025-06-18T12:09:47.198+0000] {logging_mixin.py:188} INFO - [2025-06-18T12:09:47.197+0000] {dagbag.py:545} INFO - Filling up the DagBag from /opt/airflow/dags/enrich_user_profiles_dag.py
[2025-06-18T12:09:47.248+0000] {processor.py:840} INFO - DAG(s) 'enrich_user_profiles' retrieved from /opt/airflow/dags/enrich_user_profiles_dag.py
[2025-06-18T12:09:47.328+0000] {logging_mixin.py:188} INFO - [2025-06-18T12:09:47.327+0000] {dag.py:3096} INFO - Sync 1 DAGs
[2025-06-18T12:09:47.369+0000] {logging_mixin.py:188} INFO - [2025-06-18T12:09:47.368+0000] {dag.py:3954} INFO - Setting next_dagrun for enrich_user_profiles to None, run_after=None
[2025-06-18T12:09:47.443+0000] {processor.py:183} INFO - Processing /opt/airflow/dags/enrich_user_profiles_dag.py took 0.272 seconds
[2025-06-18T12:10:18.170+0000] {processor.py:161} INFO - Started process (PID=787) to work on /opt/airflow/dags/enrich_user_profiles_dag.py
[2025-06-18T12:10:18.176+0000] {processor.py:830} INFO - Processing file /opt/airflow/dags/enrich_user_profiles_dag.py for tasks to queue
[2025-06-18T12:10:18.181+0000] {logging_mixin.py:188} INFO - [2025-06-18T12:10:18.180+0000] {dagbag.py:545} INFO - Filling up the DagBag from /opt/airflow/dags/enrich_user_profiles_dag.py
[2025-06-18T12:10:18.252+0000] {processor.py:840} INFO - DAG(s) 'enrich_user_profiles' retrieved from /opt/airflow/dags/enrich_user_profiles_dag.py
[2025-06-18T12:10:18.463+0000] {logging_mixin.py:188} INFO - [2025-06-18T12:10:18.462+0000] {dag.py:3096} INFO - Sync 1 DAGs
[2025-06-18T12:10:18.554+0000] {logging_mixin.py:188} INFO - [2025-06-18T12:10:18.552+0000] {dag.py:3954} INFO - Setting next_dagrun for enrich_user_profiles to None, run_after=None
[2025-06-18T12:10:18.672+0000] {processor.py:183} INFO - Processing /opt/airflow/dags/enrich_user_profiles_dag.py took 0.531 seconds
[2025-06-18T12:10:49.029+0000] {processor.py:161} INFO - Started process (PID=802) to work on /opt/airflow/dags/enrich_user_profiles_dag.py
[2025-06-18T12:10:49.033+0000] {processor.py:830} INFO - Processing file /opt/airflow/dags/enrich_user_profiles_dag.py for tasks to queue
[2025-06-18T12:10:49.050+0000] {logging_mixin.py:188} INFO - [2025-06-18T12:10:49.049+0000] {dagbag.py:545} INFO - Filling up the DagBag from /opt/airflow/dags/enrich_user_profiles_dag.py
[2025-06-18T12:10:49.122+0000] {processor.py:840} INFO - DAG(s) 'enrich_user_profiles' retrieved from /opt/airflow/dags/enrich_user_profiles_dag.py
[2025-06-18T12:10:49.288+0000] {logging_mixin.py:188} INFO - [2025-06-18T12:10:49.287+0000] {dag.py:3096} INFO - Sync 1 DAGs
[2025-06-18T12:10:49.331+0000] {logging_mixin.py:188} INFO - [2025-06-18T12:10:49.331+0000] {dag.py:3954} INFO - Setting next_dagrun for enrich_user_profiles to None, run_after=None
[2025-06-18T12:10:49.409+0000] {processor.py:183} INFO - Processing /opt/airflow/dags/enrich_user_profiles_dag.py took 0.399 seconds
[2025-06-18T12:11:19.832+0000] {processor.py:161} INFO - Started process (PID=817) to work on /opt/airflow/dags/enrich_user_profiles_dag.py
[2025-06-18T12:11:19.836+0000] {processor.py:830} INFO - Processing file /opt/airflow/dags/enrich_user_profiles_dag.py for tasks to queue
[2025-06-18T12:11:19.843+0000] {logging_mixin.py:188} INFO - [2025-06-18T12:11:19.841+0000] {dagbag.py:545} INFO - Filling up the DagBag from /opt/airflow/dags/enrich_user_profiles_dag.py
[2025-06-18T12:11:19.989+0000] {processor.py:840} INFO - DAG(s) 'enrich_user_profiles' retrieved from /opt/airflow/dags/enrich_user_profiles_dag.py
[2025-06-18T12:11:20.489+0000] {logging_mixin.py:188} INFO - [2025-06-18T12:11:20.488+0000] {dag.py:3096} INFO - Sync 1 DAGs
[2025-06-18T12:11:20.552+0000] {logging_mixin.py:188} INFO - [2025-06-18T12:11:20.551+0000] {dag.py:3954} INFO - Setting next_dagrun for enrich_user_profiles to None, run_after=None
[2025-06-18T12:11:20.620+0000] {processor.py:183} INFO - Processing /opt/airflow/dags/enrich_user_profiles_dag.py took 0.807 seconds
[2025-06-18T12:11:51.667+0000] {processor.py:161} INFO - Started process (PID=832) to work on /opt/airflow/dags/enrich_user_profiles_dag.py
[2025-06-18T12:11:51.671+0000] {processor.py:830} INFO - Processing file /opt/airflow/dags/enrich_user_profiles_dag.py for tasks to queue
[2025-06-18T12:11:51.681+0000] {logging_mixin.py:188} INFO - [2025-06-18T12:11:51.679+0000] {dagbag.py:545} INFO - Filling up the DagBag from /opt/airflow/dags/enrich_user_profiles_dag.py
[2025-06-18T12:11:51.763+0000] {processor.py:840} INFO - DAG(s) 'enrich_user_profiles' retrieved from /opt/airflow/dags/enrich_user_profiles_dag.py
[2025-06-18T12:11:51.869+0000] {logging_mixin.py:188} INFO - [2025-06-18T12:11:51.868+0000] {dag.py:3096} INFO - Sync 1 DAGs
[2025-06-18T12:11:51.910+0000] {logging_mixin.py:188} INFO - [2025-06-18T12:11:51.909+0000] {dag.py:3954} INFO - Setting next_dagrun for enrich_user_profiles to None, run_after=None
[2025-06-18T12:11:51.962+0000] {processor.py:183} INFO - Processing /opt/airflow/dags/enrich_user_profiles_dag.py took 0.329 seconds
[2025-06-18T12:12:22.542+0000] {processor.py:161} INFO - Started process (PID=847) to work on /opt/airflow/dags/enrich_user_profiles_dag.py
[2025-06-18T12:12:22.547+0000] {processor.py:830} INFO - Processing file /opt/airflow/dags/enrich_user_profiles_dag.py for tasks to queue
[2025-06-18T12:12:22.560+0000] {logging_mixin.py:188} INFO - [2025-06-18T12:12:22.558+0000] {dagbag.py:545} INFO - Filling up the DagBag from /opt/airflow/dags/enrich_user_profiles_dag.py
[2025-06-18T12:12:22.666+0000] {processor.py:840} INFO - DAG(s) 'enrich_user_profiles' retrieved from /opt/airflow/dags/enrich_user_profiles_dag.py
[2025-06-18T12:12:23.253+0000] {logging_mixin.py:188} INFO - [2025-06-18T12:12:23.251+0000] {dag.py:3096} INFO - Sync 1 DAGs
[2025-06-18T12:12:23.325+0000] {logging_mixin.py:188} INFO - [2025-06-18T12:12:23.324+0000] {dag.py:3954} INFO - Setting next_dagrun for enrich_user_profiles to None, run_after=None
[2025-06-18T12:12:23.402+0000] {processor.py:183} INFO - Processing /opt/airflow/dags/enrich_user_profiles_dag.py took 0.881 seconds
[2025-06-18T12:12:54.145+0000] {processor.py:161} INFO - Started process (PID=862) to work on /opt/airflow/dags/enrich_user_profiles_dag.py
[2025-06-18T12:12:54.149+0000] {processor.py:830} INFO - Processing file /opt/airflow/dags/enrich_user_profiles_dag.py for tasks to queue
[2025-06-18T12:12:54.155+0000] {logging_mixin.py:188} INFO - [2025-06-18T12:12:54.154+0000] {dagbag.py:545} INFO - Filling up the DagBag from /opt/airflow/dags/enrich_user_profiles_dag.py
[2025-06-18T12:12:54.263+0000] {processor.py:840} INFO - DAG(s) 'enrich_user_profiles' retrieved from /opt/airflow/dags/enrich_user_profiles_dag.py
[2025-06-18T12:12:54.402+0000] {logging_mixin.py:188} INFO - [2025-06-18T12:12:54.401+0000] {dag.py:3096} INFO - Sync 1 DAGs
[2025-06-18T12:12:54.468+0000] {logging_mixin.py:188} INFO - [2025-06-18T12:12:54.467+0000] {dag.py:3954} INFO - Setting next_dagrun for enrich_user_profiles to None, run_after=None
[2025-06-18T12:12:54.543+0000] {processor.py:183} INFO - Processing /opt/airflow/dags/enrich_user_profiles_dag.py took 0.425 seconds
[2025-06-18T12:13:25.382+0000] {processor.py:161} INFO - Started process (PID=877) to work on /opt/airflow/dags/enrich_user_profiles_dag.py
[2025-06-18T12:13:25.389+0000] {processor.py:830} INFO - Processing file /opt/airflow/dags/enrich_user_profiles_dag.py for tasks to queue
[2025-06-18T12:13:25.399+0000] {logging_mixin.py:188} INFO - [2025-06-18T12:13:25.399+0000] {dagbag.py:545} INFO - Filling up the DagBag from /opt/airflow/dags/enrich_user_profiles_dag.py
[2025-06-18T12:13:25.432+0000] {processor.py:840} INFO - DAG(s) 'enrich_user_profiles' retrieved from /opt/airflow/dags/enrich_user_profiles_dag.py
[2025-06-18T12:13:25.507+0000] {logging_mixin.py:188} INFO - [2025-06-18T12:13:25.500+0000] {dag.py:3096} INFO - Sync 1 DAGs
[2025-06-18T12:13:25.575+0000] {logging_mixin.py:188} INFO - [2025-06-18T12:13:25.575+0000] {dag.py:3954} INFO - Setting next_dagrun for enrich_user_profiles to None, run_after=None
[2025-06-18T12:13:25.699+0000] {processor.py:183} INFO - Processing /opt/airflow/dags/enrich_user_profiles_dag.py took 0.355 seconds
[2025-06-18T12:13:56.709+0000] {processor.py:161} INFO - Started process (PID=892) to work on /opt/airflow/dags/enrich_user_profiles_dag.py
[2025-06-18T12:13:56.712+0000] {processor.py:830} INFO - Processing file /opt/airflow/dags/enrich_user_profiles_dag.py for tasks to queue
[2025-06-18T12:13:56.718+0000] {logging_mixin.py:188} INFO - [2025-06-18T12:13:56.717+0000] {dagbag.py:545} INFO - Filling up the DagBag from /opt/airflow/dags/enrich_user_profiles_dag.py
[2025-06-18T12:13:56.770+0000] {processor.py:840} INFO - DAG(s) 'enrich_user_profiles' retrieved from /opt/airflow/dags/enrich_user_profiles_dag.py
[2025-06-18T12:13:56.846+0000] {logging_mixin.py:188} INFO - [2025-06-18T12:13:56.846+0000] {dag.py:3096} INFO - Sync 1 DAGs
[2025-06-18T12:13:56.871+0000] {logging_mixin.py:188} INFO - [2025-06-18T12:13:56.871+0000] {dag.py:3954} INFO - Setting next_dagrun for enrich_user_profiles to None, run_after=None
[2025-06-18T12:13:56.901+0000] {processor.py:183} INFO - Processing /opt/airflow/dags/enrich_user_profiles_dag.py took 0.214 seconds
[2025-06-18T12:14:27.134+0000] {processor.py:161} INFO - Started process (PID=907) to work on /opt/airflow/dags/enrich_user_profiles_dag.py
[2025-06-18T12:14:27.136+0000] {processor.py:830} INFO - Processing file /opt/airflow/dags/enrich_user_profiles_dag.py for tasks to queue
[2025-06-18T12:14:27.142+0000] {logging_mixin.py:188} INFO - [2025-06-18T12:14:27.141+0000] {dagbag.py:545} INFO - Filling up the DagBag from /opt/airflow/dags/enrich_user_profiles_dag.py
[2025-06-18T12:14:27.194+0000] {processor.py:840} INFO - DAG(s) 'enrich_user_profiles' retrieved from /opt/airflow/dags/enrich_user_profiles_dag.py
[2025-06-18T12:14:27.272+0000] {logging_mixin.py:188} INFO - [2025-06-18T12:14:27.271+0000] {dag.py:3096} INFO - Sync 1 DAGs
[2025-06-18T12:14:27.292+0000] {logging_mixin.py:188} INFO - [2025-06-18T12:14:27.292+0000] {dag.py:3954} INFO - Setting next_dagrun for enrich_user_profiles to None, run_after=None
[2025-06-18T12:14:27.373+0000] {processor.py:183} INFO - Processing /opt/airflow/dags/enrich_user_profiles_dag.py took 0.257 seconds
[2025-06-18T12:14:58.235+0000] {processor.py:161} INFO - Started process (PID=922) to work on /opt/airflow/dags/enrich_user_profiles_dag.py
[2025-06-18T12:14:58.240+0000] {processor.py:830} INFO - Processing file /opt/airflow/dags/enrich_user_profiles_dag.py for tasks to queue
[2025-06-18T12:14:58.245+0000] {logging_mixin.py:188} INFO - [2025-06-18T12:14:58.244+0000] {dagbag.py:545} INFO - Filling up the DagBag from /opt/airflow/dags/enrich_user_profiles_dag.py
[2025-06-18T12:14:58.313+0000] {processor.py:840} INFO - DAG(s) 'enrich_user_profiles' retrieved from /opt/airflow/dags/enrich_user_profiles_dag.py
[2025-06-18T12:14:58.394+0000] {logging_mixin.py:188} INFO - [2025-06-18T12:14:58.394+0000] {dag.py:3096} INFO - Sync 1 DAGs
[2025-06-18T12:14:58.423+0000] {logging_mixin.py:188} INFO - [2025-06-18T12:14:58.423+0000] {dag.py:3954} INFO - Setting next_dagrun for enrich_user_profiles to None, run_after=None
[2025-06-18T12:14:58.459+0000] {processor.py:183} INFO - Processing /opt/airflow/dags/enrich_user_profiles_dag.py took 0.238 seconds
[2025-06-18T12:15:29.047+0000] {processor.py:161} INFO - Started process (PID=937) to work on /opt/airflow/dags/enrich_user_profiles_dag.py
[2025-06-18T12:15:29.049+0000] {processor.py:830} INFO - Processing file /opt/airflow/dags/enrich_user_profiles_dag.py for tasks to queue
[2025-06-18T12:15:29.053+0000] {logging_mixin.py:188} INFO - [2025-06-18T12:15:29.052+0000] {dagbag.py:545} INFO - Filling up the DagBag from /opt/airflow/dags/enrich_user_profiles_dag.py
[2025-06-18T12:15:29.081+0000] {processor.py:840} INFO - DAG(s) 'enrich_user_profiles' retrieved from /opt/airflow/dags/enrich_user_profiles_dag.py
[2025-06-18T12:15:29.142+0000] {logging_mixin.py:188} INFO - [2025-06-18T12:15:29.141+0000] {dag.py:3096} INFO - Sync 1 DAGs
[2025-06-18T12:15:29.161+0000] {logging_mixin.py:188} INFO - [2025-06-18T12:15:29.161+0000] {dag.py:3954} INFO - Setting next_dagrun for enrich_user_profiles to None, run_after=None
[2025-06-18T12:15:29.209+0000] {processor.py:183} INFO - Processing /opt/airflow/dags/enrich_user_profiles_dag.py took 0.175 seconds
[2025-06-18T12:15:59.464+0000] {processor.py:161} INFO - Started process (PID=952) to work on /opt/airflow/dags/enrich_user_profiles_dag.py
[2025-06-18T12:15:59.466+0000] {processor.py:830} INFO - Processing file /opt/airflow/dags/enrich_user_profiles_dag.py for tasks to queue
[2025-06-18T12:15:59.470+0000] {logging_mixin.py:188} INFO - [2025-06-18T12:15:59.469+0000] {dagbag.py:545} INFO - Filling up the DagBag from /opt/airflow/dags/enrich_user_profiles_dag.py
[2025-06-18T12:15:59.501+0000] {processor.py:840} INFO - DAG(s) 'enrich_user_profiles' retrieved from /opt/airflow/dags/enrich_user_profiles_dag.py
[2025-06-18T12:15:59.557+0000] {logging_mixin.py:188} INFO - [2025-06-18T12:15:59.557+0000] {dag.py:3096} INFO - Sync 1 DAGs
[2025-06-18T12:15:59.584+0000] {logging_mixin.py:188} INFO - [2025-06-18T12:15:59.584+0000] {dag.py:3954} INFO - Setting next_dagrun for enrich_user_profiles to None, run_after=None
[2025-06-18T12:15:59.617+0000] {processor.py:183} INFO - Processing /opt/airflow/dags/enrich_user_profiles_dag.py took 0.167 seconds
[2025-06-18T12:16:30.281+0000] {processor.py:161} INFO - Started process (PID=967) to work on /opt/airflow/dags/enrich_user_profiles_dag.py
[2025-06-18T12:16:30.283+0000] {processor.py:830} INFO - Processing file /opt/airflow/dags/enrich_user_profiles_dag.py for tasks to queue
[2025-06-18T12:16:30.287+0000] {logging_mixin.py:188} INFO - [2025-06-18T12:16:30.286+0000] {dagbag.py:545} INFO - Filling up the DagBag from /opt/airflow/dags/enrich_user_profiles_dag.py
[2025-06-18T12:16:30.337+0000] {processor.py:840} INFO - DAG(s) 'enrich_user_profiles' retrieved from /opt/airflow/dags/enrich_user_profiles_dag.py
[2025-06-18T12:16:30.400+0000] {logging_mixin.py:188} INFO - [2025-06-18T12:16:30.399+0000] {dag.py:3096} INFO - Sync 1 DAGs
[2025-06-18T12:16:30.423+0000] {logging_mixin.py:188} INFO - [2025-06-18T12:16:30.423+0000] {dag.py:3954} INFO - Setting next_dagrun for enrich_user_profiles to None, run_after=None
[2025-06-18T12:16:30.473+0000] {processor.py:183} INFO - Processing /opt/airflow/dags/enrich_user_profiles_dag.py took 0.207 seconds
[2025-06-18T12:17:00.971+0000] {processor.py:161} INFO - Started process (PID=982) to work on /opt/airflow/dags/enrich_user_profiles_dag.py
[2025-06-18T12:17:00.975+0000] {processor.py:830} INFO - Processing file /opt/airflow/dags/enrich_user_profiles_dag.py for tasks to queue
[2025-06-18T12:17:00.980+0000] {logging_mixin.py:188} INFO - [2025-06-18T12:17:00.979+0000] {dagbag.py:545} INFO - Filling up the DagBag from /opt/airflow/dags/enrich_user_profiles_dag.py
[2025-06-18T12:17:01.023+0000] {processor.py:840} INFO - DAG(s) 'enrich_user_profiles' retrieved from /opt/airflow/dags/enrich_user_profiles_dag.py
[2025-06-18T12:17:01.084+0000] {logging_mixin.py:188} INFO - [2025-06-18T12:17:01.084+0000] {dag.py:3096} INFO - Sync 1 DAGs
[2025-06-18T12:17:01.116+0000] {logging_mixin.py:188} INFO - [2025-06-18T12:17:01.116+0000] {dag.py:3954} INFO - Setting next_dagrun for enrich_user_profiles to None, run_after=None
[2025-06-18T12:17:01.158+0000] {processor.py:183} INFO - Processing /opt/airflow/dags/enrich_user_profiles_dag.py took 0.208 seconds
[2025-06-18T12:17:31.686+0000] {processor.py:161} INFO - Started process (PID=997) to work on /opt/airflow/dags/enrich_user_profiles_dag.py
[2025-06-18T12:17:31.688+0000] {processor.py:830} INFO - Processing file /opt/airflow/dags/enrich_user_profiles_dag.py for tasks to queue
[2025-06-18T12:17:31.697+0000] {logging_mixin.py:188} INFO - [2025-06-18T12:17:31.696+0000] {dagbag.py:545} INFO - Filling up the DagBag from /opt/airflow/dags/enrich_user_profiles_dag.py
[2025-06-18T12:17:31.731+0000] {processor.py:840} INFO - DAG(s) 'enrich_user_profiles' retrieved from /opt/airflow/dags/enrich_user_profiles_dag.py
[2025-06-18T12:17:31.811+0000] {logging_mixin.py:188} INFO - [2025-06-18T12:17:31.811+0000] {dag.py:3096} INFO - Sync 1 DAGs
[2025-06-18T12:17:31.843+0000] {logging_mixin.py:188} INFO - [2025-06-18T12:17:31.843+0000] {dag.py:3954} INFO - Setting next_dagrun for enrich_user_profiles to None, run_after=None
[2025-06-18T12:17:31.887+0000] {processor.py:183} INFO - Processing /opt/airflow/dags/enrich_user_profiles_dag.py took 0.219 seconds
[2025-06-18T12:18:02.864+0000] {processor.py:161} INFO - Started process (PID=1012) to work on /opt/airflow/dags/enrich_user_profiles_dag.py
[2025-06-18T12:18:02.867+0000] {processor.py:830} INFO - Processing file /opt/airflow/dags/enrich_user_profiles_dag.py for tasks to queue
[2025-06-18T12:18:02.873+0000] {logging_mixin.py:188} INFO - [2025-06-18T12:18:02.872+0000] {dagbag.py:545} INFO - Filling up the DagBag from /opt/airflow/dags/enrich_user_profiles_dag.py
[2025-06-18T12:18:02.925+0000] {processor.py:840} INFO - DAG(s) 'enrich_user_profiles' retrieved from /opt/airflow/dags/enrich_user_profiles_dag.py
[2025-06-18T12:18:03.317+0000] {logging_mixin.py:188} INFO - [2025-06-18T12:18:03.314+0000] {dag.py:3096} INFO - Sync 1 DAGs
[2025-06-18T12:18:03.758+0000] {logging_mixin.py:188} INFO - [2025-06-18T12:18:03.756+0000] {dag.py:3954} INFO - Setting next_dagrun for enrich_user_profiles to None, run_after=None
[2025-06-18T12:18:03.895+0000] {processor.py:183} INFO - Processing /opt/airflow/dags/enrich_user_profiles_dag.py took 1.054 seconds
[2025-06-18T12:18:34.064+0000] {processor.py:161} INFO - Started process (PID=1027) to work on /opt/airflow/dags/enrich_user_profiles_dag.py
[2025-06-18T12:18:34.066+0000] {processor.py:830} INFO - Processing file /opt/airflow/dags/enrich_user_profiles_dag.py for tasks to queue
[2025-06-18T12:18:34.069+0000] {logging_mixin.py:188} INFO - [2025-06-18T12:18:34.069+0000] {dagbag.py:545} INFO - Filling up the DagBag from /opt/airflow/dags/enrich_user_profiles_dag.py
[2025-06-18T12:18:34.110+0000] {processor.py:840} INFO - DAG(s) 'enrich_user_profiles' retrieved from /opt/airflow/dags/enrich_user_profiles_dag.py
[2025-06-18T12:18:34.181+0000] {logging_mixin.py:188} INFO - [2025-06-18T12:18:34.181+0000] {dag.py:3096} INFO - Sync 1 DAGs
[2025-06-18T12:18:34.227+0000] {logging_mixin.py:188} INFO - [2025-06-18T12:18:34.227+0000] {dag.py:3954} INFO - Setting next_dagrun for enrich_user_profiles to None, run_after=None
[2025-06-18T12:18:34.297+0000] {processor.py:183} INFO - Processing /opt/airflow/dags/enrich_user_profiles_dag.py took 0.262 seconds
[2025-06-18T12:19:05.086+0000] {processor.py:161} INFO - Started process (PID=1042) to work on /opt/airflow/dags/enrich_user_profiles_dag.py
[2025-06-18T12:19:05.094+0000] {processor.py:830} INFO - Processing file /opt/airflow/dags/enrich_user_profiles_dag.py for tasks to queue
[2025-06-18T12:19:05.112+0000] {logging_mixin.py:188} INFO - [2025-06-18T12:19:05.111+0000] {dagbag.py:545} INFO - Filling up the DagBag from /opt/airflow/dags/enrich_user_profiles_dag.py
[2025-06-18T12:19:05.209+0000] {processor.py:840} INFO - DAG(s) 'enrich_user_profiles' retrieved from /opt/airflow/dags/enrich_user_profiles_dag.py
[2025-06-18T12:19:05.302+0000] {logging_mixin.py:188} INFO - [2025-06-18T12:19:05.302+0000] {dag.py:3096} INFO - Sync 1 DAGs
[2025-06-18T12:19:05.332+0000] {logging_mixin.py:188} INFO - [2025-06-18T12:19:05.332+0000] {dag.py:3954} INFO - Setting next_dagrun for enrich_user_profiles to None, run_after=None
[2025-06-18T12:19:05.379+0000] {processor.py:183} INFO - Processing /opt/airflow/dags/enrich_user_profiles_dag.py took 0.347 seconds
[2025-06-18T12:19:35.742+0000] {processor.py:161} INFO - Started process (PID=1057) to work on /opt/airflow/dags/enrich_user_profiles_dag.py
[2025-06-18T12:19:35.746+0000] {processor.py:830} INFO - Processing file /opt/airflow/dags/enrich_user_profiles_dag.py for tasks to queue
[2025-06-18T12:19:35.753+0000] {logging_mixin.py:188} INFO - [2025-06-18T12:19:35.751+0000] {dagbag.py:545} INFO - Filling up the DagBag from /opt/airflow/dags/enrich_user_profiles_dag.py
[2025-06-18T12:19:35.804+0000] {processor.py:840} INFO - DAG(s) 'enrich_user_profiles' retrieved from /opt/airflow/dags/enrich_user_profiles_dag.py
[2025-06-18T12:19:35.890+0000] {logging_mixin.py:188} INFO - [2025-06-18T12:19:35.889+0000] {dag.py:3096} INFO - Sync 1 DAGs
[2025-06-18T12:19:35.918+0000] {logging_mixin.py:188} INFO - [2025-06-18T12:19:35.918+0000] {dag.py:3954} INFO - Setting next_dagrun for enrich_user_profiles to None, run_after=None
[2025-06-18T12:19:35.957+0000] {processor.py:183} INFO - Processing /opt/airflow/dags/enrich_user_profiles_dag.py took 0.236 seconds
[2025-06-18T12:20:06.371+0000] {processor.py:161} INFO - Started process (PID=1072) to work on /opt/airflow/dags/enrich_user_profiles_dag.py
[2025-06-18T12:20:06.374+0000] {processor.py:830} INFO - Processing file /opt/airflow/dags/enrich_user_profiles_dag.py for tasks to queue
[2025-06-18T12:20:06.381+0000] {logging_mixin.py:188} INFO - [2025-06-18T12:20:06.379+0000] {dagbag.py:545} INFO - Filling up the DagBag from /opt/airflow/dags/enrich_user_profiles_dag.py
[2025-06-18T12:20:06.454+0000] {processor.py:840} INFO - DAG(s) 'enrich_user_profiles' retrieved from /opt/airflow/dags/enrich_user_profiles_dag.py
[2025-06-18T12:20:06.547+0000] {logging_mixin.py:188} INFO - [2025-06-18T12:20:06.547+0000] {dag.py:3096} INFO - Sync 1 DAGs
[2025-06-18T12:20:06.566+0000] {logging_mixin.py:188} INFO - [2025-06-18T12:20:06.566+0000] {dag.py:3954} INFO - Setting next_dagrun for enrich_user_profiles to None, run_after=None
[2025-06-18T12:20:06.602+0000] {processor.py:183} INFO - Processing /opt/airflow/dags/enrich_user_profiles_dag.py took 0.253 seconds
[2025-06-18T12:20:37.371+0000] {processor.py:161} INFO - Started process (PID=1087) to work on /opt/airflow/dags/enrich_user_profiles_dag.py
[2025-06-18T12:20:37.373+0000] {processor.py:830} INFO - Processing file /opt/airflow/dags/enrich_user_profiles_dag.py for tasks to queue
[2025-06-18T12:20:37.376+0000] {logging_mixin.py:188} INFO - [2025-06-18T12:20:37.376+0000] {dagbag.py:545} INFO - Filling up the DagBag from /opt/airflow/dags/enrich_user_profiles_dag.py
[2025-06-18T12:20:37.412+0000] {processor.py:840} INFO - DAG(s) 'enrich_user_profiles' retrieved from /opt/airflow/dags/enrich_user_profiles_dag.py
[2025-06-18T12:20:37.471+0000] {logging_mixin.py:188} INFO - [2025-06-18T12:20:37.471+0000] {dag.py:3096} INFO - Sync 1 DAGs
[2025-06-18T12:20:37.499+0000] {logging_mixin.py:188} INFO - [2025-06-18T12:20:37.498+0000] {dag.py:3954} INFO - Setting next_dagrun for enrich_user_profiles to None, run_after=None
[2025-06-18T12:20:37.579+0000] {processor.py:183} INFO - Processing /opt/airflow/dags/enrich_user_profiles_dag.py took 0.217 seconds
[2025-06-18T12:21:08.608+0000] {processor.py:161} INFO - Started process (PID=1102) to work on /opt/airflow/dags/enrich_user_profiles_dag.py
[2025-06-18T12:21:08.613+0000] {processor.py:830} INFO - Processing file /opt/airflow/dags/enrich_user_profiles_dag.py for tasks to queue
[2025-06-18T12:21:08.629+0000] {logging_mixin.py:188} INFO - [2025-06-18T12:21:08.627+0000] {dagbag.py:545} INFO - Filling up the DagBag from /opt/airflow/dags/enrich_user_profiles_dag.py
[2025-06-18T12:21:08.713+0000] {processor.py:840} INFO - DAG(s) 'enrich_user_profiles' retrieved from /opt/airflow/dags/enrich_user_profiles_dag.py
[2025-06-18T12:21:08.817+0000] {logging_mixin.py:188} INFO - [2025-06-18T12:21:08.816+0000] {dag.py:3096} INFO - Sync 1 DAGs
[2025-06-18T12:21:08.851+0000] {logging_mixin.py:188} INFO - [2025-06-18T12:21:08.851+0000] {dag.py:3954} INFO - Setting next_dagrun for enrich_user_profiles to None, run_after=None
[2025-06-18T12:21:08.888+0000] {processor.py:183} INFO - Processing /opt/airflow/dags/enrich_user_profiles_dag.py took 0.308 seconds
[2025-06-18T12:21:39.435+0000] {processor.py:161} INFO - Started process (PID=1117) to work on /opt/airflow/dags/enrich_user_profiles_dag.py
[2025-06-18T12:21:39.438+0000] {processor.py:830} INFO - Processing file /opt/airflow/dags/enrich_user_profiles_dag.py for tasks to queue
[2025-06-18T12:21:39.443+0000] {logging_mixin.py:188} INFO - [2025-06-18T12:21:39.442+0000] {dagbag.py:545} INFO - Filling up the DagBag from /opt/airflow/dags/enrich_user_profiles_dag.py
[2025-06-18T12:21:39.488+0000] {processor.py:840} INFO - DAG(s) 'enrich_user_profiles' retrieved from /opt/airflow/dags/enrich_user_profiles_dag.py
[2025-06-18T12:21:39.566+0000] {logging_mixin.py:188} INFO - [2025-06-18T12:21:39.565+0000] {dag.py:3096} INFO - Sync 1 DAGs
[2025-06-18T12:21:39.611+0000] {logging_mixin.py:188} INFO - [2025-06-18T12:21:39.610+0000] {dag.py:3954} INFO - Setting next_dagrun for enrich_user_profiles to None, run_after=None
[2025-06-18T12:21:39.678+0000] {processor.py:183} INFO - Processing /opt/airflow/dags/enrich_user_profiles_dag.py took 0.258 seconds
[2025-06-18T12:22:09.981+0000] {processor.py:161} INFO - Started process (PID=1132) to work on /opt/airflow/dags/enrich_user_profiles_dag.py
[2025-06-18T12:22:09.985+0000] {processor.py:830} INFO - Processing file /opt/airflow/dags/enrich_user_profiles_dag.py for tasks to queue
[2025-06-18T12:22:09.997+0000] {logging_mixin.py:188} INFO - [2025-06-18T12:22:09.996+0000] {dagbag.py:545} INFO - Filling up the DagBag from /opt/airflow/dags/enrich_user_profiles_dag.py
[2025-06-18T12:22:10.043+0000] {processor.py:840} INFO - DAG(s) 'enrich_user_profiles' retrieved from /opt/airflow/dags/enrich_user_profiles_dag.py
[2025-06-18T12:22:10.088+0000] {logging_mixin.py:188} INFO - [2025-06-18T12:22:10.087+0000] {dag.py:3096} INFO - Sync 1 DAGs
[2025-06-18T12:22:10.110+0000] {logging_mixin.py:188} INFO - [2025-06-18T12:22:10.110+0000] {dag.py:3954} INFO - Setting next_dagrun for enrich_user_profiles to None, run_after=None
[2025-06-18T12:22:10.143+0000] {processor.py:183} INFO - Processing /opt/airflow/dags/enrich_user_profiles_dag.py took 0.194 seconds
[2025-06-18T12:22:41.062+0000] {processor.py:161} INFO - Started process (PID=1147) to work on /opt/airflow/dags/enrich_user_profiles_dag.py
[2025-06-18T12:22:41.068+0000] {processor.py:830} INFO - Processing file /opt/airflow/dags/enrich_user_profiles_dag.py for tasks to queue
[2025-06-18T12:22:41.074+0000] {logging_mixin.py:188} INFO - [2025-06-18T12:22:41.073+0000] {dagbag.py:545} INFO - Filling up the DagBag from /opt/airflow/dags/enrich_user_profiles_dag.py
[2025-06-18T12:22:41.142+0000] {processor.py:840} INFO - DAG(s) 'enrich_user_profiles' retrieved from /opt/airflow/dags/enrich_user_profiles_dag.py
[2025-06-18T12:22:41.233+0000] {logging_mixin.py:188} INFO - [2025-06-18T12:22:41.233+0000] {dag.py:3096} INFO - Sync 1 DAGs
[2025-06-18T12:22:41.259+0000] {logging_mixin.py:188} INFO - [2025-06-18T12:22:41.259+0000] {dag.py:3954} INFO - Setting next_dagrun for enrich_user_profiles to None, run_after=None
[2025-06-18T12:22:41.331+0000] {processor.py:183} INFO - Processing /opt/airflow/dags/enrich_user_profiles_dag.py took 0.304 seconds
[2025-06-18T12:23:12.205+0000] {processor.py:161} INFO - Started process (PID=1162) to work on /opt/airflow/dags/enrich_user_profiles_dag.py
[2025-06-18T12:23:12.212+0000] {processor.py:830} INFO - Processing file /opt/airflow/dags/enrich_user_profiles_dag.py for tasks to queue
[2025-06-18T12:23:12.224+0000] {logging_mixin.py:188} INFO - [2025-06-18T12:23:12.223+0000] {dagbag.py:545} INFO - Filling up the DagBag from /opt/airflow/dags/enrich_user_profiles_dag.py
[2025-06-18T12:23:12.301+0000] {processor.py:840} INFO - DAG(s) 'enrich_user_profiles' retrieved from /opt/airflow/dags/enrich_user_profiles_dag.py
[2025-06-18T12:23:12.418+0000] {logging_mixin.py:188} INFO - [2025-06-18T12:23:12.417+0000] {dag.py:3096} INFO - Sync 1 DAGs
[2025-06-18T12:23:12.454+0000] {logging_mixin.py:188} INFO - [2025-06-18T12:23:12.453+0000] {dag.py:3954} INFO - Setting next_dagrun for enrich_user_profiles to None, run_after=None
[2025-06-18T12:23:12.506+0000] {processor.py:183} INFO - Processing /opt/airflow/dags/enrich_user_profiles_dag.py took 0.380 seconds
[2025-06-18T12:23:43.412+0000] {processor.py:161} INFO - Started process (PID=1177) to work on /opt/airflow/dags/enrich_user_profiles_dag.py
[2025-06-18T12:23:43.414+0000] {processor.py:830} INFO - Processing file /opt/airflow/dags/enrich_user_profiles_dag.py for tasks to queue
[2025-06-18T12:23:43.418+0000] {logging_mixin.py:188} INFO - [2025-06-18T12:23:43.417+0000] {dagbag.py:545} INFO - Filling up the DagBag from /opt/airflow/dags/enrich_user_profiles_dag.py
[2025-06-18T12:23:43.468+0000] {processor.py:840} INFO - DAG(s) 'enrich_user_profiles' retrieved from /opt/airflow/dags/enrich_user_profiles_dag.py
[2025-06-18T12:23:43.557+0000] {logging_mixin.py:188} INFO - [2025-06-18T12:23:43.556+0000] {dag.py:3096} INFO - Sync 1 DAGs
[2025-06-18T12:23:43.591+0000] {logging_mixin.py:188} INFO - [2025-06-18T12:23:43.591+0000] {dag.py:3954} INFO - Setting next_dagrun for enrich_user_profiles to None, run_after=None
[2025-06-18T12:23:43.657+0000] {processor.py:183} INFO - Processing /opt/airflow/dags/enrich_user_profiles_dag.py took 0.255 seconds
[2025-06-18T12:24:13.997+0000] {processor.py:161} INFO - Started process (PID=1192) to work on /opt/airflow/dags/enrich_user_profiles_dag.py
[2025-06-18T12:24:14.000+0000] {processor.py:830} INFO - Processing file /opt/airflow/dags/enrich_user_profiles_dag.py for tasks to queue
[2025-06-18T12:24:14.004+0000] {logging_mixin.py:188} INFO - [2025-06-18T12:24:14.003+0000] {dagbag.py:545} INFO - Filling up the DagBag from /opt/airflow/dags/enrich_user_profiles_dag.py
[2025-06-18T12:24:14.054+0000] {processor.py:840} INFO - DAG(s) 'enrich_user_profiles' retrieved from /opt/airflow/dags/enrich_user_profiles_dag.py
[2025-06-18T12:24:14.099+0000] {logging_mixin.py:188} INFO - [2025-06-18T12:24:14.099+0000] {dag.py:3096} INFO - Sync 1 DAGs
[2025-06-18T12:24:14.118+0000] {logging_mixin.py:188} INFO - [2025-06-18T12:24:14.118+0000] {dag.py:3954} INFO - Setting next_dagrun for enrich_user_profiles to None, run_after=None
[2025-06-18T12:24:14.211+0000] {processor.py:183} INFO - Processing /opt/airflow/dags/enrich_user_profiles_dag.py took 0.228 seconds
[2025-06-18T12:24:44.562+0000] {processor.py:161} INFO - Started process (PID=1212) to work on /opt/airflow/dags/enrich_user_profiles_dag.py
[2025-06-18T12:24:44.565+0000] {processor.py:830} INFO - Processing file /opt/airflow/dags/enrich_user_profiles_dag.py for tasks to queue
[2025-06-18T12:24:44.571+0000] {logging_mixin.py:188} INFO - [2025-06-18T12:24:44.570+0000] {dagbag.py:545} INFO - Filling up the DagBag from /opt/airflow/dags/enrich_user_profiles_dag.py
[2025-06-18T12:24:44.628+0000] {processor.py:840} INFO - DAG(s) 'enrich_user_profiles' retrieved from /opt/airflow/dags/enrich_user_profiles_dag.py
[2025-06-18T12:24:44.941+0000] {logging_mixin.py:188} INFO - [2025-06-18T12:24:44.939+0000] {dag.py:3096} INFO - Sync 1 DAGs
[2025-06-18T12:24:45.683+0000] {logging_mixin.py:188} INFO - [2025-06-18T12:24:45.669+0000] {dag.py:3954} INFO - Setting next_dagrun for enrich_user_profiles to None, run_after=None
[2025-06-18T12:24:45.869+0000] {processor.py:183} INFO - Processing /opt/airflow/dags/enrich_user_profiles_dag.py took 1.325 seconds
[2025-06-18T12:25:16.387+0000] {processor.py:161} INFO - Started process (PID=1227) to work on /opt/airflow/dags/enrich_user_profiles_dag.py
[2025-06-18T12:25:16.389+0000] {processor.py:830} INFO - Processing file /opt/airflow/dags/enrich_user_profiles_dag.py for tasks to queue
[2025-06-18T12:25:16.394+0000] {logging_mixin.py:188} INFO - [2025-06-18T12:25:16.393+0000] {dagbag.py:545} INFO - Filling up the DagBag from /opt/airflow/dags/enrich_user_profiles_dag.py
[2025-06-18T12:25:16.420+0000] {processor.py:840} INFO - DAG(s) 'enrich_user_profiles' retrieved from /opt/airflow/dags/enrich_user_profiles_dag.py
[2025-06-18T12:25:16.466+0000] {logging_mixin.py:188} INFO - [2025-06-18T12:25:16.466+0000] {dag.py:3096} INFO - Sync 1 DAGs
[2025-06-18T12:25:16.517+0000] {logging_mixin.py:188} INFO - [2025-06-18T12:25:16.517+0000] {dag.py:3954} INFO - Setting next_dagrun for enrich_user_profiles to None, run_after=None
[2025-06-18T12:25:16.610+0000] {processor.py:183} INFO - Processing /opt/airflow/dags/enrich_user_profiles_dag.py took 0.233 seconds
[2025-06-18T12:25:47.280+0000] {processor.py:161} INFO - Started process (PID=1242) to work on /opt/airflow/dags/enrich_user_profiles_dag.py
[2025-06-18T12:25:47.281+0000] {processor.py:830} INFO - Processing file /opt/airflow/dags/enrich_user_profiles_dag.py for tasks to queue
[2025-06-18T12:25:47.284+0000] {logging_mixin.py:188} INFO - [2025-06-18T12:25:47.284+0000] {dagbag.py:545} INFO - Filling up the DagBag from /opt/airflow/dags/enrich_user_profiles_dag.py
[2025-06-18T12:25:47.314+0000] {processor.py:840} INFO - DAG(s) 'enrich_user_profiles' retrieved from /opt/airflow/dags/enrich_user_profiles_dag.py
[2025-06-18T12:25:47.367+0000] {logging_mixin.py:188} INFO - [2025-06-18T12:25:47.367+0000] {dag.py:3096} INFO - Sync 1 DAGs
[2025-06-18T12:25:47.390+0000] {logging_mixin.py:188} INFO - [2025-06-18T12:25:47.390+0000] {dag.py:3954} INFO - Setting next_dagrun for enrich_user_profiles to None, run_after=None
[2025-06-18T12:25:47.458+0000] {processor.py:183} INFO - Processing /opt/airflow/dags/enrich_user_profiles_dag.py took 0.188 seconds
[2025-06-18T12:26:18.167+0000] {processor.py:161} INFO - Started process (PID=1257) to work on /opt/airflow/dags/enrich_user_profiles_dag.py
[2025-06-18T12:26:18.174+0000] {processor.py:830} INFO - Processing file /opt/airflow/dags/enrich_user_profiles_dag.py for tasks to queue
[2025-06-18T12:26:18.190+0000] {logging_mixin.py:188} INFO - [2025-06-18T12:26:18.187+0000] {dagbag.py:545} INFO - Filling up the DagBag from /opt/airflow/dags/enrich_user_profiles_dag.py
[2025-06-18T12:26:18.348+0000] {processor.py:840} INFO - DAG(s) 'enrich_user_profiles' retrieved from /opt/airflow/dags/enrich_user_profiles_dag.py
[2025-06-18T12:26:18.586+0000] {logging_mixin.py:188} INFO - [2025-06-18T12:26:18.585+0000] {dag.py:3096} INFO - Sync 1 DAGs
[2025-06-18T12:26:18.663+0000] {logging_mixin.py:188} INFO - [2025-06-18T12:26:18.662+0000] {dag.py:3954} INFO - Setting next_dagrun for enrich_user_profiles to None, run_after=None
[2025-06-18T12:26:18.728+0000] {processor.py:183} INFO - Processing /opt/airflow/dags/enrich_user_profiles_dag.py took 0.618 seconds
[2025-06-18T12:26:49.402+0000] {processor.py:161} INFO - Started process (PID=1272) to work on /opt/airflow/dags/enrich_user_profiles_dag.py
[2025-06-18T12:26:49.404+0000] {processor.py:830} INFO - Processing file /opt/airflow/dags/enrich_user_profiles_dag.py for tasks to queue
[2025-06-18T12:26:49.407+0000] {logging_mixin.py:188} INFO - [2025-06-18T12:26:49.406+0000] {dagbag.py:545} INFO - Filling up the DagBag from /opt/airflow/dags/enrich_user_profiles_dag.py
[2025-06-18T12:26:49.437+0000] {processor.py:840} INFO - DAG(s) 'enrich_user_profiles' retrieved from /opt/airflow/dags/enrich_user_profiles_dag.py
[2025-06-18T12:26:49.489+0000] {logging_mixin.py:188} INFO - [2025-06-18T12:26:49.488+0000] {dag.py:3096} INFO - Sync 1 DAGs
[2025-06-18T12:26:49.520+0000] {logging_mixin.py:188} INFO - [2025-06-18T12:26:49.520+0000] {dag.py:3954} INFO - Setting next_dagrun for enrich_user_profiles to None, run_after=None
[2025-06-18T12:26:49.574+0000] {processor.py:183} INFO - Processing /opt/airflow/dags/enrich_user_profiles_dag.py took 0.183 seconds
[2025-06-18T12:27:19.741+0000] {processor.py:161} INFO - Started process (PID=1287) to work on /opt/airflow/dags/enrich_user_profiles_dag.py
[2025-06-18T12:27:19.743+0000] {processor.py:830} INFO - Processing file /opt/airflow/dags/enrich_user_profiles_dag.py for tasks to queue
[2025-06-18T12:27:19.754+0000] {logging_mixin.py:188} INFO - [2025-06-18T12:27:19.747+0000] {dagbag.py:545} INFO - Filling up the DagBag from /opt/airflow/dags/enrich_user_profiles_dag.py
[2025-06-18T12:27:19.786+0000] {processor.py:840} INFO - DAG(s) 'enrich_user_profiles' retrieved from /opt/airflow/dags/enrich_user_profiles_dag.py
[2025-06-18T12:27:19.834+0000] {logging_mixin.py:188} INFO - [2025-06-18T12:27:19.834+0000] {dag.py:3096} INFO - Sync 1 DAGs
[2025-06-18T12:27:19.871+0000] {logging_mixin.py:188} INFO - [2025-06-18T12:27:19.871+0000] {dag.py:3954} INFO - Setting next_dagrun for enrich_user_profiles to None, run_after=None
[2025-06-18T12:27:19.920+0000] {processor.py:183} INFO - Processing /opt/airflow/dags/enrich_user_profiles_dag.py took 0.204 seconds
[2025-06-18T12:27:50.156+0000] {processor.py:161} INFO - Started process (PID=1302) to work on /opt/airflow/dags/enrich_user_profiles_dag.py
[2025-06-18T12:27:50.159+0000] {processor.py:830} INFO - Processing file /opt/airflow/dags/enrich_user_profiles_dag.py for tasks to queue
[2025-06-18T12:27:50.165+0000] {logging_mixin.py:188} INFO - [2025-06-18T12:27:50.164+0000] {dagbag.py:545} INFO - Filling up the DagBag from /opt/airflow/dags/enrich_user_profiles_dag.py
[2025-06-18T12:27:50.212+0000] {processor.py:840} INFO - DAG(s) 'enrich_user_profiles' retrieved from /opt/airflow/dags/enrich_user_profiles_dag.py
[2025-06-18T12:27:50.288+0000] {logging_mixin.py:188} INFO - [2025-06-18T12:27:50.287+0000] {dag.py:3096} INFO - Sync 1 DAGs
[2025-06-18T12:27:50.355+0000] {logging_mixin.py:188} INFO - [2025-06-18T12:27:50.354+0000] {dag.py:3954} INFO - Setting next_dagrun for enrich_user_profiles to None, run_after=None
[2025-06-18T12:27:50.422+0000] {processor.py:183} INFO - Processing /opt/airflow/dags/enrich_user_profiles_dag.py took 0.283 seconds
[2025-06-18T12:28:20.747+0000] {processor.py:161} INFO - Started process (PID=1317) to work on /opt/airflow/dags/enrich_user_profiles_dag.py
[2025-06-18T12:28:20.750+0000] {processor.py:830} INFO - Processing file /opt/airflow/dags/enrich_user_profiles_dag.py for tasks to queue
[2025-06-18T12:28:20.757+0000] {logging_mixin.py:188} INFO - [2025-06-18T12:28:20.757+0000] {dagbag.py:545} INFO - Filling up the DagBag from /opt/airflow/dags/enrich_user_profiles_dag.py
[2025-06-18T12:28:20.815+0000] {processor.py:840} INFO - DAG(s) 'enrich_user_profiles' retrieved from /opt/airflow/dags/enrich_user_profiles_dag.py
[2025-06-18T12:28:20.896+0000] {logging_mixin.py:188} INFO - [2025-06-18T12:28:20.896+0000] {dag.py:3096} INFO - Sync 1 DAGs
[2025-06-18T12:28:20.920+0000] {logging_mixin.py:188} INFO - [2025-06-18T12:28:20.920+0000] {dag.py:3954} INFO - Setting next_dagrun for enrich_user_profiles to None, run_after=None
[2025-06-18T12:28:20.966+0000] {processor.py:183} INFO - Processing /opt/airflow/dags/enrich_user_profiles_dag.py took 0.238 seconds
[2025-06-18T12:28:51.573+0000] {processor.py:161} INFO - Started process (PID=1332) to work on /opt/airflow/dags/enrich_user_profiles_dag.py
[2025-06-18T12:28:51.574+0000] {processor.py:830} INFO - Processing file /opt/airflow/dags/enrich_user_profiles_dag.py for tasks to queue
[2025-06-18T12:28:51.577+0000] {logging_mixin.py:188} INFO - [2025-06-18T12:28:51.577+0000] {dagbag.py:545} INFO - Filling up the DagBag from /opt/airflow/dags/enrich_user_profiles_dag.py
[2025-06-18T12:28:51.600+0000] {processor.py:840} INFO - DAG(s) 'enrich_user_profiles' retrieved from /opt/airflow/dags/enrich_user_profiles_dag.py
[2025-06-18T12:28:51.635+0000] {logging_mixin.py:188} INFO - [2025-06-18T12:28:51.635+0000] {dag.py:3096} INFO - Sync 1 DAGs
[2025-06-18T12:28:51.654+0000] {logging_mixin.py:188} INFO - [2025-06-18T12:28:51.654+0000] {dag.py:3954} INFO - Setting next_dagrun for enrich_user_profiles to None, run_after=None
[2025-06-18T12:28:51.683+0000] {processor.py:183} INFO - Processing /opt/airflow/dags/enrich_user_profiles_dag.py took 0.122 seconds
[2025-06-18T12:29:21.824+0000] {processor.py:161} INFO - Started process (PID=1347) to work on /opt/airflow/dags/enrich_user_profiles_dag.py
[2025-06-18T12:29:21.826+0000] {processor.py:830} INFO - Processing file /opt/airflow/dags/enrich_user_profiles_dag.py for tasks to queue
[2025-06-18T12:29:21.830+0000] {logging_mixin.py:188} INFO - [2025-06-18T12:29:21.829+0000] {dagbag.py:545} INFO - Filling up the DagBag from /opt/airflow/dags/enrich_user_profiles_dag.py
[2025-06-18T12:29:21.854+0000] {processor.py:840} INFO - DAG(s) 'enrich_user_profiles' retrieved from /opt/airflow/dags/enrich_user_profiles_dag.py
[2025-06-18T12:29:21.893+0000] {logging_mixin.py:188} INFO - [2025-06-18T12:29:21.893+0000] {dag.py:3096} INFO - Sync 1 DAGs
[2025-06-18T12:29:21.911+0000] {logging_mixin.py:188} INFO - [2025-06-18T12:29:21.910+0000] {dag.py:3954} INFO - Setting next_dagrun for enrich_user_profiles to None, run_after=None
[2025-06-18T12:29:21.939+0000] {processor.py:183} INFO - Processing /opt/airflow/dags/enrich_user_profiles_dag.py took 0.124 seconds
[2025-06-18T12:29:52.428+0000] {processor.py:161} INFO - Started process (PID=1357) to work on /opt/airflow/dags/enrich_user_profiles_dag.py
[2025-06-18T12:29:52.431+0000] {processor.py:830} INFO - Processing file /opt/airflow/dags/enrich_user_profiles_dag.py for tasks to queue
[2025-06-18T12:29:52.439+0000] {logging_mixin.py:188} INFO - [2025-06-18T12:29:52.437+0000] {dagbag.py:545} INFO - Filling up the DagBag from /opt/airflow/dags/enrich_user_profiles_dag.py
[2025-06-18T12:29:52.492+0000] {processor.py:840} INFO - DAG(s) 'enrich_user_profiles' retrieved from /opt/airflow/dags/enrich_user_profiles_dag.py
[2025-06-18T12:29:52.573+0000] {logging_mixin.py:188} INFO - [2025-06-18T12:29:52.572+0000] {dag.py:3096} INFO - Sync 1 DAGs
[2025-06-18T12:29:52.608+0000] {logging_mixin.py:188} INFO - [2025-06-18T12:29:52.608+0000] {dag.py:3954} INFO - Setting next_dagrun for enrich_user_profiles to None, run_after=None
[2025-06-18T12:29:52.665+0000] {processor.py:183} INFO - Processing /opt/airflow/dags/enrich_user_profiles_dag.py took 0.259 seconds
[2025-06-18T12:30:23.414+0000] {processor.py:161} INFO - Started process (PID=1372) to work on /opt/airflow/dags/enrich_user_profiles_dag.py
[2025-06-18T12:30:23.416+0000] {processor.py:830} INFO - Processing file /opt/airflow/dags/enrich_user_profiles_dag.py for tasks to queue
[2025-06-18T12:30:23.419+0000] {logging_mixin.py:188} INFO - [2025-06-18T12:30:23.418+0000] {dagbag.py:545} INFO - Filling up the DagBag from /opt/airflow/dags/enrich_user_profiles_dag.py
[2025-06-18T12:30:23.448+0000] {processor.py:840} INFO - DAG(s) 'enrich_user_profiles' retrieved from /opt/airflow/dags/enrich_user_profiles_dag.py
[2025-06-18T12:30:23.499+0000] {logging_mixin.py:188} INFO - [2025-06-18T12:30:23.499+0000] {dag.py:3096} INFO - Sync 1 DAGs
[2025-06-18T12:30:23.523+0000] {logging_mixin.py:188} INFO - [2025-06-18T12:30:23.523+0000] {dag.py:3954} INFO - Setting next_dagrun for enrich_user_profiles to None, run_after=None
[2025-06-18T12:30:23.564+0000] {processor.py:183} INFO - Processing /opt/airflow/dags/enrich_user_profiles_dag.py took 0.160 seconds
[2025-06-18T12:30:53.922+0000] {processor.py:161} INFO - Started process (PID=1387) to work on /opt/airflow/dags/enrich_user_profiles_dag.py
[2025-06-18T12:30:53.927+0000] {processor.py:830} INFO - Processing file /opt/airflow/dags/enrich_user_profiles_dag.py for tasks to queue
[2025-06-18T12:30:53.993+0000] {logging_mixin.py:188} INFO - [2025-06-18T12:30:53.991+0000] {dagbag.py:545} INFO - Filling up the DagBag from /opt/airflow/dags/enrich_user_profiles_dag.py
[2025-06-18T12:30:54.138+0000] {processor.py:840} INFO - DAG(s) 'enrich_user_profiles' retrieved from /opt/airflow/dags/enrich_user_profiles_dag.py
[2025-06-18T12:30:54.243+0000] {logging_mixin.py:188} INFO - [2025-06-18T12:30:54.242+0000] {dag.py:3096} INFO - Sync 1 DAGs
[2025-06-18T12:30:54.305+0000] {logging_mixin.py:188} INFO - [2025-06-18T12:30:54.304+0000] {dag.py:3954} INFO - Setting next_dagrun for enrich_user_profiles to None, run_after=None
[2025-06-18T12:30:54.403+0000] {processor.py:183} INFO - Processing /opt/airflow/dags/enrich_user_profiles_dag.py took 0.500 seconds
[2025-06-18T12:31:24.776+0000] {processor.py:161} INFO - Started process (PID=1402) to work on /opt/airflow/dags/enrich_user_profiles_dag.py
[2025-06-18T12:31:24.781+0000] {processor.py:830} INFO - Processing file /opt/airflow/dags/enrich_user_profiles_dag.py for tasks to queue
[2025-06-18T12:31:24.784+0000] {logging_mixin.py:188} INFO - [2025-06-18T12:31:24.784+0000] {dagbag.py:545} INFO - Filling up the DagBag from /opt/airflow/dags/enrich_user_profiles_dag.py
[2025-06-18T12:31:24.827+0000] {processor.py:840} INFO - DAG(s) 'enrich_user_profiles' retrieved from /opt/airflow/dags/enrich_user_profiles_dag.py
[2025-06-18T12:31:24.880+0000] {logging_mixin.py:188} INFO - [2025-06-18T12:31:24.880+0000] {dag.py:3096} INFO - Sync 1 DAGs
[2025-06-18T12:31:24.904+0000] {logging_mixin.py:188} INFO - [2025-06-18T12:31:24.903+0000] {dag.py:3954} INFO - Setting next_dagrun for enrich_user_profiles to None, run_after=None
[2025-06-18T12:31:24.947+0000] {processor.py:183} INFO - Processing /opt/airflow/dags/enrich_user_profiles_dag.py took 0.189 seconds
[2025-06-18T12:31:55.869+0000] {processor.py:161} INFO - Started process (PID=1417) to work on /opt/airflow/dags/enrich_user_profiles_dag.py
[2025-06-18T12:31:55.871+0000] {processor.py:830} INFO - Processing file /opt/airflow/dags/enrich_user_profiles_dag.py for tasks to queue
[2025-06-18T12:31:55.876+0000] {logging_mixin.py:188} INFO - [2025-06-18T12:31:55.875+0000] {dagbag.py:545} INFO - Filling up the DagBag from /opt/airflow/dags/enrich_user_profiles_dag.py
[2025-06-18T12:31:55.930+0000] {processor.py:840} INFO - DAG(s) 'enrich_user_profiles' retrieved from /opt/airflow/dags/enrich_user_profiles_dag.py
[2025-06-18T12:31:56.087+0000] {logging_mixin.py:188} INFO - [2025-06-18T12:31:56.086+0000] {dag.py:3096} INFO - Sync 1 DAGs
[2025-06-18T12:31:56.158+0000] {logging_mixin.py:188} INFO - [2025-06-18T12:31:56.158+0000] {dag.py:3954} INFO - Setting next_dagrun for enrich_user_profiles to None, run_after=None
[2025-06-18T12:31:56.200+0000] {processor.py:183} INFO - Processing /opt/airflow/dags/enrich_user_profiles_dag.py took 0.343 seconds
[2025-06-18T12:32:26.325+0000] {processor.py:161} INFO - Started process (PID=1432) to work on /opt/airflow/dags/enrich_user_profiles_dag.py
[2025-06-18T12:32:26.327+0000] {processor.py:830} INFO - Processing file /opt/airflow/dags/enrich_user_profiles_dag.py for tasks to queue
[2025-06-18T12:32:26.331+0000] {logging_mixin.py:188} INFO - [2025-06-18T12:32:26.331+0000] {dagbag.py:545} INFO - Filling up the DagBag from /opt/airflow/dags/enrich_user_profiles_dag.py
[2025-06-18T12:32:26.364+0000] {processor.py:840} INFO - DAG(s) 'enrich_user_profiles' retrieved from /opt/airflow/dags/enrich_user_profiles_dag.py
[2025-06-18T12:32:26.440+0000] {logging_mixin.py:188} INFO - [2025-06-18T12:32:26.439+0000] {dag.py:3096} INFO - Sync 1 DAGs
[2025-06-18T12:32:26.465+0000] {logging_mixin.py:188} INFO - [2025-06-18T12:32:26.465+0000] {dag.py:3954} INFO - Setting next_dagrun for enrich_user_profiles to None, run_after=None
[2025-06-18T12:32:26.523+0000] {processor.py:183} INFO - Processing /opt/airflow/dags/enrich_user_profiles_dag.py took 0.212 seconds
[2025-06-18T12:32:56.995+0000] {processor.py:161} INFO - Started process (PID=1447) to work on /opt/airflow/dags/enrich_user_profiles_dag.py
[2025-06-18T12:32:56.999+0000] {processor.py:830} INFO - Processing file /opt/airflow/dags/enrich_user_profiles_dag.py for tasks to queue
[2025-06-18T12:32:57.007+0000] {logging_mixin.py:188} INFO - [2025-06-18T12:32:57.005+0000] {dagbag.py:545} INFO - Filling up the DagBag from /opt/airflow/dags/enrich_user_profiles_dag.py
[2025-06-18T12:32:57.124+0000] {processor.py:840} INFO - DAG(s) 'enrich_user_profiles' retrieved from /opt/airflow/dags/enrich_user_profiles_dag.py
[2025-06-18T12:32:57.344+0000] {logging_mixin.py:188} INFO - [2025-06-18T12:32:57.343+0000] {dag.py:3096} INFO - Sync 1 DAGs
[2025-06-18T12:32:57.372+0000] {logging_mixin.py:188} INFO - [2025-06-18T12:32:57.372+0000] {dag.py:3954} INFO - Setting next_dagrun for enrich_user_profiles to None, run_after=None
[2025-06-18T12:32:57.415+0000] {processor.py:183} INFO - Processing /opt/airflow/dags/enrich_user_profiles_dag.py took 0.445 seconds
[2025-06-18T12:33:27.602+0000] {processor.py:161} INFO - Started process (PID=1462) to work on /opt/airflow/dags/enrich_user_profiles_dag.py
[2025-06-18T12:33:27.608+0000] {processor.py:830} INFO - Processing file /opt/airflow/dags/enrich_user_profiles_dag.py for tasks to queue
[2025-06-18T12:33:27.617+0000] {logging_mixin.py:188} INFO - [2025-06-18T12:33:27.616+0000] {dagbag.py:545} INFO - Filling up the DagBag from /opt/airflow/dags/enrich_user_profiles_dag.py
[2025-06-18T12:33:27.689+0000] {processor.py:840} INFO - DAG(s) 'enrich_user_profiles' retrieved from /opt/airflow/dags/enrich_user_profiles_dag.py
[2025-06-18T12:33:27.816+0000] {logging_mixin.py:188} INFO - [2025-06-18T12:33:27.816+0000] {dag.py:3096} INFO - Sync 1 DAGs
[2025-06-18T12:33:27.924+0000] {logging_mixin.py:188} INFO - [2025-06-18T12:33:27.924+0000] {dag.py:3954} INFO - Setting next_dagrun for enrich_user_profiles to None, run_after=None
[2025-06-18T12:33:27.992+0000] {processor.py:183} INFO - Processing /opt/airflow/dags/enrich_user_profiles_dag.py took 0.420 seconds
[2025-06-18T12:33:58.877+0000] {processor.py:161} INFO - Started process (PID=1477) to work on /opt/airflow/dags/enrich_user_profiles_dag.py
[2025-06-18T12:33:58.886+0000] {processor.py:830} INFO - Processing file /opt/airflow/dags/enrich_user_profiles_dag.py for tasks to queue
[2025-06-18T12:33:58.889+0000] {logging_mixin.py:188} INFO - [2025-06-18T12:33:58.889+0000] {dagbag.py:545} INFO - Filling up the DagBag from /opt/airflow/dags/enrich_user_profiles_dag.py
[2025-06-18T12:33:58.933+0000] {processor.py:840} INFO - DAG(s) 'enrich_user_profiles' retrieved from /opt/airflow/dags/enrich_user_profiles_dag.py
[2025-06-18T12:33:58.995+0000] {logging_mixin.py:188} INFO - [2025-06-18T12:33:58.994+0000] {dag.py:3096} INFO - Sync 1 DAGs
[2025-06-18T12:33:59.034+0000] {logging_mixin.py:188} INFO - [2025-06-18T12:33:59.034+0000] {dag.py:3954} INFO - Setting next_dagrun for enrich_user_profiles to None, run_after=None
[2025-06-18T12:33:59.093+0000] {processor.py:183} INFO - Processing /opt/airflow/dags/enrich_user_profiles_dag.py took 0.235 seconds
[2025-06-18T12:34:29.703+0000] {processor.py:161} INFO - Started process (PID=1492) to work on /opt/airflow/dags/enrich_user_profiles_dag.py
[2025-06-18T12:34:29.711+0000] {processor.py:830} INFO - Processing file /opt/airflow/dags/enrich_user_profiles_dag.py for tasks to queue
[2025-06-18T12:34:29.716+0000] {logging_mixin.py:188} INFO - [2025-06-18T12:34:29.714+0000] {dagbag.py:545} INFO - Filling up the DagBag from /opt/airflow/dags/enrich_user_profiles_dag.py
[2025-06-18T12:34:29.771+0000] {processor.py:840} INFO - DAG(s) 'enrich_user_profiles' retrieved from /opt/airflow/dags/enrich_user_profiles_dag.py
[2025-06-18T12:34:29.856+0000] {logging_mixin.py:188} INFO - [2025-06-18T12:34:29.856+0000] {dag.py:3096} INFO - Sync 1 DAGs
[2025-06-18T12:34:29.896+0000] {logging_mixin.py:188} INFO - [2025-06-18T12:34:29.896+0000] {dag.py:3954} INFO - Setting next_dagrun for enrich_user_profiles to None, run_after=None
[2025-06-18T12:34:29.948+0000] {processor.py:183} INFO - Processing /opt/airflow/dags/enrich_user_profiles_dag.py took 0.258 seconds
[2025-06-18T12:35:00.336+0000] {processor.py:161} INFO - Started process (PID=1507) to work on /opt/airflow/dags/enrich_user_profiles_dag.py
[2025-06-18T12:35:00.342+0000] {processor.py:830} INFO - Processing file /opt/airflow/dags/enrich_user_profiles_dag.py for tasks to queue
[2025-06-18T12:35:00.354+0000] {logging_mixin.py:188} INFO - [2025-06-18T12:35:00.352+0000] {dagbag.py:545} INFO - Filling up the DagBag from /opt/airflow/dags/enrich_user_profiles_dag.py
[2025-06-18T12:35:00.450+0000] {processor.py:840} INFO - DAG(s) 'enrich_user_profiles' retrieved from /opt/airflow/dags/enrich_user_profiles_dag.py
[2025-06-18T12:35:00.569+0000] {logging_mixin.py:188} INFO - [2025-06-18T12:35:00.568+0000] {dag.py:3096} INFO - Sync 1 DAGs
[2025-06-18T12:35:00.617+0000] {logging_mixin.py:188} INFO - [2025-06-18T12:35:00.616+0000] {dag.py:3954} INFO - Setting next_dagrun for enrich_user_profiles to None, run_after=None
[2025-06-18T12:35:00.669+0000] {processor.py:183} INFO - Processing /opt/airflow/dags/enrich_user_profiles_dag.py took 0.392 seconds
[2025-06-18T12:35:31.918+0000] {processor.py:161} INFO - Started process (PID=1522) to work on /opt/airflow/dags/enrich_user_profiles_dag.py
[2025-06-18T12:35:31.934+0000] {processor.py:830} INFO - Processing file /opt/airflow/dags/enrich_user_profiles_dag.py for tasks to queue
[2025-06-18T12:35:31.969+0000] {logging_mixin.py:188} INFO - [2025-06-18T12:35:31.955+0000] {dagbag.py:545} INFO - Filling up the DagBag from /opt/airflow/dags/enrich_user_profiles_dag.py
[2025-06-18T12:35:32.051+0000] {processor.py:840} INFO - DAG(s) 'enrich_user_profiles' retrieved from /opt/airflow/dags/enrich_user_profiles_dag.py
[2025-06-18T12:35:32.140+0000] {logging_mixin.py:188} INFO - [2025-06-18T12:35:32.140+0000] {dag.py:3096} INFO - Sync 1 DAGs
[2025-06-18T12:35:32.159+0000] {logging_mixin.py:188} INFO - [2025-06-18T12:35:32.159+0000] {dag.py:3954} INFO - Setting next_dagrun for enrich_user_profiles to None, run_after=None
[2025-06-18T12:35:32.221+0000] {processor.py:183} INFO - Processing /opt/airflow/dags/enrich_user_profiles_dag.py took 0.428 seconds
[2025-06-18T12:36:02.763+0000] {processor.py:161} INFO - Started process (PID=1537) to work on /opt/airflow/dags/enrich_user_profiles_dag.py
[2025-06-18T12:36:02.786+0000] {processor.py:830} INFO - Processing file /opt/airflow/dags/enrich_user_profiles_dag.py for tasks to queue
[2025-06-18T12:36:02.814+0000] {logging_mixin.py:188} INFO - [2025-06-18T12:36:02.812+0000] {dagbag.py:545} INFO - Filling up the DagBag from /opt/airflow/dags/enrich_user_profiles_dag.py
[2025-06-18T12:36:03.040+0000] {processor.py:840} INFO - DAG(s) 'enrich_user_profiles' retrieved from /opt/airflow/dags/enrich_user_profiles_dag.py
[2025-06-18T12:36:03.359+0000] {logging_mixin.py:188} INFO - [2025-06-18T12:36:03.358+0000] {dag.py:3096} INFO - Sync 1 DAGs
[2025-06-18T12:36:03.511+0000] {logging_mixin.py:188} INFO - [2025-06-18T12:36:03.511+0000] {dag.py:3954} INFO - Setting next_dagrun for enrich_user_profiles to None, run_after=None
[2025-06-18T12:36:03.673+0000] {processor.py:183} INFO - Processing /opt/airflow/dags/enrich_user_profiles_dag.py took 1.053 seconds
[2025-06-18T12:36:34.237+0000] {processor.py:161} INFO - Started process (PID=1552) to work on /opt/airflow/dags/enrich_user_profiles_dag.py
[2025-06-18T12:36:34.241+0000] {processor.py:830} INFO - Processing file /opt/airflow/dags/enrich_user_profiles_dag.py for tasks to queue
[2025-06-18T12:36:34.247+0000] {logging_mixin.py:188} INFO - [2025-06-18T12:36:34.246+0000] {dagbag.py:545} INFO - Filling up the DagBag from /opt/airflow/dags/enrich_user_profiles_dag.py
[2025-06-18T12:36:34.326+0000] {processor.py:840} INFO - DAG(s) 'enrich_user_profiles' retrieved from /opt/airflow/dags/enrich_user_profiles_dag.py
[2025-06-18T12:36:34.391+0000] {logging_mixin.py:188} INFO - [2025-06-18T12:36:34.390+0000] {dag.py:3096} INFO - Sync 1 DAGs
[2025-06-18T12:36:34.414+0000] {logging_mixin.py:188} INFO - [2025-06-18T12:36:34.414+0000] {dag.py:3954} INFO - Setting next_dagrun for enrich_user_profiles to None, run_after=None
[2025-06-18T12:36:34.460+0000] {processor.py:183} INFO - Processing /opt/airflow/dags/enrich_user_profiles_dag.py took 0.249 seconds
[2025-06-18T12:37:05.733+0000] {processor.py:161} INFO - Started process (PID=1567) to work on /opt/airflow/dags/enrich_user_profiles_dag.py
[2025-06-18T12:37:05.750+0000] {processor.py:830} INFO - Processing file /opt/airflow/dags/enrich_user_profiles_dag.py for tasks to queue
[2025-06-18T12:37:05.766+0000] {logging_mixin.py:188} INFO - [2025-06-18T12:37:05.765+0000] {dagbag.py:545} INFO - Filling up the DagBag from /opt/airflow/dags/enrich_user_profiles_dag.py
[2025-06-18T12:37:05.880+0000] {processor.py:840} INFO - DAG(s) 'enrich_user_profiles' retrieved from /opt/airflow/dags/enrich_user_profiles_dag.py
[2025-06-18T12:37:05.932+0000] {logging_mixin.py:188} INFO - [2025-06-18T12:37:05.932+0000] {dag.py:3096} INFO - Sync 1 DAGs
[2025-06-18T12:37:05.952+0000] {logging_mixin.py:188} INFO - [2025-06-18T12:37:05.952+0000] {dag.py:3954} INFO - Setting next_dagrun for enrich_user_profiles to None, run_after=None
[2025-06-18T12:37:05.991+0000] {processor.py:183} INFO - Processing /opt/airflow/dags/enrich_user_profiles_dag.py took 0.311 seconds
[2025-06-18T12:37:36.720+0000] {processor.py:161} INFO - Started process (PID=1582) to work on /opt/airflow/dags/enrich_user_profiles_dag.py
[2025-06-18T12:37:36.732+0000] {processor.py:830} INFO - Processing file /opt/airflow/dags/enrich_user_profiles_dag.py for tasks to queue
[2025-06-18T12:37:36.751+0000] {logging_mixin.py:188} INFO - [2025-06-18T12:37:36.748+0000] {dagbag.py:545} INFO - Filling up the DagBag from /opt/airflow/dags/enrich_user_profiles_dag.py
[2025-06-18T12:37:36.871+0000] {processor.py:840} INFO - DAG(s) 'enrich_user_profiles' retrieved from /opt/airflow/dags/enrich_user_profiles_dag.py
[2025-06-18T12:37:36.990+0000] {logging_mixin.py:188} INFO - [2025-06-18T12:37:36.990+0000] {dag.py:3096} INFO - Sync 1 DAGs
[2025-06-18T12:37:37.056+0000] {logging_mixin.py:188} INFO - [2025-06-18T12:37:37.056+0000] {dag.py:3954} INFO - Setting next_dagrun for enrich_user_profiles to None, run_after=None
[2025-06-18T12:37:37.124+0000] {processor.py:183} INFO - Processing /opt/airflow/dags/enrich_user_profiles_dag.py took 0.486 seconds
[2025-06-18T12:38:08.179+0000] {processor.py:161} INFO - Started process (PID=1597) to work on /opt/airflow/dags/enrich_user_profiles_dag.py
[2025-06-18T12:38:08.187+0000] {processor.py:830} INFO - Processing file /opt/airflow/dags/enrich_user_profiles_dag.py for tasks to queue
[2025-06-18T12:38:08.197+0000] {logging_mixin.py:188} INFO - [2025-06-18T12:38:08.196+0000] {dagbag.py:545} INFO - Filling up the DagBag from /opt/airflow/dags/enrich_user_profiles_dag.py
[2025-06-18T12:38:08.273+0000] {processor.py:840} INFO - DAG(s) 'enrich_user_profiles' retrieved from /opt/airflow/dags/enrich_user_profiles_dag.py
[2025-06-18T12:38:08.349+0000] {logging_mixin.py:188} INFO - [2025-06-18T12:38:08.349+0000] {dag.py:3096} INFO - Sync 1 DAGs
[2025-06-18T12:38:08.393+0000] {logging_mixin.py:188} INFO - [2025-06-18T12:38:08.393+0000] {dag.py:3954} INFO - Setting next_dagrun for enrich_user_profiles to None, run_after=None
[2025-06-18T12:38:08.456+0000] {processor.py:183} INFO - Processing /opt/airflow/dags/enrich_user_profiles_dag.py took 0.318 seconds
[2025-06-18T12:38:39.031+0000] {processor.py:161} INFO - Started process (PID=1612) to work on /opt/airflow/dags/enrich_user_profiles_dag.py
[2025-06-18T12:38:39.033+0000] {processor.py:830} INFO - Processing file /opt/airflow/dags/enrich_user_profiles_dag.py for tasks to queue
[2025-06-18T12:38:39.037+0000] {logging_mixin.py:188} INFO - [2025-06-18T12:38:39.037+0000] {dagbag.py:545} INFO - Filling up the DagBag from /opt/airflow/dags/enrich_user_profiles_dag.py
[2025-06-18T12:38:39.082+0000] {processor.py:840} INFO - DAG(s) 'enrich_user_profiles' retrieved from /opt/airflow/dags/enrich_user_profiles_dag.py
[2025-06-18T12:38:39.163+0000] {logging_mixin.py:188} INFO - [2025-06-18T12:38:39.163+0000] {dag.py:3096} INFO - Sync 1 DAGs
[2025-06-18T12:38:39.227+0000] {logging_mixin.py:188} INFO - [2025-06-18T12:38:39.226+0000] {dag.py:3954} INFO - Setting next_dagrun for enrich_user_profiles to None, run_after=None
[2025-06-18T12:38:39.452+0000] {processor.py:183} INFO - Processing /opt/airflow/dags/enrich_user_profiles_dag.py took 0.431 seconds
[2025-06-18T12:39:10.000+0000] {processor.py:161} INFO - Started process (PID=1627) to work on /opt/airflow/dags/enrich_user_profiles_dag.py
[2025-06-18T12:39:10.005+0000] {processor.py:830} INFO - Processing file /opt/airflow/dags/enrich_user_profiles_dag.py for tasks to queue
[2025-06-18T12:39:10.010+0000] {logging_mixin.py:188} INFO - [2025-06-18T12:39:10.009+0000] {dagbag.py:545} INFO - Filling up the DagBag from /opt/airflow/dags/enrich_user_profiles_dag.py
[2025-06-18T12:39:10.055+0000] {processor.py:840} INFO - DAG(s) 'enrich_user_profiles' retrieved from /opt/airflow/dags/enrich_user_profiles_dag.py
[2025-06-18T12:39:10.126+0000] {logging_mixin.py:188} INFO - [2025-06-18T12:39:10.125+0000] {dag.py:3096} INFO - Sync 1 DAGs
[2025-06-18T12:39:10.164+0000] {logging_mixin.py:188} INFO - [2025-06-18T12:39:10.163+0000] {dag.py:3954} INFO - Setting next_dagrun for enrich_user_profiles to None, run_after=None
[2025-06-18T12:39:10.304+0000] {processor.py:183} INFO - Processing /opt/airflow/dags/enrich_user_profiles_dag.py took 0.323 seconds
[2025-06-18T12:39:40.842+0000] {processor.py:161} INFO - Started process (PID=1642) to work on /opt/airflow/dags/enrich_user_profiles_dag.py
[2025-06-18T12:39:40.844+0000] {processor.py:830} INFO - Processing file /opt/airflow/dags/enrich_user_profiles_dag.py for tasks to queue
[2025-06-18T12:39:40.848+0000] {logging_mixin.py:188} INFO - [2025-06-18T12:39:40.847+0000] {dagbag.py:545} INFO - Filling up the DagBag from /opt/airflow/dags/enrich_user_profiles_dag.py
[2025-06-18T12:39:40.877+0000] {processor.py:840} INFO - DAG(s) 'enrich_user_profiles' retrieved from /opt/airflow/dags/enrich_user_profiles_dag.py
[2025-06-18T12:39:40.934+0000] {logging_mixin.py:188} INFO - [2025-06-18T12:39:40.933+0000] {dag.py:3096} INFO - Sync 1 DAGs
[2025-06-18T12:39:40.954+0000] {logging_mixin.py:188} INFO - [2025-06-18T12:39:40.954+0000] {dag.py:3954} INFO - Setting next_dagrun for enrich_user_profiles to None, run_after=None
[2025-06-18T12:39:40.983+0000] {processor.py:183} INFO - Processing /opt/airflow/dags/enrich_user_profiles_dag.py took 0.154 seconds
[2025-06-18T12:40:12.043+0000] {processor.py:161} INFO - Started process (PID=1657) to work on /opt/airflow/dags/enrich_user_profiles_dag.py
[2025-06-18T12:40:12.077+0000] {processor.py:830} INFO - Processing file /opt/airflow/dags/enrich_user_profiles_dag.py for tasks to queue
[2025-06-18T12:40:12.109+0000] {logging_mixin.py:188} INFO - [2025-06-18T12:40:12.107+0000] {dagbag.py:545} INFO - Filling up the DagBag from /opt/airflow/dags/enrich_user_profiles_dag.py
[2025-06-18T12:40:12.237+0000] {processor.py:840} INFO - DAG(s) 'enrich_user_profiles' retrieved from /opt/airflow/dags/enrich_user_profiles_dag.py
[2025-06-18T12:40:12.342+0000] {logging_mixin.py:188} INFO - [2025-06-18T12:40:12.341+0000] {dag.py:3096} INFO - Sync 1 DAGs
[2025-06-18T12:40:12.393+0000] {logging_mixin.py:188} INFO - [2025-06-18T12:40:12.393+0000] {dag.py:3954} INFO - Setting next_dagrun for enrich_user_profiles to None, run_after=None
[2025-06-18T12:40:12.545+0000] {processor.py:183} INFO - Processing /opt/airflow/dags/enrich_user_profiles_dag.py took 0.634 seconds
[2025-06-18T12:40:43.510+0000] {processor.py:161} INFO - Started process (PID=1672) to work on /opt/airflow/dags/enrich_user_profiles_dag.py
[2025-06-18T12:40:43.515+0000] {processor.py:830} INFO - Processing file /opt/airflow/dags/enrich_user_profiles_dag.py for tasks to queue
[2025-06-18T12:40:43.529+0000] {logging_mixin.py:188} INFO - [2025-06-18T12:40:43.527+0000] {dagbag.py:545} INFO - Filling up the DagBag from /opt/airflow/dags/enrich_user_profiles_dag.py
[2025-06-18T12:40:43.645+0000] {processor.py:840} INFO - DAG(s) 'enrich_user_profiles' retrieved from /opt/airflow/dags/enrich_user_profiles_dag.py
[2025-06-18T12:40:43.750+0000] {logging_mixin.py:188} INFO - [2025-06-18T12:40:43.750+0000] {dag.py:3096} INFO - Sync 1 DAGs
[2025-06-18T12:40:43.783+0000] {logging_mixin.py:188} INFO - [2025-06-18T12:40:43.782+0000] {dag.py:3954} INFO - Setting next_dagrun for enrich_user_profiles to None, run_after=None
[2025-06-18T12:40:43.853+0000] {processor.py:183} INFO - Processing /opt/airflow/dags/enrich_user_profiles_dag.py took 0.403 seconds
[2025-06-18T12:41:14.778+0000] {processor.py:161} INFO - Started process (PID=1687) to work on /opt/airflow/dags/enrich_user_profiles_dag.py
[2025-06-18T12:41:14.785+0000] {processor.py:830} INFO - Processing file /opt/airflow/dags/enrich_user_profiles_dag.py for tasks to queue
[2025-06-18T12:41:14.799+0000] {logging_mixin.py:188} INFO - [2025-06-18T12:41:14.797+0000] {dagbag.py:545} INFO - Filling up the DagBag from /opt/airflow/dags/enrich_user_profiles_dag.py
[2025-06-18T12:41:14.866+0000] {processor.py:840} INFO - DAG(s) 'enrich_user_profiles' retrieved from /opt/airflow/dags/enrich_user_profiles_dag.py
[2025-06-18T12:41:14.970+0000] {logging_mixin.py:188} INFO - [2025-06-18T12:41:14.970+0000] {dag.py:3096} INFO - Sync 1 DAGs
[2025-06-18T12:41:15.002+0000] {logging_mixin.py:188} INFO - [2025-06-18T12:41:15.001+0000] {dag.py:3954} INFO - Setting next_dagrun for enrich_user_profiles to None, run_after=None
[2025-06-18T12:41:15.041+0000] {processor.py:183} INFO - Processing /opt/airflow/dags/enrich_user_profiles_dag.py took 0.297 seconds
[2025-06-18T12:41:45.336+0000] {processor.py:161} INFO - Started process (PID=1702) to work on /opt/airflow/dags/enrich_user_profiles_dag.py
[2025-06-18T12:41:45.339+0000] {processor.py:830} INFO - Processing file /opt/airflow/dags/enrich_user_profiles_dag.py for tasks to queue
[2025-06-18T12:41:45.344+0000] {logging_mixin.py:188} INFO - [2025-06-18T12:41:45.344+0000] {dagbag.py:545} INFO - Filling up the DagBag from /opt/airflow/dags/enrich_user_profiles_dag.py
[2025-06-18T12:41:45.377+0000] {processor.py:840} INFO - DAG(s) 'enrich_user_profiles' retrieved from /opt/airflow/dags/enrich_user_profiles_dag.py
[2025-06-18T12:41:45.430+0000] {logging_mixin.py:188} INFO - [2025-06-18T12:41:45.430+0000] {dag.py:3096} INFO - Sync 1 DAGs
[2025-06-18T12:41:45.453+0000] {logging_mixin.py:188} INFO - [2025-06-18T12:41:45.452+0000] {dag.py:3954} INFO - Setting next_dagrun for enrich_user_profiles to None, run_after=None
[2025-06-18T12:41:45.505+0000] {processor.py:183} INFO - Processing /opt/airflow/dags/enrich_user_profiles_dag.py took 0.181 seconds
[2025-06-18T12:42:16.570+0000] {processor.py:161} INFO - Started process (PID=1717) to work on /opt/airflow/dags/enrich_user_profiles_dag.py
[2025-06-18T12:42:16.576+0000] {processor.py:830} INFO - Processing file /opt/airflow/dags/enrich_user_profiles_dag.py for tasks to queue
[2025-06-18T12:42:16.583+0000] {logging_mixin.py:188} INFO - [2025-06-18T12:42:16.582+0000] {dagbag.py:545} INFO - Filling up the DagBag from /opt/airflow/dags/enrich_user_profiles_dag.py
[2025-06-18T12:42:16.649+0000] {processor.py:840} INFO - DAG(s) 'enrich_user_profiles' retrieved from /opt/airflow/dags/enrich_user_profiles_dag.py
[2025-06-18T12:42:16.759+0000] {logging_mixin.py:188} INFO - [2025-06-18T12:42:16.758+0000] {dag.py:3096} INFO - Sync 1 DAGs
[2025-06-18T12:42:16.854+0000] {logging_mixin.py:188} INFO - [2025-06-18T12:42:16.854+0000] {dag.py:3954} INFO - Setting next_dagrun for enrich_user_profiles to None, run_after=None
[2025-06-18T12:42:16.922+0000] {processor.py:183} INFO - Processing /opt/airflow/dags/enrich_user_profiles_dag.py took 0.390 seconds
[2025-06-18T12:42:47.088+0000] {processor.py:161} INFO - Started process (PID=1732) to work on /opt/airflow/dags/enrich_user_profiles_dag.py
[2025-06-18T12:42:47.090+0000] {processor.py:830} INFO - Processing file /opt/airflow/dags/enrich_user_profiles_dag.py for tasks to queue
[2025-06-18T12:42:47.094+0000] {logging_mixin.py:188} INFO - [2025-06-18T12:42:47.093+0000] {dagbag.py:545} INFO - Filling up the DagBag from /opt/airflow/dags/enrich_user_profiles_dag.py
[2025-06-18T12:42:47.126+0000] {processor.py:840} INFO - DAG(s) 'enrich_user_profiles' retrieved from /opt/airflow/dags/enrich_user_profiles_dag.py
[2025-06-18T12:42:47.174+0000] {logging_mixin.py:188} INFO - [2025-06-18T12:42:47.174+0000] {dag.py:3096} INFO - Sync 1 DAGs
[2025-06-18T12:42:47.204+0000] {logging_mixin.py:188} INFO - [2025-06-18T12:42:47.203+0000] {dag.py:3954} INFO - Setting next_dagrun for enrich_user_profiles to None, run_after=None
[2025-06-18T12:42:47.273+0000] {processor.py:183} INFO - Processing /opt/airflow/dags/enrich_user_profiles_dag.py took 0.199 seconds
[2025-06-18T12:43:17.904+0000] {processor.py:161} INFO - Started process (PID=1747) to work on /opt/airflow/dags/enrich_user_profiles_dag.py
[2025-06-18T12:43:17.906+0000] {processor.py:830} INFO - Processing file /opt/airflow/dags/enrich_user_profiles_dag.py for tasks to queue
[2025-06-18T12:43:17.909+0000] {logging_mixin.py:188} INFO - [2025-06-18T12:43:17.908+0000] {dagbag.py:545} INFO - Filling up the DagBag from /opt/airflow/dags/enrich_user_profiles_dag.py
[2025-06-18T12:43:17.950+0000] {processor.py:840} INFO - DAG(s) 'enrich_user_profiles' retrieved from /opt/airflow/dags/enrich_user_profiles_dag.py
[2025-06-18T12:43:17.993+0000] {logging_mixin.py:188} INFO - [2025-06-18T12:43:17.993+0000] {dag.py:3096} INFO - Sync 1 DAGs
[2025-06-18T12:43:18.015+0000] {logging_mixin.py:188} INFO - [2025-06-18T12:43:18.014+0000] {dag.py:3954} INFO - Setting next_dagrun for enrich_user_profiles to None, run_after=None
[2025-06-18T12:43:18.060+0000] {processor.py:183} INFO - Processing /opt/airflow/dags/enrich_user_profiles_dag.py took 0.167 seconds
[2025-06-18T12:43:48.312+0000] {processor.py:161} INFO - Started process (PID=1762) to work on /opt/airflow/dags/enrich_user_profiles_dag.py
[2025-06-18T12:43:48.319+0000] {processor.py:830} INFO - Processing file /opt/airflow/dags/enrich_user_profiles_dag.py for tasks to queue
[2025-06-18T12:43:48.332+0000] {logging_mixin.py:188} INFO - [2025-06-18T12:43:48.330+0000] {dagbag.py:545} INFO - Filling up the DagBag from /opt/airflow/dags/enrich_user_profiles_dag.py
[2025-06-18T12:43:48.456+0000] {processor.py:840} INFO - DAG(s) 'enrich_user_profiles' retrieved from /opt/airflow/dags/enrich_user_profiles_dag.py
[2025-06-18T12:43:48.554+0000] {logging_mixin.py:188} INFO - [2025-06-18T12:43:48.548+0000] {dag.py:3096} INFO - Sync 1 DAGs
[2025-06-18T12:43:48.592+0000] {logging_mixin.py:188} INFO - [2025-06-18T12:43:48.592+0000] {dag.py:3954} INFO - Setting next_dagrun for enrich_user_profiles to None, run_after=None
[2025-06-18T12:43:48.705+0000] {processor.py:183} INFO - Processing /opt/airflow/dags/enrich_user_profiles_dag.py took 0.459 seconds
[2025-06-18T12:44:18.965+0000] {processor.py:161} INFO - Started process (PID=1777) to work on /opt/airflow/dags/enrich_user_profiles_dag.py
[2025-06-18T12:44:18.970+0000] {processor.py:830} INFO - Processing file /opt/airflow/dags/enrich_user_profiles_dag.py for tasks to queue
[2025-06-18T12:44:18.980+0000] {logging_mixin.py:188} INFO - [2025-06-18T12:44:18.978+0000] {dagbag.py:545} INFO - Filling up the DagBag from /opt/airflow/dags/enrich_user_profiles_dag.py
[2025-06-18T12:44:19.021+0000] {processor.py:840} INFO - DAG(s) 'enrich_user_profiles' retrieved from /opt/airflow/dags/enrich_user_profiles_dag.py
[2025-06-18T12:44:19.077+0000] {logging_mixin.py:188} INFO - [2025-06-18T12:44:19.076+0000] {dag.py:3096} INFO - Sync 1 DAGs
[2025-06-18T12:44:19.311+0000] {logging_mixin.py:188} INFO - [2025-06-18T12:44:19.311+0000] {dag.py:3954} INFO - Setting next_dagrun for enrich_user_profiles to None, run_after=None
[2025-06-18T12:44:19.419+0000] {processor.py:183} INFO - Processing /opt/airflow/dags/enrich_user_profiles_dag.py took 0.488 seconds
[2025-06-18T12:44:49.762+0000] {processor.py:161} INFO - Started process (PID=1792) to work on /opt/airflow/dags/enrich_user_profiles_dag.py
[2025-06-18T12:44:49.769+0000] {processor.py:830} INFO - Processing file /opt/airflow/dags/enrich_user_profiles_dag.py for tasks to queue
[2025-06-18T12:44:49.775+0000] {logging_mixin.py:188} INFO - [2025-06-18T12:44:49.774+0000] {dagbag.py:545} INFO - Filling up the DagBag from /opt/airflow/dags/enrich_user_profiles_dag.py
[2025-06-18T12:44:49.827+0000] {processor.py:840} INFO - DAG(s) 'enrich_user_profiles' retrieved from /opt/airflow/dags/enrich_user_profiles_dag.py
[2025-06-18T12:44:49.933+0000] {logging_mixin.py:188} INFO - [2025-06-18T12:44:49.932+0000] {dag.py:3096} INFO - Sync 1 DAGs
[2025-06-18T12:44:49.968+0000] {logging_mixin.py:188} INFO - [2025-06-18T12:44:49.968+0000] {dag.py:3954} INFO - Setting next_dagrun for enrich_user_profiles to None, run_after=None
[2025-06-18T12:44:50.032+0000] {processor.py:183} INFO - Processing /opt/airflow/dags/enrich_user_profiles_dag.py took 0.290 seconds
[2025-06-18T12:45:20.936+0000] {processor.py:161} INFO - Started process (PID=1807) to work on /opt/airflow/dags/enrich_user_profiles_dag.py
[2025-06-18T12:45:20.941+0000] {processor.py:830} INFO - Processing file /opt/airflow/dags/enrich_user_profiles_dag.py for tasks to queue
[2025-06-18T12:45:20.945+0000] {logging_mixin.py:188} INFO - [2025-06-18T12:45:20.944+0000] {dagbag.py:545} INFO - Filling up the DagBag from /opt/airflow/dags/enrich_user_profiles_dag.py
[2025-06-18T12:45:20.983+0000] {processor.py:840} INFO - DAG(s) 'enrich_user_profiles' retrieved from /opt/airflow/dags/enrich_user_profiles_dag.py
[2025-06-18T12:45:21.038+0000] {logging_mixin.py:188} INFO - [2025-06-18T12:45:21.037+0000] {dag.py:3096} INFO - Sync 1 DAGs
[2025-06-18T12:45:21.087+0000] {logging_mixin.py:188} INFO - [2025-06-18T12:45:21.087+0000] {dag.py:3954} INFO - Setting next_dagrun for enrich_user_profiles to None, run_after=None
[2025-06-18T12:45:21.160+0000] {processor.py:183} INFO - Processing /opt/airflow/dags/enrich_user_profiles_dag.py took 0.242 seconds
[2025-06-18T12:45:51.973+0000] {processor.py:161} INFO - Started process (PID=1822) to work on /opt/airflow/dags/enrich_user_profiles_dag.py
[2025-06-18T12:45:51.975+0000] {processor.py:830} INFO - Processing file /opt/airflow/dags/enrich_user_profiles_dag.py for tasks to queue
[2025-06-18T12:45:51.978+0000] {logging_mixin.py:188} INFO - [2025-06-18T12:45:51.978+0000] {dagbag.py:545} INFO - Filling up the DagBag from /opt/airflow/dags/enrich_user_profiles_dag.py
[2025-06-18T12:45:52.015+0000] {processor.py:840} INFO - DAG(s) 'enrich_user_profiles' retrieved from /opt/airflow/dags/enrich_user_profiles_dag.py
[2025-06-18T12:45:52.094+0000] {logging_mixin.py:188} INFO - [2025-06-18T12:45:52.094+0000] {dag.py:3096} INFO - Sync 1 DAGs
[2025-06-18T12:45:52.124+0000] {logging_mixin.py:188} INFO - [2025-06-18T12:45:52.122+0000] {dag.py:3954} INFO - Setting next_dagrun for enrich_user_profiles to None, run_after=None
[2025-06-18T12:45:52.186+0000] {processor.py:183} INFO - Processing /opt/airflow/dags/enrich_user_profiles_dag.py took 0.225 seconds
[2025-06-18T12:46:23.107+0000] {processor.py:161} INFO - Started process (PID=1837) to work on /opt/airflow/dags/enrich_user_profiles_dag.py
[2025-06-18T12:46:23.117+0000] {processor.py:830} INFO - Processing file /opt/airflow/dags/enrich_user_profiles_dag.py for tasks to queue
[2025-06-18T12:46:23.121+0000] {logging_mixin.py:188} INFO - [2025-06-18T12:46:23.120+0000] {dagbag.py:545} INFO - Filling up the DagBag from /opt/airflow/dags/enrich_user_profiles_dag.py
[2025-06-18T12:46:23.154+0000] {processor.py:840} INFO - DAG(s) 'enrich_user_profiles' retrieved from /opt/airflow/dags/enrich_user_profiles_dag.py
[2025-06-18T12:46:23.214+0000] {logging_mixin.py:188} INFO - [2025-06-18T12:46:23.213+0000] {dag.py:3096} INFO - Sync 1 DAGs
[2025-06-18T12:46:23.236+0000] {logging_mixin.py:188} INFO - [2025-06-18T12:46:23.236+0000] {dag.py:3954} INFO - Setting next_dagrun for enrich_user_profiles to None, run_after=None
[2025-06-18T12:46:23.295+0000] {processor.py:183} INFO - Processing /opt/airflow/dags/enrich_user_profiles_dag.py took 0.212 seconds
[2025-06-18T12:46:53.869+0000] {processor.py:161} INFO - Started process (PID=1852) to work on /opt/airflow/dags/enrich_user_profiles_dag.py
[2025-06-18T12:46:53.874+0000] {processor.py:830} INFO - Processing file /opt/airflow/dags/enrich_user_profiles_dag.py for tasks to queue
[2025-06-18T12:46:53.887+0000] {logging_mixin.py:188} INFO - [2025-06-18T12:46:53.885+0000] {dagbag.py:545} INFO - Filling up the DagBag from /opt/airflow/dags/enrich_user_profiles_dag.py
[2025-06-18T12:46:53.978+0000] {processor.py:840} INFO - DAG(s) 'enrich_user_profiles' retrieved from /opt/airflow/dags/enrich_user_profiles_dag.py
[2025-06-18T12:46:54.121+0000] {logging_mixin.py:188} INFO - [2025-06-18T12:46:54.119+0000] {dag.py:3096} INFO - Sync 1 DAGs
[2025-06-18T12:46:54.166+0000] {logging_mixin.py:188} INFO - [2025-06-18T12:46:54.166+0000] {dag.py:3954} INFO - Setting next_dagrun for enrich_user_profiles to None, run_after=None
[2025-06-18T12:46:54.219+0000] {processor.py:183} INFO - Processing /opt/airflow/dags/enrich_user_profiles_dag.py took 0.383 seconds
[2025-06-18T12:47:24.856+0000] {processor.py:161} INFO - Started process (PID=1867) to work on /opt/airflow/dags/enrich_user_profiles_dag.py
[2025-06-18T12:47:24.862+0000] {processor.py:830} INFO - Processing file /opt/airflow/dags/enrich_user_profiles_dag.py for tasks to queue
[2025-06-18T12:47:24.871+0000] {logging_mixin.py:188} INFO - [2025-06-18T12:47:24.870+0000] {dagbag.py:545} INFO - Filling up the DagBag from /opt/airflow/dags/enrich_user_profiles_dag.py
[2025-06-18T12:47:24.941+0000] {processor.py:840} INFO - DAG(s) 'enrich_user_profiles' retrieved from /opt/airflow/dags/enrich_user_profiles_dag.py
[2025-06-18T12:47:24.999+0000] {logging_mixin.py:188} INFO - [2025-06-18T12:47:24.999+0000] {dag.py:3096} INFO - Sync 1 DAGs
[2025-06-18T12:47:25.018+0000] {logging_mixin.py:188} INFO - [2025-06-18T12:47:25.018+0000] {dag.py:3954} INFO - Setting next_dagrun for enrich_user_profiles to None, run_after=None
[2025-06-18T12:47:25.054+0000] {processor.py:183} INFO - Processing /opt/airflow/dags/enrich_user_profiles_dag.py took 0.235 seconds
[2025-06-18T12:47:56.070+0000] {processor.py:161} INFO - Started process (PID=1882) to work on /opt/airflow/dags/enrich_user_profiles_dag.py
[2025-06-18T12:47:56.073+0000] {processor.py:830} INFO - Processing file /opt/airflow/dags/enrich_user_profiles_dag.py for tasks to queue
[2025-06-18T12:47:56.077+0000] {logging_mixin.py:188} INFO - [2025-06-18T12:47:56.077+0000] {dagbag.py:545} INFO - Filling up the DagBag from /opt/airflow/dags/enrich_user_profiles_dag.py
[2025-06-18T12:47:56.107+0000] {processor.py:840} INFO - DAG(s) 'enrich_user_profiles' retrieved from /opt/airflow/dags/enrich_user_profiles_dag.py
[2025-06-18T12:47:56.154+0000] {logging_mixin.py:188} INFO - [2025-06-18T12:47:56.153+0000] {dag.py:3096} INFO - Sync 1 DAGs
[2025-06-18T12:47:56.172+0000] {logging_mixin.py:188} INFO - [2025-06-18T12:47:56.172+0000] {dag.py:3954} INFO - Setting next_dagrun for enrich_user_profiles to None, run_after=None
[2025-06-18T12:47:56.210+0000] {processor.py:183} INFO - Processing /opt/airflow/dags/enrich_user_profiles_dag.py took 0.156 seconds
[2025-06-18T12:48:26.872+0000] {processor.py:161} INFO - Started process (PID=1897) to work on /opt/airflow/dags/enrich_user_profiles_dag.py
[2025-06-18T12:48:26.875+0000] {processor.py:830} INFO - Processing file /opt/airflow/dags/enrich_user_profiles_dag.py for tasks to queue
[2025-06-18T12:48:26.879+0000] {logging_mixin.py:188} INFO - [2025-06-18T12:48:26.879+0000] {dagbag.py:545} INFO - Filling up the DagBag from /opt/airflow/dags/enrich_user_profiles_dag.py
[2025-06-18T12:48:26.919+0000] {processor.py:840} INFO - DAG(s) 'enrich_user_profiles' retrieved from /opt/airflow/dags/enrich_user_profiles_dag.py
[2025-06-18T12:48:27.013+0000] {logging_mixin.py:188} INFO - [2025-06-18T12:48:27.010+0000] {dag.py:3096} INFO - Sync 1 DAGs
[2025-06-18T12:48:27.093+0000] {logging_mixin.py:188} INFO - [2025-06-18T12:48:27.092+0000] {dag.py:3954} INFO - Setting next_dagrun for enrich_user_profiles to None, run_after=None
[2025-06-18T12:48:27.181+0000] {processor.py:183} INFO - Processing /opt/airflow/dags/enrich_user_profiles_dag.py took 0.324 seconds
[2025-06-18T12:48:57.483+0000] {processor.py:161} INFO - Started process (PID=1912) to work on /opt/airflow/dags/enrich_user_profiles_dag.py
[2025-06-18T12:48:57.485+0000] {processor.py:830} INFO - Processing file /opt/airflow/dags/enrich_user_profiles_dag.py for tasks to queue
[2025-06-18T12:48:57.489+0000] {logging_mixin.py:188} INFO - [2025-06-18T12:48:57.489+0000] {dagbag.py:545} INFO - Filling up the DagBag from /opt/airflow/dags/enrich_user_profiles_dag.py
[2025-06-18T12:48:57.535+0000] {processor.py:840} INFO - DAG(s) 'enrich_user_profiles' retrieved from /opt/airflow/dags/enrich_user_profiles_dag.py
[2025-06-18T12:48:57.616+0000] {logging_mixin.py:188} INFO - [2025-06-18T12:48:57.615+0000] {dag.py:3096} INFO - Sync 1 DAGs
[2025-06-18T12:48:57.658+0000] {logging_mixin.py:188} INFO - [2025-06-18T12:48:57.657+0000] {dag.py:3954} INFO - Setting next_dagrun for enrich_user_profiles to None, run_after=None
[2025-06-18T12:48:57.725+0000] {processor.py:183} INFO - Processing /opt/airflow/dags/enrich_user_profiles_dag.py took 0.252 seconds
[2025-06-18T12:49:28.400+0000] {processor.py:161} INFO - Started process (PID=1927) to work on /opt/airflow/dags/enrich_user_profiles_dag.py
[2025-06-18T12:49:28.418+0000] {processor.py:830} INFO - Processing file /opt/airflow/dags/enrich_user_profiles_dag.py for tasks to queue
[2025-06-18T12:49:28.424+0000] {logging_mixin.py:188} INFO - [2025-06-18T12:49:28.423+0000] {dagbag.py:545} INFO - Filling up the DagBag from /opt/airflow/dags/enrich_user_profiles_dag.py
[2025-06-18T12:49:28.579+0000] {processor.py:840} INFO - DAG(s) 'enrich_user_profiles' retrieved from /opt/airflow/dags/enrich_user_profiles_dag.py
[2025-06-18T12:49:28.713+0000] {logging_mixin.py:188} INFO - [2025-06-18T12:49:28.712+0000] {dag.py:3096} INFO - Sync 1 DAGs
[2025-06-18T12:49:28.757+0000] {logging_mixin.py:188} INFO - [2025-06-18T12:49:28.756+0000] {dag.py:3954} INFO - Setting next_dagrun for enrich_user_profiles to None, run_after=None
[2025-06-18T12:49:28.876+0000] {processor.py:183} INFO - Processing /opt/airflow/dags/enrich_user_profiles_dag.py took 0.498 seconds
[2025-06-18T12:49:59.559+0000] {processor.py:161} INFO - Started process (PID=1942) to work on /opt/airflow/dags/enrich_user_profiles_dag.py
[2025-06-18T12:49:59.565+0000] {processor.py:830} INFO - Processing file /opt/airflow/dags/enrich_user_profiles_dag.py for tasks to queue
[2025-06-18T12:49:59.575+0000] {logging_mixin.py:188} INFO - [2025-06-18T12:49:59.573+0000] {dagbag.py:545} INFO - Filling up the DagBag from /opt/airflow/dags/enrich_user_profiles_dag.py
[2025-06-18T12:49:59.658+0000] {processor.py:840} INFO - DAG(s) 'enrich_user_profiles' retrieved from /opt/airflow/dags/enrich_user_profiles_dag.py
[2025-06-18T12:50:00.136+0000] {logging_mixin.py:188} INFO - [2025-06-18T12:50:00.130+0000] {dag.py:3096} INFO - Sync 1 DAGs
[2025-06-18T12:50:00.642+0000] {logging_mixin.py:188} INFO - [2025-06-18T12:50:00.637+0000] {dag.py:3954} INFO - Setting next_dagrun for enrich_user_profiles to None, run_after=None
[2025-06-18T12:50:00.736+0000] {processor.py:183} INFO - Processing /opt/airflow/dags/enrich_user_profiles_dag.py took 1.217 seconds
[2025-06-18T12:50:31.032+0000] {processor.py:161} INFO - Started process (PID=1957) to work on /opt/airflow/dags/enrich_user_profiles_dag.py
[2025-06-18T12:50:31.035+0000] {processor.py:830} INFO - Processing file /opt/airflow/dags/enrich_user_profiles_dag.py for tasks to queue
[2025-06-18T12:50:31.040+0000] {logging_mixin.py:188} INFO - [2025-06-18T12:50:31.039+0000] {dagbag.py:545} INFO - Filling up the DagBag from /opt/airflow/dags/enrich_user_profiles_dag.py
[2025-06-18T12:50:31.100+0000] {processor.py:840} INFO - DAG(s) 'enrich_user_profiles' retrieved from /opt/airflow/dags/enrich_user_profiles_dag.py
[2025-06-18T12:50:31.161+0000] {logging_mixin.py:188} INFO - [2025-06-18T12:50:31.160+0000] {dag.py:3096} INFO - Sync 1 DAGs
[2025-06-18T12:50:31.191+0000] {logging_mixin.py:188} INFO - [2025-06-18T12:50:31.191+0000] {dag.py:3954} INFO - Setting next_dagrun for enrich_user_profiles to None, run_after=None
[2025-06-18T12:50:31.238+0000] {processor.py:183} INFO - Processing /opt/airflow/dags/enrich_user_profiles_dag.py took 0.224 seconds
[2025-06-18T12:51:02.230+0000] {processor.py:161} INFO - Started process (PID=1972) to work on /opt/airflow/dags/enrich_user_profiles_dag.py
[2025-06-18T12:51:02.242+0000] {processor.py:830} INFO - Processing file /opt/airflow/dags/enrich_user_profiles_dag.py for tasks to queue
[2025-06-18T12:51:02.266+0000] {logging_mixin.py:188} INFO - [2025-06-18T12:51:02.261+0000] {dagbag.py:545} INFO - Filling up the DagBag from /opt/airflow/dags/enrich_user_profiles_dag.py
[2025-06-18T12:51:02.361+0000] {processor.py:840} INFO - DAG(s) 'enrich_user_profiles' retrieved from /opt/airflow/dags/enrich_user_profiles_dag.py
[2025-06-18T12:51:02.461+0000] {logging_mixin.py:188} INFO - [2025-06-18T12:51:02.460+0000] {dag.py:3096} INFO - Sync 1 DAGs
[2025-06-18T12:51:02.508+0000] {logging_mixin.py:188} INFO - [2025-06-18T12:51:02.507+0000] {dag.py:3954} INFO - Setting next_dagrun for enrich_user_profiles to None, run_after=None
[2025-06-18T12:51:02.580+0000] {processor.py:183} INFO - Processing /opt/airflow/dags/enrich_user_profiles_dag.py took 0.411 seconds
[2025-06-18T12:51:33.388+0000] {processor.py:161} INFO - Started process (PID=1987) to work on /opt/airflow/dags/enrich_user_profiles_dag.py
[2025-06-18T12:51:33.395+0000] {processor.py:830} INFO - Processing file /opt/airflow/dags/enrich_user_profiles_dag.py for tasks to queue
[2025-06-18T12:51:33.409+0000] {logging_mixin.py:188} INFO - [2025-06-18T12:51:33.407+0000] {dagbag.py:545} INFO - Filling up the DagBag from /opt/airflow/dags/enrich_user_profiles_dag.py
[2025-06-18T12:51:33.481+0000] {processor.py:840} INFO - DAG(s) 'enrich_user_profiles' retrieved from /opt/airflow/dags/enrich_user_profiles_dag.py
[2025-06-18T12:51:33.576+0000] {logging_mixin.py:188} INFO - [2025-06-18T12:51:33.575+0000] {dag.py:3096} INFO - Sync 1 DAGs
[2025-06-18T12:51:33.615+0000] {logging_mixin.py:188} INFO - [2025-06-18T12:51:33.615+0000] {dag.py:3954} INFO - Setting next_dagrun for enrich_user_profiles to None, run_after=None
[2025-06-18T12:51:33.670+0000] {processor.py:183} INFO - Processing /opt/airflow/dags/enrich_user_profiles_dag.py took 0.326 seconds
[2025-06-18T12:52:03.811+0000] {processor.py:161} INFO - Started process (PID=2002) to work on /opt/airflow/dags/enrich_user_profiles_dag.py
[2025-06-18T12:52:03.817+0000] {processor.py:830} INFO - Processing file /opt/airflow/dags/enrich_user_profiles_dag.py for tasks to queue
[2025-06-18T12:52:03.824+0000] {logging_mixin.py:188} INFO - [2025-06-18T12:52:03.823+0000] {dagbag.py:545} INFO - Filling up the DagBag from /opt/airflow/dags/enrich_user_profiles_dag.py
[2025-06-18T12:52:03.877+0000] {processor.py:840} INFO - DAG(s) 'enrich_user_profiles' retrieved from /opt/airflow/dags/enrich_user_profiles_dag.py
[2025-06-18T12:52:03.970+0000] {logging_mixin.py:188} INFO - [2025-06-18T12:52:03.969+0000] {dag.py:3096} INFO - Sync 1 DAGs
[2025-06-18T12:52:04.009+0000] {logging_mixin.py:188} INFO - [2025-06-18T12:52:04.009+0000] {dag.py:3954} INFO - Setting next_dagrun for enrich_user_profiles to None, run_after=None
[2025-06-18T12:52:04.068+0000] {processor.py:183} INFO - Processing /opt/airflow/dags/enrich_user_profiles_dag.py took 0.277 seconds
[2025-06-18T12:52:34.435+0000] {processor.py:161} INFO - Started process (PID=2017) to work on /opt/airflow/dags/enrich_user_profiles_dag.py
[2025-06-18T12:52:34.437+0000] {processor.py:830} INFO - Processing file /opt/airflow/dags/enrich_user_profiles_dag.py for tasks to queue
[2025-06-18T12:52:34.441+0000] {logging_mixin.py:188} INFO - [2025-06-18T12:52:34.440+0000] {dagbag.py:545} INFO - Filling up the DagBag from /opt/airflow/dags/enrich_user_profiles_dag.py
[2025-06-18T12:52:34.487+0000] {processor.py:840} INFO - DAG(s) 'enrich_user_profiles' retrieved from /opt/airflow/dags/enrich_user_profiles_dag.py
[2025-06-18T12:52:34.540+0000] {logging_mixin.py:188} INFO - [2025-06-18T12:52:34.539+0000] {dag.py:3096} INFO - Sync 1 DAGs
[2025-06-18T12:52:34.568+0000] {logging_mixin.py:188} INFO - [2025-06-18T12:52:34.567+0000] {dag.py:3954} INFO - Setting next_dagrun for enrich_user_profiles to None, run_after=None
[2025-06-18T12:52:34.621+0000] {processor.py:183} INFO - Processing /opt/airflow/dags/enrich_user_profiles_dag.py took 0.200 seconds
[2025-06-18T12:53:05.003+0000] {processor.py:161} INFO - Started process (PID=2032) to work on /opt/airflow/dags/enrich_user_profiles_dag.py
[2025-06-18T12:53:05.009+0000] {processor.py:830} INFO - Processing file /opt/airflow/dags/enrich_user_profiles_dag.py for tasks to queue
[2025-06-18T12:53:05.015+0000] {logging_mixin.py:188} INFO - [2025-06-18T12:53:05.013+0000] {dagbag.py:545} INFO - Filling up the DagBag from /opt/airflow/dags/enrich_user_profiles_dag.py
[2025-06-18T12:53:05.070+0000] {processor.py:840} INFO - DAG(s) 'enrich_user_profiles' retrieved from /opt/airflow/dags/enrich_user_profiles_dag.py
[2025-06-18T12:53:05.170+0000] {logging_mixin.py:188} INFO - [2025-06-18T12:53:05.169+0000] {dag.py:3096} INFO - Sync 1 DAGs
[2025-06-18T12:53:05.192+0000] {logging_mixin.py:188} INFO - [2025-06-18T12:53:05.191+0000] {dag.py:3954} INFO - Setting next_dagrun for enrich_user_profiles to None, run_after=None
[2025-06-18T12:53:05.224+0000] {processor.py:183} INFO - Processing /opt/airflow/dags/enrich_user_profiles_dag.py took 0.257 seconds
[2025-06-18T12:53:35.865+0000] {processor.py:161} INFO - Started process (PID=2047) to work on /opt/airflow/dags/enrich_user_profiles_dag.py
[2025-06-18T12:53:35.868+0000] {processor.py:830} INFO - Processing file /opt/airflow/dags/enrich_user_profiles_dag.py for tasks to queue
[2025-06-18T12:53:35.875+0000] {logging_mixin.py:188} INFO - [2025-06-18T12:53:35.873+0000] {dagbag.py:545} INFO - Filling up the DagBag from /opt/airflow/dags/enrich_user_profiles_dag.py
[2025-06-18T12:53:36.001+0000] {processor.py:840} INFO - DAG(s) 'enrich_user_profiles' retrieved from /opt/airflow/dags/enrich_user_profiles_dag.py
[2025-06-18T12:53:36.147+0000] {logging_mixin.py:188} INFO - [2025-06-18T12:53:36.146+0000] {dag.py:3096} INFO - Sync 1 DAGs
[2025-06-18T12:53:36.215+0000] {logging_mixin.py:188} INFO - [2025-06-18T12:53:36.214+0000] {dag.py:3954} INFO - Setting next_dagrun for enrich_user_profiles to None, run_after=None
[2025-06-18T12:53:36.306+0000] {processor.py:183} INFO - Processing /opt/airflow/dags/enrich_user_profiles_dag.py took 0.456 seconds
[2025-06-18T12:54:06.715+0000] {processor.py:161} INFO - Started process (PID=2062) to work on /opt/airflow/dags/enrich_user_profiles_dag.py
[2025-06-18T12:54:06.717+0000] {processor.py:830} INFO - Processing file /opt/airflow/dags/enrich_user_profiles_dag.py for tasks to queue
[2025-06-18T12:54:06.720+0000] {logging_mixin.py:188} INFO - [2025-06-18T12:54:06.719+0000] {dagbag.py:545} INFO - Filling up the DagBag from /opt/airflow/dags/enrich_user_profiles_dag.py
[2025-06-18T12:54:06.752+0000] {processor.py:840} INFO - DAG(s) 'enrich_user_profiles' retrieved from /opt/airflow/dags/enrich_user_profiles_dag.py
[2025-06-18T12:54:06.818+0000] {logging_mixin.py:188} INFO - [2025-06-18T12:54:06.818+0000] {dag.py:3096} INFO - Sync 1 DAGs
[2025-06-18T12:54:06.844+0000] {logging_mixin.py:188} INFO - [2025-06-18T12:54:06.843+0000] {dag.py:3954} INFO - Setting next_dagrun for enrich_user_profiles to None, run_after=None
[2025-06-18T12:54:06.875+0000] {processor.py:183} INFO - Processing /opt/airflow/dags/enrich_user_profiles_dag.py took 0.171 seconds
[2025-06-18T12:54:38.000+0000] {processor.py:161} INFO - Started process (PID=2077) to work on /opt/airflow/dags/enrich_user_profiles_dag.py
[2025-06-18T12:54:38.003+0000] {processor.py:830} INFO - Processing file /opt/airflow/dags/enrich_user_profiles_dag.py for tasks to queue
[2025-06-18T12:54:38.008+0000] {logging_mixin.py:188} INFO - [2025-06-18T12:54:38.007+0000] {dagbag.py:545} INFO - Filling up the DagBag from /opt/airflow/dags/enrich_user_profiles_dag.py
[2025-06-18T12:54:38.061+0000] {processor.py:840} INFO - DAG(s) 'enrich_user_profiles' retrieved from /opt/airflow/dags/enrich_user_profiles_dag.py
[2025-06-18T12:54:38.120+0000] {logging_mixin.py:188} INFO - [2025-06-18T12:54:38.120+0000] {dag.py:3096} INFO - Sync 1 DAGs
[2025-06-18T12:54:38.140+0000] {logging_mixin.py:188} INFO - [2025-06-18T12:54:38.140+0000] {dag.py:3954} INFO - Setting next_dagrun for enrich_user_profiles to None, run_after=None
[2025-06-18T12:54:38.175+0000] {processor.py:183} INFO - Processing /opt/airflow/dags/enrich_user_profiles_dag.py took 0.199 seconds
[2025-06-18T12:55:08.969+0000] {processor.py:161} INFO - Started process (PID=2092) to work on /opt/airflow/dags/enrich_user_profiles_dag.py
[2025-06-18T12:55:08.982+0000] {processor.py:830} INFO - Processing file /opt/airflow/dags/enrich_user_profiles_dag.py for tasks to queue
[2025-06-18T12:55:09.017+0000] {logging_mixin.py:188} INFO - [2025-06-18T12:55:09.007+0000] {dagbag.py:545} INFO - Filling up the DagBag from /opt/airflow/dags/enrich_user_profiles_dag.py
[2025-06-18T12:55:09.150+0000] {processor.py:840} INFO - DAG(s) 'enrich_user_profiles' retrieved from /opt/airflow/dags/enrich_user_profiles_dag.py
[2025-06-18T12:55:09.214+0000] {logging_mixin.py:188} INFO - [2025-06-18T12:55:09.214+0000] {dag.py:3096} INFO - Sync 1 DAGs
[2025-06-18T12:55:09.242+0000] {logging_mixin.py:188} INFO - [2025-06-18T12:55:09.241+0000] {dag.py:3954} INFO - Setting next_dagrun for enrich_user_profiles to None, run_after=None
[2025-06-18T12:55:09.282+0000] {processor.py:183} INFO - Processing /opt/airflow/dags/enrich_user_profiles_dag.py took 0.438 seconds
[2025-06-18T12:55:39.545+0000] {processor.py:161} INFO - Started process (PID=2107) to work on /opt/airflow/dags/enrich_user_profiles_dag.py
[2025-06-18T12:55:39.547+0000] {processor.py:830} INFO - Processing file /opt/airflow/dags/enrich_user_profiles_dag.py for tasks to queue
[2025-06-18T12:55:39.551+0000] {logging_mixin.py:188} INFO - [2025-06-18T12:55:39.550+0000] {dagbag.py:545} INFO - Filling up the DagBag from /opt/airflow/dags/enrich_user_profiles_dag.py
[2025-06-18T12:55:39.598+0000] {processor.py:840} INFO - DAG(s) 'enrich_user_profiles' retrieved from /opt/airflow/dags/enrich_user_profiles_dag.py
[2025-06-18T12:55:39.653+0000] {logging_mixin.py:188} INFO - [2025-06-18T12:55:39.653+0000] {dag.py:3096} INFO - Sync 1 DAGs
[2025-06-18T12:55:39.673+0000] {logging_mixin.py:188} INFO - [2025-06-18T12:55:39.672+0000] {dag.py:3954} INFO - Setting next_dagrun for enrich_user_profiles to None, run_after=None
[2025-06-18T12:55:39.711+0000] {processor.py:183} INFO - Processing /opt/airflow/dags/enrich_user_profiles_dag.py took 0.180 seconds
[2025-06-18T12:56:09.913+0000] {processor.py:161} INFO - Started process (PID=2122) to work on /opt/airflow/dags/enrich_user_profiles_dag.py
[2025-06-18T12:56:09.917+0000] {processor.py:830} INFO - Processing file /opt/airflow/dags/enrich_user_profiles_dag.py for tasks to queue
[2025-06-18T12:56:09.930+0000] {logging_mixin.py:188} INFO - [2025-06-18T12:56:09.929+0000] {dagbag.py:545} INFO - Filling up the DagBag from /opt/airflow/dags/enrich_user_profiles_dag.py
[2025-06-18T12:56:10.022+0000] {processor.py:840} INFO - DAG(s) 'enrich_user_profiles' retrieved from /opt/airflow/dags/enrich_user_profiles_dag.py
[2025-06-18T12:56:10.169+0000] {logging_mixin.py:188} INFO - [2025-06-18T12:56:10.169+0000] {dag.py:3096} INFO - Sync 1 DAGs
[2025-06-18T12:56:10.222+0000] {logging_mixin.py:188} INFO - [2025-06-18T12:56:10.221+0000] {dag.py:3954} INFO - Setting next_dagrun for enrich_user_profiles to None, run_after=None
[2025-06-18T12:56:10.301+0000] {processor.py:183} INFO - Processing /opt/airflow/dags/enrich_user_profiles_dag.py took 0.427 seconds
[2025-06-18T12:56:42.163+0000] {processor.py:161} INFO - Started process (PID=2137) to work on /opt/airflow/dags/enrich_user_profiles_dag.py
[2025-06-18T12:56:42.224+0000] {processor.py:830} INFO - Processing file /opt/airflow/dags/enrich_user_profiles_dag.py for tasks to queue
[2025-06-18T12:56:42.367+0000] {logging_mixin.py:188} INFO - [2025-06-18T12:56:42.360+0000] {dagbag.py:545} INFO - Filling up the DagBag from /opt/airflow/dags/enrich_user_profiles_dag.py
[2025-06-18T12:56:42.629+0000] {processor.py:840} INFO - DAG(s) 'enrich_user_profiles' retrieved from /opt/airflow/dags/enrich_user_profiles_dag.py
[2025-06-18T12:56:43.495+0000] {logging_mixin.py:188} INFO - [2025-06-18T12:56:43.495+0000] {dag.py:3096} INFO - Sync 1 DAGs
[2025-06-18T12:56:43.910+0000] {logging_mixin.py:188} INFO - [2025-06-18T12:56:43.909+0000] {dag.py:3954} INFO - Setting next_dagrun for enrich_user_profiles to None, run_after=None
[2025-06-18T12:56:44.115+0000] {processor.py:183} INFO - Processing /opt/airflow/dags/enrich_user_profiles_dag.py took 2.282 seconds
[2025-06-18T12:57:14.991+0000] {processor.py:161} INFO - Started process (PID=2152) to work on /opt/airflow/dags/enrich_user_profiles_dag.py
[2025-06-18T12:57:14.997+0000] {processor.py:830} INFO - Processing file /opt/airflow/dags/enrich_user_profiles_dag.py for tasks to queue
[2025-06-18T12:57:15.006+0000] {logging_mixin.py:188} INFO - [2025-06-18T12:57:15.004+0000] {dagbag.py:545} INFO - Filling up the DagBag from /opt/airflow/dags/enrich_user_profiles_dag.py
[2025-06-18T12:57:15.095+0000] {processor.py:840} INFO - DAG(s) 'enrich_user_profiles' retrieved from /opt/airflow/dags/enrich_user_profiles_dag.py
[2025-06-18T12:57:15.196+0000] {logging_mixin.py:188} INFO - [2025-06-18T12:57:15.194+0000] {dag.py:3096} INFO - Sync 1 DAGs
[2025-06-18T12:57:15.240+0000] {logging_mixin.py:188} INFO - [2025-06-18T12:57:15.239+0000] {dag.py:3954} INFO - Setting next_dagrun for enrich_user_profiles to None, run_after=None
[2025-06-18T12:57:15.327+0000] {processor.py:183} INFO - Processing /opt/airflow/dags/enrich_user_profiles_dag.py took 0.372 seconds
[2025-06-18T12:57:46.395+0000] {processor.py:161} INFO - Started process (PID=2167) to work on /opt/airflow/dags/enrich_user_profiles_dag.py
[2025-06-18T12:57:46.398+0000] {processor.py:830} INFO - Processing file /opt/airflow/dags/enrich_user_profiles_dag.py for tasks to queue
[2025-06-18T12:57:46.404+0000] {logging_mixin.py:188} INFO - [2025-06-18T12:57:46.402+0000] {dagbag.py:545} INFO - Filling up the DagBag from /opt/airflow/dags/enrich_user_profiles_dag.py
[2025-06-18T12:57:46.435+0000] {processor.py:840} INFO - DAG(s) 'enrich_user_profiles' retrieved from /opt/airflow/dags/enrich_user_profiles_dag.py
[2025-06-18T12:57:46.492+0000] {logging_mixin.py:188} INFO - [2025-06-18T12:57:46.491+0000] {dag.py:3096} INFO - Sync 1 DAGs
[2025-06-18T12:57:46.517+0000] {logging_mixin.py:188} INFO - [2025-06-18T12:57:46.516+0000] {dag.py:3954} INFO - Setting next_dagrun for enrich_user_profiles to None, run_after=None
[2025-06-18T12:57:46.552+0000] {processor.py:183} INFO - Processing /opt/airflow/dags/enrich_user_profiles_dag.py took 0.182 seconds
[2025-06-18T12:58:18.094+0000] {processor.py:161} INFO - Started process (PID=2182) to work on /opt/airflow/dags/enrich_user_profiles_dag.py
[2025-06-18T12:58:18.099+0000] {processor.py:830} INFO - Processing file /opt/airflow/dags/enrich_user_profiles_dag.py for tasks to queue
[2025-06-18T12:58:18.110+0000] {logging_mixin.py:188} INFO - [2025-06-18T12:58:18.108+0000] {dagbag.py:545} INFO - Filling up the DagBag from /opt/airflow/dags/enrich_user_profiles_dag.py
[2025-06-18T12:58:18.172+0000] {processor.py:840} INFO - DAG(s) 'enrich_user_profiles' retrieved from /opt/airflow/dags/enrich_user_profiles_dag.py
[2025-06-18T12:58:18.274+0000] {logging_mixin.py:188} INFO - [2025-06-18T12:58:18.273+0000] {dag.py:3096} INFO - Sync 1 DAGs
[2025-06-18T12:58:18.298+0000] {logging_mixin.py:188} INFO - [2025-06-18T12:58:18.297+0000] {dag.py:3954} INFO - Setting next_dagrun for enrich_user_profiles to None, run_after=None
[2025-06-18T12:58:18.337+0000] {processor.py:183} INFO - Processing /opt/airflow/dags/enrich_user_profiles_dag.py took 0.293 seconds
[2025-06-18T12:58:49.434+0000] {processor.py:161} INFO - Started process (PID=2197) to work on /opt/airflow/dags/enrich_user_profiles_dag.py
[2025-06-18T12:58:49.461+0000] {processor.py:830} INFO - Processing file /opt/airflow/dags/enrich_user_profiles_dag.py for tasks to queue
[2025-06-18T12:58:49.474+0000] {logging_mixin.py:188} INFO - [2025-06-18T12:58:49.472+0000] {dagbag.py:545} INFO - Filling up the DagBag from /opt/airflow/dags/enrich_user_profiles_dag.py
[2025-06-18T12:58:49.567+0000] {processor.py:840} INFO - DAG(s) 'enrich_user_profiles' retrieved from /opt/airflow/dags/enrich_user_profiles_dag.py
[2025-06-18T12:58:49.662+0000] {logging_mixin.py:188} INFO - [2025-06-18T12:58:49.661+0000] {dag.py:3096} INFO - Sync 1 DAGs
[2025-06-18T12:58:49.700+0000] {logging_mixin.py:188} INFO - [2025-06-18T12:58:49.699+0000] {dag.py:3954} INFO - Setting next_dagrun for enrich_user_profiles to None, run_after=None
[2025-06-18T12:58:49.771+0000] {processor.py:183} INFO - Processing /opt/airflow/dags/enrich_user_profiles_dag.py took 0.424 seconds
[2025-06-18T12:59:20.333+0000] {processor.py:161} INFO - Started process (PID=2212) to work on /opt/airflow/dags/enrich_user_profiles_dag.py
[2025-06-18T12:59:20.337+0000] {processor.py:830} INFO - Processing file /opt/airflow/dags/enrich_user_profiles_dag.py for tasks to queue
[2025-06-18T12:59:20.346+0000] {logging_mixin.py:188} INFO - [2025-06-18T12:59:20.344+0000] {dagbag.py:545} INFO - Filling up the DagBag from /opt/airflow/dags/enrich_user_profiles_dag.py
[2025-06-18T12:59:20.414+0000] {processor.py:840} INFO - DAG(s) 'enrich_user_profiles' retrieved from /opt/airflow/dags/enrich_user_profiles_dag.py
[2025-06-18T12:59:20.536+0000] {logging_mixin.py:188} INFO - [2025-06-18T12:59:20.535+0000] {dag.py:3096} INFO - Sync 1 DAGs
[2025-06-18T12:59:20.580+0000] {logging_mixin.py:188} INFO - [2025-06-18T12:59:20.580+0000] {dag.py:3954} INFO - Setting next_dagrun for enrich_user_profiles to None, run_after=None
[2025-06-18T12:59:20.653+0000] {processor.py:183} INFO - Processing /opt/airflow/dags/enrich_user_profiles_dag.py took 0.348 seconds
[2025-06-18T12:59:51.427+0000] {processor.py:161} INFO - Started process (PID=2227) to work on /opt/airflow/dags/enrich_user_profiles_dag.py
[2025-06-18T12:59:51.429+0000] {processor.py:830} INFO - Processing file /opt/airflow/dags/enrich_user_profiles_dag.py for tasks to queue
[2025-06-18T12:59:51.435+0000] {logging_mixin.py:188} INFO - [2025-06-18T12:59:51.434+0000] {dagbag.py:545} INFO - Filling up the DagBag from /opt/airflow/dags/enrich_user_profiles_dag.py
[2025-06-18T12:59:51.493+0000] {processor.py:840} INFO - DAG(s) 'enrich_user_profiles' retrieved from /opt/airflow/dags/enrich_user_profiles_dag.py
[2025-06-18T12:59:51.550+0000] {logging_mixin.py:188} INFO - [2025-06-18T12:59:51.550+0000] {dag.py:3096} INFO - Sync 1 DAGs
[2025-06-18T12:59:51.572+0000] {logging_mixin.py:188} INFO - [2025-06-18T12:59:51.572+0000] {dag.py:3954} INFO - Setting next_dagrun for enrich_user_profiles to None, run_after=None
[2025-06-18T12:59:51.607+0000] {processor.py:183} INFO - Processing /opt/airflow/dags/enrich_user_profiles_dag.py took 0.190 seconds
[2025-06-18T13:00:21.875+0000] {processor.py:161} INFO - Started process (PID=2242) to work on /opt/airflow/dags/enrich_user_profiles_dag.py
[2025-06-18T13:00:21.877+0000] {processor.py:830} INFO - Processing file /opt/airflow/dags/enrich_user_profiles_dag.py for tasks to queue
[2025-06-18T13:00:21.883+0000] {logging_mixin.py:188} INFO - [2025-06-18T13:00:21.882+0000] {dagbag.py:545} INFO - Filling up the DagBag from /opt/airflow/dags/enrich_user_profiles_dag.py
[2025-06-18T13:00:21.912+0000] {processor.py:840} INFO - DAG(s) 'enrich_user_profiles' retrieved from /opt/airflow/dags/enrich_user_profiles_dag.py
[2025-06-18T13:00:21.958+0000] {logging_mixin.py:188} INFO - [2025-06-18T13:00:21.958+0000] {dag.py:3096} INFO - Sync 1 DAGs
[2025-06-18T13:00:21.985+0000] {logging_mixin.py:188} INFO - [2025-06-18T13:00:21.985+0000] {dag.py:3954} INFO - Setting next_dagrun for enrich_user_profiles to None, run_after=None
[2025-06-18T13:00:22.025+0000] {processor.py:183} INFO - Processing /opt/airflow/dags/enrich_user_profiles_dag.py took 0.162 seconds
[2025-06-18T13:00:52.261+0000] {processor.py:161} INFO - Started process (PID=2257) to work on /opt/airflow/dags/enrich_user_profiles_dag.py
[2025-06-18T13:00:52.266+0000] {processor.py:830} INFO - Processing file /opt/airflow/dags/enrich_user_profiles_dag.py for tasks to queue
[2025-06-18T13:00:52.275+0000] {logging_mixin.py:188} INFO - [2025-06-18T13:00:52.274+0000] {dagbag.py:545} INFO - Filling up the DagBag from /opt/airflow/dags/enrich_user_profiles_dag.py
[2025-06-18T13:00:52.319+0000] {processor.py:840} INFO - DAG(s) 'enrich_user_profiles' retrieved from /opt/airflow/dags/enrich_user_profiles_dag.py
[2025-06-18T13:00:52.416+0000] {logging_mixin.py:188} INFO - [2025-06-18T13:00:52.416+0000] {dag.py:3096} INFO - Sync 1 DAGs
[2025-06-18T13:00:52.457+0000] {logging_mixin.py:188} INFO - [2025-06-18T13:00:52.457+0000] {dag.py:3954} INFO - Setting next_dagrun for enrich_user_profiles to None, run_after=None
[2025-06-18T13:00:52.510+0000] {processor.py:183} INFO - Processing /opt/airflow/dags/enrich_user_profiles_dag.py took 0.286 seconds
[2025-06-18T13:01:22.853+0000] {processor.py:161} INFO - Started process (PID=2272) to work on /opt/airflow/dags/enrich_user_profiles_dag.py
[2025-06-18T13:01:22.857+0000] {processor.py:830} INFO - Processing file /opt/airflow/dags/enrich_user_profiles_dag.py for tasks to queue
[2025-06-18T13:01:22.864+0000] {logging_mixin.py:188} INFO - [2025-06-18T13:01:22.863+0000] {dagbag.py:545} INFO - Filling up the DagBag from /opt/airflow/dags/enrich_user_profiles_dag.py
[2025-06-18T13:01:22.927+0000] {processor.py:840} INFO - DAG(s) 'enrich_user_profiles' retrieved from /opt/airflow/dags/enrich_user_profiles_dag.py
[2025-06-18T13:01:23.103+0000] {logging_mixin.py:188} INFO - [2025-06-18T13:01:23.094+0000] {dag.py:3096} INFO - Sync 1 DAGs
[2025-06-18T13:01:23.189+0000] {logging_mixin.py:188} INFO - [2025-06-18T13:01:23.188+0000] {dag.py:3954} INFO - Setting next_dagrun for enrich_user_profiles to None, run_after=None
[2025-06-18T13:01:23.288+0000] {processor.py:183} INFO - Processing /opt/airflow/dags/enrich_user_profiles_dag.py took 0.453 seconds
[2025-06-18T13:01:54.226+0000] {processor.py:161} INFO - Started process (PID=2287) to work on /opt/airflow/dags/enrich_user_profiles_dag.py
[2025-06-18T13:01:54.228+0000] {processor.py:830} INFO - Processing file /opt/airflow/dags/enrich_user_profiles_dag.py for tasks to queue
[2025-06-18T13:01:54.234+0000] {logging_mixin.py:188} INFO - [2025-06-18T13:01:54.233+0000] {dagbag.py:545} INFO - Filling up the DagBag from /opt/airflow/dags/enrich_user_profiles_dag.py
[2025-06-18T13:01:54.275+0000] {processor.py:840} INFO - DAG(s) 'enrich_user_profiles' retrieved from /opt/airflow/dags/enrich_user_profiles_dag.py
[2025-06-18T13:01:54.334+0000] {logging_mixin.py:188} INFO - [2025-06-18T13:01:54.334+0000] {dag.py:3096} INFO - Sync 1 DAGs
[2025-06-18T13:01:54.357+0000] {logging_mixin.py:188} INFO - [2025-06-18T13:01:54.357+0000] {dag.py:3954} INFO - Setting next_dagrun for enrich_user_profiles to None, run_after=None
[2025-06-18T13:01:54.411+0000] {processor.py:183} INFO - Processing /opt/airflow/dags/enrich_user_profiles_dag.py took 0.197 seconds
[2025-06-18T13:02:25.044+0000] {processor.py:161} INFO - Started process (PID=2302) to work on /opt/airflow/dags/enrich_user_profiles_dag.py
[2025-06-18T13:02:25.068+0000] {processor.py:830} INFO - Processing file /opt/airflow/dags/enrich_user_profiles_dag.py for tasks to queue
[2025-06-18T13:02:25.081+0000] {logging_mixin.py:188} INFO - [2025-06-18T13:02:25.080+0000] {dagbag.py:545} INFO - Filling up the DagBag from /opt/airflow/dags/enrich_user_profiles_dag.py
[2025-06-18T13:02:25.142+0000] {processor.py:840} INFO - DAG(s) 'enrich_user_profiles' retrieved from /opt/airflow/dags/enrich_user_profiles_dag.py
[2025-06-18T13:02:25.209+0000] {logging_mixin.py:188} INFO - [2025-06-18T13:02:25.209+0000] {dag.py:3096} INFO - Sync 1 DAGs
[2025-06-18T13:02:25.241+0000] {logging_mixin.py:188} INFO - [2025-06-18T13:02:25.236+0000] {dag.py:3954} INFO - Setting next_dagrun for enrich_user_profiles to None, run_after=None
[2025-06-18T13:02:25.282+0000] {processor.py:183} INFO - Processing /opt/airflow/dags/enrich_user_profiles_dag.py took 0.248 seconds
[2025-06-18T13:02:55.776+0000] {processor.py:161} INFO - Started process (PID=2317) to work on /opt/airflow/dags/enrich_user_profiles_dag.py
[2025-06-18T13:02:55.780+0000] {processor.py:830} INFO - Processing file /opt/airflow/dags/enrich_user_profiles_dag.py for tasks to queue
[2025-06-18T13:02:55.801+0000] {logging_mixin.py:188} INFO - [2025-06-18T13:02:55.800+0000] {dagbag.py:545} INFO - Filling up the DagBag from /opt/airflow/dags/enrich_user_profiles_dag.py
[2025-06-18T13:02:55.871+0000] {processor.py:840} INFO - DAG(s) 'enrich_user_profiles' retrieved from /opt/airflow/dags/enrich_user_profiles_dag.py
[2025-06-18T13:02:55.966+0000] {logging_mixin.py:188} INFO - [2025-06-18T13:02:55.965+0000] {dag.py:3096} INFO - Sync 1 DAGs
[2025-06-18T13:02:56.032+0000] {logging_mixin.py:188} INFO - [2025-06-18T13:02:56.032+0000] {dag.py:3954} INFO - Setting next_dagrun for enrich_user_profiles to None, run_after=None
[2025-06-18T13:02:56.147+0000] {processor.py:183} INFO - Processing /opt/airflow/dags/enrich_user_profiles_dag.py took 0.403 seconds
[2025-06-18T13:03:26.466+0000] {processor.py:161} INFO - Started process (PID=2332) to work on /opt/airflow/dags/enrich_user_profiles_dag.py
[2025-06-18T13:03:26.469+0000] {processor.py:830} INFO - Processing file /opt/airflow/dags/enrich_user_profiles_dag.py for tasks to queue
[2025-06-18T13:03:26.474+0000] {logging_mixin.py:188} INFO - [2025-06-18T13:03:26.473+0000] {dagbag.py:545} INFO - Filling up the DagBag from /opt/airflow/dags/enrich_user_profiles_dag.py
[2025-06-18T13:03:26.530+0000] {processor.py:840} INFO - DAG(s) 'enrich_user_profiles' retrieved from /opt/airflow/dags/enrich_user_profiles_dag.py
[2025-06-18T13:03:26.608+0000] {logging_mixin.py:188} INFO - [2025-06-18T13:03:26.607+0000] {dag.py:3096} INFO - Sync 1 DAGs
[2025-06-18T13:03:26.632+0000] {logging_mixin.py:188} INFO - [2025-06-18T13:03:26.631+0000] {dag.py:3954} INFO - Setting next_dagrun for enrich_user_profiles to None, run_after=None
[2025-06-18T13:03:26.682+0000] {processor.py:183} INFO - Processing /opt/airflow/dags/enrich_user_profiles_dag.py took 0.237 seconds
[2025-06-18T13:03:57.463+0000] {processor.py:161} INFO - Started process (PID=2347) to work on /opt/airflow/dags/enrich_user_profiles_dag.py
[2025-06-18T13:03:57.470+0000] {processor.py:830} INFO - Processing file /opt/airflow/dags/enrich_user_profiles_dag.py for tasks to queue
[2025-06-18T13:03:57.480+0000] {logging_mixin.py:188} INFO - [2025-06-18T13:03:57.478+0000] {dagbag.py:545} INFO - Filling up the DagBag from /opt/airflow/dags/enrich_user_profiles_dag.py
[2025-06-18T13:03:57.536+0000] {processor.py:840} INFO - DAG(s) 'enrich_user_profiles' retrieved from /opt/airflow/dags/enrich_user_profiles_dag.py
[2025-06-18T13:03:57.657+0000] {logging_mixin.py:188} INFO - [2025-06-18T13:03:57.656+0000] {dag.py:3096} INFO - Sync 1 DAGs
[2025-06-18T13:03:57.699+0000] {logging_mixin.py:188} INFO - [2025-06-18T13:03:57.698+0000] {dag.py:3954} INFO - Setting next_dagrun for enrich_user_profiles to None, run_after=None
[2025-06-18T13:03:57.758+0000] {processor.py:183} INFO - Processing /opt/airflow/dags/enrich_user_profiles_dag.py took 0.337 seconds
[2025-06-18T13:04:28.876+0000] {processor.py:161} INFO - Started process (PID=2362) to work on /opt/airflow/dags/enrich_user_profiles_dag.py
[2025-06-18T13:04:28.882+0000] {processor.py:830} INFO - Processing file /opt/airflow/dags/enrich_user_profiles_dag.py for tasks to queue
[2025-06-18T13:04:28.889+0000] {logging_mixin.py:188} INFO - [2025-06-18T13:04:28.888+0000] {dagbag.py:545} INFO - Filling up the DagBag from /opt/airflow/dags/enrich_user_profiles_dag.py
[2025-06-18T13:04:28.947+0000] {processor.py:840} INFO - DAG(s) 'enrich_user_profiles' retrieved from /opt/airflow/dags/enrich_user_profiles_dag.py
[2025-06-18T13:04:29.021+0000] {logging_mixin.py:188} INFO - [2025-06-18T13:04:29.020+0000] {dag.py:3096} INFO - Sync 1 DAGs
[2025-06-18T13:04:29.045+0000] {logging_mixin.py:188} INFO - [2025-06-18T13:04:29.045+0000] {dag.py:3954} INFO - Setting next_dagrun for enrich_user_profiles to None, run_after=None
[2025-06-18T13:04:29.092+0000] {processor.py:183} INFO - Processing /opt/airflow/dags/enrich_user_profiles_dag.py took 0.271 seconds
[2025-06-18T13:04:59.658+0000] {processor.py:161} INFO - Started process (PID=2377) to work on /opt/airflow/dags/enrich_user_profiles_dag.py
[2025-06-18T13:04:59.666+0000] {processor.py:830} INFO - Processing file /opt/airflow/dags/enrich_user_profiles_dag.py for tasks to queue
[2025-06-18T13:04:59.700+0000] {logging_mixin.py:188} INFO - [2025-06-18T13:04:59.698+0000] {dagbag.py:545} INFO - Filling up the DagBag from /opt/airflow/dags/enrich_user_profiles_dag.py
[2025-06-18T13:04:59.808+0000] {processor.py:840} INFO - DAG(s) 'enrich_user_profiles' retrieved from /opt/airflow/dags/enrich_user_profiles_dag.py
[2025-06-18T13:04:59.968+0000] {logging_mixin.py:188} INFO - [2025-06-18T13:04:59.967+0000] {dag.py:3096} INFO - Sync 1 DAGs
[2025-06-18T13:05:00.005+0000] {logging_mixin.py:188} INFO - [2025-06-18T13:05:00.004+0000] {dag.py:3954} INFO - Setting next_dagrun for enrich_user_profiles to None, run_after=None
[2025-06-18T13:05:00.052+0000] {processor.py:183} INFO - Processing /opt/airflow/dags/enrich_user_profiles_dag.py took 0.431 seconds
[2025-06-18T13:05:30.344+0000] {processor.py:161} INFO - Started process (PID=2392) to work on /opt/airflow/dags/enrich_user_profiles_dag.py
[2025-06-18T13:05:30.345+0000] {processor.py:830} INFO - Processing file /opt/airflow/dags/enrich_user_profiles_dag.py for tasks to queue
[2025-06-18T13:05:30.349+0000] {logging_mixin.py:188} INFO - [2025-06-18T13:05:30.348+0000] {dagbag.py:545} INFO - Filling up the DagBag from /opt/airflow/dags/enrich_user_profiles_dag.py
[2025-06-18T13:05:30.387+0000] {processor.py:840} INFO - DAG(s) 'enrich_user_profiles' retrieved from /opt/airflow/dags/enrich_user_profiles_dag.py
[2025-06-18T13:05:30.474+0000] {logging_mixin.py:188} INFO - [2025-06-18T13:05:30.473+0000] {dag.py:3096} INFO - Sync 1 DAGs
[2025-06-18T13:05:30.507+0000] {logging_mixin.py:188} INFO - [2025-06-18T13:05:30.507+0000] {dag.py:3954} INFO - Setting next_dagrun for enrich_user_profiles to None, run_after=None
[2025-06-18T13:05:30.566+0000] {processor.py:183} INFO - Processing /opt/airflow/dags/enrich_user_profiles_dag.py took 0.231 seconds
[2025-06-18T13:06:00.923+0000] {processor.py:161} INFO - Started process (PID=2407) to work on /opt/airflow/dags/enrich_user_profiles_dag.py
[2025-06-18T13:06:00.926+0000] {processor.py:830} INFO - Processing file /opt/airflow/dags/enrich_user_profiles_dag.py for tasks to queue
[2025-06-18T13:06:00.934+0000] {logging_mixin.py:188} INFO - [2025-06-18T13:06:00.930+0000] {dagbag.py:545} INFO - Filling up the DagBag from /opt/airflow/dags/enrich_user_profiles_dag.py
[2025-06-18T13:06:01.039+0000] {processor.py:840} INFO - DAG(s) 'enrich_user_profiles' retrieved from /opt/airflow/dags/enrich_user_profiles_dag.py
[2025-06-18T13:06:01.154+0000] {logging_mixin.py:188} INFO - [2025-06-18T13:06:01.153+0000] {dag.py:3096} INFO - Sync 1 DAGs
[2025-06-18T13:06:01.323+0000] {logging_mixin.py:188} INFO - [2025-06-18T13:06:01.320+0000] {dag.py:3954} INFO - Setting next_dagrun for enrich_user_profiles to None, run_after=None
[2025-06-18T13:06:01.672+0000] {processor.py:183} INFO - Processing /opt/airflow/dags/enrich_user_profiles_dag.py took 0.764 seconds
[2025-06-18T13:06:32.223+0000] {processor.py:161} INFO - Started process (PID=2422) to work on /opt/airflow/dags/enrich_user_profiles_dag.py
[2025-06-18T13:06:32.225+0000] {processor.py:830} INFO - Processing file /opt/airflow/dags/enrich_user_profiles_dag.py for tasks to queue
[2025-06-18T13:06:32.229+0000] {logging_mixin.py:188} INFO - [2025-06-18T13:06:32.228+0000] {dagbag.py:545} INFO - Filling up the DagBag from /opt/airflow/dags/enrich_user_profiles_dag.py
[2025-06-18T13:06:32.266+0000] {processor.py:840} INFO - DAG(s) 'enrich_user_profiles' retrieved from /opt/airflow/dags/enrich_user_profiles_dag.py
[2025-06-18T13:06:32.323+0000] {logging_mixin.py:188} INFO - [2025-06-18T13:06:32.323+0000] {dag.py:3096} INFO - Sync 1 DAGs
[2025-06-18T13:06:32.353+0000] {logging_mixin.py:188} INFO - [2025-06-18T13:06:32.353+0000] {dag.py:3954} INFO - Setting next_dagrun for enrich_user_profiles to None, run_after=None
[2025-06-18T13:06:32.391+0000] {processor.py:183} INFO - Processing /opt/airflow/dags/enrich_user_profiles_dag.py took 0.184 seconds
[2025-06-18T13:07:03.222+0000] {processor.py:161} INFO - Started process (PID=2437) to work on /opt/airflow/dags/enrich_user_profiles_dag.py
[2025-06-18T13:07:03.224+0000] {processor.py:830} INFO - Processing file /opt/airflow/dags/enrich_user_profiles_dag.py for tasks to queue
[2025-06-18T13:07:03.228+0000] {logging_mixin.py:188} INFO - [2025-06-18T13:07:03.227+0000] {dagbag.py:545} INFO - Filling up the DagBag from /opt/airflow/dags/enrich_user_profiles_dag.py
[2025-06-18T13:07:03.282+0000] {processor.py:840} INFO - DAG(s) 'enrich_user_profiles' retrieved from /opt/airflow/dags/enrich_user_profiles_dag.py
[2025-06-18T13:07:03.362+0000] {logging_mixin.py:188} INFO - [2025-06-18T13:07:03.362+0000] {dag.py:3096} INFO - Sync 1 DAGs
[2025-06-18T13:07:03.402+0000] {logging_mixin.py:188} INFO - [2025-06-18T13:07:03.402+0000] {dag.py:3954} INFO - Setting next_dagrun for enrich_user_profiles to None, run_after=None
[2025-06-18T13:07:03.559+0000] {processor.py:183} INFO - Processing /opt/airflow/dags/enrich_user_profiles_dag.py took 0.352 seconds
[2025-06-18T13:07:33.975+0000] {processor.py:161} INFO - Started process (PID=2452) to work on /opt/airflow/dags/enrich_user_profiles_dag.py
[2025-06-18T13:07:33.976+0000] {processor.py:830} INFO - Processing file /opt/airflow/dags/enrich_user_profiles_dag.py for tasks to queue
[2025-06-18T13:07:33.980+0000] {logging_mixin.py:188} INFO - [2025-06-18T13:07:33.980+0000] {dagbag.py:545} INFO - Filling up the DagBag from /opt/airflow/dags/enrich_user_profiles_dag.py
[2025-06-18T13:07:34.006+0000] {processor.py:840} INFO - DAG(s) 'enrich_user_profiles' retrieved from /opt/airflow/dags/enrich_user_profiles_dag.py
[2025-06-18T13:07:34.042+0000] {logging_mixin.py:188} INFO - [2025-06-18T13:07:34.042+0000] {dag.py:3096} INFO - Sync 1 DAGs
[2025-06-18T13:07:34.059+0000] {logging_mixin.py:188} INFO - [2025-06-18T13:07:34.058+0000] {dag.py:3954} INFO - Setting next_dagrun for enrich_user_profiles to None, run_after=None
[2025-06-18T13:07:34.097+0000] {processor.py:183} INFO - Processing /opt/airflow/dags/enrich_user_profiles_dag.py took 0.131 seconds
[2025-06-18T13:08:04.564+0000] {processor.py:161} INFO - Started process (PID=2467) to work on /opt/airflow/dags/enrich_user_profiles_dag.py
[2025-06-18T13:08:04.568+0000] {processor.py:830} INFO - Processing file /opt/airflow/dags/enrich_user_profiles_dag.py for tasks to queue
[2025-06-18T13:08:04.575+0000] {logging_mixin.py:188} INFO - [2025-06-18T13:08:04.575+0000] {dagbag.py:545} INFO - Filling up the DagBag from /opt/airflow/dags/enrich_user_profiles_dag.py
[2025-06-18T13:08:04.627+0000] {processor.py:840} INFO - DAG(s) 'enrich_user_profiles' retrieved from /opt/airflow/dags/enrich_user_profiles_dag.py
[2025-06-18T13:08:04.701+0000] {logging_mixin.py:188} INFO - [2025-06-18T13:08:04.700+0000] {dag.py:3096} INFO - Sync 1 DAGs
[2025-06-18T13:08:04.743+0000] {logging_mixin.py:188} INFO - [2025-06-18T13:08:04.743+0000] {dag.py:3954} INFO - Setting next_dagrun for enrich_user_profiles to None, run_after=None
[2025-06-18T13:08:04.789+0000] {processor.py:183} INFO - Processing /opt/airflow/dags/enrich_user_profiles_dag.py took 0.269 seconds
[2025-06-18T13:08:35.350+0000] {processor.py:161} INFO - Started process (PID=2482) to work on /opt/airflow/dags/enrich_user_profiles_dag.py
[2025-06-18T13:08:35.352+0000] {processor.py:830} INFO - Processing file /opt/airflow/dags/enrich_user_profiles_dag.py for tasks to queue
[2025-06-18T13:08:35.357+0000] {logging_mixin.py:188} INFO - [2025-06-18T13:08:35.356+0000] {dagbag.py:545} INFO - Filling up the DagBag from /opt/airflow/dags/enrich_user_profiles_dag.py
[2025-06-18T13:08:35.395+0000] {processor.py:840} INFO - DAG(s) 'enrich_user_profiles' retrieved from /opt/airflow/dags/enrich_user_profiles_dag.py
[2025-06-18T13:08:35.447+0000] {logging_mixin.py:188} INFO - [2025-06-18T13:08:35.446+0000] {dag.py:3096} INFO - Sync 1 DAGs
[2025-06-18T13:08:35.468+0000] {logging_mixin.py:188} INFO - [2025-06-18T13:08:35.468+0000] {dag.py:3954} INFO - Setting next_dagrun for enrich_user_profiles to None, run_after=None
[2025-06-18T13:08:35.522+0000] {processor.py:183} INFO - Processing /opt/airflow/dags/enrich_user_profiles_dag.py took 0.188 seconds
[2025-06-18T13:09:06.059+0000] {processor.py:161} INFO - Started process (PID=2497) to work on /opt/airflow/dags/enrich_user_profiles_dag.py
[2025-06-18T13:09:06.061+0000] {processor.py:830} INFO - Processing file /opt/airflow/dags/enrich_user_profiles_dag.py for tasks to queue
[2025-06-18T13:09:06.065+0000] {logging_mixin.py:188} INFO - [2025-06-18T13:09:06.064+0000] {dagbag.py:545} INFO - Filling up the DagBag from /opt/airflow/dags/enrich_user_profiles_dag.py
[2025-06-18T13:09:06.105+0000] {processor.py:840} INFO - DAG(s) 'enrich_user_profiles' retrieved from /opt/airflow/dags/enrich_user_profiles_dag.py
[2025-06-18T13:09:06.186+0000] {logging_mixin.py:188} INFO - [2025-06-18T13:09:06.185+0000] {dag.py:3096} INFO - Sync 1 DAGs
[2025-06-18T13:09:06.250+0000] {logging_mixin.py:188} INFO - [2025-06-18T13:09:06.249+0000] {dag.py:3954} INFO - Setting next_dagrun for enrich_user_profiles to None, run_after=None
[2025-06-18T13:09:06.394+0000] {processor.py:183} INFO - Processing /opt/airflow/dags/enrich_user_profiles_dag.py took 0.347 seconds
[2025-06-18T13:09:37.413+0000] {processor.py:161} INFO - Started process (PID=2512) to work on /opt/airflow/dags/enrich_user_profiles_dag.py
[2025-06-18T13:09:37.417+0000] {processor.py:830} INFO - Processing file /opt/airflow/dags/enrich_user_profiles_dag.py for tasks to queue
[2025-06-18T13:09:37.422+0000] {logging_mixin.py:188} INFO - [2025-06-18T13:09:37.421+0000] {dagbag.py:545} INFO - Filling up the DagBag from /opt/airflow/dags/enrich_user_profiles_dag.py
[2025-06-18T13:09:37.479+0000] {processor.py:840} INFO - DAG(s) 'enrich_user_profiles' retrieved from /opt/airflow/dags/enrich_user_profiles_dag.py
[2025-06-18T13:09:37.565+0000] {logging_mixin.py:188} INFO - [2025-06-18T13:09:37.564+0000] {dag.py:3096} INFO - Sync 1 DAGs
[2025-06-18T13:09:37.605+0000] {logging_mixin.py:188} INFO - [2025-06-18T13:09:37.604+0000] {dag.py:3954} INFO - Setting next_dagrun for enrich_user_profiles to None, run_after=None
[2025-06-18T13:09:37.651+0000] {processor.py:183} INFO - Processing /opt/airflow/dags/enrich_user_profiles_dag.py took 0.254 seconds
[2025-06-18T13:10:08.174+0000] {processor.py:161} INFO - Started process (PID=2527) to work on /opt/airflow/dags/enrich_user_profiles_dag.py
[2025-06-18T13:10:08.179+0000] {processor.py:830} INFO - Processing file /opt/airflow/dags/enrich_user_profiles_dag.py for tasks to queue
[2025-06-18T13:10:08.188+0000] {logging_mixin.py:188} INFO - [2025-06-18T13:10:08.186+0000] {dagbag.py:545} INFO - Filling up the DagBag from /opt/airflow/dags/enrich_user_profiles_dag.py
[2025-06-18T13:10:08.271+0000] {processor.py:840} INFO - DAG(s) 'enrich_user_profiles' retrieved from /opt/airflow/dags/enrich_user_profiles_dag.py
[2025-06-18T13:10:08.883+0000] {logging_mixin.py:188} INFO - [2025-06-18T13:10:08.882+0000] {dag.py:3096} INFO - Sync 1 DAGs
[2025-06-18T13:10:09.019+0000] {logging_mixin.py:188} INFO - [2025-06-18T13:10:09.018+0000] {dag.py:3954} INFO - Setting next_dagrun for enrich_user_profiles to None, run_after=None
[2025-06-18T13:10:09.111+0000] {processor.py:183} INFO - Processing /opt/airflow/dags/enrich_user_profiles_dag.py took 0.964 seconds
[2025-06-18T13:10:40.742+0000] {processor.py:161} INFO - Started process (PID=2542) to work on /opt/airflow/dags/enrich_user_profiles_dag.py
[2025-06-18T13:10:40.759+0000] {processor.py:830} INFO - Processing file /opt/airflow/dags/enrich_user_profiles_dag.py for tasks to queue
[2025-06-18T13:10:40.784+0000] {logging_mixin.py:188} INFO - [2025-06-18T13:10:40.782+0000] {dagbag.py:545} INFO - Filling up the DagBag from /opt/airflow/dags/enrich_user_profiles_dag.py
[2025-06-18T13:10:40.866+0000] {processor.py:840} INFO - DAG(s) 'enrich_user_profiles' retrieved from /opt/airflow/dags/enrich_user_profiles_dag.py
[2025-06-18T13:10:40.960+0000] {logging_mixin.py:188} INFO - [2025-06-18T13:10:40.959+0000] {dag.py:3096} INFO - Sync 1 DAGs
[2025-06-18T13:10:40.997+0000] {logging_mixin.py:188} INFO - [2025-06-18T13:10:40.996+0000] {dag.py:3954} INFO - Setting next_dagrun for enrich_user_profiles to None, run_after=None
[2025-06-18T13:10:41.057+0000] {processor.py:183} INFO - Processing /opt/airflow/dags/enrich_user_profiles_dag.py took 0.897 seconds
[2025-06-18T13:11:11.837+0000] {processor.py:161} INFO - Started process (PID=2557) to work on /opt/airflow/dags/enrich_user_profiles_dag.py
[2025-06-18T13:11:11.839+0000] {processor.py:830} INFO - Processing file /opt/airflow/dags/enrich_user_profiles_dag.py for tasks to queue
[2025-06-18T13:11:11.843+0000] {logging_mixin.py:188} INFO - [2025-06-18T13:11:11.842+0000] {dagbag.py:545} INFO - Filling up the DagBag from /opt/airflow/dags/enrich_user_profiles_dag.py
[2025-06-18T13:11:11.904+0000] {processor.py:840} INFO - DAG(s) 'enrich_user_profiles' retrieved from /opt/airflow/dags/enrich_user_profiles_dag.py
[2025-06-18T13:11:12.038+0000] {logging_mixin.py:188} INFO - [2025-06-18T13:11:12.037+0000] {dag.py:3096} INFO - Sync 1 DAGs
[2025-06-18T13:11:12.417+0000] {logging_mixin.py:188} INFO - [2025-06-18T13:11:12.415+0000] {dag.py:3954} INFO - Setting next_dagrun for enrich_user_profiles to None, run_after=None
[2025-06-18T13:11:12.690+0000] {processor.py:183} INFO - Processing /opt/airflow/dags/enrich_user_profiles_dag.py took 0.865 seconds
[2025-06-18T13:11:42.995+0000] {processor.py:161} INFO - Started process (PID=2572) to work on /opt/airflow/dags/enrich_user_profiles_dag.py
[2025-06-18T13:11:42.997+0000] {processor.py:830} INFO - Processing file /opt/airflow/dags/enrich_user_profiles_dag.py for tasks to queue
[2025-06-18T13:11:42.999+0000] {logging_mixin.py:188} INFO - [2025-06-18T13:11:42.999+0000] {dagbag.py:545} INFO - Filling up the DagBag from /opt/airflow/dags/enrich_user_profiles_dag.py
[2025-06-18T13:11:43.029+0000] {processor.py:840} INFO - DAG(s) 'enrich_user_profiles' retrieved from /opt/airflow/dags/enrich_user_profiles_dag.py
[2025-06-18T13:11:43.067+0000] {logging_mixin.py:188} INFO - [2025-06-18T13:11:43.067+0000] {dag.py:3096} INFO - Sync 1 DAGs
[2025-06-18T13:11:43.085+0000] {logging_mixin.py:188} INFO - [2025-06-18T13:11:43.085+0000] {dag.py:3954} INFO - Setting next_dagrun for enrich_user_profiles to None, run_after=None
[2025-06-18T13:11:43.115+0000] {processor.py:183} INFO - Processing /opt/airflow/dags/enrich_user_profiles_dag.py took 0.133 seconds
[2025-06-18T13:12:14.148+0000] {processor.py:161} INFO - Started process (PID=2587) to work on /opt/airflow/dags/enrich_user_profiles_dag.py
[2025-06-18T13:12:14.156+0000] {processor.py:830} INFO - Processing file /opt/airflow/dags/enrich_user_profiles_dag.py for tasks to queue
[2025-06-18T13:12:14.162+0000] {logging_mixin.py:188} INFO - [2025-06-18T13:12:14.161+0000] {dagbag.py:545} INFO - Filling up the DagBag from /opt/airflow/dags/enrich_user_profiles_dag.py
[2025-06-18T13:12:14.202+0000] {processor.py:840} INFO - DAG(s) 'enrich_user_profiles' retrieved from /opt/airflow/dags/enrich_user_profiles_dag.py
[2025-06-18T13:12:14.254+0000] {logging_mixin.py:188} INFO - [2025-06-18T13:12:14.254+0000] {dag.py:3096} INFO - Sync 1 DAGs
[2025-06-18T13:12:14.303+0000] {logging_mixin.py:188} INFO - [2025-06-18T13:12:14.302+0000] {dag.py:3954} INFO - Setting next_dagrun for enrich_user_profiles to None, run_after=None
[2025-06-18T13:12:14.348+0000] {processor.py:183} INFO - Processing /opt/airflow/dags/enrich_user_profiles_dag.py took 0.257 seconds
[2025-06-18T13:12:45.039+0000] {processor.py:161} INFO - Started process (PID=2602) to work on /opt/airflow/dags/enrich_user_profiles_dag.py
[2025-06-18T13:12:45.043+0000] {processor.py:830} INFO - Processing file /opt/airflow/dags/enrich_user_profiles_dag.py for tasks to queue
[2025-06-18T13:12:45.049+0000] {logging_mixin.py:188} INFO - [2025-06-18T13:12:45.048+0000] {dagbag.py:545} INFO - Filling up the DagBag from /opt/airflow/dags/enrich_user_profiles_dag.py
[2025-06-18T13:12:45.135+0000] {processor.py:840} INFO - DAG(s) 'enrich_user_profiles' retrieved from /opt/airflow/dags/enrich_user_profiles_dag.py
[2025-06-18T13:12:45.230+0000] {logging_mixin.py:188} INFO - [2025-06-18T13:12:45.229+0000] {dag.py:3096} INFO - Sync 1 DAGs
[2025-06-18T13:12:45.260+0000] {logging_mixin.py:188} INFO - [2025-06-18T13:12:45.259+0000] {dag.py:3954} INFO - Setting next_dagrun for enrich_user_profiles to None, run_after=None
[2025-06-18T13:12:45.308+0000] {processor.py:183} INFO - Processing /opt/airflow/dags/enrich_user_profiles_dag.py took 0.316 seconds
[2025-06-18T13:13:16.177+0000] {processor.py:161} INFO - Started process (PID=2617) to work on /opt/airflow/dags/enrich_user_profiles_dag.py
[2025-06-18T13:13:16.180+0000] {processor.py:830} INFO - Processing file /opt/airflow/dags/enrich_user_profiles_dag.py for tasks to queue
[2025-06-18T13:13:16.183+0000] {logging_mixin.py:188} INFO - [2025-06-18T13:13:16.183+0000] {dagbag.py:545} INFO - Filling up the DagBag from /opt/airflow/dags/enrich_user_profiles_dag.py
[2025-06-18T13:13:16.224+0000] {processor.py:840} INFO - DAG(s) 'enrich_user_profiles' retrieved from /opt/airflow/dags/enrich_user_profiles_dag.py
[2025-06-18T13:13:16.302+0000] {logging_mixin.py:188} INFO - [2025-06-18T13:13:16.302+0000] {dag.py:3096} INFO - Sync 1 DAGs
[2025-06-18T13:13:16.340+0000] {logging_mixin.py:188} INFO - [2025-06-18T13:13:16.339+0000] {dag.py:3954} INFO - Setting next_dagrun for enrich_user_profiles to None, run_after=None
[2025-06-18T13:13:16.427+0000] {processor.py:183} INFO - Processing /opt/airflow/dags/enrich_user_profiles_dag.py took 0.263 seconds
[2025-06-18T13:13:47.102+0000] {processor.py:161} INFO - Started process (PID=2632) to work on /opt/airflow/dags/enrich_user_profiles_dag.py
[2025-06-18T13:13:47.123+0000] {processor.py:830} INFO - Processing file /opt/airflow/dags/enrich_user_profiles_dag.py for tasks to queue
[2025-06-18T13:13:47.180+0000] {logging_mixin.py:188} INFO - [2025-06-18T13:13:47.166+0000] {dagbag.py:545} INFO - Filling up the DagBag from /opt/airflow/dags/enrich_user_profiles_dag.py
[2025-06-18T13:13:47.349+0000] {processor.py:840} INFO - DAG(s) 'enrich_user_profiles' retrieved from /opt/airflow/dags/enrich_user_profiles_dag.py
[2025-06-18T13:13:48.819+0000] {logging_mixin.py:188} INFO - [2025-06-18T13:13:48.819+0000] {dag.py:3096} INFO - Sync 1 DAGs
[2025-06-18T13:13:49.164+0000] {logging_mixin.py:188} INFO - [2025-06-18T13:13:49.163+0000] {dag.py:3954} INFO - Setting next_dagrun for enrich_user_profiles to None, run_after=None
[2025-06-18T13:13:49.264+0000] {processor.py:183} INFO - Processing /opt/airflow/dags/enrich_user_profiles_dag.py took 2.313 seconds
[2025-06-18T13:14:19.644+0000] {processor.py:161} INFO - Started process (PID=2647) to work on /opt/airflow/dags/enrich_user_profiles_dag.py
[2025-06-18T13:14:19.648+0000] {processor.py:830} INFO - Processing file /opt/airflow/dags/enrich_user_profiles_dag.py for tasks to queue
[2025-06-18T13:14:19.662+0000] {logging_mixin.py:188} INFO - [2025-06-18T13:14:19.661+0000] {dagbag.py:545} INFO - Filling up the DagBag from /opt/airflow/dags/enrich_user_profiles_dag.py
[2025-06-18T13:14:19.779+0000] {processor.py:840} INFO - DAG(s) 'enrich_user_profiles' retrieved from /opt/airflow/dags/enrich_user_profiles_dag.py
[2025-06-18T13:14:19.945+0000] {logging_mixin.py:188} INFO - [2025-06-18T13:14:19.944+0000] {dag.py:3096} INFO - Sync 1 DAGs
[2025-06-18T13:14:19.988+0000] {logging_mixin.py:188} INFO - [2025-06-18T13:14:19.987+0000] {dag.py:3954} INFO - Setting next_dagrun for enrich_user_profiles to None, run_after=None
[2025-06-18T13:14:20.122+0000] {processor.py:183} INFO - Processing /opt/airflow/dags/enrich_user_profiles_dag.py took 0.526 seconds
[2025-06-18T13:14:50.561+0000] {processor.py:161} INFO - Started process (PID=2662) to work on /opt/airflow/dags/enrich_user_profiles_dag.py
[2025-06-18T13:14:50.564+0000] {processor.py:830} INFO - Processing file /opt/airflow/dags/enrich_user_profiles_dag.py for tasks to queue
[2025-06-18T13:14:50.572+0000] {logging_mixin.py:188} INFO - [2025-06-18T13:14:50.571+0000] {dagbag.py:545} INFO - Filling up the DagBag from /opt/airflow/dags/enrich_user_profiles_dag.py
[2025-06-18T13:14:50.676+0000] {processor.py:840} INFO - DAG(s) 'enrich_user_profiles' retrieved from /opt/airflow/dags/enrich_user_profiles_dag.py
[2025-06-18T13:14:51.337+0000] {logging_mixin.py:188} INFO - [2025-06-18T13:14:51.337+0000] {dag.py:3096} INFO - Sync 1 DAGs
[2025-06-18T13:14:51.405+0000] {logging_mixin.py:188} INFO - [2025-06-18T13:14:51.405+0000] {dag.py:3954} INFO - Setting next_dagrun for enrich_user_profiles to None, run_after=None
[2025-06-18T13:14:51.458+0000] {processor.py:183} INFO - Processing /opt/airflow/dags/enrich_user_profiles_dag.py took 0.921 seconds
[2025-06-18T13:15:22.097+0000] {processor.py:161} INFO - Started process (PID=2677) to work on /opt/airflow/dags/enrich_user_profiles_dag.py
[2025-06-18T13:15:22.101+0000] {processor.py:830} INFO - Processing file /opt/airflow/dags/enrich_user_profiles_dag.py for tasks to queue
[2025-06-18T13:15:22.106+0000] {logging_mixin.py:188} INFO - [2025-06-18T13:15:22.105+0000] {dagbag.py:545} INFO - Filling up the DagBag from /opt/airflow/dags/enrich_user_profiles_dag.py
[2025-06-18T13:15:22.171+0000] {processor.py:840} INFO - DAG(s) 'enrich_user_profiles' retrieved from /opt/airflow/dags/enrich_user_profiles_dag.py
[2025-06-18T13:15:22.313+0000] {logging_mixin.py:188} INFO - [2025-06-18T13:15:22.313+0000] {dag.py:3096} INFO - Sync 1 DAGs
[2025-06-18T13:15:22.361+0000] {logging_mixin.py:188} INFO - [2025-06-18T13:15:22.361+0000] {dag.py:3954} INFO - Setting next_dagrun for enrich_user_profiles to None, run_after=None
[2025-06-18T13:15:22.412+0000] {processor.py:183} INFO - Processing /opt/airflow/dags/enrich_user_profiles_dag.py took 0.339 seconds
[2025-06-18T13:15:53.041+0000] {processor.py:161} INFO - Started process (PID=2692) to work on /opt/airflow/dags/enrich_user_profiles_dag.py
[2025-06-18T13:15:53.044+0000] {processor.py:830} INFO - Processing file /opt/airflow/dags/enrich_user_profiles_dag.py for tasks to queue
[2025-06-18T13:15:53.058+0000] {logging_mixin.py:188} INFO - [2025-06-18T13:15:53.057+0000] {dagbag.py:545} INFO - Filling up the DagBag from /opt/airflow/dags/enrich_user_profiles_dag.py
[2025-06-18T13:15:53.156+0000] {processor.py:840} INFO - DAG(s) 'enrich_user_profiles' retrieved from /opt/airflow/dags/enrich_user_profiles_dag.py
[2025-06-18T13:15:53.491+0000] {logging_mixin.py:188} INFO - [2025-06-18T13:15:53.487+0000] {dag.py:3096} INFO - Sync 1 DAGs
[2025-06-18T13:15:53.846+0000] {logging_mixin.py:188} INFO - [2025-06-18T13:15:53.844+0000] {dag.py:3954} INFO - Setting next_dagrun for enrich_user_profiles to None, run_after=None
[2025-06-18T13:15:54.062+0000] {processor.py:183} INFO - Processing /opt/airflow/dags/enrich_user_profiles_dag.py took 1.041 seconds
[2025-06-18T13:16:24.380+0000] {processor.py:161} INFO - Started process (PID=2707) to work on /opt/airflow/dags/enrich_user_profiles_dag.py
[2025-06-18T13:16:24.383+0000] {processor.py:830} INFO - Processing file /opt/airflow/dags/enrich_user_profiles_dag.py for tasks to queue
[2025-06-18T13:16:24.391+0000] {logging_mixin.py:188} INFO - [2025-06-18T13:16:24.390+0000] {dagbag.py:545} INFO - Filling up the DagBag from /opt/airflow/dags/enrich_user_profiles_dag.py
[2025-06-18T13:16:24.449+0000] {processor.py:840} INFO - DAG(s) 'enrich_user_profiles' retrieved from /opt/airflow/dags/enrich_user_profiles_dag.py
[2025-06-18T13:16:24.523+0000] {logging_mixin.py:188} INFO - [2025-06-18T13:16:24.522+0000] {dag.py:3096} INFO - Sync 1 DAGs
[2025-06-18T13:16:24.561+0000] {logging_mixin.py:188} INFO - [2025-06-18T13:16:24.560+0000] {dag.py:3954} INFO - Setting next_dagrun for enrich_user_profiles to None, run_after=None
[2025-06-18T13:16:24.641+0000] {processor.py:183} INFO - Processing /opt/airflow/dags/enrich_user_profiles_dag.py took 0.280 seconds
[2025-06-18T13:16:55.117+0000] {processor.py:161} INFO - Started process (PID=2722) to work on /opt/airflow/dags/enrich_user_profiles_dag.py
[2025-06-18T13:16:55.119+0000] {processor.py:830} INFO - Processing file /opt/airflow/dags/enrich_user_profiles_dag.py for tasks to queue
[2025-06-18T13:16:55.123+0000] {logging_mixin.py:188} INFO - [2025-06-18T13:16:55.122+0000] {dagbag.py:545} INFO - Filling up the DagBag from /opt/airflow/dags/enrich_user_profiles_dag.py
[2025-06-18T13:16:55.150+0000] {processor.py:840} INFO - DAG(s) 'enrich_user_profiles' retrieved from /opt/airflow/dags/enrich_user_profiles_dag.py
[2025-06-18T13:16:55.190+0000] {logging_mixin.py:188} INFO - [2025-06-18T13:16:55.190+0000] {dag.py:3096} INFO - Sync 1 DAGs
[2025-06-18T13:16:55.207+0000] {logging_mixin.py:188} INFO - [2025-06-18T13:16:55.207+0000] {dag.py:3954} INFO - Setting next_dagrun for enrich_user_profiles to None, run_after=None
[2025-06-18T13:16:55.238+0000] {processor.py:183} INFO - Processing /opt/airflow/dags/enrich_user_profiles_dag.py took 0.131 seconds
[2025-06-18T13:17:26.068+0000] {processor.py:161} INFO - Started process (PID=2737) to work on /opt/airflow/dags/enrich_user_profiles_dag.py
[2025-06-18T13:17:26.071+0000] {processor.py:830} INFO - Processing file /opt/airflow/dags/enrich_user_profiles_dag.py for tasks to queue
[2025-06-18T13:17:26.077+0000] {logging_mixin.py:188} INFO - [2025-06-18T13:17:26.076+0000] {dagbag.py:545} INFO - Filling up the DagBag from /opt/airflow/dags/enrich_user_profiles_dag.py
[2025-06-18T13:17:26.108+0000] {processor.py:840} INFO - DAG(s) 'enrich_user_profiles' retrieved from /opt/airflow/dags/enrich_user_profiles_dag.py
[2025-06-18T13:17:26.147+0000] {logging_mixin.py:188} INFO - [2025-06-18T13:17:26.147+0000] {dag.py:3096} INFO - Sync 1 DAGs
[2025-06-18T13:17:26.164+0000] {logging_mixin.py:188} INFO - [2025-06-18T13:17:26.164+0000] {dag.py:3954} INFO - Setting next_dagrun for enrich_user_profiles to None, run_after=None
[2025-06-18T13:17:26.191+0000] {processor.py:183} INFO - Processing /opt/airflow/dags/enrich_user_profiles_dag.py took 0.141 seconds
[2025-06-18T13:17:57.122+0000] {processor.py:161} INFO - Started process (PID=2752) to work on /opt/airflow/dags/enrich_user_profiles_dag.py
[2025-06-18T13:17:57.124+0000] {processor.py:830} INFO - Processing file /opt/airflow/dags/enrich_user_profiles_dag.py for tasks to queue
[2025-06-18T13:17:57.128+0000] {logging_mixin.py:188} INFO - [2025-06-18T13:17:57.128+0000] {dagbag.py:545} INFO - Filling up the DagBag from /opt/airflow/dags/enrich_user_profiles_dag.py
[2025-06-18T13:17:57.153+0000] {processor.py:840} INFO - DAG(s) 'enrich_user_profiles' retrieved from /opt/airflow/dags/enrich_user_profiles_dag.py
[2025-06-18T13:17:57.190+0000] {logging_mixin.py:188} INFO - [2025-06-18T13:17:57.189+0000] {dag.py:3096} INFO - Sync 1 DAGs
[2025-06-18T13:17:57.207+0000] {logging_mixin.py:188} INFO - [2025-06-18T13:17:57.207+0000] {dag.py:3954} INFO - Setting next_dagrun for enrich_user_profiles to None, run_after=None
[2025-06-18T13:17:57.244+0000] {processor.py:183} INFO - Processing /opt/airflow/dags/enrich_user_profiles_dag.py took 0.132 seconds
[2025-06-18T13:18:28.177+0000] {processor.py:161} INFO - Started process (PID=2767) to work on /opt/airflow/dags/enrich_user_profiles_dag.py
[2025-06-18T13:18:28.179+0000] {processor.py:830} INFO - Processing file /opt/airflow/dags/enrich_user_profiles_dag.py for tasks to queue
[2025-06-18T13:18:28.183+0000] {logging_mixin.py:188} INFO - [2025-06-18T13:18:28.183+0000] {dagbag.py:545} INFO - Filling up the DagBag from /opt/airflow/dags/enrich_user_profiles_dag.py
[2025-06-18T13:18:28.212+0000] {processor.py:840} INFO - DAG(s) 'enrich_user_profiles' retrieved from /opt/airflow/dags/enrich_user_profiles_dag.py
[2025-06-18T13:18:28.251+0000] {logging_mixin.py:188} INFO - [2025-06-18T13:18:28.251+0000] {dag.py:3096} INFO - Sync 1 DAGs
[2025-06-18T13:18:28.273+0000] {logging_mixin.py:188} INFO - [2025-06-18T13:18:28.273+0000] {dag.py:3954} INFO - Setting next_dagrun for enrich_user_profiles to None, run_after=None
[2025-06-18T13:18:28.302+0000] {processor.py:183} INFO - Processing /opt/airflow/dags/enrich_user_profiles_dag.py took 0.135 seconds
[2025-06-18T13:18:58.599+0000] {processor.py:161} INFO - Started process (PID=2782) to work on /opt/airflow/dags/enrich_user_profiles_dag.py
[2025-06-18T13:18:58.601+0000] {processor.py:830} INFO - Processing file /opt/airflow/dags/enrich_user_profiles_dag.py for tasks to queue
[2025-06-18T13:18:58.604+0000] {logging_mixin.py:188} INFO - [2025-06-18T13:18:58.603+0000] {dagbag.py:545} INFO - Filling up the DagBag from /opt/airflow/dags/enrich_user_profiles_dag.py
[2025-06-18T13:18:58.629+0000] {processor.py:840} INFO - DAG(s) 'enrich_user_profiles' retrieved from /opt/airflow/dags/enrich_user_profiles_dag.py
[2025-06-18T13:18:58.667+0000] {logging_mixin.py:188} INFO - [2025-06-18T13:18:58.666+0000] {dag.py:3096} INFO - Sync 1 DAGs
[2025-06-18T13:18:58.687+0000] {logging_mixin.py:188} INFO - [2025-06-18T13:18:58.686+0000] {dag.py:3954} INFO - Setting next_dagrun for enrich_user_profiles to None, run_after=None
[2025-06-18T13:18:58.716+0000] {processor.py:183} INFO - Processing /opt/airflow/dags/enrich_user_profiles_dag.py took 0.131 seconds
[2025-06-18T13:19:29.755+0000] {processor.py:161} INFO - Started process (PID=2797) to work on /opt/airflow/dags/enrich_user_profiles_dag.py
[2025-06-18T13:19:29.761+0000] {processor.py:830} INFO - Processing file /opt/airflow/dags/enrich_user_profiles_dag.py for tasks to queue
[2025-06-18T13:19:29.774+0000] {logging_mixin.py:188} INFO - [2025-06-18T13:19:29.772+0000] {dagbag.py:545} INFO - Filling up the DagBag from /opt/airflow/dags/enrich_user_profiles_dag.py
[2025-06-18T13:19:29.856+0000] {processor.py:840} INFO - DAG(s) 'enrich_user_profiles' retrieved from /opt/airflow/dags/enrich_user_profiles_dag.py
[2025-06-18T13:19:29.941+0000] {logging_mixin.py:188} INFO - [2025-06-18T13:19:29.940+0000] {dag.py:3096} INFO - Sync 1 DAGs
[2025-06-18T13:19:29.974+0000] {logging_mixin.py:188} INFO - [2025-06-18T13:19:29.973+0000] {dag.py:3954} INFO - Setting next_dagrun for enrich_user_profiles to None, run_after=None
[2025-06-18T13:19:30.023+0000] {processor.py:183} INFO - Processing /opt/airflow/dags/enrich_user_profiles_dag.py took 0.311 seconds
[2025-06-18T13:20:00.509+0000] {processor.py:161} INFO - Started process (PID=2812) to work on /opt/airflow/dags/enrich_user_profiles_dag.py
[2025-06-18T13:20:00.512+0000] {processor.py:830} INFO - Processing file /opt/airflow/dags/enrich_user_profiles_dag.py for tasks to queue
[2025-06-18T13:20:00.517+0000] {logging_mixin.py:188} INFO - [2025-06-18T13:20:00.516+0000] {dagbag.py:545} INFO - Filling up the DagBag from /opt/airflow/dags/enrich_user_profiles_dag.py
[2025-06-18T13:20:00.567+0000] {processor.py:840} INFO - DAG(s) 'enrich_user_profiles' retrieved from /opt/airflow/dags/enrich_user_profiles_dag.py
[2025-06-18T13:20:00.632+0000] {logging_mixin.py:188} INFO - [2025-06-18T13:20:00.632+0000] {dag.py:3096} INFO - Sync 1 DAGs
[2025-06-18T13:20:00.654+0000] {logging_mixin.py:188} INFO - [2025-06-18T13:20:00.653+0000] {dag.py:3954} INFO - Setting next_dagrun for enrich_user_profiles to None, run_after=None
[2025-06-18T13:20:00.690+0000] {processor.py:183} INFO - Processing /opt/airflow/dags/enrich_user_profiles_dag.py took 0.196 seconds
[2025-06-18T13:20:31.355+0000] {processor.py:161} INFO - Started process (PID=2827) to work on /opt/airflow/dags/enrich_user_profiles_dag.py
[2025-06-18T13:20:31.358+0000] {processor.py:830} INFO - Processing file /opt/airflow/dags/enrich_user_profiles_dag.py for tasks to queue
[2025-06-18T13:20:31.363+0000] {logging_mixin.py:188} INFO - [2025-06-18T13:20:31.362+0000] {dagbag.py:545} INFO - Filling up the DagBag from /opt/airflow/dags/enrich_user_profiles_dag.py
[2025-06-18T13:20:31.407+0000] {processor.py:840} INFO - DAG(s) 'enrich_user_profiles' retrieved from /opt/airflow/dags/enrich_user_profiles_dag.py
[2025-06-18T13:20:31.479+0000] {logging_mixin.py:188} INFO - [2025-06-18T13:20:31.478+0000] {dag.py:3096} INFO - Sync 1 DAGs
[2025-06-18T13:20:31.514+0000] {logging_mixin.py:188} INFO - [2025-06-18T13:20:31.514+0000] {dag.py:3954} INFO - Setting next_dagrun for enrich_user_profiles to None, run_after=None
[2025-06-18T13:20:31.561+0000] {processor.py:183} INFO - Processing /opt/airflow/dags/enrich_user_profiles_dag.py took 0.224 seconds
[2025-06-18T13:21:02.133+0000] {processor.py:161} INFO - Started process (PID=2842) to work on /opt/airflow/dags/enrich_user_profiles_dag.py
[2025-06-18T13:21:02.135+0000] {processor.py:830} INFO - Processing file /opt/airflow/dags/enrich_user_profiles_dag.py for tasks to queue
[2025-06-18T13:21:02.138+0000] {logging_mixin.py:188} INFO - [2025-06-18T13:21:02.137+0000] {dagbag.py:545} INFO - Filling up the DagBag from /opt/airflow/dags/enrich_user_profiles_dag.py
[2025-06-18T13:21:02.163+0000] {processor.py:840} INFO - DAG(s) 'enrich_user_profiles' retrieved from /opt/airflow/dags/enrich_user_profiles_dag.py
[2025-06-18T13:21:02.204+0000] {logging_mixin.py:188} INFO - [2025-06-18T13:21:02.203+0000] {dag.py:3096} INFO - Sync 1 DAGs
[2025-06-18T13:21:02.224+0000] {logging_mixin.py:188} INFO - [2025-06-18T13:21:02.224+0000] {dag.py:3954} INFO - Setting next_dagrun for enrich_user_profiles to None, run_after=None
[2025-06-18T13:21:02.258+0000] {processor.py:183} INFO - Processing /opt/airflow/dags/enrich_user_profiles_dag.py took 0.136 seconds
[2025-06-18T13:21:33.021+0000] {processor.py:161} INFO - Started process (PID=2857) to work on /opt/airflow/dags/enrich_user_profiles_dag.py
[2025-06-18T13:21:33.025+0000] {processor.py:830} INFO - Processing file /opt/airflow/dags/enrich_user_profiles_dag.py for tasks to queue
[2025-06-18T13:21:33.031+0000] {logging_mixin.py:188} INFO - [2025-06-18T13:21:33.030+0000] {dagbag.py:545} INFO - Filling up the DagBag from /opt/airflow/dags/enrich_user_profiles_dag.py
[2025-06-18T13:21:33.086+0000] {processor.py:840} INFO - DAG(s) 'enrich_user_profiles' retrieved from /opt/airflow/dags/enrich_user_profiles_dag.py
[2025-06-18T13:21:33.157+0000] {logging_mixin.py:188} INFO - [2025-06-18T13:21:33.156+0000] {dag.py:3096} INFO - Sync 1 DAGs
[2025-06-18T13:21:33.189+0000] {logging_mixin.py:188} INFO - [2025-06-18T13:21:33.189+0000] {dag.py:3954} INFO - Setting next_dagrun for enrich_user_profiles to None, run_after=None
[2025-06-18T13:21:33.240+0000] {processor.py:183} INFO - Processing /opt/airflow/dags/enrich_user_profiles_dag.py took 0.237 seconds
[2025-06-18T13:22:03.804+0000] {processor.py:161} INFO - Started process (PID=2872) to work on /opt/airflow/dags/enrich_user_profiles_dag.py
[2025-06-18T13:22:03.806+0000] {processor.py:830} INFO - Processing file /opt/airflow/dags/enrich_user_profiles_dag.py for tasks to queue
[2025-06-18T13:22:03.813+0000] {logging_mixin.py:188} INFO - [2025-06-18T13:22:03.812+0000] {dagbag.py:545} INFO - Filling up the DagBag from /opt/airflow/dags/enrich_user_profiles_dag.py
[2025-06-18T13:22:03.883+0000] {processor.py:840} INFO - DAG(s) 'enrich_user_profiles' retrieved from /opt/airflow/dags/enrich_user_profiles_dag.py
[2025-06-18T13:22:03.957+0000] {logging_mixin.py:188} INFO - [2025-06-18T13:22:03.957+0000] {dag.py:3096} INFO - Sync 1 DAGs
[2025-06-18T13:22:03.992+0000] {logging_mixin.py:188} INFO - [2025-06-18T13:22:03.992+0000] {dag.py:3954} INFO - Setting next_dagrun for enrich_user_profiles to None, run_after=None
[2025-06-18T13:22:04.040+0000] {processor.py:183} INFO - Processing /opt/airflow/dags/enrich_user_profiles_dag.py took 0.245 seconds
[2025-06-18T13:22:35.146+0000] {processor.py:161} INFO - Started process (PID=2887) to work on /opt/airflow/dags/enrich_user_profiles_dag.py
[2025-06-18T13:22:35.148+0000] {processor.py:830} INFO - Processing file /opt/airflow/dags/enrich_user_profiles_dag.py for tasks to queue
[2025-06-18T13:22:35.152+0000] {logging_mixin.py:188} INFO - [2025-06-18T13:22:35.151+0000] {dagbag.py:545} INFO - Filling up the DagBag from /opt/airflow/dags/enrich_user_profiles_dag.py
[2025-06-18T13:22:35.179+0000] {processor.py:840} INFO - DAG(s) 'enrich_user_profiles' retrieved from /opt/airflow/dags/enrich_user_profiles_dag.py
[2025-06-18T13:22:35.217+0000] {logging_mixin.py:188} INFO - [2025-06-18T13:22:35.217+0000] {dag.py:3096} INFO - Sync 1 DAGs
[2025-06-18T13:22:35.238+0000] {logging_mixin.py:188} INFO - [2025-06-18T13:22:35.238+0000] {dag.py:3954} INFO - Setting next_dagrun for enrich_user_profiles to None, run_after=None
[2025-06-18T13:22:35.270+0000] {processor.py:183} INFO - Processing /opt/airflow/dags/enrich_user_profiles_dag.py took 0.134 seconds
[2025-06-18T13:23:06.291+0000] {processor.py:161} INFO - Started process (PID=2902) to work on /opt/airflow/dags/enrich_user_profiles_dag.py
[2025-06-18T13:23:06.293+0000] {processor.py:830} INFO - Processing file /opt/airflow/dags/enrich_user_profiles_dag.py for tasks to queue
[2025-06-18T13:23:06.299+0000] {logging_mixin.py:188} INFO - [2025-06-18T13:23:06.298+0000] {dagbag.py:545} INFO - Filling up the DagBag from /opt/airflow/dags/enrich_user_profiles_dag.py
[2025-06-18T13:23:06.351+0000] {processor.py:840} INFO - DAG(s) 'enrich_user_profiles' retrieved from /opt/airflow/dags/enrich_user_profiles_dag.py
[2025-06-18T13:23:06.422+0000] {logging_mixin.py:188} INFO - [2025-06-18T13:23:06.422+0000] {dag.py:3096} INFO - Sync 1 DAGs
[2025-06-18T13:23:06.455+0000] {logging_mixin.py:188} INFO - [2025-06-18T13:23:06.454+0000] {dag.py:3954} INFO - Setting next_dagrun for enrich_user_profiles to None, run_after=None
[2025-06-18T13:23:06.503+0000] {processor.py:183} INFO - Processing /opt/airflow/dags/enrich_user_profiles_dag.py took 0.229 seconds
[2025-06-18T13:23:36.665+0000] {processor.py:161} INFO - Started process (PID=2917) to work on /opt/airflow/dags/enrich_user_profiles_dag.py
[2025-06-18T13:23:36.667+0000] {processor.py:830} INFO - Processing file /opt/airflow/dags/enrich_user_profiles_dag.py for tasks to queue
[2025-06-18T13:23:36.671+0000] {logging_mixin.py:188} INFO - [2025-06-18T13:23:36.670+0000] {dagbag.py:545} INFO - Filling up the DagBag from /opt/airflow/dags/enrich_user_profiles_dag.py
[2025-06-18T13:23:36.710+0000] {processor.py:840} INFO - DAG(s) 'enrich_user_profiles' retrieved from /opt/airflow/dags/enrich_user_profiles_dag.py
[2025-06-18T13:23:36.758+0000] {logging_mixin.py:188} INFO - [2025-06-18T13:23:36.758+0000] {dag.py:3096} INFO - Sync 1 DAGs
[2025-06-18T13:23:36.780+0000] {logging_mixin.py:188} INFO - [2025-06-18T13:23:36.779+0000] {dag.py:3954} INFO - Setting next_dagrun for enrich_user_profiles to None, run_after=None
[2025-06-18T13:23:36.829+0000] {processor.py:183} INFO - Processing /opt/airflow/dags/enrich_user_profiles_dag.py took 0.181 seconds
[2025-06-18T13:24:07.034+0000] {processor.py:161} INFO - Started process (PID=2932) to work on /opt/airflow/dags/enrich_user_profiles_dag.py
[2025-06-18T13:24:07.037+0000] {processor.py:830} INFO - Processing file /opt/airflow/dags/enrich_user_profiles_dag.py for tasks to queue
[2025-06-18T13:24:07.044+0000] {logging_mixin.py:188} INFO - [2025-06-18T13:24:07.043+0000] {dagbag.py:545} INFO - Filling up the DagBag from /opt/airflow/dags/enrich_user_profiles_dag.py
[2025-06-18T13:24:07.095+0000] {processor.py:840} INFO - DAG(s) 'enrich_user_profiles' retrieved from /opt/airflow/dags/enrich_user_profiles_dag.py
[2025-06-18T13:24:07.527+0000] {logging_mixin.py:188} INFO - [2025-06-18T13:24:07.521+0000] {dag.py:3096} INFO - Sync 1 DAGs
[2025-06-18T13:24:07.832+0000] {logging_mixin.py:188} INFO - [2025-06-18T13:24:07.830+0000] {dag.py:3954} INFO - Setting next_dagrun for enrich_user_profiles to None, run_after=None
[2025-06-18T13:24:07.956+0000] {processor.py:183} INFO - Processing /opt/airflow/dags/enrich_user_profiles_dag.py took 0.941 seconds
[2025-06-18T13:24:38.792+0000] {processor.py:161} INFO - Started process (PID=2947) to work on /opt/airflow/dags/enrich_user_profiles_dag.py
[2025-06-18T13:24:38.795+0000] {processor.py:830} INFO - Processing file /opt/airflow/dags/enrich_user_profiles_dag.py for tasks to queue
[2025-06-18T13:24:38.799+0000] {logging_mixin.py:188} INFO - [2025-06-18T13:24:38.798+0000] {dagbag.py:545} INFO - Filling up the DagBag from /opt/airflow/dags/enrich_user_profiles_dag.py
[2025-06-18T13:24:38.830+0000] {processor.py:840} INFO - DAG(s) 'enrich_user_profiles' retrieved from /opt/airflow/dags/enrich_user_profiles_dag.py
[2025-06-18T13:24:38.872+0000] {logging_mixin.py:188} INFO - [2025-06-18T13:24:38.872+0000] {dag.py:3096} INFO - Sync 1 DAGs
[2025-06-18T13:24:38.892+0000] {logging_mixin.py:188} INFO - [2025-06-18T13:24:38.892+0000] {dag.py:3954} INFO - Setting next_dagrun for enrich_user_profiles to None, run_after=None
[2025-06-18T13:24:38.928+0000] {processor.py:183} INFO - Processing /opt/airflow/dags/enrich_user_profiles_dag.py took 0.147 seconds
[2025-06-18T13:25:09.539+0000] {processor.py:161} INFO - Started process (PID=2962) to work on /opt/airflow/dags/enrich_user_profiles_dag.py
[2025-06-18T13:25:09.541+0000] {processor.py:830} INFO - Processing file /opt/airflow/dags/enrich_user_profiles_dag.py for tasks to queue
[2025-06-18T13:25:09.547+0000] {logging_mixin.py:188} INFO - [2025-06-18T13:25:09.546+0000] {dagbag.py:545} INFO - Filling up the DagBag from /opt/airflow/dags/enrich_user_profiles_dag.py
[2025-06-18T13:25:09.573+0000] {processor.py:840} INFO - DAG(s) 'enrich_user_profiles' retrieved from /opt/airflow/dags/enrich_user_profiles_dag.py
[2025-06-18T13:25:09.613+0000] {logging_mixin.py:188} INFO - [2025-06-18T13:25:09.613+0000] {dag.py:3096} INFO - Sync 1 DAGs
[2025-06-18T13:25:09.634+0000] {logging_mixin.py:188} INFO - [2025-06-18T13:25:09.634+0000] {dag.py:3954} INFO - Setting next_dagrun for enrich_user_profiles to None, run_after=None
[2025-06-18T13:25:09.665+0000] {processor.py:183} INFO - Processing /opt/airflow/dags/enrich_user_profiles_dag.py took 0.136 seconds
[2025-06-18T13:25:40.116+0000] {processor.py:161} INFO - Started process (PID=2977) to work on /opt/airflow/dags/enrich_user_profiles_dag.py
[2025-06-18T13:25:40.121+0000] {processor.py:830} INFO - Processing file /opt/airflow/dags/enrich_user_profiles_dag.py for tasks to queue
[2025-06-18T13:25:40.133+0000] {logging_mixin.py:188} INFO - [2025-06-18T13:25:40.132+0000] {dagbag.py:545} INFO - Filling up the DagBag from /opt/airflow/dags/enrich_user_profiles_dag.py
[2025-06-18T13:25:40.187+0000] {processor.py:840} INFO - DAG(s) 'enrich_user_profiles' retrieved from /opt/airflow/dags/enrich_user_profiles_dag.py
[2025-06-18T13:25:40.256+0000] {logging_mixin.py:188} INFO - [2025-06-18T13:25:40.256+0000] {dag.py:3096} INFO - Sync 1 DAGs
[2025-06-18T13:25:40.282+0000] {logging_mixin.py:188} INFO - [2025-06-18T13:25:40.281+0000] {dag.py:3954} INFO - Setting next_dagrun for enrich_user_profiles to None, run_after=None
[2025-06-18T13:25:40.331+0000] {processor.py:183} INFO - Processing /opt/airflow/dags/enrich_user_profiles_dag.py took 0.260 seconds
[2025-06-18T13:26:11.285+0000] {processor.py:161} INFO - Started process (PID=2992) to work on /opt/airflow/dags/enrich_user_profiles_dag.py
[2025-06-18T13:26:11.286+0000] {processor.py:830} INFO - Processing file /opt/airflow/dags/enrich_user_profiles_dag.py for tasks to queue
[2025-06-18T13:26:11.289+0000] {logging_mixin.py:188} INFO - [2025-06-18T13:26:11.289+0000] {dagbag.py:545} INFO - Filling up the DagBag from /opt/airflow/dags/enrich_user_profiles_dag.py
[2025-06-18T13:26:11.317+0000] {processor.py:840} INFO - DAG(s) 'enrich_user_profiles' retrieved from /opt/airflow/dags/enrich_user_profiles_dag.py
[2025-06-18T13:26:11.351+0000] {logging_mixin.py:188} INFO - [2025-06-18T13:26:11.351+0000] {dag.py:3096} INFO - Sync 1 DAGs
[2025-06-18T13:26:11.369+0000] {logging_mixin.py:188} INFO - [2025-06-18T13:26:11.369+0000] {dag.py:3954} INFO - Setting next_dagrun for enrich_user_profiles to None, run_after=None
[2025-06-18T13:26:11.402+0000] {processor.py:183} INFO - Processing /opt/airflow/dags/enrich_user_profiles_dag.py took 0.126 seconds
[2025-06-18T13:26:41.978+0000] {processor.py:161} INFO - Started process (PID=3007) to work on /opt/airflow/dags/enrich_user_profiles_dag.py
[2025-06-18T13:26:41.980+0000] {processor.py:830} INFO - Processing file /opt/airflow/dags/enrich_user_profiles_dag.py for tasks to queue
[2025-06-18T13:26:41.984+0000] {logging_mixin.py:188} INFO - [2025-06-18T13:26:41.984+0000] {dagbag.py:545} INFO - Filling up the DagBag from /opt/airflow/dags/enrich_user_profiles_dag.py
[2025-06-18T13:26:42.037+0000] {processor.py:840} INFO - DAG(s) 'enrich_user_profiles' retrieved from /opt/airflow/dags/enrich_user_profiles_dag.py
[2025-06-18T13:26:42.113+0000] {logging_mixin.py:188} INFO - [2025-06-18T13:26:42.112+0000] {dag.py:3096} INFO - Sync 1 DAGs
[2025-06-18T13:26:42.166+0000] {logging_mixin.py:188} INFO - [2025-06-18T13:26:42.165+0000] {dag.py:3954} INFO - Setting next_dagrun for enrich_user_profiles to None, run_after=None
[2025-06-18T13:26:42.684+0000] {processor.py:183} INFO - Processing /opt/airflow/dags/enrich_user_profiles_dag.py took 0.720 seconds
[2025-06-18T13:27:13.850+0000] {processor.py:161} INFO - Started process (PID=3022) to work on /opt/airflow/dags/enrich_user_profiles_dag.py
[2025-06-18T13:27:13.853+0000] {processor.py:830} INFO - Processing file /opt/airflow/dags/enrich_user_profiles_dag.py for tasks to queue
[2025-06-18T13:27:13.859+0000] {logging_mixin.py:188} INFO - [2025-06-18T13:27:13.858+0000] {dagbag.py:545} INFO - Filling up the DagBag from /opt/airflow/dags/enrich_user_profiles_dag.py
[2025-06-18T13:27:13.914+0000] {processor.py:840} INFO - DAG(s) 'enrich_user_profiles' retrieved from /opt/airflow/dags/enrich_user_profiles_dag.py
[2025-06-18T13:27:13.992+0000] {logging_mixin.py:188} INFO - [2025-06-18T13:27:13.991+0000] {dag.py:3096} INFO - Sync 1 DAGs
[2025-06-18T13:27:14.031+0000] {logging_mixin.py:188} INFO - [2025-06-18T13:27:14.030+0000] {dag.py:3954} INFO - Setting next_dagrun for enrich_user_profiles to None, run_after=None
[2025-06-18T13:27:14.085+0000] {processor.py:183} INFO - Processing /opt/airflow/dags/enrich_user_profiles_dag.py took 0.259 seconds
[2025-06-18T13:27:44.917+0000] {processor.py:161} INFO - Started process (PID=3037) to work on /opt/airflow/dags/enrich_user_profiles_dag.py
[2025-06-18T13:27:44.919+0000] {processor.py:830} INFO - Processing file /opt/airflow/dags/enrich_user_profiles_dag.py for tasks to queue
[2025-06-18T13:27:44.922+0000] {logging_mixin.py:188} INFO - [2025-06-18T13:27:44.922+0000] {dagbag.py:545} INFO - Filling up the DagBag from /opt/airflow/dags/enrich_user_profiles_dag.py
[2025-06-18T13:27:44.950+0000] {processor.py:840} INFO - DAG(s) 'enrich_user_profiles' retrieved from /opt/airflow/dags/enrich_user_profiles_dag.py
[2025-06-18T13:27:44.990+0000] {logging_mixin.py:188} INFO - [2025-06-18T13:27:44.990+0000] {dag.py:3096} INFO - Sync 1 DAGs
[2025-06-18T13:27:45.008+0000] {logging_mixin.py:188} INFO - [2025-06-18T13:27:45.007+0000] {dag.py:3954} INFO - Setting next_dagrun for enrich_user_profiles to None, run_after=None
[2025-06-18T13:27:45.038+0000] {processor.py:183} INFO - Processing /opt/airflow/dags/enrich_user_profiles_dag.py took 0.130 seconds
[2025-06-18T13:28:15.947+0000] {processor.py:161} INFO - Started process (PID=3052) to work on /opt/airflow/dags/enrich_user_profiles_dag.py
[2025-06-18T13:28:15.949+0000] {processor.py:830} INFO - Processing file /opt/airflow/dags/enrich_user_profiles_dag.py for tasks to queue
[2025-06-18T13:28:15.952+0000] {logging_mixin.py:188} INFO - [2025-06-18T13:28:15.951+0000] {dagbag.py:545} INFO - Filling up the DagBag from /opt/airflow/dags/enrich_user_profiles_dag.py
[2025-06-18T13:28:15.986+0000] {processor.py:840} INFO - DAG(s) 'enrich_user_profiles' retrieved from /opt/airflow/dags/enrich_user_profiles_dag.py
[2025-06-18T13:28:16.024+0000] {logging_mixin.py:188} INFO - [2025-06-18T13:28:16.023+0000] {dag.py:3096} INFO - Sync 1 DAGs
[2025-06-18T13:28:16.044+0000] {logging_mixin.py:188} INFO - [2025-06-18T13:28:16.043+0000] {dag.py:3954} INFO - Setting next_dagrun for enrich_user_profiles to None, run_after=None
[2025-06-18T13:28:16.071+0000] {processor.py:183} INFO - Processing /opt/airflow/dags/enrich_user_profiles_dag.py took 0.134 seconds
[2025-06-18T13:28:46.221+0000] {processor.py:161} INFO - Started process (PID=3067) to work on /opt/airflow/dags/enrich_user_profiles_dag.py
[2025-06-18T13:28:46.223+0000] {processor.py:830} INFO - Processing file /opt/airflow/dags/enrich_user_profiles_dag.py for tasks to queue
[2025-06-18T13:28:46.227+0000] {logging_mixin.py:188} INFO - [2025-06-18T13:28:46.226+0000] {dagbag.py:545} INFO - Filling up the DagBag from /opt/airflow/dags/enrich_user_profiles_dag.py
[2025-06-18T13:28:46.253+0000] {processor.py:840} INFO - DAG(s) 'enrich_user_profiles' retrieved from /opt/airflow/dags/enrich_user_profiles_dag.py
[2025-06-18T13:28:46.289+0000] {logging_mixin.py:188} INFO - [2025-06-18T13:28:46.289+0000] {dag.py:3096} INFO - Sync 1 DAGs
[2025-06-18T13:28:46.307+0000] {logging_mixin.py:188} INFO - [2025-06-18T13:28:46.307+0000] {dag.py:3954} INFO - Setting next_dagrun for enrich_user_profiles to None, run_after=None
[2025-06-18T13:28:46.335+0000] {processor.py:183} INFO - Processing /opt/airflow/dags/enrich_user_profiles_dag.py took 0.124 seconds
[2025-06-18T13:29:16.722+0000] {processor.py:161} INFO - Started process (PID=3082) to work on /opt/airflow/dags/enrich_user_profiles_dag.py
[2025-06-18T13:29:16.726+0000] {processor.py:830} INFO - Processing file /opt/airflow/dags/enrich_user_profiles_dag.py for tasks to queue
[2025-06-18T13:29:16.732+0000] {logging_mixin.py:188} INFO - [2025-06-18T13:29:16.731+0000] {dagbag.py:545} INFO - Filling up the DagBag from /opt/airflow/dags/enrich_user_profiles_dag.py
[2025-06-18T13:29:16.774+0000] {processor.py:840} INFO - DAG(s) 'enrich_user_profiles' retrieved from /opt/airflow/dags/enrich_user_profiles_dag.py
[2025-06-18T13:29:16.834+0000] {logging_mixin.py:188} INFO - [2025-06-18T13:29:16.833+0000] {dag.py:3096} INFO - Sync 1 DAGs
[2025-06-18T13:29:16.854+0000] {logging_mixin.py:188} INFO - [2025-06-18T13:29:16.854+0000] {dag.py:3954} INFO - Setting next_dagrun for enrich_user_profiles to None, run_after=None
[2025-06-18T13:29:16.887+0000] {processor.py:183} INFO - Processing /opt/airflow/dags/enrich_user_profiles_dag.py took 0.182 seconds
[2025-06-18T13:29:47.721+0000] {processor.py:161} INFO - Started process (PID=3097) to work on /opt/airflow/dags/enrich_user_profiles_dag.py
[2025-06-18T13:29:47.723+0000] {processor.py:830} INFO - Processing file /opt/airflow/dags/enrich_user_profiles_dag.py for tasks to queue
[2025-06-18T13:29:47.727+0000] {logging_mixin.py:188} INFO - [2025-06-18T13:29:47.726+0000] {dagbag.py:545} INFO - Filling up the DagBag from /opt/airflow/dags/enrich_user_profiles_dag.py
[2025-06-18T13:29:47.788+0000] {processor.py:840} INFO - DAG(s) 'enrich_user_profiles' retrieved from /opt/airflow/dags/enrich_user_profiles_dag.py
[2025-06-18T13:29:47.851+0000] {logging_mixin.py:188} INFO - [2025-06-18T13:29:47.850+0000] {dag.py:3096} INFO - Sync 1 DAGs
[2025-06-18T13:29:47.879+0000] {logging_mixin.py:188} INFO - [2025-06-18T13:29:47.878+0000] {dag.py:3954} INFO - Setting next_dagrun for enrich_user_profiles to None, run_after=None
[2025-06-18T13:29:47.943+0000] {processor.py:183} INFO - Processing /opt/airflow/dags/enrich_user_profiles_dag.py took 0.245 seconds
[2025-06-18T13:30:18.072+0000] {processor.py:161} INFO - Started process (PID=3112) to work on /opt/airflow/dags/enrich_user_profiles_dag.py
[2025-06-18T13:30:18.074+0000] {processor.py:830} INFO - Processing file /opt/airflow/dags/enrich_user_profiles_dag.py for tasks to queue
[2025-06-18T13:30:18.079+0000] {logging_mixin.py:188} INFO - [2025-06-18T13:30:18.078+0000] {dagbag.py:545} INFO - Filling up the DagBag from /opt/airflow/dags/enrich_user_profiles_dag.py
[2025-06-18T13:30:18.122+0000] {processor.py:840} INFO - DAG(s) 'enrich_user_profiles' retrieved from /opt/airflow/dags/enrich_user_profiles_dag.py
[2025-06-18T13:30:18.172+0000] {logging_mixin.py:188} INFO - [2025-06-18T13:30:18.172+0000] {dag.py:3096} INFO - Sync 1 DAGs
[2025-06-18T13:30:18.192+0000] {logging_mixin.py:188} INFO - [2025-06-18T13:30:18.192+0000] {dag.py:3954} INFO - Setting next_dagrun for enrich_user_profiles to None, run_after=None
[2025-06-18T13:30:18.231+0000] {processor.py:183} INFO - Processing /opt/airflow/dags/enrich_user_profiles_dag.py took 0.173 seconds
[2025-06-18T13:30:48.978+0000] {processor.py:161} INFO - Started process (PID=3127) to work on /opt/airflow/dags/enrich_user_profiles_dag.py
[2025-06-18T13:30:48.980+0000] {processor.py:830} INFO - Processing file /opt/airflow/dags/enrich_user_profiles_dag.py for tasks to queue
[2025-06-18T13:30:48.983+0000] {logging_mixin.py:188} INFO - [2025-06-18T13:30:48.983+0000] {dagbag.py:545} INFO - Filling up the DagBag from /opt/airflow/dags/enrich_user_profiles_dag.py
[2025-06-18T13:30:49.021+0000] {processor.py:840} INFO - DAG(s) 'enrich_user_profiles' retrieved from /opt/airflow/dags/enrich_user_profiles_dag.py
[2025-06-18T13:30:49.092+0000] {logging_mixin.py:188} INFO - [2025-06-18T13:30:49.091+0000] {dag.py:3096} INFO - Sync 1 DAGs
[2025-06-18T13:30:49.126+0000] {logging_mixin.py:188} INFO - [2025-06-18T13:30:49.125+0000] {dag.py:3954} INFO - Setting next_dagrun for enrich_user_profiles to None, run_after=None
[2025-06-18T13:30:49.181+0000] {processor.py:183} INFO - Processing /opt/airflow/dags/enrich_user_profiles_dag.py took 0.214 seconds
[2025-06-18T13:31:19.599+0000] {processor.py:161} INFO - Started process (PID=3142) to work on /opt/airflow/dags/enrich_user_profiles_dag.py
[2025-06-18T13:31:19.613+0000] {processor.py:830} INFO - Processing file /opt/airflow/dags/enrich_user_profiles_dag.py for tasks to queue
[2025-06-18T13:31:19.629+0000] {logging_mixin.py:188} INFO - [2025-06-18T13:31:19.626+0000] {dagbag.py:545} INFO - Filling up the DagBag from /opt/airflow/dags/enrich_user_profiles_dag.py
[2025-06-18T13:31:19.741+0000] {processor.py:840} INFO - DAG(s) 'enrich_user_profiles' retrieved from /opt/airflow/dags/enrich_user_profiles_dag.py
[2025-06-18T13:31:19.902+0000] {logging_mixin.py:188} INFO - [2025-06-18T13:31:19.902+0000] {dag.py:3096} INFO - Sync 1 DAGs
[2025-06-18T13:31:19.974+0000] {logging_mixin.py:188} INFO - [2025-06-18T13:31:19.972+0000] {dag.py:3954} INFO - Setting next_dagrun for enrich_user_profiles to None, run_after=None
[2025-06-18T13:31:20.036+0000] {processor.py:183} INFO - Processing /opt/airflow/dags/enrich_user_profiles_dag.py took 0.494 seconds
[2025-06-18T13:31:51.011+0000] {processor.py:161} INFO - Started process (PID=3157) to work on /opt/airflow/dags/enrich_user_profiles_dag.py
[2025-06-18T13:31:51.014+0000] {processor.py:830} INFO - Processing file /opt/airflow/dags/enrich_user_profiles_dag.py for tasks to queue
[2025-06-18T13:31:51.019+0000] {logging_mixin.py:188} INFO - [2025-06-18T13:31:51.019+0000] {dagbag.py:545} INFO - Filling up the DagBag from /opt/airflow/dags/enrich_user_profiles_dag.py
[2025-06-18T13:31:51.067+0000] {processor.py:840} INFO - DAG(s) 'enrich_user_profiles' retrieved from /opt/airflow/dags/enrich_user_profiles_dag.py
[2025-06-18T13:31:51.132+0000] {logging_mixin.py:188} INFO - [2025-06-18T13:31:51.132+0000] {dag.py:3096} INFO - Sync 1 DAGs
[2025-06-18T13:31:51.152+0000] {logging_mixin.py:188} INFO - [2025-06-18T13:31:51.152+0000] {dag.py:3954} INFO - Setting next_dagrun for enrich_user_profiles to None, run_after=None
[2025-06-18T13:31:51.191+0000] {processor.py:183} INFO - Processing /opt/airflow/dags/enrich_user_profiles_dag.py took 0.196 seconds
[2025-06-18T13:32:21.809+0000] {processor.py:161} INFO - Started process (PID=3172) to work on /opt/airflow/dags/enrich_user_profiles_dag.py
[2025-06-18T13:32:21.812+0000] {processor.py:830} INFO - Processing file /opt/airflow/dags/enrich_user_profiles_dag.py for tasks to queue
[2025-06-18T13:32:21.820+0000] {logging_mixin.py:188} INFO - [2025-06-18T13:32:21.819+0000] {dagbag.py:545} INFO - Filling up the DagBag from /opt/airflow/dags/enrich_user_profiles_dag.py
[2025-06-18T13:32:21.867+0000] {processor.py:840} INFO - DAG(s) 'enrich_user_profiles' retrieved from /opt/airflow/dags/enrich_user_profiles_dag.py
[2025-06-18T13:32:21.919+0000] {logging_mixin.py:188} INFO - [2025-06-18T13:32:21.919+0000] {dag.py:3096} INFO - Sync 1 DAGs
[2025-06-18T13:32:21.938+0000] {logging_mixin.py:188} INFO - [2025-06-18T13:32:21.938+0000] {dag.py:3954} INFO - Setting next_dagrun for enrich_user_profiles to None, run_after=None
[2025-06-18T13:32:21.976+0000] {processor.py:183} INFO - Processing /opt/airflow/dags/enrich_user_profiles_dag.py took 0.186 seconds
[2025-06-18T13:32:52.586+0000] {processor.py:161} INFO - Started process (PID=3187) to work on /opt/airflow/dags/enrich_user_profiles_dag.py
[2025-06-18T13:32:52.587+0000] {processor.py:830} INFO - Processing file /opt/airflow/dags/enrich_user_profiles_dag.py for tasks to queue
[2025-06-18T13:32:52.591+0000] {logging_mixin.py:188} INFO - [2025-06-18T13:32:52.591+0000] {dagbag.py:545} INFO - Filling up the DagBag from /opt/airflow/dags/enrich_user_profiles_dag.py
[2025-06-18T13:32:52.620+0000] {processor.py:840} INFO - DAG(s) 'enrich_user_profiles' retrieved from /opt/airflow/dags/enrich_user_profiles_dag.py
[2025-06-18T13:32:52.666+0000] {logging_mixin.py:188} INFO - [2025-06-18T13:32:52.666+0000] {dag.py:3096} INFO - Sync 1 DAGs
[2025-06-18T13:32:52.686+0000] {logging_mixin.py:188} INFO - [2025-06-18T13:32:52.686+0000] {dag.py:3954} INFO - Setting next_dagrun for enrich_user_profiles to None, run_after=None
[2025-06-18T13:32:52.719+0000] {processor.py:183} INFO - Processing /opt/airflow/dags/enrich_user_profiles_dag.py took 0.144 seconds
[2025-06-18T13:33:23.023+0000] {processor.py:161} INFO - Started process (PID=3202) to work on /opt/airflow/dags/enrich_user_profiles_dag.py
[2025-06-18T13:33:23.025+0000] {processor.py:830} INFO - Processing file /opt/airflow/dags/enrich_user_profiles_dag.py for tasks to queue
[2025-06-18T13:33:23.029+0000] {logging_mixin.py:188} INFO - [2025-06-18T13:33:23.028+0000] {dagbag.py:545} INFO - Filling up the DagBag from /opt/airflow/dags/enrich_user_profiles_dag.py
[2025-06-18T13:33:23.055+0000] {processor.py:840} INFO - DAG(s) 'enrich_user_profiles' retrieved from /opt/airflow/dags/enrich_user_profiles_dag.py
[2025-06-18T13:33:23.103+0000] {logging_mixin.py:188} INFO - [2025-06-18T13:33:23.103+0000] {dag.py:3096} INFO - Sync 1 DAGs
[2025-06-18T13:33:23.123+0000] {logging_mixin.py:188} INFO - [2025-06-18T13:33:23.123+0000] {dag.py:3954} INFO - Setting next_dagrun for enrich_user_profiles to None, run_after=None
[2025-06-18T13:33:23.158+0000] {processor.py:183} INFO - Processing /opt/airflow/dags/enrich_user_profiles_dag.py took 0.144 seconds
[2025-06-18T13:33:53.985+0000] {processor.py:161} INFO - Started process (PID=3217) to work on /opt/airflow/dags/enrich_user_profiles_dag.py
[2025-06-18T13:33:53.987+0000] {processor.py:830} INFO - Processing file /opt/airflow/dags/enrich_user_profiles_dag.py for tasks to queue
[2025-06-18T13:33:53.990+0000] {logging_mixin.py:188} INFO - [2025-06-18T13:33:53.989+0000] {dagbag.py:545} INFO - Filling up the DagBag from /opt/airflow/dags/enrich_user_profiles_dag.py
[2025-06-18T13:33:54.018+0000] {processor.py:840} INFO - DAG(s) 'enrich_user_profiles' retrieved from /opt/airflow/dags/enrich_user_profiles_dag.py
[2025-06-18T13:33:54.058+0000] {logging_mixin.py:188} INFO - [2025-06-18T13:33:54.058+0000] {dag.py:3096} INFO - Sync 1 DAGs
[2025-06-18T13:33:54.078+0000] {logging_mixin.py:188} INFO - [2025-06-18T13:33:54.078+0000] {dag.py:3954} INFO - Setting next_dagrun for enrich_user_profiles to None, run_after=None
[2025-06-18T13:33:54.117+0000] {processor.py:183} INFO - Processing /opt/airflow/dags/enrich_user_profiles_dag.py took 0.142 seconds
[2025-06-18T13:34:24.925+0000] {processor.py:161} INFO - Started process (PID=3232) to work on /opt/airflow/dags/enrich_user_profiles_dag.py
[2025-06-18T13:34:24.927+0000] {processor.py:830} INFO - Processing file /opt/airflow/dags/enrich_user_profiles_dag.py for tasks to queue
[2025-06-18T13:34:24.932+0000] {logging_mixin.py:188} INFO - [2025-06-18T13:34:24.932+0000] {dagbag.py:545} INFO - Filling up the DagBag from /opt/airflow/dags/enrich_user_profiles_dag.py
[2025-06-18T13:34:24.990+0000] {processor.py:840} INFO - DAG(s) 'enrich_user_profiles' retrieved from /opt/airflow/dags/enrich_user_profiles_dag.py
[2025-06-18T13:34:25.106+0000] {logging_mixin.py:188} INFO - [2025-06-18T13:34:25.104+0000] {dag.py:3096} INFO - Sync 1 DAGs
[2025-06-18T13:34:25.398+0000] {logging_mixin.py:188} INFO - [2025-06-18T13:34:25.384+0000] {dag.py:3954} INFO - Setting next_dagrun for enrich_user_profiles to None, run_after=None
[2025-06-18T13:34:25.867+0000] {processor.py:183} INFO - Processing /opt/airflow/dags/enrich_user_profiles_dag.py took 0.966 seconds
[2025-06-18T13:34:55.980+0000] {processor.py:161} INFO - Started process (PID=3247) to work on /opt/airflow/dags/enrich_user_profiles_dag.py
[2025-06-18T13:34:55.982+0000] {processor.py:830} INFO - Processing file /opt/airflow/dags/enrich_user_profiles_dag.py for tasks to queue
[2025-06-18T13:34:55.986+0000] {logging_mixin.py:188} INFO - [2025-06-18T13:34:55.985+0000] {dagbag.py:545} INFO - Filling up the DagBag from /opt/airflow/dags/enrich_user_profiles_dag.py
[2025-06-18T13:34:56.019+0000] {processor.py:840} INFO - DAG(s) 'enrich_user_profiles' retrieved from /opt/airflow/dags/enrich_user_profiles_dag.py
[2025-06-18T13:34:56.080+0000] {logging_mixin.py:188} INFO - [2025-06-18T13:34:56.079+0000] {dag.py:3096} INFO - Sync 1 DAGs
[2025-06-18T13:34:56.113+0000] {logging_mixin.py:188} INFO - [2025-06-18T13:34:56.112+0000] {dag.py:3954} INFO - Setting next_dagrun for enrich_user_profiles to None, run_after=None
[2025-06-18T13:34:56.189+0000] {processor.py:183} INFO - Processing /opt/airflow/dags/enrich_user_profiles_dag.py took 0.218 seconds
[2025-06-18T13:35:26.604+0000] {processor.py:161} INFO - Started process (PID=3262) to work on /opt/airflow/dags/enrich_user_profiles_dag.py
[2025-06-18T13:35:26.607+0000] {processor.py:830} INFO - Processing file /opt/airflow/dags/enrich_user_profiles_dag.py for tasks to queue
[2025-06-18T13:35:26.612+0000] {logging_mixin.py:188} INFO - [2025-06-18T13:35:26.611+0000] {dagbag.py:545} INFO - Filling up the DagBag from /opt/airflow/dags/enrich_user_profiles_dag.py
[2025-06-18T13:35:26.658+0000] {processor.py:840} INFO - DAG(s) 'enrich_user_profiles' retrieved from /opt/airflow/dags/enrich_user_profiles_dag.py
[2025-06-18T13:35:26.732+0000] {logging_mixin.py:188} INFO - [2025-06-18T13:35:26.732+0000] {dag.py:3096} INFO - Sync 1 DAGs
[2025-06-18T13:35:26.768+0000] {logging_mixin.py:188} INFO - [2025-06-18T13:35:26.767+0000] {dag.py:3954} INFO - Setting next_dagrun for enrich_user_profiles to None, run_after=None
[2025-06-18T13:35:26.816+0000] {processor.py:183} INFO - Processing /opt/airflow/dags/enrich_user_profiles_dag.py took 0.231 seconds
[2025-06-18T13:35:57.884+0000] {processor.py:161} INFO - Started process (PID=3277) to work on /opt/airflow/dags/enrich_user_profiles_dag.py
[2025-06-18T13:35:57.888+0000] {processor.py:830} INFO - Processing file /opt/airflow/dags/enrich_user_profiles_dag.py for tasks to queue
[2025-06-18T13:35:57.895+0000] {logging_mixin.py:188} INFO - [2025-06-18T13:35:57.894+0000] {dagbag.py:545} INFO - Filling up the DagBag from /opt/airflow/dags/enrich_user_profiles_dag.py
[2025-06-18T13:35:57.952+0000] {processor.py:840} INFO - DAG(s) 'enrich_user_profiles' retrieved from /opt/airflow/dags/enrich_user_profiles_dag.py
[2025-06-18T13:35:58.026+0000] {logging_mixin.py:188} INFO - [2025-06-18T13:35:58.025+0000] {dag.py:3096} INFO - Sync 1 DAGs
[2025-06-18T13:35:58.067+0000] {logging_mixin.py:188} INFO - [2025-06-18T13:35:58.066+0000] {dag.py:3954} INFO - Setting next_dagrun for enrich_user_profiles to None, run_after=None
[2025-06-18T13:35:58.143+0000] {processor.py:183} INFO - Processing /opt/airflow/dags/enrich_user_profiles_dag.py took 0.280 seconds
[2025-06-18T13:36:28.854+0000] {processor.py:161} INFO - Started process (PID=3292) to work on /opt/airflow/dags/enrich_user_profiles_dag.py
[2025-06-18T13:36:28.856+0000] {processor.py:830} INFO - Processing file /opt/airflow/dags/enrich_user_profiles_dag.py for tasks to queue
[2025-06-18T13:36:28.859+0000] {logging_mixin.py:188} INFO - [2025-06-18T13:36:28.858+0000] {dagbag.py:545} INFO - Filling up the DagBag from /opt/airflow/dags/enrich_user_profiles_dag.py
[2025-06-18T13:36:28.888+0000] {processor.py:840} INFO - DAG(s) 'enrich_user_profiles' retrieved from /opt/airflow/dags/enrich_user_profiles_dag.py
[2025-06-18T13:36:28.956+0000] {logging_mixin.py:188} INFO - [2025-06-18T13:36:28.955+0000] {dag.py:3096} INFO - Sync 1 DAGs
[2025-06-18T13:36:28.992+0000] {logging_mixin.py:188} INFO - [2025-06-18T13:36:28.991+0000] {dag.py:3954} INFO - Setting next_dagrun for enrich_user_profiles to None, run_after=None
[2025-06-18T13:36:29.056+0000] {processor.py:183} INFO - Processing /opt/airflow/dags/enrich_user_profiles_dag.py took 0.212 seconds
[2025-06-18T13:36:59.900+0000] {processor.py:161} INFO - Started process (PID=3307) to work on /opt/airflow/dags/enrich_user_profiles_dag.py
[2025-06-18T13:36:59.906+0000] {processor.py:830} INFO - Processing file /opt/airflow/dags/enrich_user_profiles_dag.py for tasks to queue
[2025-06-18T13:36:59.919+0000] {logging_mixin.py:188} INFO - [2025-06-18T13:36:59.919+0000] {dagbag.py:545} INFO - Filling up the DagBag from /opt/airflow/dags/enrich_user_profiles_dag.py
[2025-06-18T13:36:59.952+0000] {processor.py:840} INFO - DAG(s) 'enrich_user_profiles' retrieved from /opt/airflow/dags/enrich_user_profiles_dag.py
[2025-06-18T13:36:59.992+0000] {logging_mixin.py:188} INFO - [2025-06-18T13:36:59.991+0000] {dag.py:3096} INFO - Sync 1 DAGs
[2025-06-18T13:37:00.020+0000] {logging_mixin.py:188} INFO - [2025-06-18T13:37:00.020+0000] {dag.py:3954} INFO - Setting next_dagrun for enrich_user_profiles to None, run_after=None
[2025-06-18T13:37:00.054+0000] {processor.py:183} INFO - Processing /opt/airflow/dags/enrich_user_profiles_dag.py took 0.171 seconds
[2025-06-18T13:37:30.781+0000] {processor.py:161} INFO - Started process (PID=3322) to work on /opt/airflow/dags/enrich_user_profiles_dag.py
[2025-06-18T13:37:30.783+0000] {processor.py:830} INFO - Processing file /opt/airflow/dags/enrich_user_profiles_dag.py for tasks to queue
[2025-06-18T13:37:30.786+0000] {logging_mixin.py:188} INFO - [2025-06-18T13:37:30.786+0000] {dagbag.py:545} INFO - Filling up the DagBag from /opt/airflow/dags/enrich_user_profiles_dag.py
[2025-06-18T13:37:30.811+0000] {processor.py:840} INFO - DAG(s) 'enrich_user_profiles' retrieved from /opt/airflow/dags/enrich_user_profiles_dag.py
[2025-06-18T13:37:30.849+0000] {logging_mixin.py:188} INFO - [2025-06-18T13:37:30.848+0000] {dag.py:3096} INFO - Sync 1 DAGs
[2025-06-18T13:37:30.866+0000] {logging_mixin.py:188} INFO - [2025-06-18T13:37:30.865+0000] {dag.py:3954} INFO - Setting next_dagrun for enrich_user_profiles to None, run_after=None
[2025-06-18T13:37:30.894+0000] {processor.py:183} INFO - Processing /opt/airflow/dags/enrich_user_profiles_dag.py took 0.122 seconds
[2025-06-18T13:38:01.776+0000] {processor.py:161} INFO - Started process (PID=3337) to work on /opt/airflow/dags/enrich_user_profiles_dag.py
[2025-06-18T13:38:01.814+0000] {processor.py:830} INFO - Processing file /opt/airflow/dags/enrich_user_profiles_dag.py for tasks to queue
[2025-06-18T13:38:01.918+0000] {logging_mixin.py:188} INFO - [2025-06-18T13:38:01.913+0000] {dagbag.py:545} INFO - Filling up the DagBag from /opt/airflow/dags/enrich_user_profiles_dag.py
[2025-06-18T13:38:02.078+0000] {processor.py:840} INFO - DAG(s) 'enrich_user_profiles' retrieved from /opt/airflow/dags/enrich_user_profiles_dag.py
[2025-06-18T13:38:02.191+0000] {logging_mixin.py:188} INFO - [2025-06-18T13:38:02.190+0000] {dag.py:3096} INFO - Sync 1 DAGs
[2025-06-18T13:38:02.228+0000] {logging_mixin.py:188} INFO - [2025-06-18T13:38:02.227+0000] {dag.py:3954} INFO - Setting next_dagrun for enrich_user_profiles to None, run_after=None
[2025-06-18T13:38:02.275+0000] {processor.py:183} INFO - Processing /opt/airflow/dags/enrich_user_profiles_dag.py took 0.777 seconds
[2025-06-18T13:38:33.058+0000] {processor.py:161} INFO - Started process (PID=3352) to work on /opt/airflow/dags/enrich_user_profiles_dag.py
[2025-06-18T13:38:33.060+0000] {processor.py:830} INFO - Processing file /opt/airflow/dags/enrich_user_profiles_dag.py for tasks to queue
[2025-06-18T13:38:33.066+0000] {logging_mixin.py:188} INFO - [2025-06-18T13:38:33.063+0000] {dagbag.py:545} INFO - Filling up the DagBag from /opt/airflow/dags/enrich_user_profiles_dag.py
[2025-06-18T13:38:33.110+0000] {processor.py:840} INFO - DAG(s) 'enrich_user_profiles' retrieved from /opt/airflow/dags/enrich_user_profiles_dag.py
[2025-06-18T13:38:33.148+0000] {logging_mixin.py:188} INFO - [2025-06-18T13:38:33.148+0000] {dag.py:3096} INFO - Sync 1 DAGs
[2025-06-18T13:38:33.164+0000] {logging_mixin.py:188} INFO - [2025-06-18T13:38:33.164+0000] {dag.py:3954} INFO - Setting next_dagrun for enrich_user_profiles to None, run_after=None
[2025-06-18T13:38:33.191+0000] {processor.py:183} INFO - Processing /opt/airflow/dags/enrich_user_profiles_dag.py took 0.145 seconds
[2025-06-18T13:39:03.288+0000] {processor.py:161} INFO - Started process (PID=3367) to work on /opt/airflow/dags/enrich_user_profiles_dag.py
[2025-06-18T13:39:03.290+0000] {processor.py:830} INFO - Processing file /opt/airflow/dags/enrich_user_profiles_dag.py for tasks to queue
[2025-06-18T13:39:03.294+0000] {logging_mixin.py:188} INFO - [2025-06-18T13:39:03.293+0000] {dagbag.py:545} INFO - Filling up the DagBag from /opt/airflow/dags/enrich_user_profiles_dag.py
[2025-06-18T13:39:03.321+0000] {processor.py:840} INFO - DAG(s) 'enrich_user_profiles' retrieved from /opt/airflow/dags/enrich_user_profiles_dag.py
[2025-06-18T13:39:03.359+0000] {logging_mixin.py:188} INFO - [2025-06-18T13:39:03.358+0000] {dag.py:3096} INFO - Sync 1 DAGs
[2025-06-18T13:39:03.388+0000] {logging_mixin.py:188} INFO - [2025-06-18T13:39:03.387+0000] {dag.py:3954} INFO - Setting next_dagrun for enrich_user_profiles to None, run_after=None
[2025-06-18T13:39:03.415+0000] {processor.py:183} INFO - Processing /opt/airflow/dags/enrich_user_profiles_dag.py took 0.137 seconds
[2025-06-18T13:39:34.162+0000] {processor.py:161} INFO - Started process (PID=3382) to work on /opt/airflow/dags/enrich_user_profiles_dag.py
[2025-06-18T13:39:34.165+0000] {processor.py:830} INFO - Processing file /opt/airflow/dags/enrich_user_profiles_dag.py for tasks to queue
[2025-06-18T13:39:34.170+0000] {logging_mixin.py:188} INFO - [2025-06-18T13:39:34.169+0000] {dagbag.py:545} INFO - Filling up the DagBag from /opt/airflow/dags/enrich_user_profiles_dag.py
[2025-06-18T13:39:34.221+0000] {processor.py:840} INFO - DAG(s) 'enrich_user_profiles' retrieved from /opt/airflow/dags/enrich_user_profiles_dag.py
[2025-06-18T13:39:34.302+0000] {logging_mixin.py:188} INFO - [2025-06-18T13:39:34.302+0000] {dag.py:3096} INFO - Sync 1 DAGs
[2025-06-18T13:39:34.336+0000] {logging_mixin.py:188} INFO - [2025-06-18T13:39:34.336+0000] {dag.py:3954} INFO - Setting next_dagrun for enrich_user_profiles to None, run_after=None
[2025-06-18T13:39:34.410+0000] {processor.py:183} INFO - Processing /opt/airflow/dags/enrich_user_profiles_dag.py took 0.267 seconds
[2025-06-18T13:40:04.944+0000] {processor.py:161} INFO - Started process (PID=3397) to work on /opt/airflow/dags/enrich_user_profiles_dag.py
[2025-06-18T13:40:04.945+0000] {processor.py:830} INFO - Processing file /opt/airflow/dags/enrich_user_profiles_dag.py for tasks to queue
[2025-06-18T13:40:04.949+0000] {logging_mixin.py:188} INFO - [2025-06-18T13:40:04.948+0000] {dagbag.py:545} INFO - Filling up the DagBag from /opt/airflow/dags/enrich_user_profiles_dag.py
[2025-06-18T13:40:04.980+0000] {processor.py:840} INFO - DAG(s) 'enrich_user_profiles' retrieved from /opt/airflow/dags/enrich_user_profiles_dag.py
[2025-06-18T13:40:05.044+0000] {logging_mixin.py:188} INFO - [2025-06-18T13:40:05.043+0000] {dag.py:3096} INFO - Sync 1 DAGs
[2025-06-18T13:40:05.079+0000] {logging_mixin.py:188} INFO - [2025-06-18T13:40:05.079+0000] {dag.py:3954} INFO - Setting next_dagrun for enrich_user_profiles to None, run_after=None
[2025-06-18T13:40:05.157+0000] {processor.py:183} INFO - Processing /opt/airflow/dags/enrich_user_profiles_dag.py took 0.222 seconds
[2025-06-18T13:40:36.041+0000] {processor.py:161} INFO - Started process (PID=3412) to work on /opt/airflow/dags/enrich_user_profiles_dag.py
[2025-06-18T13:40:36.043+0000] {processor.py:830} INFO - Processing file /opt/airflow/dags/enrich_user_profiles_dag.py for tasks to queue
[2025-06-18T13:40:36.050+0000] {logging_mixin.py:188} INFO - [2025-06-18T13:40:36.049+0000] {dagbag.py:545} INFO - Filling up the DagBag from /opt/airflow/dags/enrich_user_profiles_dag.py
[2025-06-18T13:40:36.093+0000] {processor.py:840} INFO - DAG(s) 'enrich_user_profiles' retrieved from /opt/airflow/dags/enrich_user_profiles_dag.py
[2025-06-18T13:40:36.153+0000] {logging_mixin.py:188} INFO - [2025-06-18T13:40:36.152+0000] {dag.py:3096} INFO - Sync 1 DAGs
[2025-06-18T13:40:36.182+0000] {logging_mixin.py:188} INFO - [2025-06-18T13:40:36.181+0000] {dag.py:3954} INFO - Setting next_dagrun for enrich_user_profiles to None, run_after=None
[2025-06-18T13:40:36.227+0000] {processor.py:183} INFO - Processing /opt/airflow/dags/enrich_user_profiles_dag.py took 0.202 seconds
[2025-06-18T13:41:06.758+0000] {processor.py:161} INFO - Started process (PID=3427) to work on /opt/airflow/dags/enrich_user_profiles_dag.py
[2025-06-18T13:41:06.769+0000] {processor.py:830} INFO - Processing file /opt/airflow/dags/enrich_user_profiles_dag.py for tasks to queue
[2025-06-18T13:41:06.788+0000] {logging_mixin.py:188} INFO - [2025-06-18T13:41:06.784+0000] {dagbag.py:545} INFO - Filling up the DagBag from /opt/airflow/dags/enrich_user_profiles_dag.py
[2025-06-18T13:41:06.924+0000] {processor.py:840} INFO - DAG(s) 'enrich_user_profiles' retrieved from /opt/airflow/dags/enrich_user_profiles_dag.py
[2025-06-18T13:41:07.025+0000] {logging_mixin.py:188} INFO - [2025-06-18T13:41:07.024+0000] {dag.py:3096} INFO - Sync 1 DAGs
[2025-06-18T13:41:07.060+0000] {logging_mixin.py:188} INFO - [2025-06-18T13:41:07.059+0000] {dag.py:3954} INFO - Setting next_dagrun for enrich_user_profiles to None, run_after=None
[2025-06-18T13:41:07.109+0000] {processor.py:183} INFO - Processing /opt/airflow/dags/enrich_user_profiles_dag.py took 0.445 seconds
[2025-06-18T13:41:37.747+0000] {processor.py:161} INFO - Started process (PID=3442) to work on /opt/airflow/dags/enrich_user_profiles_dag.py
[2025-06-18T13:41:37.750+0000] {processor.py:830} INFO - Processing file /opt/airflow/dags/enrich_user_profiles_dag.py for tasks to queue
[2025-06-18T13:41:37.758+0000] {logging_mixin.py:188} INFO - [2025-06-18T13:41:37.756+0000] {dagbag.py:545} INFO - Filling up the DagBag from /opt/airflow/dags/enrich_user_profiles_dag.py
[2025-06-18T13:41:37.811+0000] {processor.py:840} INFO - DAG(s) 'enrich_user_profiles' retrieved from /opt/airflow/dags/enrich_user_profiles_dag.py
[2025-06-18T13:41:37.897+0000] {logging_mixin.py:188} INFO - [2025-06-18T13:41:37.896+0000] {dag.py:3096} INFO - Sync 1 DAGs
[2025-06-18T13:41:37.931+0000] {logging_mixin.py:188} INFO - [2025-06-18T13:41:37.931+0000] {dag.py:3954} INFO - Setting next_dagrun for enrich_user_profiles to None, run_after=None
[2025-06-18T13:41:37.999+0000] {processor.py:183} INFO - Processing /opt/airflow/dags/enrich_user_profiles_dag.py took 0.276 seconds
[2025-06-18T13:42:08.550+0000] {processor.py:161} INFO - Started process (PID=3457) to work on /opt/airflow/dags/enrich_user_profiles_dag.py
[2025-06-18T13:42:08.552+0000] {processor.py:830} INFO - Processing file /opt/airflow/dags/enrich_user_profiles_dag.py for tasks to queue
[2025-06-18T13:42:08.556+0000] {logging_mixin.py:188} INFO - [2025-06-18T13:42:08.555+0000] {dagbag.py:545} INFO - Filling up the DagBag from /opt/airflow/dags/enrich_user_profiles_dag.py
[2025-06-18T13:42:08.589+0000] {processor.py:840} INFO - DAG(s) 'enrich_user_profiles' retrieved from /opt/airflow/dags/enrich_user_profiles_dag.py
[2025-06-18T13:42:08.640+0000] {logging_mixin.py:188} INFO - [2025-06-18T13:42:08.640+0000] {dag.py:3096} INFO - Sync 1 DAGs
[2025-06-18T13:42:08.657+0000] {logging_mixin.py:188} INFO - [2025-06-18T13:42:08.657+0000] {dag.py:3954} INFO - Setting next_dagrun for enrich_user_profiles to None, run_after=None
[2025-06-18T13:42:08.685+0000] {processor.py:183} INFO - Processing /opt/airflow/dags/enrich_user_profiles_dag.py took 0.149 seconds
[2025-06-18T13:42:39.657+0000] {processor.py:161} INFO - Started process (PID=3472) to work on /opt/airflow/dags/enrich_user_profiles_dag.py
[2025-06-18T13:42:39.659+0000] {processor.py:830} INFO - Processing file /opt/airflow/dags/enrich_user_profiles_dag.py for tasks to queue
[2025-06-18T13:42:39.662+0000] {logging_mixin.py:188} INFO - [2025-06-18T13:42:39.661+0000] {dagbag.py:545} INFO - Filling up the DagBag from /opt/airflow/dags/enrich_user_profiles_dag.py
[2025-06-18T13:42:39.704+0000] {processor.py:840} INFO - DAG(s) 'enrich_user_profiles' retrieved from /opt/airflow/dags/enrich_user_profiles_dag.py
[2025-06-18T13:42:39.750+0000] {logging_mixin.py:188} INFO - [2025-06-18T13:42:39.749+0000] {dag.py:3096} INFO - Sync 1 DAGs
[2025-06-18T13:42:39.775+0000] {logging_mixin.py:188} INFO - [2025-06-18T13:42:39.775+0000] {dag.py:3954} INFO - Setting next_dagrun for enrich_user_profiles to None, run_after=None
[2025-06-18T13:42:39.815+0000] {processor.py:183} INFO - Processing /opt/airflow/dags/enrich_user_profiles_dag.py took 0.168 seconds
[2025-06-18T13:43:10.382+0000] {processor.py:161} INFO - Started process (PID=3487) to work on /opt/airflow/dags/enrich_user_profiles_dag.py
[2025-06-18T13:43:10.384+0000] {processor.py:830} INFO - Processing file /opt/airflow/dags/enrich_user_profiles_dag.py for tasks to queue
[2025-06-18T13:43:10.387+0000] {logging_mixin.py:188} INFO - [2025-06-18T13:43:10.386+0000] {dagbag.py:545} INFO - Filling up the DagBag from /opt/airflow/dags/enrich_user_profiles_dag.py
[2025-06-18T13:43:10.416+0000] {processor.py:840} INFO - DAG(s) 'enrich_user_profiles' retrieved from /opt/airflow/dags/enrich_user_profiles_dag.py
[2025-06-18T13:43:10.455+0000] {logging_mixin.py:188} INFO - [2025-06-18T13:43:10.455+0000] {dag.py:3096} INFO - Sync 1 DAGs
[2025-06-18T13:43:10.475+0000] {logging_mixin.py:188} INFO - [2025-06-18T13:43:10.475+0000] {dag.py:3954} INFO - Setting next_dagrun for enrich_user_profiles to None, run_after=None
[2025-06-18T13:43:10.512+0000] {processor.py:183} INFO - Processing /opt/airflow/dags/enrich_user_profiles_dag.py took 0.140 seconds
[2025-06-18T13:43:41.263+0000] {processor.py:161} INFO - Started process (PID=3502) to work on /opt/airflow/dags/enrich_user_profiles_dag.py
[2025-06-18T13:43:41.265+0000] {processor.py:830} INFO - Processing file /opt/airflow/dags/enrich_user_profiles_dag.py for tasks to queue
[2025-06-18T13:43:41.269+0000] {logging_mixin.py:188} INFO - [2025-06-18T13:43:41.268+0000] {dagbag.py:545} INFO - Filling up the DagBag from /opt/airflow/dags/enrich_user_profiles_dag.py
[2025-06-18T13:43:41.296+0000] {processor.py:840} INFO - DAG(s) 'enrich_user_profiles' retrieved from /opt/airflow/dags/enrich_user_profiles_dag.py
[2025-06-18T13:43:41.336+0000] {logging_mixin.py:188} INFO - [2025-06-18T13:43:41.335+0000] {dag.py:3096} INFO - Sync 1 DAGs
[2025-06-18T13:43:41.352+0000] {logging_mixin.py:188} INFO - [2025-06-18T13:43:41.352+0000] {dag.py:3954} INFO - Setting next_dagrun for enrich_user_profiles to None, run_after=None
[2025-06-18T13:43:41.380+0000] {processor.py:183} INFO - Processing /opt/airflow/dags/enrich_user_profiles_dag.py took 0.130 seconds
[2025-06-18T13:44:11.904+0000] {processor.py:161} INFO - Started process (PID=3517) to work on /opt/airflow/dags/enrich_user_profiles_dag.py
[2025-06-18T13:44:11.906+0000] {processor.py:830} INFO - Processing file /opt/airflow/dags/enrich_user_profiles_dag.py for tasks to queue
[2025-06-18T13:44:11.910+0000] {logging_mixin.py:188} INFO - [2025-06-18T13:44:11.909+0000] {dagbag.py:545} INFO - Filling up the DagBag from /opt/airflow/dags/enrich_user_profiles_dag.py
[2025-06-18T13:44:11.948+0000] {processor.py:840} INFO - DAG(s) 'enrich_user_profiles' retrieved from /opt/airflow/dags/enrich_user_profiles_dag.py
[2025-06-18T13:44:11.997+0000] {logging_mixin.py:188} INFO - [2025-06-18T13:44:11.996+0000] {dag.py:3096} INFO - Sync 1 DAGs
[2025-06-18T13:44:12.017+0000] {logging_mixin.py:188} INFO - [2025-06-18T13:44:12.017+0000] {dag.py:3954} INFO - Setting next_dagrun for enrich_user_profiles to None, run_after=None
[2025-06-18T13:44:12.051+0000] {processor.py:183} INFO - Processing /opt/airflow/dags/enrich_user_profiles_dag.py took 0.156 seconds
[2025-06-18T13:44:42.909+0000] {processor.py:161} INFO - Started process (PID=3532) to work on /opt/airflow/dags/enrich_user_profiles_dag.py
[2025-06-18T13:44:42.910+0000] {processor.py:830} INFO - Processing file /opt/airflow/dags/enrich_user_profiles_dag.py for tasks to queue
[2025-06-18T13:44:42.915+0000] {logging_mixin.py:188} INFO - [2025-06-18T13:44:42.914+0000] {dagbag.py:545} INFO - Filling up the DagBag from /opt/airflow/dags/enrich_user_profiles_dag.py
[2025-06-18T13:44:42.948+0000] {processor.py:840} INFO - DAG(s) 'enrich_user_profiles' retrieved from /opt/airflow/dags/enrich_user_profiles_dag.py
[2025-06-18T13:44:43.023+0000] {logging_mixin.py:188} INFO - [2025-06-18T13:44:43.022+0000] {dag.py:3096} INFO - Sync 1 DAGs
[2025-06-18T13:44:43.059+0000] {logging_mixin.py:188} INFO - [2025-06-18T13:44:43.059+0000] {dag.py:3954} INFO - Setting next_dagrun for enrich_user_profiles to None, run_after=None
[2025-06-18T13:44:43.115+0000] {processor.py:183} INFO - Processing /opt/airflow/dags/enrich_user_profiles_dag.py took 0.217 seconds
[2025-06-18T13:45:13.951+0000] {processor.py:161} INFO - Started process (PID=3547) to work on /opt/airflow/dags/enrich_user_profiles_dag.py
[2025-06-18T13:45:13.954+0000] {processor.py:830} INFO - Processing file /opt/airflow/dags/enrich_user_profiles_dag.py for tasks to queue
[2025-06-18T13:45:13.959+0000] {logging_mixin.py:188} INFO - [2025-06-18T13:45:13.958+0000] {dagbag.py:545} INFO - Filling up the DagBag from /opt/airflow/dags/enrich_user_profiles_dag.py
[2025-06-18T13:45:14.012+0000] {processor.py:840} INFO - DAG(s) 'enrich_user_profiles' retrieved from /opt/airflow/dags/enrich_user_profiles_dag.py
[2025-06-18T13:45:14.145+0000] {logging_mixin.py:188} INFO - [2025-06-18T13:45:14.144+0000] {dag.py:3096} INFO - Sync 1 DAGs
[2025-06-18T13:45:14.220+0000] {logging_mixin.py:188} INFO - [2025-06-18T13:45:14.219+0000] {dag.py:3954} INFO - Setting next_dagrun for enrich_user_profiles to None, run_after=None
[2025-06-18T13:45:14.299+0000] {processor.py:183} INFO - Processing /opt/airflow/dags/enrich_user_profiles_dag.py took 0.361 seconds
[2025-06-18T13:45:44.930+0000] {processor.py:161} INFO - Started process (PID=3562) to work on /opt/airflow/dags/enrich_user_profiles_dag.py
[2025-06-18T13:45:44.933+0000] {processor.py:830} INFO - Processing file /opt/airflow/dags/enrich_user_profiles_dag.py for tasks to queue
[2025-06-18T13:45:44.940+0000] {logging_mixin.py:188} INFO - [2025-06-18T13:45:44.939+0000] {dagbag.py:545} INFO - Filling up the DagBag from /opt/airflow/dags/enrich_user_profiles_dag.py
[2025-06-18T13:45:44.985+0000] {processor.py:840} INFO - DAG(s) 'enrich_user_profiles' retrieved from /opt/airflow/dags/enrich_user_profiles_dag.py
[2025-06-18T13:45:45.052+0000] {logging_mixin.py:188} INFO - [2025-06-18T13:45:45.052+0000] {dag.py:3096} INFO - Sync 1 DAGs
[2025-06-18T13:45:45.078+0000] {logging_mixin.py:188} INFO - [2025-06-18T13:45:45.077+0000] {dag.py:3954} INFO - Setting next_dagrun for enrich_user_profiles to None, run_after=None
[2025-06-18T13:45:45.109+0000] {processor.py:183} INFO - Processing /opt/airflow/dags/enrich_user_profiles_dag.py took 0.197 seconds
[2025-06-18T13:46:15.975+0000] {processor.py:161} INFO - Started process (PID=3577) to work on /opt/airflow/dags/enrich_user_profiles_dag.py
[2025-06-18T13:46:15.979+0000] {processor.py:830} INFO - Processing file /opt/airflow/dags/enrich_user_profiles_dag.py for tasks to queue
[2025-06-18T13:46:15.986+0000] {logging_mixin.py:188} INFO - [2025-06-18T13:46:15.985+0000] {dagbag.py:545} INFO - Filling up the DagBag from /opt/airflow/dags/enrich_user_profiles_dag.py
[2025-06-18T13:46:16.081+0000] {processor.py:840} INFO - DAG(s) 'enrich_user_profiles' retrieved from /opt/airflow/dags/enrich_user_profiles_dag.py
[2025-06-18T13:46:16.141+0000] {logging_mixin.py:188} INFO - [2025-06-18T13:46:16.140+0000] {dag.py:3096} INFO - Sync 1 DAGs
[2025-06-18T13:46:16.166+0000] {logging_mixin.py:188} INFO - [2025-06-18T13:46:16.165+0000] {dag.py:3954} INFO - Setting next_dagrun for enrich_user_profiles to None, run_after=None
[2025-06-18T13:46:16.196+0000] {processor.py:183} INFO - Processing /opt/airflow/dags/enrich_user_profiles_dag.py took 0.262 seconds
[2025-06-18T13:46:46.778+0000] {processor.py:161} INFO - Started process (PID=3592) to work on /opt/airflow/dags/enrich_user_profiles_dag.py
[2025-06-18T13:46:46.780+0000] {processor.py:830} INFO - Processing file /opt/airflow/dags/enrich_user_profiles_dag.py for tasks to queue
[2025-06-18T13:46:46.783+0000] {logging_mixin.py:188} INFO - [2025-06-18T13:46:46.783+0000] {dagbag.py:545} INFO - Filling up the DagBag from /opt/airflow/dags/enrich_user_profiles_dag.py
[2025-06-18T13:46:46.812+0000] {processor.py:840} INFO - DAG(s) 'enrich_user_profiles' retrieved from /opt/airflow/dags/enrich_user_profiles_dag.py
[2025-06-18T13:46:46.875+0000] {logging_mixin.py:188} INFO - [2025-06-18T13:46:46.874+0000] {dag.py:3096} INFO - Sync 1 DAGs
[2025-06-18T13:46:46.908+0000] {logging_mixin.py:188} INFO - [2025-06-18T13:46:46.908+0000] {dag.py:3954} INFO - Setting next_dagrun for enrich_user_profiles to None, run_after=None
[2025-06-18T13:46:46.965+0000] {processor.py:183} INFO - Processing /opt/airflow/dags/enrich_user_profiles_dag.py took 0.198 seconds
[2025-06-18T13:47:17.786+0000] {processor.py:161} INFO - Started process (PID=3607) to work on /opt/airflow/dags/enrich_user_profiles_dag.py
[2025-06-18T13:47:17.796+0000] {processor.py:830} INFO - Processing file /opt/airflow/dags/enrich_user_profiles_dag.py for tasks to queue
[2025-06-18T13:47:17.816+0000] {logging_mixin.py:188} INFO - [2025-06-18T13:47:17.812+0000] {dagbag.py:545} INFO - Filling up the DagBag from /opt/airflow/dags/enrich_user_profiles_dag.py
[2025-06-18T13:47:17.933+0000] {processor.py:840} INFO - DAG(s) 'enrich_user_profiles' retrieved from /opt/airflow/dags/enrich_user_profiles_dag.py
[2025-06-18T13:47:18.025+0000] {logging_mixin.py:188} INFO - [2025-06-18T13:47:18.024+0000] {dag.py:3096} INFO - Sync 1 DAGs
[2025-06-18T13:47:18.079+0000] {logging_mixin.py:188} INFO - [2025-06-18T13:47:18.079+0000] {dag.py:3954} INFO - Setting next_dagrun for enrich_user_profiles to None, run_after=None
[2025-06-18T13:47:18.131+0000] {processor.py:183} INFO - Processing /opt/airflow/dags/enrich_user_profiles_dag.py took 0.494 seconds
[2025-06-18T13:47:48.405+0000] {processor.py:161} INFO - Started process (PID=3622) to work on /opt/airflow/dags/enrich_user_profiles_dag.py
[2025-06-18T13:47:48.407+0000] {processor.py:830} INFO - Processing file /opt/airflow/dags/enrich_user_profiles_dag.py for tasks to queue
[2025-06-18T13:47:48.411+0000] {logging_mixin.py:188} INFO - [2025-06-18T13:47:48.410+0000] {dagbag.py:545} INFO - Filling up the DagBag from /opt/airflow/dags/enrich_user_profiles_dag.py
[2025-06-18T13:47:48.439+0000] {processor.py:840} INFO - DAG(s) 'enrich_user_profiles' retrieved from /opt/airflow/dags/enrich_user_profiles_dag.py
[2025-06-18T13:47:48.480+0000] {logging_mixin.py:188} INFO - [2025-06-18T13:47:48.480+0000] {dag.py:3096} INFO - Sync 1 DAGs
[2025-06-18T13:47:48.497+0000] {logging_mixin.py:188} INFO - [2025-06-18T13:47:48.497+0000] {dag.py:3954} INFO - Setting next_dagrun for enrich_user_profiles to None, run_after=None
[2025-06-18T13:47:48.527+0000] {processor.py:183} INFO - Processing /opt/airflow/dags/enrich_user_profiles_dag.py took 0.137 seconds
[2025-06-18T13:48:19.131+0000] {processor.py:161} INFO - Started process (PID=3637) to work on /opt/airflow/dags/enrich_user_profiles_dag.py
[2025-06-18T13:48:19.133+0000] {processor.py:830} INFO - Processing file /opt/airflow/dags/enrich_user_profiles_dag.py for tasks to queue
[2025-06-18T13:48:19.136+0000] {logging_mixin.py:188} INFO - [2025-06-18T13:48:19.135+0000] {dagbag.py:545} INFO - Filling up the DagBag from /opt/airflow/dags/enrich_user_profiles_dag.py
[2025-06-18T13:48:19.164+0000] {processor.py:840} INFO - DAG(s) 'enrich_user_profiles' retrieved from /opt/airflow/dags/enrich_user_profiles_dag.py
[2025-06-18T13:48:19.210+0000] {logging_mixin.py:188} INFO - [2025-06-18T13:48:19.209+0000] {dag.py:3096} INFO - Sync 1 DAGs
[2025-06-18T13:48:19.241+0000] {logging_mixin.py:188} INFO - [2025-06-18T13:48:19.241+0000] {dag.py:3954} INFO - Setting next_dagrun for enrich_user_profiles to None, run_after=None
[2025-06-18T13:48:19.307+0000] {processor.py:183} INFO - Processing /opt/airflow/dags/enrich_user_profiles_dag.py took 0.185 seconds
[2025-06-18T13:48:49.946+0000] {processor.py:161} INFO - Started process (PID=3652) to work on /opt/airflow/dags/enrich_user_profiles_dag.py
[2025-06-18T13:48:49.948+0000] {processor.py:830} INFO - Processing file /opt/airflow/dags/enrich_user_profiles_dag.py for tasks to queue
[2025-06-18T13:48:49.952+0000] {logging_mixin.py:188} INFO - [2025-06-18T13:48:49.951+0000] {dagbag.py:545} INFO - Filling up the DagBag from /opt/airflow/dags/enrich_user_profiles_dag.py
[2025-06-18T13:48:49.985+0000] {processor.py:840} INFO - DAG(s) 'enrich_user_profiles' retrieved from /opt/airflow/dags/enrich_user_profiles_dag.py
[2025-06-18T13:48:50.025+0000] {logging_mixin.py:188} INFO - [2025-06-18T13:48:50.025+0000] {dag.py:3096} INFO - Sync 1 DAGs
[2025-06-18T13:48:50.043+0000] {logging_mixin.py:188} INFO - [2025-06-18T13:48:50.043+0000] {dag.py:3954} INFO - Setting next_dagrun for enrich_user_profiles to None, run_after=None
[2025-06-18T13:48:50.079+0000] {processor.py:183} INFO - Processing /opt/airflow/dags/enrich_user_profiles_dag.py took 0.147 seconds
[2025-06-18T13:49:21.026+0000] {processor.py:161} INFO - Started process (PID=3667) to work on /opt/airflow/dags/enrich_user_profiles_dag.py
[2025-06-18T13:49:21.028+0000] {processor.py:830} INFO - Processing file /opt/airflow/dags/enrich_user_profiles_dag.py for tasks to queue
[2025-06-18T13:49:21.032+0000] {logging_mixin.py:188} INFO - [2025-06-18T13:49:21.031+0000] {dagbag.py:545} INFO - Filling up the DagBag from /opt/airflow/dags/enrich_user_profiles_dag.py
[2025-06-18T13:49:21.058+0000] {processor.py:840} INFO - DAG(s) 'enrich_user_profiles' retrieved from /opt/airflow/dags/enrich_user_profiles_dag.py
[2025-06-18T13:49:21.097+0000] {logging_mixin.py:188} INFO - [2025-06-18T13:49:21.096+0000] {dag.py:3096} INFO - Sync 1 DAGs
[2025-06-18T13:49:21.113+0000] {logging_mixin.py:188} INFO - [2025-06-18T13:49:21.113+0000] {dag.py:3954} INFO - Setting next_dagrun for enrich_user_profiles to None, run_after=None
[2025-06-18T13:49:21.141+0000] {processor.py:183} INFO - Processing /opt/airflow/dags/enrich_user_profiles_dag.py took 0.125 seconds
[2025-06-18T13:49:51.242+0000] {processor.py:161} INFO - Started process (PID=3682) to work on /opt/airflow/dags/enrich_user_profiles_dag.py
[2025-06-18T13:49:51.244+0000] {processor.py:830} INFO - Processing file /opt/airflow/dags/enrich_user_profiles_dag.py for tasks to queue
[2025-06-18T13:49:51.247+0000] {logging_mixin.py:188} INFO - [2025-06-18T13:49:51.247+0000] {dagbag.py:545} INFO - Filling up the DagBag from /opt/airflow/dags/enrich_user_profiles_dag.py
[2025-06-18T13:49:51.279+0000] {processor.py:840} INFO - DAG(s) 'enrich_user_profiles' retrieved from /opt/airflow/dags/enrich_user_profiles_dag.py
[2025-06-18T13:49:51.321+0000] {logging_mixin.py:188} INFO - [2025-06-18T13:49:51.320+0000] {dag.py:3096} INFO - Sync 1 DAGs
[2025-06-18T13:49:51.339+0000] {logging_mixin.py:188} INFO - [2025-06-18T13:49:51.339+0000] {dag.py:3954} INFO - Setting next_dagrun for enrich_user_profiles to None, run_after=None
[2025-06-18T13:49:51.369+0000] {processor.py:183} INFO - Processing /opt/airflow/dags/enrich_user_profiles_dag.py took 0.137 seconds
[2025-06-18T13:50:22.113+0000] {processor.py:161} INFO - Started process (PID=3697) to work on /opt/airflow/dags/enrich_user_profiles_dag.py
[2025-06-18T13:50:22.114+0000] {processor.py:830} INFO - Processing file /opt/airflow/dags/enrich_user_profiles_dag.py for tasks to queue
[2025-06-18T13:50:22.117+0000] {logging_mixin.py:188} INFO - [2025-06-18T13:50:22.117+0000] {dagbag.py:545} INFO - Filling up the DagBag from /opt/airflow/dags/enrich_user_profiles_dag.py
[2025-06-18T13:50:22.143+0000] {processor.py:840} INFO - DAG(s) 'enrich_user_profiles' retrieved from /opt/airflow/dags/enrich_user_profiles_dag.py
[2025-06-18T13:50:22.182+0000] {logging_mixin.py:188} INFO - [2025-06-18T13:50:22.182+0000] {dag.py:3096} INFO - Sync 1 DAGs
[2025-06-18T13:50:22.201+0000] {logging_mixin.py:188} INFO - [2025-06-18T13:50:22.201+0000] {dag.py:3954} INFO - Setting next_dagrun for enrich_user_profiles to None, run_after=None
[2025-06-18T13:50:22.240+0000] {processor.py:183} INFO - Processing /opt/airflow/dags/enrich_user_profiles_dag.py took 0.138 seconds
[2025-06-18T13:50:52.821+0000] {processor.py:161} INFO - Started process (PID=3712) to work on /opt/airflow/dags/enrich_user_profiles_dag.py
[2025-06-18T13:50:52.823+0000] {processor.py:830} INFO - Processing file /opt/airflow/dags/enrich_user_profiles_dag.py for tasks to queue
[2025-06-18T13:50:52.827+0000] {logging_mixin.py:188} INFO - [2025-06-18T13:50:52.826+0000] {dagbag.py:545} INFO - Filling up the DagBag from /opt/airflow/dags/enrich_user_profiles_dag.py
[2025-06-18T13:50:52.856+0000] {processor.py:840} INFO - DAG(s) 'enrich_user_profiles' retrieved from /opt/airflow/dags/enrich_user_profiles_dag.py
[2025-06-18T13:50:52.898+0000] {logging_mixin.py:188} INFO - [2025-06-18T13:50:52.898+0000] {dag.py:3096} INFO - Sync 1 DAGs
[2025-06-18T13:50:52.921+0000] {logging_mixin.py:188} INFO - [2025-06-18T13:50:52.921+0000] {dag.py:3954} INFO - Setting next_dagrun for enrich_user_profiles to None, run_after=None
[2025-06-18T13:50:52.970+0000] {processor.py:183} INFO - Processing /opt/airflow/dags/enrich_user_profiles_dag.py took 0.157 seconds
[2025-06-18T13:51:23.599+0000] {processor.py:161} INFO - Started process (PID=3727) to work on /opt/airflow/dags/enrich_user_profiles_dag.py
[2025-06-18T13:51:23.601+0000] {processor.py:830} INFO - Processing file /opt/airflow/dags/enrich_user_profiles_dag.py for tasks to queue
[2025-06-18T13:51:23.604+0000] {logging_mixin.py:188} INFO - [2025-06-18T13:51:23.603+0000] {dagbag.py:545} INFO - Filling up the DagBag from /opt/airflow/dags/enrich_user_profiles_dag.py
[2025-06-18T13:51:23.637+0000] {processor.py:840} INFO - DAG(s) 'enrich_user_profiles' retrieved from /opt/airflow/dags/enrich_user_profiles_dag.py
[2025-06-18T13:51:23.711+0000] {logging_mixin.py:188} INFO - [2025-06-18T13:51:23.711+0000] {dag.py:3096} INFO - Sync 1 DAGs
[2025-06-18T13:51:23.744+0000] {logging_mixin.py:188} INFO - [2025-06-18T13:51:23.743+0000] {dag.py:3954} INFO - Setting next_dagrun for enrich_user_profiles to None, run_after=None
[2025-06-18T13:51:23.810+0000] {processor.py:183} INFO - Processing /opt/airflow/dags/enrich_user_profiles_dag.py took 0.223 seconds
[2025-06-18T13:51:54.592+0000] {processor.py:161} INFO - Started process (PID=3742) to work on /opt/airflow/dags/enrich_user_profiles_dag.py
[2025-06-18T13:51:54.595+0000] {processor.py:830} INFO - Processing file /opt/airflow/dags/enrich_user_profiles_dag.py for tasks to queue
[2025-06-18T13:51:54.600+0000] {logging_mixin.py:188} INFO - [2025-06-18T13:51:54.599+0000] {dagbag.py:545} INFO - Filling up the DagBag from /opt/airflow/dags/enrich_user_profiles_dag.py
[2025-06-18T13:51:54.630+0000] {processor.py:840} INFO - DAG(s) 'enrich_user_profiles' retrieved from /opt/airflow/dags/enrich_user_profiles_dag.py
[2025-06-18T13:51:54.680+0000] {logging_mixin.py:188} INFO - [2025-06-18T13:51:54.680+0000] {dag.py:3096} INFO - Sync 1 DAGs
[2025-06-18T13:51:54.701+0000] {logging_mixin.py:188} INFO - [2025-06-18T13:51:54.701+0000] {dag.py:3954} INFO - Setting next_dagrun for enrich_user_profiles to None, run_after=None
[2025-06-18T13:51:54.734+0000] {processor.py:183} INFO - Processing /opt/airflow/dags/enrich_user_profiles_dag.py took 0.156 seconds
[2025-06-18T13:52:25.604+0000] {processor.py:161} INFO - Started process (PID=3757) to work on /opt/airflow/dags/enrich_user_profiles_dag.py
[2025-06-18T13:52:25.606+0000] {processor.py:830} INFO - Processing file /opt/airflow/dags/enrich_user_profiles_dag.py for tasks to queue
[2025-06-18T13:52:25.608+0000] {logging_mixin.py:188} INFO - [2025-06-18T13:52:25.608+0000] {dagbag.py:545} INFO - Filling up the DagBag from /opt/airflow/dags/enrich_user_profiles_dag.py
[2025-06-18T13:52:25.642+0000] {processor.py:840} INFO - DAG(s) 'enrich_user_profiles' retrieved from /opt/airflow/dags/enrich_user_profiles_dag.py
[2025-06-18T13:52:25.727+0000] {logging_mixin.py:188} INFO - [2025-06-18T13:52:25.727+0000] {dag.py:3096} INFO - Sync 1 DAGs
[2025-06-18T13:52:25.758+0000] {logging_mixin.py:188} INFO - [2025-06-18T13:52:25.758+0000] {dag.py:3954} INFO - Setting next_dagrun for enrich_user_profiles to None, run_after=None
[2025-06-18T13:52:25.907+0000] {processor.py:183} INFO - Processing /opt/airflow/dags/enrich_user_profiles_dag.py took 0.315 seconds
[2025-06-18T13:52:56.962+0000] {processor.py:161} INFO - Started process (PID=3772) to work on /opt/airflow/dags/enrich_user_profiles_dag.py
[2025-06-18T13:52:56.964+0000] {processor.py:830} INFO - Processing file /opt/airflow/dags/enrich_user_profiles_dag.py for tasks to queue
[2025-06-18T13:52:56.967+0000] {logging_mixin.py:188} INFO - [2025-06-18T13:52:56.967+0000] {dagbag.py:545} INFO - Filling up the DagBag from /opt/airflow/dags/enrich_user_profiles_dag.py
[2025-06-18T13:52:57.001+0000] {processor.py:840} INFO - DAG(s) 'enrich_user_profiles' retrieved from /opt/airflow/dags/enrich_user_profiles_dag.py
[2025-06-18T13:52:57.080+0000] {logging_mixin.py:188} INFO - [2025-06-18T13:52:57.079+0000] {dag.py:3096} INFO - Sync 1 DAGs
[2025-06-18T13:52:57.115+0000] {logging_mixin.py:188} INFO - [2025-06-18T13:52:57.114+0000] {dag.py:3954} INFO - Setting next_dagrun for enrich_user_profiles to None, run_after=None
[2025-06-18T13:52:57.164+0000] {processor.py:183} INFO - Processing /opt/airflow/dags/enrich_user_profiles_dag.py took 0.213 seconds
[2025-06-18T13:53:27.876+0000] {processor.py:161} INFO - Started process (PID=3787) to work on /opt/airflow/dags/enrich_user_profiles_dag.py
[2025-06-18T13:53:27.878+0000] {processor.py:830} INFO - Processing file /opt/airflow/dags/enrich_user_profiles_dag.py for tasks to queue
[2025-06-18T13:53:27.884+0000] {logging_mixin.py:188} INFO - [2025-06-18T13:53:27.883+0000] {dagbag.py:545} INFO - Filling up the DagBag from /opt/airflow/dags/enrich_user_profiles_dag.py
[2025-06-18T13:53:27.924+0000] {processor.py:840} INFO - DAG(s) 'enrich_user_profiles' retrieved from /opt/airflow/dags/enrich_user_profiles_dag.py
[2025-06-18T13:53:27.974+0000] {logging_mixin.py:188} INFO - [2025-06-18T13:53:27.974+0000] {dag.py:3096} INFO - Sync 1 DAGs
[2025-06-18T13:53:27.995+0000] {logging_mixin.py:188} INFO - [2025-06-18T13:53:27.994+0000] {dag.py:3954} INFO - Setting next_dagrun for enrich_user_profiles to None, run_after=None
[2025-06-18T13:53:28.022+0000] {processor.py:183} INFO - Processing /opt/airflow/dags/enrich_user_profiles_dag.py took 0.164 seconds
[2025-06-18T13:53:58.653+0000] {processor.py:161} INFO - Started process (PID=3802) to work on /opt/airflow/dags/enrich_user_profiles_dag.py
[2025-06-18T13:53:58.655+0000] {processor.py:830} INFO - Processing file /opt/airflow/dags/enrich_user_profiles_dag.py for tasks to queue
[2025-06-18T13:53:58.658+0000] {logging_mixin.py:188} INFO - [2025-06-18T13:53:58.658+0000] {dagbag.py:545} INFO - Filling up the DagBag from /opt/airflow/dags/enrich_user_profiles_dag.py
[2025-06-18T13:53:58.687+0000] {processor.py:840} INFO - DAG(s) 'enrich_user_profiles' retrieved from /opt/airflow/dags/enrich_user_profiles_dag.py
[2025-06-18T13:53:58.729+0000] {logging_mixin.py:188} INFO - [2025-06-18T13:53:58.729+0000] {dag.py:3096} INFO - Sync 1 DAGs
[2025-06-18T13:53:58.747+0000] {logging_mixin.py:188} INFO - [2025-06-18T13:53:58.747+0000] {dag.py:3954} INFO - Setting next_dagrun for enrich_user_profiles to None, run_after=None
[2025-06-18T13:53:58.778+0000] {processor.py:183} INFO - Processing /opt/airflow/dags/enrich_user_profiles_dag.py took 0.138 seconds
[2025-06-18T13:54:29.409+0000] {processor.py:161} INFO - Started process (PID=3817) to work on /opt/airflow/dags/enrich_user_profiles_dag.py
[2025-06-18T13:54:29.411+0000] {processor.py:830} INFO - Processing file /opt/airflow/dags/enrich_user_profiles_dag.py for tasks to queue
[2025-06-18T13:54:29.414+0000] {logging_mixin.py:188} INFO - [2025-06-18T13:54:29.414+0000] {dagbag.py:545} INFO - Filling up the DagBag from /opt/airflow/dags/enrich_user_profiles_dag.py
[2025-06-18T13:54:29.441+0000] {processor.py:840} INFO - DAG(s) 'enrich_user_profiles' retrieved from /opt/airflow/dags/enrich_user_profiles_dag.py
[2025-06-18T13:54:29.482+0000] {logging_mixin.py:188} INFO - [2025-06-18T13:54:29.481+0000] {dag.py:3096} INFO - Sync 1 DAGs
[2025-06-18T13:54:29.503+0000] {logging_mixin.py:188} INFO - [2025-06-18T13:54:29.502+0000] {dag.py:3954} INFO - Setting next_dagrun for enrich_user_profiles to None, run_after=None
[2025-06-18T13:54:29.534+0000] {processor.py:183} INFO - Processing /opt/airflow/dags/enrich_user_profiles_dag.py took 0.142 seconds
[2025-06-18T13:54:59.942+0000] {processor.py:161} INFO - Started process (PID=3832) to work on /opt/airflow/dags/enrich_user_profiles_dag.py
[2025-06-18T13:54:59.944+0000] {processor.py:830} INFO - Processing file /opt/airflow/dags/enrich_user_profiles_dag.py for tasks to queue
[2025-06-18T13:54:59.948+0000] {logging_mixin.py:188} INFO - [2025-06-18T13:54:59.947+0000] {dagbag.py:545} INFO - Filling up the DagBag from /opt/airflow/dags/enrich_user_profiles_dag.py
[2025-06-18T13:54:59.979+0000] {processor.py:840} INFO - DAG(s) 'enrich_user_profiles' retrieved from /opt/airflow/dags/enrich_user_profiles_dag.py
[2025-06-18T13:55:00.057+0000] {logging_mixin.py:188} INFO - [2025-06-18T13:55:00.056+0000] {dag.py:3096} INFO - Sync 1 DAGs
[2025-06-18T13:55:00.094+0000] {logging_mixin.py:188} INFO - [2025-06-18T13:55:00.093+0000] {dag.py:3954} INFO - Setting next_dagrun for enrich_user_profiles to None, run_after=None
[2025-06-18T13:55:00.143+0000] {processor.py:183} INFO - Processing /opt/airflow/dags/enrich_user_profiles_dag.py took 0.212 seconds
[2025-06-18T13:55:30.890+0000] {processor.py:161} INFO - Started process (PID=3847) to work on /opt/airflow/dags/enrich_user_profiles_dag.py
[2025-06-18T13:55:30.896+0000] {processor.py:830} INFO - Processing file /opt/airflow/dags/enrich_user_profiles_dag.py for tasks to queue
[2025-06-18T13:55:30.908+0000] {logging_mixin.py:188} INFO - [2025-06-18T13:55:30.904+0000] {dagbag.py:545} INFO - Filling up the DagBag from /opt/airflow/dags/enrich_user_profiles_dag.py
[2025-06-18T13:55:30.979+0000] {processor.py:840} INFO - DAG(s) 'enrich_user_profiles' retrieved from /opt/airflow/dags/enrich_user_profiles_dag.py
[2025-06-18T13:55:31.056+0000] {logging_mixin.py:188} INFO - [2025-06-18T13:55:31.056+0000] {dag.py:3096} INFO - Sync 1 DAGs
[2025-06-18T13:55:31.074+0000] {logging_mixin.py:188} INFO - [2025-06-18T13:55:31.074+0000] {dag.py:3954} INFO - Setting next_dagrun for enrich_user_profiles to None, run_after=None
[2025-06-18T13:55:31.114+0000] {processor.py:183} INFO - Processing /opt/airflow/dags/enrich_user_profiles_dag.py took 0.273 seconds
[2025-06-18T13:56:01.316+0000] {processor.py:161} INFO - Started process (PID=3862) to work on /opt/airflow/dags/enrich_user_profiles_dag.py
[2025-06-18T13:56:01.318+0000] {processor.py:830} INFO - Processing file /opt/airflow/dags/enrich_user_profiles_dag.py for tasks to queue
[2025-06-18T13:56:01.321+0000] {logging_mixin.py:188} INFO - [2025-06-18T13:56:01.320+0000] {dagbag.py:545} INFO - Filling up the DagBag from /opt/airflow/dags/enrich_user_profiles_dag.py
[2025-06-18T13:56:01.348+0000] {processor.py:840} INFO - DAG(s) 'enrich_user_profiles' retrieved from /opt/airflow/dags/enrich_user_profiles_dag.py
[2025-06-18T13:56:01.388+0000] {logging_mixin.py:188} INFO - [2025-06-18T13:56:01.388+0000] {dag.py:3096} INFO - Sync 1 DAGs
[2025-06-18T13:56:01.406+0000] {logging_mixin.py:188} INFO - [2025-06-18T13:56:01.405+0000] {dag.py:3954} INFO - Setting next_dagrun for enrich_user_profiles to None, run_after=None
[2025-06-18T13:56:01.442+0000] {processor.py:183} INFO - Processing /opt/airflow/dags/enrich_user_profiles_dag.py took 0.135 seconds
[2025-06-18T13:56:31.994+0000] {processor.py:161} INFO - Started process (PID=3877) to work on /opt/airflow/dags/enrich_user_profiles_dag.py
[2025-06-18T13:56:31.996+0000] {processor.py:830} INFO - Processing file /opt/airflow/dags/enrich_user_profiles_dag.py for tasks to queue
[2025-06-18T13:56:32.002+0000] {logging_mixin.py:188} INFO - [2025-06-18T13:56:32.002+0000] {dagbag.py:545} INFO - Filling up the DagBag from /opt/airflow/dags/enrich_user_profiles_dag.py
[2025-06-18T13:56:32.036+0000] {processor.py:840} INFO - DAG(s) 'enrich_user_profiles' retrieved from /opt/airflow/dags/enrich_user_profiles_dag.py
[2025-06-18T13:56:32.109+0000] {logging_mixin.py:188} INFO - [2025-06-18T13:56:32.109+0000] {dag.py:3096} INFO - Sync 1 DAGs
[2025-06-18T13:56:32.154+0000] {logging_mixin.py:188} INFO - [2025-06-18T13:56:32.154+0000] {dag.py:3954} INFO - Setting next_dagrun for enrich_user_profiles to None, run_after=None
[2025-06-18T13:56:32.231+0000] {processor.py:183} INFO - Processing /opt/airflow/dags/enrich_user_profiles_dag.py took 0.247 seconds
[2025-06-18T13:57:03.010+0000] {processor.py:161} INFO - Started process (PID=3892) to work on /opt/airflow/dags/enrich_user_profiles_dag.py
[2025-06-18T13:57:03.012+0000] {processor.py:830} INFO - Processing file /opt/airflow/dags/enrich_user_profiles_dag.py for tasks to queue
[2025-06-18T13:57:03.017+0000] {logging_mixin.py:188} INFO - [2025-06-18T13:57:03.017+0000] {dagbag.py:545} INFO - Filling up the DagBag from /opt/airflow/dags/enrich_user_profiles_dag.py
[2025-06-18T13:57:03.045+0000] {processor.py:840} INFO - DAG(s) 'enrich_user_profiles' retrieved from /opt/airflow/dags/enrich_user_profiles_dag.py
[2025-06-18T13:57:03.082+0000] {logging_mixin.py:188} INFO - [2025-06-18T13:57:03.082+0000] {dag.py:3096} INFO - Sync 1 DAGs
[2025-06-18T13:57:03.100+0000] {logging_mixin.py:188} INFO - [2025-06-18T13:57:03.100+0000] {dag.py:3954} INFO - Setting next_dagrun for enrich_user_profiles to None, run_after=None
[2025-06-18T13:57:03.138+0000] {processor.py:183} INFO - Processing /opt/airflow/dags/enrich_user_profiles_dag.py took 0.138 seconds
[2025-06-18T13:57:33.902+0000] {processor.py:161} INFO - Started process (PID=3907) to work on /opt/airflow/dags/enrich_user_profiles_dag.py
[2025-06-18T13:57:33.905+0000] {processor.py:830} INFO - Processing file /opt/airflow/dags/enrich_user_profiles_dag.py for tasks to queue
[2025-06-18T13:57:33.910+0000] {logging_mixin.py:188} INFO - [2025-06-18T13:57:33.909+0000] {dagbag.py:545} INFO - Filling up the DagBag from /opt/airflow/dags/enrich_user_profiles_dag.py
[2025-06-18T13:57:33.961+0000] {processor.py:840} INFO - DAG(s) 'enrich_user_profiles' retrieved from /opt/airflow/dags/enrich_user_profiles_dag.py
[2025-06-18T13:57:34.041+0000] {logging_mixin.py:188} INFO - [2025-06-18T13:57:34.041+0000] {dag.py:3096} INFO - Sync 1 DAGs
[2025-06-18T13:57:34.136+0000] {logging_mixin.py:188} INFO - [2025-06-18T13:57:34.134+0000] {dag.py:3954} INFO - Setting next_dagrun for enrich_user_profiles to None, run_after=None
[2025-06-18T13:57:34.564+0000] {processor.py:183} INFO - Processing /opt/airflow/dags/enrich_user_profiles_dag.py took 0.679 seconds
[2025-06-18T13:58:05.490+0000] {processor.py:161} INFO - Started process (PID=3922) to work on /opt/airflow/dags/enrich_user_profiles_dag.py
[2025-06-18T13:58:05.492+0000] {processor.py:830} INFO - Processing file /opt/airflow/dags/enrich_user_profiles_dag.py for tasks to queue
[2025-06-18T13:58:05.500+0000] {logging_mixin.py:188} INFO - [2025-06-18T13:58:05.499+0000] {dagbag.py:545} INFO - Filling up the DagBag from /opt/airflow/dags/enrich_user_profiles_dag.py
[2025-06-18T13:58:05.548+0000] {processor.py:840} INFO - DAG(s) 'enrich_user_profiles' retrieved from /opt/airflow/dags/enrich_user_profiles_dag.py
[2025-06-18T13:58:05.624+0000] {logging_mixin.py:188} INFO - [2025-06-18T13:58:05.623+0000] {dag.py:3096} INFO - Sync 1 DAGs
[2025-06-18T13:58:05.665+0000] {logging_mixin.py:188} INFO - [2025-06-18T13:58:05.664+0000] {dag.py:3954} INFO - Setting next_dagrun for enrich_user_profiles to None, run_after=None
[2025-06-18T13:58:05.729+0000] {processor.py:183} INFO - Processing /opt/airflow/dags/enrich_user_profiles_dag.py took 0.256 seconds
[2025-06-18T13:58:35.935+0000] {processor.py:161} INFO - Started process (PID=3937) to work on /opt/airflow/dags/enrich_user_profiles_dag.py
[2025-06-18T13:58:35.937+0000] {processor.py:830} INFO - Processing file /opt/airflow/dags/enrich_user_profiles_dag.py for tasks to queue
[2025-06-18T13:58:35.940+0000] {logging_mixin.py:188} INFO - [2025-06-18T13:58:35.939+0000] {dagbag.py:545} INFO - Filling up the DagBag from /opt/airflow/dags/enrich_user_profiles_dag.py
[2025-06-18T13:58:35.974+0000] {processor.py:840} INFO - DAG(s) 'enrich_user_profiles' retrieved from /opt/airflow/dags/enrich_user_profiles_dag.py
[2025-06-18T13:58:36.047+0000] {logging_mixin.py:188} INFO - [2025-06-18T13:58:36.046+0000] {dag.py:3096} INFO - Sync 1 DAGs
[2025-06-18T13:58:36.093+0000] {logging_mixin.py:188} INFO - [2025-06-18T13:58:36.093+0000] {dag.py:3954} INFO - Setting next_dagrun for enrich_user_profiles to None, run_after=None
[2025-06-18T13:58:36.192+0000] {processor.py:183} INFO - Processing /opt/airflow/dags/enrich_user_profiles_dag.py took 0.267 seconds
[2025-06-18T13:59:06.827+0000] {processor.py:161} INFO - Started process (PID=3952) to work on /opt/airflow/dags/enrich_user_profiles_dag.py
[2025-06-18T13:59:06.829+0000] {processor.py:830} INFO - Processing file /opt/airflow/dags/enrich_user_profiles_dag.py for tasks to queue
[2025-06-18T13:59:06.832+0000] {logging_mixin.py:188} INFO - [2025-06-18T13:59:06.831+0000] {dagbag.py:545} INFO - Filling up the DagBag from /opt/airflow/dags/enrich_user_profiles_dag.py
[2025-06-18T13:59:06.854+0000] {processor.py:840} INFO - DAG(s) 'enrich_user_profiles' retrieved from /opt/airflow/dags/enrich_user_profiles_dag.py
[2025-06-18T13:59:06.892+0000] {logging_mixin.py:188} INFO - [2025-06-18T13:59:06.892+0000] {dag.py:3096} INFO - Sync 1 DAGs
[2025-06-18T13:59:06.910+0000] {logging_mixin.py:188} INFO - [2025-06-18T13:59:06.910+0000] {dag.py:3954} INFO - Setting next_dagrun for enrich_user_profiles to None, run_after=None
[2025-06-18T13:59:06.963+0000] {processor.py:183} INFO - Processing /opt/airflow/dags/enrich_user_profiles_dag.py took 0.146 seconds
[2025-06-18T13:59:37.094+0000] {processor.py:161} INFO - Started process (PID=3967) to work on /opt/airflow/dags/enrich_user_profiles_dag.py
[2025-06-18T13:59:37.099+0000] {processor.py:830} INFO - Processing file /opt/airflow/dags/enrich_user_profiles_dag.py for tasks to queue
[2025-06-18T13:59:37.104+0000] {logging_mixin.py:188} INFO - [2025-06-18T13:59:37.103+0000] {dagbag.py:545} INFO - Filling up the DagBag from /opt/airflow/dags/enrich_user_profiles_dag.py
[2025-06-18T13:59:37.143+0000] {processor.py:840} INFO - DAG(s) 'enrich_user_profiles' retrieved from /opt/airflow/dags/enrich_user_profiles_dag.py
[2025-06-18T13:59:37.190+0000] {logging_mixin.py:188} INFO - [2025-06-18T13:59:37.190+0000] {dag.py:3096} INFO - Sync 1 DAGs
[2025-06-18T13:59:37.210+0000] {logging_mixin.py:188} INFO - [2025-06-18T13:59:37.209+0000] {dag.py:3954} INFO - Setting next_dagrun for enrich_user_profiles to None, run_after=None
[2025-06-18T13:59:37.251+0000] {processor.py:183} INFO - Processing /opt/airflow/dags/enrich_user_profiles_dag.py took 0.176 seconds
[2025-06-18T14:00:07.874+0000] {processor.py:161} INFO - Started process (PID=3982) to work on /opt/airflow/dags/enrich_user_profiles_dag.py
[2025-06-18T14:00:07.876+0000] {processor.py:830} INFO - Processing file /opt/airflow/dags/enrich_user_profiles_dag.py for tasks to queue
[2025-06-18T14:00:07.879+0000] {logging_mixin.py:188} INFO - [2025-06-18T14:00:07.878+0000] {dagbag.py:545} INFO - Filling up the DagBag from /opt/airflow/dags/enrich_user_profiles_dag.py
[2025-06-18T14:00:07.907+0000] {processor.py:840} INFO - DAG(s) 'enrich_user_profiles' retrieved from /opt/airflow/dags/enrich_user_profiles_dag.py
[2025-06-18T14:00:07.957+0000] {logging_mixin.py:188} INFO - [2025-06-18T14:00:07.956+0000] {dag.py:3096} INFO - Sync 1 DAGs
[2025-06-18T14:00:07.989+0000] {logging_mixin.py:188} INFO - [2025-06-18T14:00:07.988+0000] {dag.py:3954} INFO - Setting next_dagrun for enrich_user_profiles to None, run_after=None
[2025-06-18T14:00:08.057+0000] {processor.py:183} INFO - Processing /opt/airflow/dags/enrich_user_profiles_dag.py took 0.192 seconds
[2025-06-18T14:00:38.957+0000] {processor.py:161} INFO - Started process (PID=3997) to work on /opt/airflow/dags/enrich_user_profiles_dag.py
[2025-06-18T14:00:38.963+0000] {processor.py:830} INFO - Processing file /opt/airflow/dags/enrich_user_profiles_dag.py for tasks to queue
[2025-06-18T14:00:38.971+0000] {logging_mixin.py:188} INFO - [2025-06-18T14:00:38.969+0000] {dagbag.py:545} INFO - Filling up the DagBag from /opt/airflow/dags/enrich_user_profiles_dag.py
[2025-06-18T14:00:39.040+0000] {processor.py:840} INFO - DAG(s) 'enrich_user_profiles' retrieved from /opt/airflow/dags/enrich_user_profiles_dag.py
[2025-06-18T14:00:39.127+0000] {logging_mixin.py:188} INFO - [2025-06-18T14:00:39.126+0000] {dag.py:3096} INFO - Sync 1 DAGs
[2025-06-18T14:00:39.170+0000] {logging_mixin.py:188} INFO - [2025-06-18T14:00:39.169+0000] {dag.py:3954} INFO - Setting next_dagrun for enrich_user_profiles to None, run_after=None
[2025-06-18T14:00:39.211+0000] {processor.py:183} INFO - Processing /opt/airflow/dags/enrich_user_profiles_dag.py took 0.280 seconds
[2025-06-18T14:01:09.987+0000] {processor.py:161} INFO - Started process (PID=4012) to work on /opt/airflow/dags/enrich_user_profiles_dag.py
[2025-06-18T14:01:09.989+0000] {processor.py:830} INFO - Processing file /opt/airflow/dags/enrich_user_profiles_dag.py for tasks to queue
[2025-06-18T14:01:09.993+0000] {logging_mixin.py:188} INFO - [2025-06-18T14:01:09.992+0000] {dagbag.py:545} INFO - Filling up the DagBag from /opt/airflow/dags/enrich_user_profiles_dag.py
[2025-06-18T14:01:10.023+0000] {processor.py:840} INFO - DAG(s) 'enrich_user_profiles' retrieved from /opt/airflow/dags/enrich_user_profiles_dag.py
[2025-06-18T14:01:10.061+0000] {logging_mixin.py:188} INFO - [2025-06-18T14:01:10.060+0000] {dag.py:3096} INFO - Sync 1 DAGs
[2025-06-18T14:01:10.080+0000] {logging_mixin.py:188} INFO - [2025-06-18T14:01:10.080+0000] {dag.py:3954} INFO - Setting next_dagrun for enrich_user_profiles to None, run_after=None
[2025-06-18T14:01:10.107+0000] {processor.py:183} INFO - Processing /opt/airflow/dags/enrich_user_profiles_dag.py took 0.135 seconds
[2025-06-18T14:01:40.566+0000] {processor.py:161} INFO - Started process (PID=4027) to work on /opt/airflow/dags/enrich_user_profiles_dag.py
[2025-06-18T14:01:40.567+0000] {processor.py:830} INFO - Processing file /opt/airflow/dags/enrich_user_profiles_dag.py for tasks to queue
[2025-06-18T14:01:40.571+0000] {logging_mixin.py:188} INFO - [2025-06-18T14:01:40.570+0000] {dagbag.py:545} INFO - Filling up the DagBag from /opt/airflow/dags/enrich_user_profiles_dag.py
[2025-06-18T14:01:40.604+0000] {processor.py:840} INFO - DAG(s) 'enrich_user_profiles' retrieved from /opt/airflow/dags/enrich_user_profiles_dag.py
[2025-06-18T14:01:40.641+0000] {logging_mixin.py:188} INFO - [2025-06-18T14:01:40.641+0000] {dag.py:3096} INFO - Sync 1 DAGs
[2025-06-18T14:01:40.658+0000] {logging_mixin.py:188} INFO - [2025-06-18T14:01:40.658+0000] {dag.py:3954} INFO - Setting next_dagrun for enrich_user_profiles to None, run_after=None
[2025-06-18T14:01:40.688+0000] {processor.py:183} INFO - Processing /opt/airflow/dags/enrich_user_profiles_dag.py took 0.132 seconds
[2025-06-18T14:02:11.484+0000] {processor.py:161} INFO - Started process (PID=4042) to work on /opt/airflow/dags/enrich_user_profiles_dag.py
[2025-06-18T14:02:11.490+0000] {processor.py:830} INFO - Processing file /opt/airflow/dags/enrich_user_profiles_dag.py for tasks to queue
[2025-06-18T14:02:11.503+0000] {logging_mixin.py:188} INFO - [2025-06-18T14:02:11.500+0000] {dagbag.py:545} INFO - Filling up the DagBag from /opt/airflow/dags/enrich_user_profiles_dag.py
[2025-06-18T14:02:11.599+0000] {processor.py:840} INFO - DAG(s) 'enrich_user_profiles' retrieved from /opt/airflow/dags/enrich_user_profiles_dag.py
[2025-06-18T14:02:11.689+0000] {logging_mixin.py:188} INFO - [2025-06-18T14:02:11.688+0000] {dag.py:3096} INFO - Sync 1 DAGs
[2025-06-18T14:02:11.721+0000] {logging_mixin.py:188} INFO - [2025-06-18T14:02:11.721+0000] {dag.py:3954} INFO - Setting next_dagrun for enrich_user_profiles to None, run_after=None
[2025-06-18T14:02:11.781+0000] {processor.py:183} INFO - Processing /opt/airflow/dags/enrich_user_profiles_dag.py took 0.335 seconds
[2025-06-18T14:02:42.169+0000] {processor.py:161} INFO - Started process (PID=4057) to work on /opt/airflow/dags/enrich_user_profiles_dag.py
[2025-06-18T14:02:42.172+0000] {processor.py:830} INFO - Processing file /opt/airflow/dags/enrich_user_profiles_dag.py for tasks to queue
[2025-06-18T14:02:42.177+0000] {logging_mixin.py:188} INFO - [2025-06-18T14:02:42.176+0000] {dagbag.py:545} INFO - Filling up the DagBag from /opt/airflow/dags/enrich_user_profiles_dag.py
[2025-06-18T14:02:42.225+0000] {processor.py:840} INFO - DAG(s) 'enrich_user_profiles' retrieved from /opt/airflow/dags/enrich_user_profiles_dag.py
[2025-06-18T14:02:42.297+0000] {logging_mixin.py:188} INFO - [2025-06-18T14:02:42.296+0000] {dag.py:3096} INFO - Sync 1 DAGs
[2025-06-18T14:02:42.368+0000] {logging_mixin.py:188} INFO - [2025-06-18T14:02:42.367+0000] {dag.py:3954} INFO - Setting next_dagrun for enrich_user_profiles to None, run_after=None
[2025-06-18T14:02:42.621+0000] {processor.py:183} INFO - Processing /opt/airflow/dags/enrich_user_profiles_dag.py took 0.468 seconds
[2025-06-18T14:03:13.843+0000] {processor.py:161} INFO - Started process (PID=4072) to work on /opt/airflow/dags/enrich_user_profiles_dag.py
[2025-06-18T14:03:13.845+0000] {processor.py:830} INFO - Processing file /opt/airflow/dags/enrich_user_profiles_dag.py for tasks to queue
[2025-06-18T14:03:13.851+0000] {logging_mixin.py:188} INFO - [2025-06-18T14:03:13.851+0000] {dagbag.py:545} INFO - Filling up the DagBag from /opt/airflow/dags/enrich_user_profiles_dag.py
[2025-06-18T14:03:13.885+0000] {processor.py:840} INFO - DAG(s) 'enrich_user_profiles' retrieved from /opt/airflow/dags/enrich_user_profiles_dag.py
[2025-06-18T14:03:14.001+0000] {logging_mixin.py:188} INFO - [2025-06-18T14:03:14.000+0000] {dag.py:3096} INFO - Sync 1 DAGs
[2025-06-18T14:03:14.176+0000] {logging_mixin.py:188} INFO - [2025-06-18T14:03:14.176+0000] {dag.py:3954} INFO - Setting next_dagrun for enrich_user_profiles to None, run_after=None
[2025-06-18T14:03:14.398+0000] {processor.py:183} INFO - Processing /opt/airflow/dags/enrich_user_profiles_dag.py took 0.578 seconds
[2025-06-18T14:03:44.909+0000] {processor.py:161} INFO - Started process (PID=4087) to work on /opt/airflow/dags/enrich_user_profiles_dag.py
[2025-06-18T14:03:44.913+0000] {processor.py:830} INFO - Processing file /opt/airflow/dags/enrich_user_profiles_dag.py for tasks to queue
[2025-06-18T14:03:44.926+0000] {logging_mixin.py:188} INFO - [2025-06-18T14:03:44.925+0000] {dagbag.py:545} INFO - Filling up the DagBag from /opt/airflow/dags/enrich_user_profiles_dag.py
[2025-06-18T14:03:44.970+0000] {processor.py:840} INFO - DAG(s) 'enrich_user_profiles' retrieved from /opt/airflow/dags/enrich_user_profiles_dag.py
[2025-06-18T14:03:45.023+0000] {logging_mixin.py:188} INFO - [2025-06-18T14:03:45.023+0000] {dag.py:3096} INFO - Sync 1 DAGs
[2025-06-18T14:03:45.047+0000] {logging_mixin.py:188} INFO - [2025-06-18T14:03:45.046+0000] {dag.py:3954} INFO - Setting next_dagrun for enrich_user_profiles to None, run_after=None
[2025-06-18T14:03:45.093+0000] {processor.py:183} INFO - Processing /opt/airflow/dags/enrich_user_profiles_dag.py took 0.208 seconds
[2025-06-18T14:04:16.024+0000] {processor.py:161} INFO - Started process (PID=4102) to work on /opt/airflow/dags/enrich_user_profiles_dag.py
[2025-06-18T14:04:16.027+0000] {processor.py:830} INFO - Processing file /opt/airflow/dags/enrich_user_profiles_dag.py for tasks to queue
[2025-06-18T14:04:16.036+0000] {logging_mixin.py:188} INFO - [2025-06-18T14:04:16.034+0000] {dagbag.py:545} INFO - Filling up the DagBag from /opt/airflow/dags/enrich_user_profiles_dag.py
[2025-06-18T14:04:16.098+0000] {processor.py:840} INFO - DAG(s) 'enrich_user_profiles' retrieved from /opt/airflow/dags/enrich_user_profiles_dag.py
[2025-06-18T14:04:16.227+0000] {logging_mixin.py:188} INFO - [2025-06-18T14:04:16.226+0000] {dag.py:3096} INFO - Sync 1 DAGs
[2025-06-18T14:04:16.516+0000] {logging_mixin.py:188} INFO - [2025-06-18T14:04:16.514+0000] {dag.py:3954} INFO - Setting next_dagrun for enrich_user_profiles to None, run_after=None
[2025-06-18T14:04:17.023+0000] {processor.py:183} INFO - Processing /opt/airflow/dags/enrich_user_profiles_dag.py took 1.017 seconds
[2025-06-18T14:04:47.290+0000] {processor.py:161} INFO - Started process (PID=4117) to work on /opt/airflow/dags/enrich_user_profiles_dag.py
[2025-06-18T14:04:47.291+0000] {processor.py:830} INFO - Processing file /opt/airflow/dags/enrich_user_profiles_dag.py for tasks to queue
[2025-06-18T14:04:47.294+0000] {logging_mixin.py:188} INFO - [2025-06-18T14:04:47.294+0000] {dagbag.py:545} INFO - Filling up the DagBag from /opt/airflow/dags/enrich_user_profiles_dag.py
[2025-06-18T14:04:47.321+0000] {processor.py:840} INFO - DAG(s) 'enrich_user_profiles' retrieved from /opt/airflow/dags/enrich_user_profiles_dag.py
[2025-06-18T14:04:47.363+0000] {logging_mixin.py:188} INFO - [2025-06-18T14:04:47.363+0000] {dag.py:3096} INFO - Sync 1 DAGs
[2025-06-18T14:04:47.383+0000] {logging_mixin.py:188} INFO - [2025-06-18T14:04:47.383+0000] {dag.py:3954} INFO - Setting next_dagrun for enrich_user_profiles to None, run_after=None
[2025-06-18T14:04:47.426+0000] {processor.py:183} INFO - Processing /opt/airflow/dags/enrich_user_profiles_dag.py took 0.146 seconds
[2025-06-18T14:05:17.512+0000] {processor.py:161} INFO - Started process (PID=4132) to work on /opt/airflow/dags/enrich_user_profiles_dag.py
[2025-06-18T14:05:17.514+0000] {processor.py:830} INFO - Processing file /opt/airflow/dags/enrich_user_profiles_dag.py for tasks to queue
[2025-06-18T14:05:17.519+0000] {logging_mixin.py:188} INFO - [2025-06-18T14:05:17.518+0000] {dagbag.py:545} INFO - Filling up the DagBag from /opt/airflow/dags/enrich_user_profiles_dag.py
[2025-06-18T14:05:17.545+0000] {processor.py:840} INFO - DAG(s) 'enrich_user_profiles' retrieved from /opt/airflow/dags/enrich_user_profiles_dag.py
[2025-06-18T14:05:17.585+0000] {logging_mixin.py:188} INFO - [2025-06-18T14:05:17.584+0000] {dag.py:3096} INFO - Sync 1 DAGs
[2025-06-18T14:05:17.604+0000] {logging_mixin.py:188} INFO - [2025-06-18T14:05:17.604+0000] {dag.py:3954} INFO - Setting next_dagrun for enrich_user_profiles to None, run_after=None
[2025-06-18T14:05:17.649+0000] {processor.py:183} INFO - Processing /opt/airflow/dags/enrich_user_profiles_dag.py took 0.146 seconds
[2025-06-18T14:05:48.182+0000] {processor.py:161} INFO - Started process (PID=4147) to work on /opt/airflow/dags/enrich_user_profiles_dag.py
[2025-06-18T14:05:48.183+0000] {processor.py:830} INFO - Processing file /opt/airflow/dags/enrich_user_profiles_dag.py for tasks to queue
[2025-06-18T14:05:48.187+0000] {logging_mixin.py:188} INFO - [2025-06-18T14:05:48.187+0000] {dagbag.py:545} INFO - Filling up the DagBag from /opt/airflow/dags/enrich_user_profiles_dag.py
[2025-06-18T14:05:48.229+0000] {processor.py:840} INFO - DAG(s) 'enrich_user_profiles' retrieved from /opt/airflow/dags/enrich_user_profiles_dag.py
[2025-06-18T14:05:48.302+0000] {logging_mixin.py:188} INFO - [2025-06-18T14:05:48.301+0000] {dag.py:3096} INFO - Sync 1 DAGs
[2025-06-18T14:05:48.333+0000] {logging_mixin.py:188} INFO - [2025-06-18T14:05:48.332+0000] {dag.py:3954} INFO - Setting next_dagrun for enrich_user_profiles to None, run_after=None
[2025-06-18T14:05:48.380+0000] {processor.py:183} INFO - Processing /opt/airflow/dags/enrich_user_profiles_dag.py took 0.207 seconds
[2025-06-18T14:06:19.448+0000] {processor.py:161} INFO - Started process (PID=4162) to work on /opt/airflow/dags/enrich_user_profiles_dag.py
[2025-06-18T14:06:19.451+0000] {processor.py:830} INFO - Processing file /opt/airflow/dags/enrich_user_profiles_dag.py for tasks to queue
[2025-06-18T14:06:19.459+0000] {logging_mixin.py:188} INFO - [2025-06-18T14:06:19.458+0000] {dagbag.py:545} INFO - Filling up the DagBag from /opt/airflow/dags/enrich_user_profiles_dag.py
[2025-06-18T14:06:19.515+0000] {processor.py:840} INFO - DAG(s) 'enrich_user_profiles' retrieved from /opt/airflow/dags/enrich_user_profiles_dag.py
[2025-06-18T14:06:19.591+0000] {logging_mixin.py:188} INFO - [2025-06-18T14:06:19.590+0000] {dag.py:3096} INFO - Sync 1 DAGs
[2025-06-18T14:06:19.629+0000] {logging_mixin.py:188} INFO - [2025-06-18T14:06:19.628+0000] {dag.py:3954} INFO - Setting next_dagrun for enrich_user_profiles to None, run_after=None
[2025-06-18T14:06:19.678+0000] {processor.py:183} INFO - Processing /opt/airflow/dags/enrich_user_profiles_dag.py took 0.250 seconds
[2025-06-18T14:06:50.173+0000] {processor.py:161} INFO - Started process (PID=4177) to work on /opt/airflow/dags/enrich_user_profiles_dag.py
[2025-06-18T14:06:50.176+0000] {processor.py:830} INFO - Processing file /opt/airflow/dags/enrich_user_profiles_dag.py for tasks to queue
[2025-06-18T14:06:50.183+0000] {logging_mixin.py:188} INFO - [2025-06-18T14:06:50.182+0000] {dagbag.py:545} INFO - Filling up the DagBag from /opt/airflow/dags/enrich_user_profiles_dag.py
[2025-06-18T14:06:50.232+0000] {processor.py:840} INFO - DAG(s) 'enrich_user_profiles' retrieved from /opt/airflow/dags/enrich_user_profiles_dag.py
[2025-06-18T14:06:50.310+0000] {logging_mixin.py:188} INFO - [2025-06-18T14:06:50.309+0000] {dag.py:3096} INFO - Sync 1 DAGs
[2025-06-18T14:06:50.345+0000] {logging_mixin.py:188} INFO - [2025-06-18T14:06:50.344+0000] {dag.py:3954} INFO - Setting next_dagrun for enrich_user_profiles to None, run_after=None
[2025-06-18T14:06:50.395+0000] {processor.py:183} INFO - Processing /opt/airflow/dags/enrich_user_profiles_dag.py took 0.240 seconds
[2025-06-18T14:07:21.776+0000] {processor.py:161} INFO - Started process (PID=4192) to work on /opt/airflow/dags/enrich_user_profiles_dag.py
[2025-06-18T14:07:21.807+0000] {processor.py:830} INFO - Processing file /opt/airflow/dags/enrich_user_profiles_dag.py for tasks to queue
[2025-06-18T14:07:21.833+0000] {logging_mixin.py:188} INFO - [2025-06-18T14:07:21.831+0000] {dagbag.py:545} INFO - Filling up the DagBag from /opt/airflow/dags/enrich_user_profiles_dag.py
[2025-06-18T14:07:22.008+0000] {processor.py:840} INFO - DAG(s) 'enrich_user_profiles' retrieved from /opt/airflow/dags/enrich_user_profiles_dag.py
[2025-06-18T14:07:22.145+0000] {logging_mixin.py:188} INFO - [2025-06-18T14:07:22.145+0000] {dag.py:3096} INFO - Sync 1 DAGs
[2025-06-18T14:07:22.168+0000] {logging_mixin.py:188} INFO - [2025-06-18T14:07:22.167+0000] {dag.py:3954} INFO - Setting next_dagrun for enrich_user_profiles to None, run_after=None
[2025-06-18T14:07:22.253+0000] {processor.py:183} INFO - Processing /opt/airflow/dags/enrich_user_profiles_dag.py took 0.586 seconds
[2025-06-18T14:07:53.133+0000] {processor.py:161} INFO - Started process (PID=4207) to work on /opt/airflow/dags/enrich_user_profiles_dag.py
[2025-06-18T14:07:53.136+0000] {processor.py:830} INFO - Processing file /opt/airflow/dags/enrich_user_profiles_dag.py for tasks to queue
[2025-06-18T14:07:53.139+0000] {logging_mixin.py:188} INFO - [2025-06-18T14:07:53.139+0000] {dagbag.py:545} INFO - Filling up the DagBag from /opt/airflow/dags/enrich_user_profiles_dag.py
[2025-06-18T14:07:53.173+0000] {processor.py:840} INFO - DAG(s) 'enrich_user_profiles' retrieved from /opt/airflow/dags/enrich_user_profiles_dag.py
[2025-06-18T14:07:53.237+0000] {logging_mixin.py:188} INFO - [2025-06-18T14:07:53.236+0000] {dag.py:3096} INFO - Sync 1 DAGs
[2025-06-18T14:07:53.272+0000] {logging_mixin.py:188} INFO - [2025-06-18T14:07:53.272+0000] {dag.py:3954} INFO - Setting next_dagrun for enrich_user_profiles to None, run_after=None
[2025-06-18T14:07:53.312+0000] {processor.py:183} INFO - Processing /opt/airflow/dags/enrich_user_profiles_dag.py took 0.202 seconds
[2025-06-18T14:08:23.632+0000] {processor.py:161} INFO - Started process (PID=4222) to work on /opt/airflow/dags/enrich_user_profiles_dag.py
[2025-06-18T14:08:23.637+0000] {processor.py:830} INFO - Processing file /opt/airflow/dags/enrich_user_profiles_dag.py for tasks to queue
[2025-06-18T14:08:23.646+0000] {logging_mixin.py:188} INFO - [2025-06-18T14:08:23.644+0000] {dagbag.py:545} INFO - Filling up the DagBag from /opt/airflow/dags/enrich_user_profiles_dag.py
[2025-06-18T14:08:23.706+0000] {processor.py:840} INFO - DAG(s) 'enrich_user_profiles' retrieved from /opt/airflow/dags/enrich_user_profiles_dag.py
[2025-06-18T14:08:23.782+0000] {logging_mixin.py:188} INFO - [2025-06-18T14:08:23.782+0000] {dag.py:3096} INFO - Sync 1 DAGs
[2025-06-18T14:08:23.829+0000] {logging_mixin.py:188} INFO - [2025-06-18T14:08:23.829+0000] {dag.py:3954} INFO - Setting next_dagrun for enrich_user_profiles to None, run_after=None
[2025-06-18T14:08:24.019+0000] {processor.py:183} INFO - Processing /opt/airflow/dags/enrich_user_profiles_dag.py took 0.416 seconds
[2025-06-18T14:08:54.710+0000] {processor.py:161} INFO - Started process (PID=4237) to work on /opt/airflow/dags/enrich_user_profiles_dag.py
[2025-06-18T14:08:54.713+0000] {processor.py:830} INFO - Processing file /opt/airflow/dags/enrich_user_profiles_dag.py for tasks to queue
[2025-06-18T14:08:54.719+0000] {logging_mixin.py:188} INFO - [2025-06-18T14:08:54.718+0000] {dagbag.py:545} INFO - Filling up the DagBag from /opt/airflow/dags/enrich_user_profiles_dag.py
[2025-06-18T14:08:54.772+0000] {processor.py:840} INFO - DAG(s) 'enrich_user_profiles' retrieved from /opt/airflow/dags/enrich_user_profiles_dag.py
[2025-06-18T14:08:54.843+0000] {logging_mixin.py:188} INFO - [2025-06-18T14:08:54.842+0000] {dag.py:3096} INFO - Sync 1 DAGs
[2025-06-18T14:08:54.873+0000] {logging_mixin.py:188} INFO - [2025-06-18T14:08:54.872+0000] {dag.py:3954} INFO - Setting next_dagrun for enrich_user_profiles to None, run_after=None
[2025-06-18T14:08:54.929+0000] {processor.py:183} INFO - Processing /opt/airflow/dags/enrich_user_profiles_dag.py took 0.239 seconds
[2025-06-18T14:09:25.403+0000] {processor.py:161} INFO - Started process (PID=4252) to work on /opt/airflow/dags/enrich_user_profiles_dag.py
[2025-06-18T14:09:25.408+0000] {processor.py:830} INFO - Processing file /opt/airflow/dags/enrich_user_profiles_dag.py for tasks to queue
[2025-06-18T14:09:25.419+0000] {logging_mixin.py:188} INFO - [2025-06-18T14:09:25.418+0000] {dagbag.py:545} INFO - Filling up the DagBag from /opt/airflow/dags/enrich_user_profiles_dag.py
[2025-06-18T14:09:25.499+0000] {processor.py:840} INFO - DAG(s) 'enrich_user_profiles' retrieved from /opt/airflow/dags/enrich_user_profiles_dag.py
[2025-06-18T14:09:25.715+0000] {logging_mixin.py:188} INFO - [2025-06-18T14:09:25.715+0000] {dag.py:3096} INFO - Sync 1 DAGs
[2025-06-18T14:09:25.818+0000] {logging_mixin.py:188} INFO - [2025-06-18T14:09:25.817+0000] {dag.py:3954} INFO - Setting next_dagrun for enrich_user_profiles to None, run_after=None
[2025-06-18T14:09:25.930+0000] {processor.py:183} INFO - Processing /opt/airflow/dags/enrich_user_profiles_dag.py took 0.566 seconds
[2025-06-18T14:09:57.009+0000] {processor.py:161} INFO - Started process (PID=4267) to work on /opt/airflow/dags/enrich_user_profiles_dag.py
[2025-06-18T14:09:57.012+0000] {processor.py:830} INFO - Processing file /opt/airflow/dags/enrich_user_profiles_dag.py for tasks to queue
[2025-06-18T14:09:57.021+0000] {logging_mixin.py:188} INFO - [2025-06-18T14:09:57.020+0000] {dagbag.py:545} INFO - Filling up the DagBag from /opt/airflow/dags/enrich_user_profiles_dag.py
[2025-06-18T14:09:57.093+0000] {processor.py:840} INFO - DAG(s) 'enrich_user_profiles' retrieved from /opt/airflow/dags/enrich_user_profiles_dag.py
[2025-06-18T14:09:57.214+0000] {logging_mixin.py:188} INFO - [2025-06-18T14:09:57.213+0000] {dag.py:3096} INFO - Sync 1 DAGs
[2025-06-18T14:09:57.255+0000] {logging_mixin.py:188} INFO - [2025-06-18T14:09:57.254+0000] {dag.py:3954} INFO - Setting next_dagrun for enrich_user_profiles to None, run_after=None
[2025-06-18T14:09:57.310+0000] {processor.py:183} INFO - Processing /opt/airflow/dags/enrich_user_profiles_dag.py took 0.324 seconds
[2025-06-18T14:10:28.078+0000] {processor.py:161} INFO - Started process (PID=4282) to work on /opt/airflow/dags/enrich_user_profiles_dag.py
[2025-06-18T14:10:28.081+0000] {processor.py:830} INFO - Processing file /opt/airflow/dags/enrich_user_profiles_dag.py for tasks to queue
[2025-06-18T14:10:28.088+0000] {logging_mixin.py:188} INFO - [2025-06-18T14:10:28.087+0000] {dagbag.py:545} INFO - Filling up the DagBag from /opt/airflow/dags/enrich_user_profiles_dag.py
[2025-06-18T14:10:28.153+0000] {processor.py:840} INFO - DAG(s) 'enrich_user_profiles' retrieved from /opt/airflow/dags/enrich_user_profiles_dag.py
[2025-06-18T14:10:28.203+0000] {logging_mixin.py:188} INFO - [2025-06-18T14:10:28.203+0000] {dag.py:3096} INFO - Sync 1 DAGs
[2025-06-18T14:10:28.224+0000] {logging_mixin.py:188} INFO - [2025-06-18T14:10:28.223+0000] {dag.py:3954} INFO - Setting next_dagrun for enrich_user_profiles to None, run_after=None
[2025-06-18T14:10:28.250+0000] {processor.py:183} INFO - Processing /opt/airflow/dags/enrich_user_profiles_dag.py took 0.190 seconds
[2025-06-18T14:10:58.964+0000] {processor.py:161} INFO - Started process (PID=4297) to work on /opt/airflow/dags/enrich_user_profiles_dag.py
[2025-06-18T14:10:58.965+0000] {processor.py:830} INFO - Processing file /opt/airflow/dags/enrich_user_profiles_dag.py for tasks to queue
[2025-06-18T14:10:58.968+0000] {logging_mixin.py:188} INFO - [2025-06-18T14:10:58.968+0000] {dagbag.py:545} INFO - Filling up the DagBag from /opt/airflow/dags/enrich_user_profiles_dag.py
[2025-06-18T14:10:58.994+0000] {processor.py:840} INFO - DAG(s) 'enrich_user_profiles' retrieved from /opt/airflow/dags/enrich_user_profiles_dag.py
[2025-06-18T14:10:59.052+0000] {logging_mixin.py:188} INFO - [2025-06-18T14:10:59.052+0000] {dag.py:3096} INFO - Sync 1 DAGs
[2025-06-18T14:10:59.089+0000] {logging_mixin.py:188} INFO - [2025-06-18T14:10:59.089+0000] {dag.py:3954} INFO - Setting next_dagrun for enrich_user_profiles to None, run_after=None
[2025-06-18T14:10:59.136+0000] {processor.py:183} INFO - Processing /opt/airflow/dags/enrich_user_profiles_dag.py took 0.181 seconds
[2025-06-18T14:12:30.692+0000] {processor.py:161} INFO - Started process (PID=161) to work on /opt/airflow/dags/enrich_user_profiles_dag.py
[2025-06-18T14:12:30.725+0000] {processor.py:830} INFO - Processing file /opt/airflow/dags/enrich_user_profiles_dag.py for tasks to queue
[2025-06-18T14:12:30.799+0000] {logging_mixin.py:188} INFO - [2025-06-18T14:12:30.790+0000] {dagbag.py:545} INFO - Filling up the DagBag from /opt/airflow/dags/enrich_user_profiles_dag.py
[2025-06-18T14:12:31.024+0000] {processor.py:840} INFO - DAG(s) 'enrich_user_profiles' retrieved from /opt/airflow/dags/enrich_user_profiles_dag.py
[2025-06-18T14:12:31.998+0000] {logging_mixin.py:188} INFO - [2025-06-18T14:12:31.997+0000] {dag.py:3096} INFO - Sync 1 DAGs
[2025-06-18T14:12:32.132+0000] {logging_mixin.py:188} INFO - [2025-06-18T14:12:32.132+0000] {dag.py:3954} INFO - Setting next_dagrun for enrich_user_profiles to None, run_after=None
[2025-06-18T14:12:32.275+0000] {processor.py:183} INFO - Processing /opt/airflow/dags/enrich_user_profiles_dag.py took 1.849 seconds
[2025-06-18T14:13:02.869+0000] {processor.py:161} INFO - Started process (PID=178) to work on /opt/airflow/dags/enrich_user_profiles_dag.py
[2025-06-18T14:13:02.893+0000] {processor.py:830} INFO - Processing file /opt/airflow/dags/enrich_user_profiles_dag.py for tasks to queue
[2025-06-18T14:13:03.189+0000] {logging_mixin.py:188} INFO - [2025-06-18T14:13:03.149+0000] {dagbag.py:545} INFO - Filling up the DagBag from /opt/airflow/dags/enrich_user_profiles_dag.py
[2025-06-18T14:13:04.003+0000] {processor.py:840} INFO - DAG(s) 'enrich_user_profiles' retrieved from /opt/airflow/dags/enrich_user_profiles_dag.py
[2025-06-18T14:13:04.784+0000] {logging_mixin.py:188} INFO - [2025-06-18T14:13:04.784+0000] {dag.py:3096} INFO - Sync 1 DAGs
[2025-06-18T14:13:04.808+0000] {logging_mixin.py:188} INFO - [2025-06-18T14:13:04.808+0000] {dag.py:3954} INFO - Setting next_dagrun for enrich_user_profiles to None, run_after=None
[2025-06-18T14:13:04.859+0000] {processor.py:183} INFO - Processing /opt/airflow/dags/enrich_user_profiles_dag.py took 2.155 seconds
[2025-06-18T14:13:36.116+0000] {processor.py:161} INFO - Started process (PID=201) to work on /opt/airflow/dags/enrich_user_profiles_dag.py
[2025-06-18T14:13:36.121+0000] {processor.py:830} INFO - Processing file /opt/airflow/dags/enrich_user_profiles_dag.py for tasks to queue
[2025-06-18T14:13:36.139+0000] {logging_mixin.py:188} INFO - [2025-06-18T14:13:36.135+0000] {dagbag.py:545} INFO - Filling up the DagBag from /opt/airflow/dags/enrich_user_profiles_dag.py
[2025-06-18T14:13:36.279+0000] {processor.py:840} INFO - DAG(s) 'enrich_user_profiles' retrieved from /opt/airflow/dags/enrich_user_profiles_dag.py
[2025-06-18T14:13:36.499+0000] {logging_mixin.py:188} INFO - [2025-06-18T14:13:36.498+0000] {dag.py:3096} INFO - Sync 1 DAGs
[2025-06-18T14:13:36.646+0000] {logging_mixin.py:188} INFO - [2025-06-18T14:13:36.646+0000] {dag.py:3954} INFO - Setting next_dagrun for enrich_user_profiles to None, run_after=None
[2025-06-18T14:13:37.293+0000] {processor.py:183} INFO - Processing /opt/airflow/dags/enrich_user_profiles_dag.py took 1.242 seconds
[2025-06-18T14:14:08.315+0000] {processor.py:161} INFO - Started process (PID=218) to work on /opt/airflow/dags/enrich_user_profiles_dag.py
[2025-06-18T14:14:08.320+0000] {processor.py:830} INFO - Processing file /opt/airflow/dags/enrich_user_profiles_dag.py for tasks to queue
[2025-06-18T14:14:08.328+0000] {logging_mixin.py:188} INFO - [2025-06-18T14:14:08.325+0000] {dagbag.py:545} INFO - Filling up the DagBag from /opt/airflow/dags/enrich_user_profiles_dag.py
[2025-06-18T14:14:08.360+0000] {processor.py:840} INFO - DAG(s) 'enrich_user_profiles' retrieved from /opt/airflow/dags/enrich_user_profiles_dag.py
[2025-06-18T14:14:09.096+0000] {logging_mixin.py:188} INFO - [2025-06-18T14:14:09.096+0000] {dag.py:3096} INFO - Sync 1 DAGs
[2025-06-18T14:14:09.133+0000] {logging_mixin.py:188} INFO - [2025-06-18T14:14:09.132+0000] {dag.py:3954} INFO - Setting next_dagrun for enrich_user_profiles to None, run_after=None
[2025-06-18T14:14:11.511+0000] {processor.py:183} INFO - Processing /opt/airflow/dags/enrich_user_profiles_dag.py took 3.224 seconds
[2025-06-18T14:14:42.033+0000] {processor.py:161} INFO - Started process (PID=238) to work on /opt/airflow/dags/enrich_user_profiles_dag.py
[2025-06-18T14:14:42.048+0000] {processor.py:830} INFO - Processing file /opt/airflow/dags/enrich_user_profiles_dag.py for tasks to queue
[2025-06-18T14:14:42.133+0000] {logging_mixin.py:188} INFO - [2025-06-18T14:14:42.132+0000] {dagbag.py:545} INFO - Filling up the DagBag from /opt/airflow/dags/enrich_user_profiles_dag.py
[2025-06-18T14:14:42.236+0000] {processor.py:840} INFO - DAG(s) 'enrich_user_profiles' retrieved from /opt/airflow/dags/enrich_user_profiles_dag.py
[2025-06-18T14:14:42.476+0000] {logging_mixin.py:188} INFO - [2025-06-18T14:14:42.475+0000] {dag.py:3096} INFO - Sync 1 DAGs
[2025-06-18T14:14:42.601+0000] {logging_mixin.py:188} INFO - [2025-06-18T14:14:42.600+0000] {dag.py:3954} INFO - Setting next_dagrun for enrich_user_profiles to None, run_after=None
[2025-06-18T14:14:42.849+0000] {processor.py:183} INFO - Processing /opt/airflow/dags/enrich_user_profiles_dag.py took 0.828 seconds
[2025-06-18T14:15:13.645+0000] {processor.py:161} INFO - Started process (PID=258) to work on /opt/airflow/dags/enrich_user_profiles_dag.py
[2025-06-18T14:15:13.648+0000] {processor.py:830} INFO - Processing file /opt/airflow/dags/enrich_user_profiles_dag.py for tasks to queue
[2025-06-18T14:15:13.652+0000] {logging_mixin.py:188} INFO - [2025-06-18T14:15:13.651+0000] {dagbag.py:545} INFO - Filling up the DagBag from /opt/airflow/dags/enrich_user_profiles_dag.py
[2025-06-18T14:15:13.685+0000] {processor.py:840} INFO - DAG(s) 'enrich_user_profiles' retrieved from /opt/airflow/dags/enrich_user_profiles_dag.py
[2025-06-18T14:15:14.203+0000] {logging_mixin.py:188} INFO - [2025-06-18T14:15:14.203+0000] {dag.py:3096} INFO - Sync 1 DAGs
[2025-06-18T14:15:14.215+0000] {logging_mixin.py:188} INFO - [2025-06-18T14:15:14.215+0000] {dag.py:3954} INFO - Setting next_dagrun for enrich_user_profiles to None, run_after=None
[2025-06-18T14:15:14.249+0000] {processor.py:183} INFO - Processing /opt/airflow/dags/enrich_user_profiles_dag.py took 0.616 seconds
[2025-06-18T19:08:31.010+0000] {processor.py:161} INFO - Started process (PID=161) to work on /opt/airflow/dags/enrich_user_profiles_dag.py
[2025-06-18T19:08:31.085+0000] {processor.py:830} INFO - Processing file /opt/airflow/dags/enrich_user_profiles_dag.py for tasks to queue
[2025-06-18T19:08:31.275+0000] {logging_mixin.py:188} INFO - [2025-06-18T19:08:31.274+0000] {dagbag.py:545} INFO - Filling up the DagBag from /opt/airflow/dags/enrich_user_profiles_dag.py
[2025-06-18T19:08:32.404+0000] {processor.py:840} INFO - DAG(s) 'enrich_user_profiles' retrieved from /opt/airflow/dags/enrich_user_profiles_dag.py
[2025-06-18T19:08:33.612+0000] {logging_mixin.py:188} INFO - [2025-06-18T19:08:33.612+0000] {dag.py:3096} INFO - Sync 1 DAGs
[2025-06-18T19:08:33.823+0000] {logging_mixin.py:188} INFO - [2025-06-18T19:08:33.823+0000] {dag.py:3954} INFO - Setting next_dagrun for enrich_user_profiles to None, run_after=None
[2025-06-18T19:08:34.246+0000] {processor.py:183} INFO - Processing /opt/airflow/dags/enrich_user_profiles_dag.py took 3.600 seconds
[2025-06-18T19:09:04.733+0000] {processor.py:161} INFO - Started process (PID=178) to work on /opt/airflow/dags/enrich_user_profiles_dag.py
[2025-06-18T19:09:04.739+0000] {processor.py:830} INFO - Processing file /opt/airflow/dags/enrich_user_profiles_dag.py for tasks to queue
[2025-06-18T19:09:04.751+0000] {logging_mixin.py:188} INFO - [2025-06-18T19:09:04.749+0000] {dagbag.py:545} INFO - Filling up the DagBag from /opt/airflow/dags/enrich_user_profiles_dag.py
[2025-06-18T19:09:04.824+0000] {processor.py:840} INFO - DAG(s) 'enrich_user_profiles' retrieved from /opt/airflow/dags/enrich_user_profiles_dag.py
[2025-06-18T19:09:05.289+0000] {logging_mixin.py:188} INFO - [2025-06-18T19:09:05.288+0000] {dag.py:3096} INFO - Sync 1 DAGs
[2025-06-18T19:09:05.338+0000] {logging_mixin.py:188} INFO - [2025-06-18T19:09:05.338+0000] {dag.py:3954} INFO - Setting next_dagrun for enrich_user_profiles to None, run_after=None
[2025-06-18T19:09:05.412+0000] {processor.py:183} INFO - Processing /opt/airflow/dags/enrich_user_profiles_dag.py took 0.705 seconds
[2025-06-18T19:09:36.212+0000] {processor.py:161} INFO - Started process (PID=198) to work on /opt/airflow/dags/enrich_user_profiles_dag.py
[2025-06-18T19:09:36.222+0000] {processor.py:830} INFO - Processing file /opt/airflow/dags/enrich_user_profiles_dag.py for tasks to queue
[2025-06-18T19:09:36.340+0000] {logging_mixin.py:188} INFO - [2025-06-18T19:09:36.317+0000] {dagbag.py:545} INFO - Filling up the DagBag from /opt/airflow/dags/enrich_user_profiles_dag.py
[2025-06-18T19:09:36.656+0000] {processor.py:840} INFO - DAG(s) 'enrich_user_profiles' retrieved from /opt/airflow/dags/enrich_user_profiles_dag.py
[2025-06-18T19:09:37.305+0000] {logging_mixin.py:188} INFO - [2025-06-18T19:09:37.304+0000] {dag.py:3096} INFO - Sync 1 DAGs
[2025-06-18T19:09:37.389+0000] {logging_mixin.py:188} INFO - [2025-06-18T19:09:37.389+0000] {dag.py:3954} INFO - Setting next_dagrun for enrich_user_profiles to None, run_after=None
[2025-06-18T19:09:37.498+0000] {processor.py:183} INFO - Processing /opt/airflow/dags/enrich_user_profiles_dag.py took 1.529 seconds
[2025-06-18T19:10:07.796+0000] {processor.py:161} INFO - Started process (PID=223) to work on /opt/airflow/dags/enrich_user_profiles_dag.py
[2025-06-18T19:10:07.809+0000] {processor.py:830} INFO - Processing file /opt/airflow/dags/enrich_user_profiles_dag.py for tasks to queue
[2025-06-18T19:10:07.821+0000] {logging_mixin.py:188} INFO - [2025-06-18T19:10:07.818+0000] {dagbag.py:545} INFO - Filling up the DagBag from /opt/airflow/dags/enrich_user_profiles_dag.py
[2025-06-18T19:10:08.018+0000] {processor.py:840} INFO - DAG(s) 'enrich_user_profiles' retrieved from /opt/airflow/dags/enrich_user_profiles_dag.py
[2025-06-18T19:10:08.308+0000] {logging_mixin.py:188} INFO - [2025-06-18T19:10:08.295+0000] {dag.py:3096} INFO - Sync 1 DAGs
[2025-06-18T19:10:08.645+0000] {logging_mixin.py:188} INFO - [2025-06-18T19:10:08.639+0000] {dag.py:3954} INFO - Setting next_dagrun for enrich_user_profiles to None, run_after=None
[2025-06-18T19:10:09.006+0000] {processor.py:183} INFO - Processing /opt/airflow/dags/enrich_user_profiles_dag.py took 1.232 seconds
[2025-06-18T19:10:39.993+0000] {processor.py:161} INFO - Started process (PID=243) to work on /opt/airflow/dags/enrich_user_profiles_dag.py
[2025-06-18T19:10:40.004+0000] {processor.py:830} INFO - Processing file /opt/airflow/dags/enrich_user_profiles_dag.py for tasks to queue
[2025-06-18T19:10:40.022+0000] {logging_mixin.py:188} INFO - [2025-06-18T19:10:40.019+0000] {dagbag.py:545} INFO - Filling up the DagBag from /opt/airflow/dags/enrich_user_profiles_dag.py
[2025-06-18T19:10:40.201+0000] {processor.py:840} INFO - DAG(s) 'enrich_user_profiles' retrieved from /opt/airflow/dags/enrich_user_profiles_dag.py
[2025-06-18T19:10:40.963+0000] {logging_mixin.py:188} INFO - [2025-06-18T19:10:40.963+0000] {dag.py:3096} INFO - Sync 1 DAGs
[2025-06-18T19:10:42.682+0000] {logging_mixin.py:188} INFO - [2025-06-18T19:10:42.681+0000] {dag.py:3954} INFO - Setting next_dagrun for enrich_user_profiles to None, run_after=None
[2025-06-18T19:10:42.760+0000] {processor.py:183} INFO - Processing /opt/airflow/dags/enrich_user_profiles_dag.py took 2.873 seconds
[2025-06-18T19:11:13.432+0000] {processor.py:161} INFO - Started process (PID=268) to work on /opt/airflow/dags/enrich_user_profiles_dag.py
[2025-06-18T19:11:13.437+0000] {processor.py:830} INFO - Processing file /opt/airflow/dags/enrich_user_profiles_dag.py for tasks to queue
[2025-06-18T19:11:13.442+0000] {logging_mixin.py:188} INFO - [2025-06-18T19:11:13.441+0000] {dagbag.py:545} INFO - Filling up the DagBag from /opt/airflow/dags/enrich_user_profiles_dag.py
[2025-06-18T19:11:13.710+0000] {processor.py:840} INFO - DAG(s) 'enrich_user_profiles' retrieved from /opt/airflow/dags/enrich_user_profiles_dag.py
[2025-06-18T19:11:13.878+0000] {logging_mixin.py:188} INFO - [2025-06-18T19:11:13.877+0000] {dag.py:3096} INFO - Sync 1 DAGs
[2025-06-18T19:11:13.953+0000] {logging_mixin.py:188} INFO - [2025-06-18T19:11:13.946+0000] {dag.py:3954} INFO - Setting next_dagrun for enrich_user_profiles to None, run_after=None
[2025-06-18T19:11:14.052+0000] {processor.py:183} INFO - Processing /opt/airflow/dags/enrich_user_profiles_dag.py took 0.642 seconds
[2025-06-18T19:11:44.728+0000] {processor.py:161} INFO - Started process (PID=288) to work on /opt/airflow/dags/enrich_user_profiles_dag.py
[2025-06-18T19:11:44.731+0000] {processor.py:830} INFO - Processing file /opt/airflow/dags/enrich_user_profiles_dag.py for tasks to queue
[2025-06-18T19:11:44.746+0000] {logging_mixin.py:188} INFO - [2025-06-18T19:11:44.745+0000] {dagbag.py:545} INFO - Filling up the DagBag from /opt/airflow/dags/enrich_user_profiles_dag.py
[2025-06-18T19:11:44.852+0000] {processor.py:840} INFO - DAG(s) 'enrich_user_profiles' retrieved from /opt/airflow/dags/enrich_user_profiles_dag.py
[2025-06-18T19:11:44.915+0000] {logging_mixin.py:188} INFO - [2025-06-18T19:11:44.915+0000] {dag.py:3096} INFO - Sync 1 DAGs
[2025-06-18T19:11:44.980+0000] {logging_mixin.py:188} INFO - [2025-06-18T19:11:44.980+0000] {dag.py:3954} INFO - Setting next_dagrun for enrich_user_profiles to None, run_after=None
[2025-06-18T19:11:45.051+0000] {processor.py:183} INFO - Processing /opt/airflow/dags/enrich_user_profiles_dag.py took 0.341 seconds
[2025-06-18T19:12:15.262+0000] {processor.py:161} INFO - Started process (PID=308) to work on /opt/airflow/dags/enrich_user_profiles_dag.py
[2025-06-18T19:12:15.264+0000] {processor.py:830} INFO - Processing file /opt/airflow/dags/enrich_user_profiles_dag.py for tasks to queue
[2025-06-18T19:12:15.267+0000] {logging_mixin.py:188} INFO - [2025-06-18T19:12:15.266+0000] {dagbag.py:545} INFO - Filling up the DagBag from /opt/airflow/dags/enrich_user_profiles_dag.py
[2025-06-18T19:12:15.291+0000] {processor.py:840} INFO - DAG(s) 'enrich_user_profiles' retrieved from /opt/airflow/dags/enrich_user_profiles_dag.py
[2025-06-18T19:12:15.738+0000] {logging_mixin.py:188} INFO - [2025-06-18T19:12:15.737+0000] {dag.py:3096} INFO - Sync 1 DAGs
[2025-06-18T19:12:15.751+0000] {logging_mixin.py:188} INFO - [2025-06-18T19:12:15.750+0000] {dag.py:3954} INFO - Setting next_dagrun for enrich_user_profiles to None, run_after=None
[2025-06-18T19:12:15.788+0000] {processor.py:183} INFO - Processing /opt/airflow/dags/enrich_user_profiles_dag.py took 0.535 seconds
[2025-06-18T19:12:46.326+0000] {processor.py:161} INFO - Started process (PID=328) to work on /opt/airflow/dags/enrich_user_profiles_dag.py
[2025-06-18T19:12:46.329+0000] {processor.py:830} INFO - Processing file /opt/airflow/dags/enrich_user_profiles_dag.py for tasks to queue
[2025-06-18T19:12:46.342+0000] {logging_mixin.py:188} INFO - [2025-06-18T19:12:46.341+0000] {dagbag.py:545} INFO - Filling up the DagBag from /opt/airflow/dags/enrich_user_profiles_dag.py
[2025-06-18T19:12:46.406+0000] {processor.py:840} INFO - DAG(s) 'enrich_user_profiles' retrieved from /opt/airflow/dags/enrich_user_profiles_dag.py
[2025-06-18T19:12:46.508+0000] {logging_mixin.py:188} INFO - [2025-06-18T19:12:46.508+0000] {dag.py:3096} INFO - Sync 1 DAGs
[2025-06-18T19:12:46.535+0000] {logging_mixin.py:188} INFO - [2025-06-18T19:12:46.534+0000] {dag.py:3954} INFO - Setting next_dagrun for enrich_user_profiles to None, run_after=None
[2025-06-18T19:12:46.580+0000] {processor.py:183} INFO - Processing /opt/airflow/dags/enrich_user_profiles_dag.py took 0.281 seconds
[2025-06-18T19:13:16.979+0000] {processor.py:161} INFO - Started process (PID=351) to work on /opt/airflow/dags/enrich_user_profiles_dag.py
[2025-06-18T19:13:16.981+0000] {processor.py:830} INFO - Processing file /opt/airflow/dags/enrich_user_profiles_dag.py for tasks to queue
[2025-06-18T19:13:16.986+0000] {logging_mixin.py:188} INFO - [2025-06-18T19:13:16.985+0000] {dagbag.py:545} INFO - Filling up the DagBag from /opt/airflow/dags/enrich_user_profiles_dag.py
[2025-06-18T19:13:17.059+0000] {processor.py:840} INFO - DAG(s) 'enrich_user_profiles' retrieved from /opt/airflow/dags/enrich_user_profiles_dag.py
[2025-06-18T19:13:17.090+0000] {logging_mixin.py:188} INFO - [2025-06-18T19:13:17.089+0000] {dag.py:3096} INFO - Sync 1 DAGs
[2025-06-18T19:13:17.117+0000] {logging_mixin.py:188} INFO - [2025-06-18T19:13:17.117+0000] {dag.py:3954} INFO - Setting next_dagrun for enrich_user_profiles to None, run_after=None
[2025-06-18T19:13:17.182+0000] {processor.py:183} INFO - Processing /opt/airflow/dags/enrich_user_profiles_dag.py took 0.217 seconds
[2025-06-18T19:13:50.262+0000] {processor.py:161} INFO - Started process (PID=373) to work on /opt/airflow/dags/enrich_user_profiles_dag.py
[2025-06-18T19:13:50.264+0000] {processor.py:830} INFO - Processing file /opt/airflow/dags/enrich_user_profiles_dag.py for tasks to queue
[2025-06-18T19:13:50.269+0000] {logging_mixin.py:188} INFO - [2025-06-18T19:13:50.267+0000] {dagbag.py:545} INFO - Filling up the DagBag from /opt/airflow/dags/enrich_user_profiles_dag.py
[2025-06-18T19:13:50.309+0000] {processor.py:840} INFO - DAG(s) 'enrich_user_profiles' retrieved from /opt/airflow/dags/enrich_user_profiles_dag.py
[2025-06-18T19:13:50.979+0000] {logging_mixin.py:188} INFO - [2025-06-18T19:13:50.978+0000] {dag.py:3096} INFO - Sync 1 DAGs
[2025-06-18T19:13:51.007+0000] {logging_mixin.py:188} INFO - [2025-06-18T19:13:51.007+0000] {dag.py:3954} INFO - Setting next_dagrun for enrich_user_profiles to None, run_after=None
[2025-06-18T19:13:51.063+0000] {processor.py:183} INFO - Processing /opt/airflow/dags/enrich_user_profiles_dag.py took 0.813 seconds
[2025-06-18T19:14:27.764+0000] {processor.py:161} INFO - Started process (PID=393) to work on /opt/airflow/dags/enrich_user_profiles_dag.py
[2025-06-18T19:14:27.776+0000] {processor.py:830} INFO - Processing file /opt/airflow/dags/enrich_user_profiles_dag.py for tasks to queue
[2025-06-18T19:14:27.799+0000] {logging_mixin.py:188} INFO - [2025-06-18T19:14:27.799+0000] {dagbag.py:545} INFO - Filling up the DagBag from /opt/airflow/dags/enrich_user_profiles_dag.py
[2025-06-18T19:14:27.956+0000] {processor.py:840} INFO - DAG(s) 'enrich_user_profiles' retrieved from /opt/airflow/dags/enrich_user_profiles_dag.py
[2025-06-18T19:14:28.139+0000] {logging_mixin.py:188} INFO - [2025-06-18T19:14:28.139+0000] {dag.py:3096} INFO - Sync 1 DAGs
[2025-06-18T19:14:29.056+0000] {logging_mixin.py:188} INFO - [2025-06-18T19:14:29.056+0000] {dag.py:3954} INFO - Setting next_dagrun for enrich_user_profiles to None, run_after=None
[2025-06-18T19:14:29.183+0000] {processor.py:183} INFO - Processing /opt/airflow/dags/enrich_user_profiles_dag.py took 1.452 seconds
[2025-06-18T19:15:00.493+0000] {processor.py:161} INFO - Started process (PID=411) to work on /opt/airflow/dags/enrich_user_profiles_dag.py
[2025-06-18T19:15:00.497+0000] {processor.py:830} INFO - Processing file /opt/airflow/dags/enrich_user_profiles_dag.py for tasks to queue
[2025-06-18T19:15:00.515+0000] {logging_mixin.py:188} INFO - [2025-06-18T19:15:00.512+0000] {dagbag.py:545} INFO - Filling up the DagBag from /opt/airflow/dags/enrich_user_profiles_dag.py
[2025-06-18T19:15:00.578+0000] {processor.py:840} INFO - DAG(s) 'enrich_user_profiles' retrieved from /opt/airflow/dags/enrich_user_profiles_dag.py
[2025-06-18T19:15:00.609+0000] {logging_mixin.py:188} INFO - [2025-06-18T19:15:00.609+0000] {dag.py:3096} INFO - Sync 1 DAGs
[2025-06-18T19:15:00.883+0000] {logging_mixin.py:188} INFO - [2025-06-18T19:15:00.882+0000] {dag.py:3954} INFO - Setting next_dagrun for enrich_user_profiles to None, run_after=None
[2025-06-18T19:15:00.928+0000] {processor.py:183} INFO - Processing /opt/airflow/dags/enrich_user_profiles_dag.py took 0.462 seconds
[2025-06-18T19:15:31.050+0000] {processor.py:161} INFO - Started process (PID=428) to work on /opt/airflow/dags/enrich_user_profiles_dag.py
[2025-06-18T19:15:31.052+0000] {processor.py:830} INFO - Processing file /opt/airflow/dags/enrich_user_profiles_dag.py for tasks to queue
[2025-06-18T19:15:31.059+0000] {logging_mixin.py:188} INFO - [2025-06-18T19:15:31.058+0000] {dagbag.py:545} INFO - Filling up the DagBag from /opt/airflow/dags/enrich_user_profiles_dag.py
[2025-06-18T19:15:31.090+0000] {processor.py:840} INFO - DAG(s) 'enrich_user_profiles' retrieved from /opt/airflow/dags/enrich_user_profiles_dag.py
[2025-06-18T19:15:31.319+0000] {logging_mixin.py:188} INFO - [2025-06-18T19:15:31.318+0000] {dag.py:3096} INFO - Sync 1 DAGs
[2025-06-18T19:15:31.335+0000] {logging_mixin.py:188} INFO - [2025-06-18T19:15:31.335+0000] {dag.py:3954} INFO - Setting next_dagrun for enrich_user_profiles to None, run_after=None
[2025-06-18T19:15:31.368+0000] {processor.py:183} INFO - Processing /opt/airflow/dags/enrich_user_profiles_dag.py took 0.332 seconds
[2025-06-18T19:16:21.278+0000] {processor.py:161} INFO - Started process (PID=160) to work on /opt/airflow/dags/enrich_user_profiles_dag.py
[2025-06-18T19:16:21.301+0000] {processor.py:830} INFO - Processing file /opt/airflow/dags/enrich_user_profiles_dag.py for tasks to queue
[2025-06-18T19:16:21.386+0000] {logging_mixin.py:188} INFO - [2025-06-18T19:16:21.384+0000] {dagbag.py:545} INFO - Filling up the DagBag from /opt/airflow/dags/enrich_user_profiles_dag.py
[2025-06-18T19:16:21.849+0000] {processor.py:840} INFO - DAG(s) 'enrich_user_profiles' retrieved from /opt/airflow/dags/enrich_user_profiles_dag.py
[2025-06-18T19:16:22.500+0000] {logging_mixin.py:188} INFO - [2025-06-18T19:16:22.500+0000] {dag.py:3096} INFO - Sync 1 DAGs
[2025-06-18T19:16:22.766+0000] {logging_mixin.py:188} INFO - [2025-06-18T19:16:22.766+0000] {dag.py:3954} INFO - Setting next_dagrun for enrich_user_profiles to None, run_after=None
[2025-06-18T19:16:23.147+0000] {processor.py:183} INFO - Processing /opt/airflow/dags/enrich_user_profiles_dag.py took 1.972 seconds
[2025-06-18T19:16:53.442+0000] {processor.py:161} INFO - Started process (PID=177) to work on /opt/airflow/dags/enrich_user_profiles_dag.py
[2025-06-18T19:16:53.445+0000] {processor.py:830} INFO - Processing file /opt/airflow/dags/enrich_user_profiles_dag.py for tasks to queue
[2025-06-18T19:16:53.450+0000] {logging_mixin.py:188} INFO - [2025-06-18T19:16:53.449+0000] {dagbag.py:545} INFO - Filling up the DagBag from /opt/airflow/dags/enrich_user_profiles_dag.py
[2025-06-18T19:16:53.497+0000] {processor.py:840} INFO - DAG(s) 'enrich_user_profiles' retrieved from /opt/airflow/dags/enrich_user_profiles_dag.py
[2025-06-18T19:16:53.716+0000] {logging_mixin.py:188} INFO - [2025-06-18T19:16:53.716+0000] {dag.py:3096} INFO - Sync 1 DAGs
[2025-06-18T19:16:53.733+0000] {logging_mixin.py:188} INFO - [2025-06-18T19:16:53.733+0000] {dag.py:3954} INFO - Setting next_dagrun for enrich_user_profiles to None, run_after=None
[2025-06-18T19:16:53.766+0000] {processor.py:183} INFO - Processing /opt/airflow/dags/enrich_user_profiles_dag.py took 0.342 seconds
[2025-06-18T19:17:24.834+0000] {processor.py:161} INFO - Started process (PID=200) to work on /opt/airflow/dags/enrich_user_profiles_dag.py
[2025-06-18T19:17:24.846+0000] {processor.py:830} INFO - Processing file /opt/airflow/dags/enrich_user_profiles_dag.py for tasks to queue
[2025-06-18T19:17:24.890+0000] {logging_mixin.py:188} INFO - [2025-06-18T19:17:24.877+0000] {dagbag.py:545} INFO - Filling up the DagBag from /opt/airflow/dags/enrich_user_profiles_dag.py
[2025-06-18T19:17:25.025+0000] {processor.py:840} INFO - DAG(s) 'enrich_user_profiles' retrieved from /opt/airflow/dags/enrich_user_profiles_dag.py
[2025-06-18T19:17:25.345+0000] {logging_mixin.py:188} INFO - [2025-06-18T19:17:25.345+0000] {dag.py:3096} INFO - Sync 1 DAGs
[2025-06-18T19:17:25.421+0000] {logging_mixin.py:188} INFO - [2025-06-18T19:17:25.420+0000] {dag.py:3954} INFO - Setting next_dagrun for enrich_user_profiles to None, run_after=None
[2025-06-18T19:17:25.503+0000] {processor.py:183} INFO - Processing /opt/airflow/dags/enrich_user_profiles_dag.py took 0.810 seconds
[2025-06-18T19:17:56.293+0000] {processor.py:161} INFO - Started process (PID=220) to work on /opt/airflow/dags/enrich_user_profiles_dag.py
[2025-06-18T19:17:56.298+0000] {processor.py:830} INFO - Processing file /opt/airflow/dags/enrich_user_profiles_dag.py for tasks to queue
[2025-06-18T19:17:56.310+0000] {logging_mixin.py:188} INFO - [2025-06-18T19:17:56.305+0000] {dagbag.py:545} INFO - Filling up the DagBag from /opt/airflow/dags/enrich_user_profiles_dag.py
[2025-06-18T19:17:56.370+0000] {processor.py:840} INFO - DAG(s) 'enrich_user_profiles' retrieved from /opt/airflow/dags/enrich_user_profiles_dag.py
[2025-06-18T19:17:56.611+0000] {logging_mixin.py:188} INFO - [2025-06-18T19:17:56.611+0000] {dag.py:3096} INFO - Sync 1 DAGs
[2025-06-18T19:17:56.633+0000] {logging_mixin.py:188} INFO - [2025-06-18T19:17:56.633+0000] {dag.py:3954} INFO - Setting next_dagrun for enrich_user_profiles to None, run_after=None
[2025-06-18T19:17:57.316+0000] {processor.py:183} INFO - Processing /opt/airflow/dags/enrich_user_profiles_dag.py took 1.046 seconds
[2025-06-18T19:18:28.536+0000] {processor.py:161} INFO - Started process (PID=245) to work on /opt/airflow/dags/enrich_user_profiles_dag.py
[2025-06-18T19:18:28.599+0000] {processor.py:830} INFO - Processing file /opt/airflow/dags/enrich_user_profiles_dag.py for tasks to queue
[2025-06-18T19:18:28.664+0000] {logging_mixin.py:188} INFO - [2025-06-18T19:18:28.659+0000] {dagbag.py:545} INFO - Filling up the DagBag from /opt/airflow/dags/enrich_user_profiles_dag.py
[2025-06-18T19:18:28.812+0000] {processor.py:840} INFO - DAG(s) 'enrich_user_profiles' retrieved from /opt/airflow/dags/enrich_user_profiles_dag.py
[2025-06-18T19:18:28.996+0000] {logging_mixin.py:188} INFO - [2025-06-18T19:18:28.996+0000] {dag.py:3096} INFO - Sync 1 DAGs
[2025-06-18T19:18:29.113+0000] {logging_mixin.py:188} INFO - [2025-06-18T19:18:29.112+0000] {dag.py:3954} INFO - Setting next_dagrun for enrich_user_profiles to None, run_after=None
[2025-06-18T19:18:29.239+0000] {processor.py:183} INFO - Processing /opt/airflow/dags/enrich_user_profiles_dag.py took 1.281 seconds
[2025-06-18T19:19:00.403+0000] {processor.py:161} INFO - Started process (PID=265) to work on /opt/airflow/dags/enrich_user_profiles_dag.py
[2025-06-18T19:19:00.411+0000] {processor.py:830} INFO - Processing file /opt/airflow/dags/enrich_user_profiles_dag.py for tasks to queue
[2025-06-18T19:19:00.414+0000] {logging_mixin.py:188} INFO - [2025-06-18T19:19:00.413+0000] {dagbag.py:545} INFO - Filling up the DagBag from /opt/airflow/dags/enrich_user_profiles_dag.py
[2025-06-18T19:19:00.464+0000] {processor.py:840} INFO - DAG(s) 'enrich_user_profiles' retrieved from /opt/airflow/dags/enrich_user_profiles_dag.py
[2025-06-18T19:19:00.901+0000] {logging_mixin.py:188} INFO - [2025-06-18T19:19:00.901+0000] {dag.py:3096} INFO - Sync 1 DAGs
[2025-06-18T19:19:00.914+0000] {logging_mixin.py:188} INFO - [2025-06-18T19:19:00.914+0000] {dag.py:3954} INFO - Setting next_dagrun for enrich_user_profiles to None, run_after=None
[2025-06-18T19:19:00.948+0000] {processor.py:183} INFO - Processing /opt/airflow/dags/enrich_user_profiles_dag.py took 0.557 seconds
[2025-06-18T19:19:52.876+0000] {processor.py:161} INFO - Started process (PID=160) to work on /opt/airflow/dags/enrich_user_profiles_dag.py
[2025-06-18T19:19:52.881+0000] {processor.py:830} INFO - Processing file /opt/airflow/dags/enrich_user_profiles_dag.py for tasks to queue
[2025-06-18T19:19:52.899+0000] {logging_mixin.py:188} INFO - [2025-06-18T19:19:52.898+0000] {dagbag.py:545} INFO - Filling up the DagBag from /opt/airflow/dags/enrich_user_profiles_dag.py
[2025-06-18T19:19:53.023+0000] {processor.py:840} INFO - DAG(s) 'enrich_user_profiles' retrieved from /opt/airflow/dags/enrich_user_profiles_dag.py
[2025-06-18T19:19:53.264+0000] {logging_mixin.py:188} INFO - [2025-06-18T19:19:53.263+0000] {dag.py:3096} INFO - Sync 1 DAGs
[2025-06-18T19:19:53.354+0000] {logging_mixin.py:188} INFO - [2025-06-18T19:19:53.354+0000] {dag.py:3954} INFO - Setting next_dagrun for enrich_user_profiles to None, run_after=None
[2025-06-18T19:19:53.755+0000] {processor.py:183} INFO - Processing /opt/airflow/dags/enrich_user_profiles_dag.py took 0.954 seconds
[2025-06-18T19:20:25.159+0000] {processor.py:161} INFO - Started process (PID=181) to work on /opt/airflow/dags/enrich_user_profiles_dag.py
[2025-06-18T19:20:25.169+0000] {processor.py:830} INFO - Processing file /opt/airflow/dags/enrich_user_profiles_dag.py for tasks to queue
[2025-06-18T19:20:25.192+0000] {logging_mixin.py:188} INFO - [2025-06-18T19:20:25.189+0000] {dagbag.py:545} INFO - Filling up the DagBag from /opt/airflow/dags/enrich_user_profiles_dag.py
[2025-06-18T19:20:25.267+0000] {processor.py:840} INFO - DAG(s) 'enrich_user_profiles' retrieved from /opt/airflow/dags/enrich_user_profiles_dag.py
[2025-06-18T19:20:25.600+0000] {logging_mixin.py:188} INFO - [2025-06-18T19:20:25.599+0000] {dag.py:3096} INFO - Sync 1 DAGs
[2025-06-18T19:20:25.631+0000] {logging_mixin.py:188} INFO - [2025-06-18T19:20:25.631+0000] {dag.py:3954} INFO - Setting next_dagrun for enrich_user_profiles to None, run_after=None
[2025-06-18T19:20:25.697+0000] {processor.py:183} INFO - Processing /opt/airflow/dags/enrich_user_profiles_dag.py took 0.639 seconds
[2025-06-18T19:20:56.670+0000] {processor.py:161} INFO - Started process (PID=201) to work on /opt/airflow/dags/enrich_user_profiles_dag.py
[2025-06-18T19:20:56.693+0000] {processor.py:830} INFO - Processing file /opt/airflow/dags/enrich_user_profiles_dag.py for tasks to queue
[2025-06-18T19:20:56.715+0000] {logging_mixin.py:188} INFO - [2025-06-18T19:20:56.710+0000] {dagbag.py:545} INFO - Filling up the DagBag from /opt/airflow/dags/enrich_user_profiles_dag.py
[2025-06-18T19:20:56.838+0000] {processor.py:840} INFO - DAG(s) 'enrich_user_profiles' retrieved from /opt/airflow/dags/enrich_user_profiles_dag.py
[2025-06-18T19:20:56.968+0000] {logging_mixin.py:188} INFO - [2025-06-18T19:20:56.968+0000] {dag.py:3096} INFO - Sync 1 DAGs
[2025-06-18T19:20:57.007+0000] {logging_mixin.py:188} INFO - [2025-06-18T19:20:57.007+0000] {dag.py:3954} INFO - Setting next_dagrun for enrich_user_profiles to None, run_after=None
[2025-06-18T19:20:57.060+0000] {processor.py:183} INFO - Processing /opt/airflow/dags/enrich_user_profiles_dag.py took 0.498 seconds
[2025-06-18T19:21:27.967+0000] {processor.py:161} INFO - Started process (PID=218) to work on /opt/airflow/dags/enrich_user_profiles_dag.py
[2025-06-18T19:21:27.971+0000] {processor.py:830} INFO - Processing file /opt/airflow/dags/enrich_user_profiles_dag.py for tasks to queue
[2025-06-18T19:21:27.979+0000] {logging_mixin.py:188} INFO - [2025-06-18T19:21:27.978+0000] {dagbag.py:545} INFO - Filling up the DagBag from /opt/airflow/dags/enrich_user_profiles_dag.py
[2025-06-18T19:21:28.048+0000] {processor.py:840} INFO - DAG(s) 'enrich_user_profiles' retrieved from /opt/airflow/dags/enrich_user_profiles_dag.py
[2025-06-18T19:21:28.442+0000] {logging_mixin.py:188} INFO - [2025-06-18T19:21:28.442+0000] {dag.py:3096} INFO - Sync 1 DAGs
[2025-06-18T19:21:28.461+0000] {logging_mixin.py:188} INFO - [2025-06-18T19:21:28.460+0000] {dag.py:3954} INFO - Setting next_dagrun for enrich_user_profiles to None, run_after=None
[2025-06-18T19:21:30.311+0000] {processor.py:183} INFO - Processing /opt/airflow/dags/enrich_user_profiles_dag.py took 2.372 seconds
[2025-06-18T19:22:00.873+0000] {processor.py:161} INFO - Started process (PID=241) to work on /opt/airflow/dags/enrich_user_profiles_dag.py
[2025-06-18T19:22:00.876+0000] {processor.py:830} INFO - Processing file /opt/airflow/dags/enrich_user_profiles_dag.py for tasks to queue
[2025-06-18T19:22:00.882+0000] {logging_mixin.py:188} INFO - [2025-06-18T19:22:00.881+0000] {dagbag.py:545} INFO - Filling up the DagBag from /opt/airflow/dags/enrich_user_profiles_dag.py
[2025-06-18T19:22:00.918+0000] {processor.py:840} INFO - DAG(s) 'enrich_user_profiles' retrieved from /opt/airflow/dags/enrich_user_profiles_dag.py
[2025-06-18T19:22:00.981+0000] {logging_mixin.py:188} INFO - [2025-06-18T19:22:00.981+0000] {dag.py:3096} INFO - Sync 1 DAGs
[2025-06-18T19:22:01.009+0000] {logging_mixin.py:188} INFO - [2025-06-18T19:22:01.009+0000] {dag.py:3954} INFO - Setting next_dagrun for enrich_user_profiles to None, run_after=None
[2025-06-18T19:22:01.050+0000] {processor.py:183} INFO - Processing /opt/airflow/dags/enrich_user_profiles_dag.py took 0.193 seconds
[2025-06-18T19:22:31.665+0000] {processor.py:161} INFO - Started process (PID=261) to work on /opt/airflow/dags/enrich_user_profiles_dag.py
[2025-06-18T19:22:31.668+0000] {processor.py:830} INFO - Processing file /opt/airflow/dags/enrich_user_profiles_dag.py for tasks to queue
[2025-06-18T19:22:31.676+0000] {logging_mixin.py:188} INFO - [2025-06-18T19:22:31.675+0000] {dagbag.py:545} INFO - Filling up the DagBag from /opt/airflow/dags/enrich_user_profiles_dag.py
[2025-06-18T19:22:31.747+0000] {processor.py:840} INFO - DAG(s) 'enrich_user_profiles' retrieved from /opt/airflow/dags/enrich_user_profiles_dag.py
[2025-06-18T19:22:33.182+0000] {logging_mixin.py:188} INFO - [2025-06-18T19:22:33.182+0000] {dag.py:3096} INFO - Sync 1 DAGs
[2025-06-18T19:22:33.225+0000] {logging_mixin.py:188} INFO - [2025-06-18T19:22:33.225+0000] {dag.py:3954} INFO - Setting next_dagrun for enrich_user_profiles to None, run_after=None
[2025-06-18T19:22:33.306+0000] {processor.py:183} INFO - Processing /opt/airflow/dags/enrich_user_profiles_dag.py took 1.670 seconds
[2025-06-18T19:23:04.225+0000] {processor.py:161} INFO - Started process (PID=286) to work on /opt/airflow/dags/enrich_user_profiles_dag.py
[2025-06-18T19:23:04.228+0000] {processor.py:830} INFO - Processing file /opt/airflow/dags/enrich_user_profiles_dag.py for tasks to queue
[2025-06-18T19:23:04.234+0000] {logging_mixin.py:188} INFO - [2025-06-18T19:23:04.233+0000] {dagbag.py:545} INFO - Filling up the DagBag from /opt/airflow/dags/enrich_user_profiles_dag.py
[2025-06-18T19:23:04.301+0000] {processor.py:840} INFO - DAG(s) 'enrich_user_profiles' retrieved from /opt/airflow/dags/enrich_user_profiles_dag.py
[2025-06-18T19:23:04.437+0000] {logging_mixin.py:188} INFO - [2025-06-18T19:23:04.437+0000] {dag.py:3096} INFO - Sync 1 DAGs
[2025-06-18T19:23:04.796+0000] {logging_mixin.py:188} INFO - [2025-06-18T19:23:04.795+0000] {dag.py:3954} INFO - Setting next_dagrun for enrich_user_profiles to None, run_after=None
[2025-06-18T19:23:05.417+0000] {processor.py:183} INFO - Processing /opt/airflow/dags/enrich_user_profiles_dag.py took 1.217 seconds
[2025-06-18T19:23:36.665+0000] {processor.py:161} INFO - Started process (PID=306) to work on /opt/airflow/dags/enrich_user_profiles_dag.py
[2025-06-18T19:23:36.669+0000] {processor.py:830} INFO - Processing file /opt/airflow/dags/enrich_user_profiles_dag.py for tasks to queue
[2025-06-18T19:23:36.675+0000] {logging_mixin.py:188} INFO - [2025-06-18T19:23:36.674+0000] {dagbag.py:545} INFO - Filling up the DagBag from /opt/airflow/dags/enrich_user_profiles_dag.py
[2025-06-18T19:23:36.731+0000] {processor.py:840} INFO - DAG(s) 'enrich_user_profiles' retrieved from /opt/airflow/dags/enrich_user_profiles_dag.py
[2025-06-18T19:23:39.097+0000] {logging_mixin.py:188} INFO - [2025-06-18T19:23:39.097+0000] {dag.py:3096} INFO - Sync 1 DAGs
[2025-06-18T19:23:39.129+0000] {logging_mixin.py:188} INFO - [2025-06-18T19:23:39.129+0000] {dag.py:3954} INFO - Setting next_dagrun for enrich_user_profiles to None, run_after=None
[2025-06-18T19:23:39.168+0000] {processor.py:183} INFO - Processing /opt/airflow/dags/enrich_user_profiles_dag.py took 2.528 seconds
[2025-06-18T19:24:09.435+0000] {processor.py:161} INFO - Started process (PID=333) to work on /opt/airflow/dags/enrich_user_profiles_dag.py
[2025-06-18T19:24:09.447+0000] {processor.py:830} INFO - Processing file /opt/airflow/dags/enrich_user_profiles_dag.py for tasks to queue
[2025-06-18T19:24:09.452+0000] {logging_mixin.py:188} INFO - [2025-06-18T19:24:09.451+0000] {dagbag.py:545} INFO - Filling up the DagBag from /opt/airflow/dags/enrich_user_profiles_dag.py
[2025-06-18T19:24:09.495+0000] {processor.py:840} INFO - DAG(s) 'enrich_user_profiles' retrieved from /opt/airflow/dags/enrich_user_profiles_dag.py
[2025-06-18T19:24:09.524+0000] {logging_mixin.py:188} INFO - [2025-06-18T19:24:09.523+0000] {dag.py:3096} INFO - Sync 1 DAGs
[2025-06-18T19:24:09.549+0000] {logging_mixin.py:188} INFO - [2025-06-18T19:24:09.548+0000] {dag.py:3954} INFO - Setting next_dagrun for enrich_user_profiles to None, run_after=None
[2025-06-18T19:24:09.602+0000] {processor.py:183} INFO - Processing /opt/airflow/dags/enrich_user_profiles_dag.py took 0.198 seconds
[2025-06-18T19:24:39.767+0000] {processor.py:161} INFO - Started process (PID=353) to work on /opt/airflow/dags/enrich_user_profiles_dag.py
[2025-06-18T19:24:39.771+0000] {processor.py:830} INFO - Processing file /opt/airflow/dags/enrich_user_profiles_dag.py for tasks to queue
[2025-06-18T19:24:39.777+0000] {logging_mixin.py:188} INFO - [2025-06-18T19:24:39.776+0000] {dagbag.py:545} INFO - Filling up the DagBag from /opt/airflow/dags/enrich_user_profiles_dag.py
[2025-06-18T19:24:39.825+0000] {processor.py:840} INFO - DAG(s) 'enrich_user_profiles' retrieved from /opt/airflow/dags/enrich_user_profiles_dag.py
[2025-06-18T19:24:40.394+0000] {logging_mixin.py:188} INFO - [2025-06-18T19:24:40.393+0000] {dag.py:3096} INFO - Sync 1 DAGs
[2025-06-18T19:24:40.418+0000] {logging_mixin.py:188} INFO - [2025-06-18T19:24:40.418+0000] {dag.py:3954} INFO - Setting next_dagrun for enrich_user_profiles to None, run_after=None
[2025-06-18T19:24:40.481+0000] {processor.py:183} INFO - Processing /opt/airflow/dags/enrich_user_profiles_dag.py took 0.735 seconds
[2025-06-18T19:25:11.951+0000] {processor.py:161} INFO - Started process (PID=371) to work on /opt/airflow/dags/enrich_user_profiles_dag.py
[2025-06-18T19:25:11.954+0000] {processor.py:830} INFO - Processing file /opt/airflow/dags/enrich_user_profiles_dag.py for tasks to queue
[2025-06-18T19:25:11.959+0000] {logging_mixin.py:188} INFO - [2025-06-18T19:25:11.958+0000] {dagbag.py:545} INFO - Filling up the DagBag from /opt/airflow/dags/enrich_user_profiles_dag.py
[2025-06-18T19:25:12.038+0000] {processor.py:840} INFO - DAG(s) 'enrich_user_profiles' retrieved from /opt/airflow/dags/enrich_user_profiles_dag.py
[2025-06-18T19:25:12.060+0000] {logging_mixin.py:188} INFO - [2025-06-18T19:25:12.060+0000] {dag.py:3096} INFO - Sync 1 DAGs
[2025-06-18T19:25:12.086+0000] {logging_mixin.py:188} INFO - [2025-06-18T19:25:12.086+0000] {dag.py:3954} INFO - Setting next_dagrun for enrich_user_profiles to None, run_after=None
[2025-06-18T19:25:12.138+0000] {processor.py:183} INFO - Processing /opt/airflow/dags/enrich_user_profiles_dag.py took 0.203 seconds
[2025-06-18T19:25:43.311+0000] {processor.py:161} INFO - Started process (PID=386) to work on /opt/airflow/dags/enrich_user_profiles_dag.py
[2025-06-18T19:25:43.318+0000] {processor.py:830} INFO - Processing file /opt/airflow/dags/enrich_user_profiles_dag.py for tasks to queue
[2025-06-18T19:25:43.328+0000] {logging_mixin.py:188} INFO - [2025-06-18T19:25:43.323+0000] {dagbag.py:545} INFO - Filling up the DagBag from /opt/airflow/dags/enrich_user_profiles_dag.py
[2025-06-18T19:25:43.445+0000] {processor.py:840} INFO - DAG(s) 'enrich_user_profiles' retrieved from /opt/airflow/dags/enrich_user_profiles_dag.py
[2025-06-18T19:25:44.185+0000] {logging_mixin.py:188} INFO - [2025-06-18T19:25:44.184+0000] {dag.py:3096} INFO - Sync 1 DAGs
[2025-06-18T19:25:44.214+0000] {logging_mixin.py:188} INFO - [2025-06-18T19:25:44.214+0000] {dag.py:3954} INFO - Setting next_dagrun for enrich_user_profiles to None, run_after=None
[2025-06-18T19:25:44.279+0000] {processor.py:183} INFO - Processing /opt/airflow/dags/enrich_user_profiles_dag.py took 0.992 seconds
[2025-06-18T19:26:14.720+0000] {processor.py:161} INFO - Started process (PID=408) to work on /opt/airflow/dags/enrich_user_profiles_dag.py
[2025-06-18T19:26:14.723+0000] {processor.py:830} INFO - Processing file /opt/airflow/dags/enrich_user_profiles_dag.py for tasks to queue
[2025-06-18T19:26:14.728+0000] {logging_mixin.py:188} INFO - [2025-06-18T19:26:14.728+0000] {dagbag.py:545} INFO - Filling up the DagBag from /opt/airflow/dags/enrich_user_profiles_dag.py
[2025-06-18T19:26:14.768+0000] {processor.py:840} INFO - DAG(s) 'enrich_user_profiles' retrieved from /opt/airflow/dags/enrich_user_profiles_dag.py
[2025-06-18T19:26:15.560+0000] {logging_mixin.py:188} INFO - [2025-06-18T19:26:14.799+0000] {dag.py:3096} INFO - Sync 1 DAGs
[2025-06-18T19:26:15.664+0000] {logging_mixin.py:188} INFO - [2025-06-18T19:26:15.662+0000] {dag.py:3954} INFO - Setting next_dagrun for enrich_user_profiles to None, run_after=None
[2025-06-18T19:26:16.730+0000] {processor.py:183} INFO - Processing /opt/airflow/dags/enrich_user_profiles_dag.py took 2.023 seconds
[2025-06-18T19:26:47.717+0000] {processor.py:161} INFO - Started process (PID=428) to work on /opt/airflow/dags/enrich_user_profiles_dag.py
[2025-06-18T19:26:47.719+0000] {processor.py:830} INFO - Processing file /opt/airflow/dags/enrich_user_profiles_dag.py for tasks to queue
[2025-06-18T19:26:47.723+0000] {logging_mixin.py:188} INFO - [2025-06-18T19:26:47.723+0000] {dagbag.py:545} INFO - Filling up the DagBag from /opt/airflow/dags/enrich_user_profiles_dag.py
[2025-06-18T19:26:47.765+0000] {processor.py:840} INFO - DAG(s) 'enrich_user_profiles' retrieved from /opt/airflow/dags/enrich_user_profiles_dag.py
[2025-06-18T19:26:47.982+0000] {logging_mixin.py:188} INFO - [2025-06-18T19:26:47.982+0000] {dag.py:3096} INFO - Sync 1 DAGs
[2025-06-18T19:26:48.000+0000] {logging_mixin.py:188} INFO - [2025-06-18T19:26:48.000+0000] {dag.py:3954} INFO - Setting next_dagrun for enrich_user_profiles to None, run_after=None
[2025-06-18T19:26:48.037+0000] {processor.py:183} INFO - Processing /opt/airflow/dags/enrich_user_profiles_dag.py took 0.337 seconds
[2025-06-18T19:27:18.383+0000] {processor.py:161} INFO - Started process (PID=448) to work on /opt/airflow/dags/enrich_user_profiles_dag.py
[2025-06-18T19:27:18.418+0000] {processor.py:830} INFO - Processing file /opt/airflow/dags/enrich_user_profiles_dag.py for tasks to queue
[2025-06-18T19:27:18.503+0000] {logging_mixin.py:188} INFO - [2025-06-18T19:27:18.498+0000] {dagbag.py:545} INFO - Filling up the DagBag from /opt/airflow/dags/enrich_user_profiles_dag.py
[2025-06-18T19:27:19.107+0000] {processor.py:840} INFO - DAG(s) 'enrich_user_profiles' retrieved from /opt/airflow/dags/enrich_user_profiles_dag.py
[2025-06-18T19:27:19.290+0000] {logging_mixin.py:188} INFO - [2025-06-18T19:27:19.290+0000] {dag.py:3096} INFO - Sync 1 DAGs
[2025-06-18T19:27:19.328+0000] {logging_mixin.py:188} INFO - [2025-06-18T19:27:19.327+0000] {dag.py:3954} INFO - Setting next_dagrun for enrich_user_profiles to None, run_after=None
[2025-06-18T19:27:19.385+0000] {processor.py:183} INFO - Processing /opt/airflow/dags/enrich_user_profiles_dag.py took 1.131 seconds
[2025-06-18T19:27:50.983+0000] {processor.py:161} INFO - Started process (PID=468) to work on /opt/airflow/dags/enrich_user_profiles_dag.py
[2025-06-18T19:27:50.991+0000] {processor.py:830} INFO - Processing file /opt/airflow/dags/enrich_user_profiles_dag.py for tasks to queue
[2025-06-18T19:27:51.000+0000] {logging_mixin.py:188} INFO - [2025-06-18T19:27:50.999+0000] {dagbag.py:545} INFO - Filling up the DagBag from /opt/airflow/dags/enrich_user_profiles_dag.py
[2025-06-18T19:27:51.111+0000] {processor.py:840} INFO - DAG(s) 'enrich_user_profiles' retrieved from /opt/airflow/dags/enrich_user_profiles_dag.py
[2025-06-18T19:27:51.175+0000] {logging_mixin.py:188} INFO - [2025-06-18T19:27:51.174+0000] {dag.py:3096} INFO - Sync 1 DAGs
[2025-06-18T19:27:51.216+0000] {logging_mixin.py:188} INFO - [2025-06-18T19:27:51.215+0000] {dag.py:3954} INFO - Setting next_dagrun for enrich_user_profiles to None, run_after=None
[2025-06-18T19:27:51.277+0000] {processor.py:183} INFO - Processing /opt/airflow/dags/enrich_user_profiles_dag.py took 0.427 seconds
[2025-06-18T19:28:21.903+0000] {processor.py:161} INFO - Started process (PID=488) to work on /opt/airflow/dags/enrich_user_profiles_dag.py
[2025-06-18T19:28:21.907+0000] {processor.py:830} INFO - Processing file /opt/airflow/dags/enrich_user_profiles_dag.py for tasks to queue
[2025-06-18T19:28:21.915+0000] {logging_mixin.py:188} INFO - [2025-06-18T19:28:21.914+0000] {dagbag.py:545} INFO - Filling up the DagBag from /opt/airflow/dags/enrich_user_profiles_dag.py
[2025-06-18T19:28:21.975+0000] {processor.py:840} INFO - DAG(s) 'enrich_user_profiles' retrieved from /opt/airflow/dags/enrich_user_profiles_dag.py
[2025-06-18T19:28:22.437+0000] {logging_mixin.py:188} INFO - [2025-06-18T19:28:22.436+0000] {dag.py:3096} INFO - Sync 1 DAGs
[2025-06-18T19:28:22.463+0000] {logging_mixin.py:188} INFO - [2025-06-18T19:28:22.463+0000] {dag.py:3954} INFO - Setting next_dagrun for enrich_user_profiles to None, run_after=None
[2025-06-18T19:28:22.702+0000] {processor.py:183} INFO - Processing /opt/airflow/dags/enrich_user_profiles_dag.py took 0.840 seconds
[2025-06-18T19:28:53.112+0000] {processor.py:161} INFO - Started process (PID=513) to work on /opt/airflow/dags/enrich_user_profiles_dag.py
[2025-06-18T19:28:53.116+0000] {processor.py:830} INFO - Processing file /opt/airflow/dags/enrich_user_profiles_dag.py for tasks to queue
[2025-06-18T19:28:53.122+0000] {logging_mixin.py:188} INFO - [2025-06-18T19:28:53.121+0000] {dagbag.py:545} INFO - Filling up the DagBag from /opt/airflow/dags/enrich_user_profiles_dag.py
[2025-06-18T19:28:53.182+0000] {processor.py:840} INFO - DAG(s) 'enrich_user_profiles' retrieved from /opt/airflow/dags/enrich_user_profiles_dag.py
[2025-06-18T19:28:53.256+0000] {logging_mixin.py:188} INFO - [2025-06-18T19:28:53.255+0000] {dag.py:3096} INFO - Sync 1 DAGs
[2025-06-18T19:28:53.288+0000] {logging_mixin.py:188} INFO - [2025-06-18T19:28:53.287+0000] {dag.py:3954} INFO - Setting next_dagrun for enrich_user_profiles to None, run_after=None
[2025-06-18T19:28:53.340+0000] {processor.py:183} INFO - Processing /opt/airflow/dags/enrich_user_profiles_dag.py took 0.251 seconds
[2025-06-18T19:29:23.433+0000] {processor.py:161} INFO - Started process (PID=533) to work on /opt/airflow/dags/enrich_user_profiles_dag.py
[2025-06-18T19:29:23.434+0000] {processor.py:830} INFO - Processing file /opt/airflow/dags/enrich_user_profiles_dag.py for tasks to queue
[2025-06-18T19:29:23.439+0000] {logging_mixin.py:188} INFO - [2025-06-18T19:29:23.438+0000] {dagbag.py:545} INFO - Filling up the DagBag from /opt/airflow/dags/enrich_user_profiles_dag.py
[2025-06-18T19:29:23.463+0000] {processor.py:840} INFO - DAG(s) 'enrich_user_profiles' retrieved from /opt/airflow/dags/enrich_user_profiles_dag.py
[2025-06-18T19:29:23.483+0000] {logging_mixin.py:188} INFO - [2025-06-18T19:29:23.483+0000] {dag.py:3096} INFO - Sync 1 DAGs
[2025-06-18T19:29:23.503+0000] {logging_mixin.py:188} INFO - [2025-06-18T19:29:23.502+0000] {dag.py:3954} INFO - Setting next_dagrun for enrich_user_profiles to None, run_after=None
[2025-06-18T19:29:23.535+0000] {processor.py:183} INFO - Processing /opt/airflow/dags/enrich_user_profiles_dag.py took 0.111 seconds
[2025-06-18T19:29:53.962+0000] {processor.py:161} INFO - Started process (PID=548) to work on /opt/airflow/dags/enrich_user_profiles_dag.py
[2025-06-18T19:29:53.969+0000] {processor.py:830} INFO - Processing file /opt/airflow/dags/enrich_user_profiles_dag.py for tasks to queue
[2025-06-18T19:29:53.982+0000] {logging_mixin.py:188} INFO - [2025-06-18T19:29:53.980+0000] {dagbag.py:545} INFO - Filling up the DagBag from /opt/airflow/dags/enrich_user_profiles_dag.py
[2025-06-18T19:29:54.057+0000] {processor.py:840} INFO - DAG(s) 'enrich_user_profiles' retrieved from /opt/airflow/dags/enrich_user_profiles_dag.py
[2025-06-18T19:29:54.299+0000] {logging_mixin.py:188} INFO - [2025-06-18T19:29:54.298+0000] {dag.py:3096} INFO - Sync 1 DAGs
[2025-06-18T19:29:54.312+0000] {logging_mixin.py:188} INFO - [2025-06-18T19:29:54.312+0000] {dag.py:3954} INFO - Setting next_dagrun for enrich_user_profiles to None, run_after=None
[2025-06-18T19:29:54.345+0000] {processor.py:183} INFO - Processing /opt/airflow/dags/enrich_user_profiles_dag.py took 0.455 seconds
[2025-06-18T19:30:24.923+0000] {processor.py:161} INFO - Started process (PID=568) to work on /opt/airflow/dags/enrich_user_profiles_dag.py
[2025-06-18T19:30:24.934+0000] {processor.py:830} INFO - Processing file /opt/airflow/dags/enrich_user_profiles_dag.py for tasks to queue
[2025-06-18T19:30:24.953+0000] {logging_mixin.py:188} INFO - [2025-06-18T19:30:24.952+0000] {dagbag.py:545} INFO - Filling up the DagBag from /opt/airflow/dags/enrich_user_profiles_dag.py
[2025-06-18T19:30:25.027+0000] {processor.py:840} INFO - DAG(s) 'enrich_user_profiles' retrieved from /opt/airflow/dags/enrich_user_profiles_dag.py
[2025-06-18T19:30:25.131+0000] {logging_mixin.py:188} INFO - [2025-06-18T19:30:25.130+0000] {dag.py:3096} INFO - Sync 1 DAGs
[2025-06-18T19:30:25.189+0000] {logging_mixin.py:188} INFO - [2025-06-18T19:30:25.188+0000] {dag.py:3954} INFO - Setting next_dagrun for enrich_user_profiles to None, run_after=None
[2025-06-18T19:30:25.320+0000] {processor.py:183} INFO - Processing /opt/airflow/dags/enrich_user_profiles_dag.py took 0.514 seconds
[2025-06-18T19:30:56.913+0000] {processor.py:161} INFO - Started process (PID=588) to work on /opt/airflow/dags/enrich_user_profiles_dag.py
[2025-06-18T19:30:56.918+0000] {processor.py:830} INFO - Processing file /opt/airflow/dags/enrich_user_profiles_dag.py for tasks to queue
[2025-06-18T19:30:56.935+0000] {logging_mixin.py:188} INFO - [2025-06-18T19:30:56.933+0000] {dagbag.py:545} INFO - Filling up the DagBag from /opt/airflow/dags/enrich_user_profiles_dag.py
[2025-06-18T19:30:57.007+0000] {processor.py:840} INFO - DAG(s) 'enrich_user_profiles' retrieved from /opt/airflow/dags/enrich_user_profiles_dag.py
[2025-06-18T19:30:57.059+0000] {logging_mixin.py:188} INFO - [2025-06-18T19:30:57.058+0000] {dag.py:3096} INFO - Sync 1 DAGs
[2025-06-18T19:30:57.116+0000] {logging_mixin.py:188} INFO - [2025-06-18T19:30:57.115+0000] {dag.py:3954} INFO - Setting next_dagrun for enrich_user_profiles to None, run_after=None
[2025-06-18T19:30:57.219+0000] {processor.py:183} INFO - Processing /opt/airflow/dags/enrich_user_profiles_dag.py took 0.358 seconds
[2025-06-18T19:31:27.648+0000] {processor.py:161} INFO - Started process (PID=608) to work on /opt/airflow/dags/enrich_user_profiles_dag.py
[2025-06-18T19:31:27.777+0000] {processor.py:830} INFO - Processing file /opt/airflow/dags/enrich_user_profiles_dag.py for tasks to queue
[2025-06-18T19:31:27.784+0000] {logging_mixin.py:188} INFO - [2025-06-18T19:31:27.783+0000] {dagbag.py:545} INFO - Filling up the DagBag from /opt/airflow/dags/enrich_user_profiles_dag.py
[2025-06-18T19:31:27.944+0000] {processor.py:840} INFO - DAG(s) 'enrich_user_profiles' retrieved from /opt/airflow/dags/enrich_user_profiles_dag.py
[2025-06-18T19:31:28.675+0000] {logging_mixin.py:188} INFO - [2025-06-18T19:31:28.674+0000] {dag.py:3096} INFO - Sync 1 DAGs
[2025-06-18T19:31:28.718+0000] {logging_mixin.py:188} INFO - [2025-06-18T19:31:28.718+0000] {dag.py:3954} INFO - Setting next_dagrun for enrich_user_profiles to None, run_after=None
[2025-06-18T19:31:28.783+0000] {processor.py:183} INFO - Processing /opt/airflow/dags/enrich_user_profiles_dag.py took 1.170 seconds
[2025-06-18T19:31:59.368+0000] {processor.py:161} INFO - Started process (PID=628) to work on /opt/airflow/dags/enrich_user_profiles_dag.py
[2025-06-18T19:31:59.372+0000] {processor.py:830} INFO - Processing file /opt/airflow/dags/enrich_user_profiles_dag.py for tasks to queue
[2025-06-18T19:31:59.382+0000] {logging_mixin.py:188} INFO - [2025-06-18T19:31:59.381+0000] {dagbag.py:545} INFO - Filling up the DagBag from /opt/airflow/dags/enrich_user_profiles_dag.py
[2025-06-18T19:31:59.467+0000] {processor.py:840} INFO - DAG(s) 'enrich_user_profiles' retrieved from /opt/airflow/dags/enrich_user_profiles_dag.py
[2025-06-18T19:31:59.642+0000] {logging_mixin.py:188} INFO - [2025-06-18T19:31:59.641+0000] {dag.py:3096} INFO - Sync 1 DAGs
[2025-06-18T19:31:59.700+0000] {logging_mixin.py:188} INFO - [2025-06-18T19:31:59.700+0000] {dag.py:3954} INFO - Setting next_dagrun for enrich_user_profiles to None, run_after=None
[2025-06-18T19:31:59.765+0000] {processor.py:183} INFO - Processing /opt/airflow/dags/enrich_user_profiles_dag.py took 0.426 seconds
[2025-06-18T19:32:30.081+0000] {processor.py:161} INFO - Started process (PID=648) to work on /opt/airflow/dags/enrich_user_profiles_dag.py
[2025-06-18T19:32:30.090+0000] {processor.py:830} INFO - Processing file /opt/airflow/dags/enrich_user_profiles_dag.py for tasks to queue
[2025-06-18T19:32:30.098+0000] {logging_mixin.py:188} INFO - [2025-06-18T19:32:30.097+0000] {dagbag.py:545} INFO - Filling up the DagBag from /opt/airflow/dags/enrich_user_profiles_dag.py
[2025-06-18T19:32:30.208+0000] {processor.py:840} INFO - DAG(s) 'enrich_user_profiles' retrieved from /opt/airflow/dags/enrich_user_profiles_dag.py
[2025-06-18T19:32:30.340+0000] {logging_mixin.py:188} INFO - [2025-06-18T19:32:30.340+0000] {dag.py:3096} INFO - Sync 1 DAGs
[2025-06-18T19:32:30.399+0000] {logging_mixin.py:188} INFO - [2025-06-18T19:32:30.399+0000] {dag.py:3954} INFO - Setting next_dagrun for enrich_user_profiles to None, run_after=None
[2025-06-18T19:32:30.502+0000] {processor.py:183} INFO - Processing /opt/airflow/dags/enrich_user_profiles_dag.py took 0.448 seconds
[2025-06-18T19:33:00.814+0000] {processor.py:161} INFO - Started process (PID=668) to work on /opt/airflow/dags/enrich_user_profiles_dag.py
[2025-06-18T19:33:00.817+0000] {processor.py:830} INFO - Processing file /opt/airflow/dags/enrich_user_profiles_dag.py for tasks to queue
[2025-06-18T19:33:00.822+0000] {logging_mixin.py:188} INFO - [2025-06-18T19:33:00.821+0000] {dagbag.py:545} INFO - Filling up the DagBag from /opt/airflow/dags/enrich_user_profiles_dag.py
[2025-06-18T19:33:00.870+0000] {processor.py:840} INFO - DAG(s) 'enrich_user_profiles' retrieved from /opt/airflow/dags/enrich_user_profiles_dag.py
[2025-06-18T19:33:01.218+0000] {logging_mixin.py:188} INFO - [2025-06-18T19:33:01.217+0000] {dag.py:3096} INFO - Sync 1 DAGs
[2025-06-18T19:33:01.241+0000] {logging_mixin.py:188} INFO - [2025-06-18T19:33:01.241+0000] {dag.py:3954} INFO - Setting next_dagrun for enrich_user_profiles to None, run_after=None
[2025-06-18T19:33:01.292+0000] {processor.py:183} INFO - Processing /opt/airflow/dags/enrich_user_profiles_dag.py took 0.505 seconds
[2025-06-18T19:33:31.556+0000] {processor.py:161} INFO - Started process (PID=688) to work on /opt/airflow/dags/enrich_user_profiles_dag.py
[2025-06-18T19:33:31.558+0000] {processor.py:830} INFO - Processing file /opt/airflow/dags/enrich_user_profiles_dag.py for tasks to queue
[2025-06-18T19:33:31.561+0000] {logging_mixin.py:188} INFO - [2025-06-18T19:33:31.561+0000] {dagbag.py:545} INFO - Filling up the DagBag from /opt/airflow/dags/enrich_user_profiles_dag.py
[2025-06-18T19:33:31.598+0000] {processor.py:840} INFO - DAG(s) 'enrich_user_profiles' retrieved from /opt/airflow/dags/enrich_user_profiles_dag.py
[2025-06-18T19:33:31.658+0000] {logging_mixin.py:188} INFO - [2025-06-18T19:33:31.657+0000] {dag.py:3096} INFO - Sync 1 DAGs
[2025-06-18T19:33:31.682+0000] {logging_mixin.py:188} INFO - [2025-06-18T19:33:31.682+0000] {dag.py:3954} INFO - Setting next_dagrun for enrich_user_profiles to None, run_after=None
[2025-06-18T19:33:31.726+0000] {processor.py:183} INFO - Processing /opt/airflow/dags/enrich_user_profiles_dag.py took 0.196 seconds
[2025-06-18T19:34:02.759+0000] {processor.py:161} INFO - Started process (PID=708) to work on /opt/airflow/dags/enrich_user_profiles_dag.py
[2025-06-18T19:34:02.782+0000] {processor.py:830} INFO - Processing file /opt/airflow/dags/enrich_user_profiles_dag.py for tasks to queue
[2025-06-18T19:34:02.826+0000] {logging_mixin.py:188} INFO - [2025-06-18T19:34:02.822+0000] {dagbag.py:545} INFO - Filling up the DagBag from /opt/airflow/dags/enrich_user_profiles_dag.py
[2025-06-18T19:34:02.966+0000] {processor.py:840} INFO - DAG(s) 'enrich_user_profiles' retrieved from /opt/airflow/dags/enrich_user_profiles_dag.py
[2025-06-18T19:34:03.019+0000] {logging_mixin.py:188} INFO - [2025-06-18T19:34:03.019+0000] {dag.py:3096} INFO - Sync 1 DAGs
[2025-06-18T19:34:03.063+0000] {logging_mixin.py:188} INFO - [2025-06-18T19:34:03.062+0000] {dag.py:3954} INFO - Setting next_dagrun for enrich_user_profiles to None, run_after=None
[2025-06-18T19:34:03.132+0000] {processor.py:183} INFO - Processing /opt/airflow/dags/enrich_user_profiles_dag.py took 0.645 seconds
[2025-06-18T19:34:33.382+0000] {processor.py:161} INFO - Started process (PID=728) to work on /opt/airflow/dags/enrich_user_profiles_dag.py
[2025-06-18T19:34:33.384+0000] {processor.py:830} INFO - Processing file /opt/airflow/dags/enrich_user_profiles_dag.py for tasks to queue
[2025-06-18T19:34:33.389+0000] {logging_mixin.py:188} INFO - [2025-06-18T19:34:33.388+0000] {dagbag.py:545} INFO - Filling up the DagBag from /opt/airflow/dags/enrich_user_profiles_dag.py
[2025-06-18T19:34:33.437+0000] {processor.py:840} INFO - DAG(s) 'enrich_user_profiles' retrieved from /opt/airflow/dags/enrich_user_profiles_dag.py
[2025-06-18T19:34:33.633+0000] {logging_mixin.py:188} INFO - [2025-06-18T19:34:33.633+0000] {dag.py:3096} INFO - Sync 1 DAGs
[2025-06-18T19:34:33.651+0000] {logging_mixin.py:188} INFO - [2025-06-18T19:34:33.651+0000] {dag.py:3954} INFO - Setting next_dagrun for enrich_user_profiles to None, run_after=None
[2025-06-18T19:34:33.695+0000] {processor.py:183} INFO - Processing /opt/airflow/dags/enrich_user_profiles_dag.py took 0.325 seconds
[2025-06-18T19:35:04.661+0000] {processor.py:161} INFO - Started process (PID=751) to work on /opt/airflow/dags/enrich_user_profiles_dag.py
[2025-06-18T19:35:04.668+0000] {processor.py:830} INFO - Processing file /opt/airflow/dags/enrich_user_profiles_dag.py for tasks to queue
[2025-06-18T19:35:04.681+0000] {logging_mixin.py:188} INFO - [2025-06-18T19:35:04.679+0000] {dagbag.py:545} INFO - Filling up the DagBag from /opt/airflow/dags/enrich_user_profiles_dag.py
[2025-06-18T19:35:04.750+0000] {processor.py:840} INFO - DAG(s) 'enrich_user_profiles' retrieved from /opt/airflow/dags/enrich_user_profiles_dag.py
[2025-06-18T19:35:04.834+0000] {logging_mixin.py:188} INFO - [2025-06-18T19:35:04.834+0000] {dag.py:3096} INFO - Sync 1 DAGs
[2025-06-18T19:35:04.865+0000] {logging_mixin.py:188} INFO - [2025-06-18T19:35:04.865+0000] {dag.py:3954} INFO - Setting next_dagrun for enrich_user_profiles to None, run_after=None
[2025-06-18T19:35:04.911+0000] {processor.py:183} INFO - Processing /opt/airflow/dags/enrich_user_profiles_dag.py took 0.302 seconds
[2025-06-18T19:35:35.001+0000] {processor.py:161} INFO - Started process (PID=768) to work on /opt/airflow/dags/enrich_user_profiles_dag.py
[2025-06-18T19:35:35.003+0000] {processor.py:830} INFO - Processing file /opt/airflow/dags/enrich_user_profiles_dag.py for tasks to queue
[2025-06-18T19:35:35.009+0000] {logging_mixin.py:188} INFO - [2025-06-18T19:35:35.008+0000] {dagbag.py:545} INFO - Filling up the DagBag from /opt/airflow/dags/enrich_user_profiles_dag.py
[2025-06-18T19:35:35.059+0000] {processor.py:840} INFO - DAG(s) 'enrich_user_profiles' retrieved from /opt/airflow/dags/enrich_user_profiles_dag.py
[2025-06-18T19:35:35.129+0000] {logging_mixin.py:188} INFO - [2025-06-18T19:35:35.128+0000] {dag.py:3096} INFO - Sync 1 DAGs
[2025-06-18T19:35:35.170+0000] {logging_mixin.py:188} INFO - [2025-06-18T19:35:35.169+0000] {dag.py:3954} INFO - Setting next_dagrun for enrich_user_profiles to None, run_after=None
[2025-06-18T19:35:35.266+0000] {processor.py:183} INFO - Processing /opt/airflow/dags/enrich_user_profiles_dag.py took 0.275 seconds
[2025-06-18T19:36:24.299+0000] {processor.py:161} INFO - Started process (PID=161) to work on /opt/airflow/dags/enrich_user_profiles_dag.py
[2025-06-18T19:36:24.320+0000] {processor.py:830} INFO - Processing file /opt/airflow/dags/enrich_user_profiles_dag.py for tasks to queue
[2025-06-18T19:36:24.345+0000] {logging_mixin.py:188} INFO - [2025-06-18T19:36:24.344+0000] {dagbag.py:545} INFO - Filling up the DagBag from /opt/airflow/dags/enrich_user_profiles_dag.py
[2025-06-18T19:36:24.601+0000] {processor.py:840} INFO - DAG(s) 'enrich_user_profiles' retrieved from /opt/airflow/dags/enrich_user_profiles_dag.py
[2025-06-18T19:36:25.231+0000] {logging_mixin.py:188} INFO - [2025-06-18T19:36:25.230+0000] {dag.py:3096} INFO - Sync 1 DAGs
[2025-06-18T19:36:25.359+0000] {logging_mixin.py:188} INFO - [2025-06-18T19:36:25.358+0000] {dag.py:3954} INFO - Setting next_dagrun for enrich_user_profiles to None, run_after=None
[2025-06-18T19:36:25.502+0000] {processor.py:183} INFO - Processing /opt/airflow/dags/enrich_user_profiles_dag.py took 1.345 seconds
[2025-06-18T19:36:56.350+0000] {processor.py:161} INFO - Started process (PID=181) to work on /opt/airflow/dags/enrich_user_profiles_dag.py
[2025-06-18T19:36:56.370+0000] {processor.py:830} INFO - Processing file /opt/airflow/dags/enrich_user_profiles_dag.py for tasks to queue
[2025-06-18T19:36:56.412+0000] {logging_mixin.py:188} INFO - [2025-06-18T19:36:56.406+0000] {dagbag.py:545} INFO - Filling up the DagBag from /opt/airflow/dags/enrich_user_profiles_dag.py
[2025-06-18T19:36:56.631+0000] {processor.py:840} INFO - DAG(s) 'enrich_user_profiles' retrieved from /opt/airflow/dags/enrich_user_profiles_dag.py
[2025-06-18T19:36:56.970+0000] {logging_mixin.py:188} INFO - [2025-06-18T19:36:56.969+0000] {dag.py:3096} INFO - Sync 1 DAGs
[2025-06-18T19:36:57.042+0000] {logging_mixin.py:188} INFO - [2025-06-18T19:36:57.042+0000] {dag.py:3954} INFO - Setting next_dagrun for enrich_user_profiles to None, run_after=None
[2025-06-18T19:36:57.108+0000] {processor.py:183} INFO - Processing /opt/airflow/dags/enrich_user_profiles_dag.py took 0.983 seconds
[2025-06-18T19:37:28.589+0000] {processor.py:161} INFO - Started process (PID=254) to work on /opt/airflow/dags/enrich_user_profiles_dag.py
[2025-06-18T19:37:28.604+0000] {processor.py:830} INFO - Processing file /opt/airflow/dags/enrich_user_profiles_dag.py for tasks to queue
[2025-06-18T19:37:28.656+0000] {logging_mixin.py:188} INFO - [2025-06-18T19:37:28.654+0000] {dagbag.py:545} INFO - Filling up the DagBag from /opt/airflow/dags/enrich_user_profiles_dag.py
[2025-06-18T19:37:28.908+0000] {processor.py:840} INFO - DAG(s) 'enrich_user_profiles' retrieved from /opt/airflow/dags/enrich_user_profiles_dag.py
[2025-06-18T19:37:29.245+0000] {logging_mixin.py:188} INFO - [2025-06-18T19:37:29.244+0000] {dag.py:3096} INFO - Sync 1 DAGs
[2025-06-18T19:37:29.489+0000] {logging_mixin.py:188} INFO - [2025-06-18T19:37:29.488+0000] {dag.py:3954} INFO - Setting next_dagrun for enrich_user_profiles to None, run_after=None
[2025-06-18T19:37:29.805+0000] {processor.py:183} INFO - Processing /opt/airflow/dags/enrich_user_profiles_dag.py took 1.313 seconds
[2025-06-18T19:38:00.633+0000] {processor.py:161} INFO - Started process (PID=424) to work on /opt/airflow/dags/enrich_user_profiles_dag.py
[2025-06-18T19:38:00.639+0000] {processor.py:830} INFO - Processing file /opt/airflow/dags/enrich_user_profiles_dag.py for tasks to queue
[2025-06-18T19:38:00.668+0000] {logging_mixin.py:188} INFO - [2025-06-18T19:38:00.665+0000] {dagbag.py:545} INFO - Filling up the DagBag from /opt/airflow/dags/enrich_user_profiles_dag.py
[2025-06-18T19:38:00.876+0000] {processor.py:840} INFO - DAG(s) 'enrich_user_profiles' retrieved from /opt/airflow/dags/enrich_user_profiles_dag.py
[2025-06-18T19:38:01.285+0000] {logging_mixin.py:188} INFO - [2025-06-18T19:38:01.284+0000] {dag.py:3096} INFO - Sync 1 DAGs
[2025-06-18T19:38:01.455+0000] {logging_mixin.py:188} INFO - [2025-06-18T19:38:01.455+0000] {dag.py:3954} INFO - Setting next_dagrun for enrich_user_profiles to None, run_after=None
[2025-06-18T19:38:01.569+0000] {processor.py:183} INFO - Processing /opt/airflow/dags/enrich_user_profiles_dag.py took 1.025 seconds
[2025-06-18T19:38:32.100+0000] {processor.py:161} INFO - Started process (PID=462) to work on /opt/airflow/dags/enrich_user_profiles_dag.py
[2025-06-18T19:38:32.115+0000] {processor.py:830} INFO - Processing file /opt/airflow/dags/enrich_user_profiles_dag.py for tasks to queue
[2025-06-18T19:38:32.134+0000] {logging_mixin.py:188} INFO - [2025-06-18T19:38:32.133+0000] {dagbag.py:545} INFO - Filling up the DagBag from /opt/airflow/dags/enrich_user_profiles_dag.py
[2025-06-18T19:38:32.236+0000] {processor.py:840} INFO - DAG(s) 'enrich_user_profiles' retrieved from /opt/airflow/dags/enrich_user_profiles_dag.py
[2025-06-18T19:38:32.299+0000] {logging_mixin.py:188} INFO - [2025-06-18T19:38:32.298+0000] {dag.py:3096} INFO - Sync 1 DAGs
[2025-06-18T19:38:32.333+0000] {logging_mixin.py:188} INFO - [2025-06-18T19:38:32.332+0000] {dag.py:3954} INFO - Setting next_dagrun for enrich_user_profiles to None, run_after=None
[2025-06-18T19:38:32.484+0000] {processor.py:183} INFO - Processing /opt/airflow/dags/enrich_user_profiles_dag.py took 0.465 seconds
[2025-06-18T19:39:04.621+0000] {processor.py:161} INFO - Started process (PID=482) to work on /opt/airflow/dags/enrich_user_profiles_dag.py
[2025-06-18T19:39:04.649+0000] {processor.py:830} INFO - Processing file /opt/airflow/dags/enrich_user_profiles_dag.py for tasks to queue
[2025-06-18T19:39:04.674+0000] {logging_mixin.py:188} INFO - [2025-06-18T19:39:04.673+0000] {dagbag.py:545} INFO - Filling up the DagBag from /opt/airflow/dags/enrich_user_profiles_dag.py
[2025-06-18T19:39:05.321+0000] {processor.py:840} INFO - DAG(s) 'enrich_user_profiles' retrieved from /opt/airflow/dags/enrich_user_profiles_dag.py
[2025-06-18T19:39:05.727+0000] {logging_mixin.py:188} INFO - [2025-06-18T19:39:05.726+0000] {dag.py:3096} INFO - Sync 1 DAGs
[2025-06-18T19:39:05.957+0000] {logging_mixin.py:188} INFO - [2025-06-18T19:39:05.957+0000] {dag.py:3954} INFO - Setting next_dagrun for enrich_user_profiles to None, run_after=None
[2025-06-18T19:39:06.170+0000] {processor.py:183} INFO - Processing /opt/airflow/dags/enrich_user_profiles_dag.py took 1.569 seconds
[2025-06-18T19:39:36.626+0000] {processor.py:161} INFO - Started process (PID=502) to work on /opt/airflow/dags/enrich_user_profiles_dag.py
[2025-06-18T19:39:36.629+0000] {processor.py:830} INFO - Processing file /opt/airflow/dags/enrich_user_profiles_dag.py for tasks to queue
[2025-06-18T19:39:36.641+0000] {logging_mixin.py:188} INFO - [2025-06-18T19:39:36.635+0000] {dagbag.py:545} INFO - Filling up the DagBag from /opt/airflow/dags/enrich_user_profiles_dag.py
[2025-06-18T19:39:36.726+0000] {processor.py:840} INFO - DAG(s) 'enrich_user_profiles' retrieved from /opt/airflow/dags/enrich_user_profiles_dag.py
[2025-06-18T19:39:37.162+0000] {logging_mixin.py:188} INFO - [2025-06-18T19:39:37.161+0000] {dag.py:3096} INFO - Sync 1 DAGs
[2025-06-18T19:39:37.289+0000] {logging_mixin.py:188} INFO - [2025-06-18T19:39:37.289+0000] {dag.py:3954} INFO - Setting next_dagrun for enrich_user_profiles to None, run_after=None
[2025-06-18T19:39:37.402+0000] {processor.py:183} INFO - Processing /opt/airflow/dags/enrich_user_profiles_dag.py took 0.802 seconds
[2025-06-18T19:40:08.165+0000] {processor.py:161} INFO - Started process (PID=522) to work on /opt/airflow/dags/enrich_user_profiles_dag.py
[2025-06-18T19:40:08.170+0000] {processor.py:830} INFO - Processing file /opt/airflow/dags/enrich_user_profiles_dag.py for tasks to queue
[2025-06-18T19:40:08.178+0000] {logging_mixin.py:188} INFO - [2025-06-18T19:40:08.177+0000] {dagbag.py:545} INFO - Filling up the DagBag from /opt/airflow/dags/enrich_user_profiles_dag.py
[2025-06-18T19:40:08.262+0000] {processor.py:840} INFO - DAG(s) 'enrich_user_profiles' retrieved from /opt/airflow/dags/enrich_user_profiles_dag.py
[2025-06-18T19:40:08.567+0000] {logging_mixin.py:188} INFO - [2025-06-18T19:40:08.566+0000] {dag.py:3096} INFO - Sync 1 DAGs
[2025-06-18T19:40:08.603+0000] {logging_mixin.py:188} INFO - [2025-06-18T19:40:08.603+0000] {dag.py:3954} INFO - Setting next_dagrun for enrich_user_profiles to None, run_after=None
[2025-06-18T19:40:08.647+0000] {processor.py:183} INFO - Processing /opt/airflow/dags/enrich_user_profiles_dag.py took 0.506 seconds
[2025-06-18T19:40:39.399+0000] {processor.py:161} INFO - Started process (PID=542) to work on /opt/airflow/dags/enrich_user_profiles_dag.py
[2025-06-18T19:40:39.403+0000] {processor.py:830} INFO - Processing file /opt/airflow/dags/enrich_user_profiles_dag.py for tasks to queue
[2025-06-18T19:40:39.413+0000] {logging_mixin.py:188} INFO - [2025-06-18T19:40:39.412+0000] {dagbag.py:545} INFO - Filling up the DagBag from /opt/airflow/dags/enrich_user_profiles_dag.py
[2025-06-18T19:40:39.530+0000] {processor.py:840} INFO - DAG(s) 'enrich_user_profiles' retrieved from /opt/airflow/dags/enrich_user_profiles_dag.py
[2025-06-18T19:40:39.685+0000] {logging_mixin.py:188} INFO - [2025-06-18T19:40:39.684+0000] {dag.py:3096} INFO - Sync 1 DAGs
[2025-06-18T19:40:39.736+0000] {logging_mixin.py:188} INFO - [2025-06-18T19:40:39.735+0000] {dag.py:3954} INFO - Setting next_dagrun for enrich_user_profiles to None, run_after=None
[2025-06-18T19:40:39.797+0000] {processor.py:183} INFO - Processing /opt/airflow/dags/enrich_user_profiles_dag.py took 0.429 seconds
[2025-06-18T19:41:10.839+0000] {processor.py:161} INFO - Started process (PID=562) to work on /opt/airflow/dags/enrich_user_profiles_dag.py
[2025-06-18T19:41:10.845+0000] {processor.py:830} INFO - Processing file /opt/airflow/dags/enrich_user_profiles_dag.py for tasks to queue
[2025-06-18T19:41:10.853+0000] {logging_mixin.py:188} INFO - [2025-06-18T19:41:10.852+0000] {dagbag.py:545} INFO - Filling up the DagBag from /opt/airflow/dags/enrich_user_profiles_dag.py
[2025-06-18T19:41:10.934+0000] {processor.py:840} INFO - DAG(s) 'enrich_user_profiles' retrieved from /opt/airflow/dags/enrich_user_profiles_dag.py
[2025-06-18T19:41:11.236+0000] {logging_mixin.py:188} INFO - [2025-06-18T19:41:11.235+0000] {dag.py:3096} INFO - Sync 1 DAGs
[2025-06-18T19:41:11.329+0000] {logging_mixin.py:188} INFO - [2025-06-18T19:41:11.328+0000] {dag.py:3954} INFO - Setting next_dagrun for enrich_user_profiles to None, run_after=None
[2025-06-18T19:41:11.548+0000] {processor.py:183} INFO - Processing /opt/airflow/dags/enrich_user_profiles_dag.py took 0.733 seconds
[2025-06-18T19:41:42.435+0000] {processor.py:161} INFO - Started process (PID=582) to work on /opt/airflow/dags/enrich_user_profiles_dag.py
[2025-06-18T19:41:42.438+0000] {processor.py:830} INFO - Processing file /opt/airflow/dags/enrich_user_profiles_dag.py for tasks to queue
[2025-06-18T19:41:42.448+0000] {logging_mixin.py:188} INFO - [2025-06-18T19:41:42.447+0000] {dagbag.py:545} INFO - Filling up the DagBag from /opt/airflow/dags/enrich_user_profiles_dag.py
[2025-06-18T19:41:42.505+0000] {processor.py:840} INFO - DAG(s) 'enrich_user_profiles' retrieved from /opt/airflow/dags/enrich_user_profiles_dag.py
[2025-06-18T19:41:42.587+0000] {logging_mixin.py:188} INFO - [2025-06-18T19:41:42.587+0000] {dag.py:3096} INFO - Sync 1 DAGs
[2025-06-18T19:42:11.053+0000] {logging_mixin.py:188} INFO - [2025-06-18T19:42:11.052+0000] {dag.py:3954} INFO - Setting next_dagrun for enrich_user_profiles to None, run_after=None
[2025-06-18T19:42:11.121+0000] {processor.py:183} INFO - Processing /opt/airflow/dags/enrich_user_profiles_dag.py took 28.716 seconds
[2025-06-18T19:42:42.025+0000] {processor.py:161} INFO - Started process (PID=602) to work on /opt/airflow/dags/enrich_user_profiles_dag.py
[2025-06-18T19:42:42.055+0000] {processor.py:830} INFO - Processing file /opt/airflow/dags/enrich_user_profiles_dag.py for tasks to queue
[2025-06-18T19:42:42.083+0000] {logging_mixin.py:188} INFO - [2025-06-18T19:42:42.082+0000] {dagbag.py:545} INFO - Filling up the DagBag from /opt/airflow/dags/enrich_user_profiles_dag.py
[2025-06-18T19:42:42.151+0000] {processor.py:840} INFO - DAG(s) 'enrich_user_profiles' retrieved from /opt/airflow/dags/enrich_user_profiles_dag.py
[2025-06-18T19:42:43.391+0000] {logging_mixin.py:188} INFO - [2025-06-18T19:42:43.390+0000] {dag.py:3096} INFO - Sync 1 DAGs
[2025-06-18T19:42:43.446+0000] {logging_mixin.py:188} INFO - [2025-06-18T19:42:43.445+0000] {dag.py:3954} INFO - Setting next_dagrun for enrich_user_profiles to None, run_after=None
[2025-06-18T19:42:43.907+0000] {processor.py:183} INFO - Processing /opt/airflow/dags/enrich_user_profiles_dag.py took 1.917 seconds
[2025-06-18T19:43:14.746+0000] {processor.py:161} INFO - Started process (PID=622) to work on /opt/airflow/dags/enrich_user_profiles_dag.py
[2025-06-18T19:43:14.753+0000] {processor.py:830} INFO - Processing file /opt/airflow/dags/enrich_user_profiles_dag.py for tasks to queue
[2025-06-18T19:43:14.759+0000] {logging_mixin.py:188} INFO - [2025-06-18T19:43:14.757+0000] {dagbag.py:545} INFO - Filling up the DagBag from /opt/airflow/dags/enrich_user_profiles_dag.py
[2025-06-18T19:43:15.143+0000] {processor.py:840} INFO - DAG(s) 'enrich_user_profiles' retrieved from /opt/airflow/dags/enrich_user_profiles_dag.py
[2025-06-18T19:43:15.207+0000] {logging_mixin.py:188} INFO - [2025-06-18T19:43:15.207+0000] {dag.py:3096} INFO - Sync 1 DAGs
[2025-06-18T19:43:15.235+0000] {logging_mixin.py:188} INFO - [2025-06-18T19:43:15.233+0000] {dag.py:3954} INFO - Setting next_dagrun for enrich_user_profiles to None, run_after=None
[2025-06-18T19:43:15.312+0000] {processor.py:183} INFO - Processing /opt/airflow/dags/enrich_user_profiles_dag.py took 0.599 seconds
[2025-06-18T19:43:46.288+0000] {processor.py:161} INFO - Started process (PID=642) to work on /opt/airflow/dags/enrich_user_profiles_dag.py
[2025-06-18T19:43:46.293+0000] {processor.py:830} INFO - Processing file /opt/airflow/dags/enrich_user_profiles_dag.py for tasks to queue
[2025-06-18T19:43:46.303+0000] {logging_mixin.py:188} INFO - [2025-06-18T19:43:46.301+0000] {dagbag.py:545} INFO - Filling up the DagBag from /opt/airflow/dags/enrich_user_profiles_dag.py
[2025-06-18T19:43:46.373+0000] {processor.py:840} INFO - DAG(s) 'enrich_user_profiles' retrieved from /opt/airflow/dags/enrich_user_profiles_dag.py
[2025-06-18T19:43:46.423+0000] {logging_mixin.py:188} INFO - [2025-06-18T19:43:46.423+0000] {dag.py:3096} INFO - Sync 1 DAGs
[2025-06-18T19:43:46.449+0000] {logging_mixin.py:188} INFO - [2025-06-18T19:43:46.449+0000] {dag.py:3954} INFO - Setting next_dagrun for enrich_user_profiles to None, run_after=None
[2025-06-18T19:43:46.482+0000] {processor.py:183} INFO - Processing /opt/airflow/dags/enrich_user_profiles_dag.py took 0.224 seconds
[2025-06-18T19:44:18.498+0000] {processor.py:161} INFO - Started process (PID=662) to work on /opt/airflow/dags/enrich_user_profiles_dag.py
[2025-06-18T19:44:18.500+0000] {processor.py:830} INFO - Processing file /opt/airflow/dags/enrich_user_profiles_dag.py for tasks to queue
[2025-06-18T19:44:18.507+0000] {logging_mixin.py:188} INFO - [2025-06-18T19:44:18.506+0000] {dagbag.py:545} INFO - Filling up the DagBag from /opt/airflow/dags/enrich_user_profiles_dag.py
[2025-06-18T19:44:18.599+0000] {processor.py:840} INFO - DAG(s) 'enrich_user_profiles' retrieved from /opt/airflow/dags/enrich_user_profiles_dag.py
[2025-06-18T19:44:18.667+0000] {logging_mixin.py:188} INFO - [2025-06-18T19:44:18.667+0000] {dag.py:3096} INFO - Sync 1 DAGs
[2025-06-18T19:44:18.700+0000] {logging_mixin.py:188} INFO - [2025-06-18T19:44:18.700+0000] {dag.py:3954} INFO - Setting next_dagrun for enrich_user_profiles to None, run_after=None
[2025-06-18T19:44:18.759+0000] {processor.py:183} INFO - Processing /opt/airflow/dags/enrich_user_profiles_dag.py took 0.285 seconds
[2025-06-18T19:44:49.127+0000] {processor.py:161} INFO - Started process (PID=682) to work on /opt/airflow/dags/enrich_user_profiles_dag.py
[2025-06-18T19:44:49.130+0000] {processor.py:830} INFO - Processing file /opt/airflow/dags/enrich_user_profiles_dag.py for tasks to queue
[2025-06-18T19:44:49.136+0000] {logging_mixin.py:188} INFO - [2025-06-18T19:44:49.135+0000] {dagbag.py:545} INFO - Filling up the DagBag from /opt/airflow/dags/enrich_user_profiles_dag.py
[2025-06-18T19:44:49.189+0000] {processor.py:840} INFO - DAG(s) 'enrich_user_profiles' retrieved from /opt/airflow/dags/enrich_user_profiles_dag.py
[2025-06-18T19:44:49.299+0000] {logging_mixin.py:188} INFO - [2025-06-18T19:44:49.298+0000] {dag.py:3096} INFO - Sync 1 DAGs
[2025-06-18T19:44:49.377+0000] {logging_mixin.py:188} INFO - [2025-06-18T19:44:49.377+0000] {dag.py:3954} INFO - Setting next_dagrun for enrich_user_profiles to None, run_after=None
[2025-06-18T19:44:49.526+0000] {processor.py:183} INFO - Processing /opt/airflow/dags/enrich_user_profiles_dag.py took 0.419 seconds
[2025-06-18T19:45:20.765+0000] {processor.py:161} INFO - Started process (PID=702) to work on /opt/airflow/dags/enrich_user_profiles_dag.py
[2025-06-18T19:45:20.783+0000] {processor.py:830} INFO - Processing file /opt/airflow/dags/enrich_user_profiles_dag.py for tasks to queue
[2025-06-18T19:45:20.808+0000] {logging_mixin.py:188} INFO - [2025-06-18T19:45:20.805+0000] {dagbag.py:545} INFO - Filling up the DagBag from /opt/airflow/dags/enrich_user_profiles_dag.py
[2025-06-18T19:45:20.984+0000] {processor.py:840} INFO - DAG(s) 'enrich_user_profiles' retrieved from /opt/airflow/dags/enrich_user_profiles_dag.py
[2025-06-18T19:45:21.071+0000] {logging_mixin.py:188} INFO - [2025-06-18T19:45:21.071+0000] {dag.py:3096} INFO - Sync 1 DAGs
[2025-06-18T19:45:21.117+0000] {logging_mixin.py:188} INFO - [2025-06-18T19:45:21.116+0000] {dag.py:3954} INFO - Setting next_dagrun for enrich_user_profiles to None, run_after=None
[2025-06-18T19:45:21.194+0000] {processor.py:183} INFO - Processing /opt/airflow/dags/enrich_user_profiles_dag.py took 0.539 seconds
