[2025-06-18T04:36:15.782+0000] {processor.py:161} INFO - Started process (PID=161) to work on /opt/airflow/dags/process_sales_dag.py
[2025-06-18T04:36:15.787+0000] {processor.py:830} INFO - Processing file /opt/airflow/dags/process_sales_dag.py for tasks to queue
[2025-06-18T04:36:15.796+0000] {logging_mixin.py:188} INFO - [2025-06-18T04:36:15.795+0000] {dagbag.py:545} INFO - Filling up the DagBag from /opt/airflow/dags/process_sales_dag.py
[2025-06-18T04:36:15.983+0000] {processor.py:840} INFO - DAG(s) 'process_sales' retrieved from /opt/airflow/dags/process_sales_dag.py
[2025-06-18T04:36:16.335+0000] {logging_mixin.py:188} INFO - [2025-06-18T04:36:16.333+0000] {dag.py:3096} INFO - Sync 1 DAGs
[2025-06-18T04:36:16.407+0000] {logging_mixin.py:188} INFO - [2025-06-18T04:36:16.406+0000] {dag.py:3954} INFO - Setting next_dagrun for process_sales to None, run_after=None
[2025-06-18T04:36:16.526+0000] {processor.py:183} INFO - Processing /opt/airflow/dags/process_sales_dag.py took 0.770 seconds
[2025-06-18T04:36:46.965+0000] {processor.py:161} INFO - Started process (PID=171) to work on /opt/airflow/dags/process_sales_dag.py
[2025-06-18T04:36:46.970+0000] {processor.py:830} INFO - Processing file /opt/airflow/dags/process_sales_dag.py for tasks to queue
[2025-06-18T04:36:46.975+0000] {logging_mixin.py:188} INFO - [2025-06-18T04:36:46.974+0000] {dagbag.py:545} INFO - Filling up the DagBag from /opt/airflow/dags/process_sales_dag.py
[2025-06-18T04:36:47.034+0000] {processor.py:840} INFO - DAG(s) 'process_sales' retrieved from /opt/airflow/dags/process_sales_dag.py
[2025-06-18T04:36:47.151+0000] {logging_mixin.py:188} INFO - [2025-06-18T04:36:47.151+0000] {dag.py:3096} INFO - Sync 1 DAGs
[2025-06-18T04:36:47.201+0000] {logging_mixin.py:188} INFO - [2025-06-18T04:36:47.201+0000] {dag.py:3954} INFO - Setting next_dagrun for process_sales to None, run_after=None
[2025-06-18T04:36:47.257+0000] {processor.py:183} INFO - Processing /opt/airflow/dags/process_sales_dag.py took 0.315 seconds
[2025-06-18T04:37:18.368+0000] {processor.py:161} INFO - Started process (PID=181) to work on /opt/airflow/dags/process_sales_dag.py
[2025-06-18T04:37:18.389+0000] {processor.py:830} INFO - Processing file /opt/airflow/dags/process_sales_dag.py for tasks to queue
[2025-06-18T04:37:18.476+0000] {logging_mixin.py:188} INFO - [2025-06-18T04:37:18.475+0000] {dagbag.py:545} INFO - Filling up the DagBag from /opt/airflow/dags/process_sales_dag.py
[2025-06-18T04:37:18.644+0000] {processor.py:840} INFO - DAG(s) 'process_sales' retrieved from /opt/airflow/dags/process_sales_dag.py
[2025-06-18T04:37:18.791+0000] {logging_mixin.py:188} INFO - [2025-06-18T04:37:18.790+0000] {dag.py:3096} INFO - Sync 1 DAGs
[2025-06-18T04:37:18.883+0000] {logging_mixin.py:188} INFO - [2025-06-18T04:37:18.882+0000] {dag.py:3954} INFO - Setting next_dagrun for process_sales to None, run_after=None
[2025-06-18T04:37:18.947+0000] {processor.py:183} INFO - Processing /opt/airflow/dags/process_sales_dag.py took 0.765 seconds
[2025-06-18T04:37:49.271+0000] {processor.py:161} INFO - Started process (PID=191) to work on /opt/airflow/dags/process_sales_dag.py
[2025-06-18T04:37:49.274+0000] {processor.py:830} INFO - Processing file /opt/airflow/dags/process_sales_dag.py for tasks to queue
[2025-06-18T04:37:49.279+0000] {logging_mixin.py:188} INFO - [2025-06-18T04:37:49.278+0000] {dagbag.py:545} INFO - Filling up the DagBag from /opt/airflow/dags/process_sales_dag.py
[2025-06-18T04:37:49.336+0000] {processor.py:840} INFO - DAG(s) 'process_sales' retrieved from /opt/airflow/dags/process_sales_dag.py
[2025-06-18T04:37:49.405+0000] {logging_mixin.py:188} INFO - [2025-06-18T04:37:49.405+0000] {dag.py:3096} INFO - Sync 1 DAGs
[2025-06-18T04:37:49.426+0000] {logging_mixin.py:188} INFO - [2025-06-18T04:37:49.425+0000] {dag.py:3954} INFO - Setting next_dagrun for process_sales to None, run_after=None
[2025-06-18T04:37:49.474+0000] {processor.py:183} INFO - Processing /opt/airflow/dags/process_sales_dag.py took 0.218 seconds
[2025-06-18T04:38:20.029+0000] {processor.py:161} INFO - Started process (PID=201) to work on /opt/airflow/dags/process_sales_dag.py
[2025-06-18T04:38:20.031+0000] {processor.py:830} INFO - Processing file /opt/airflow/dags/process_sales_dag.py for tasks to queue
[2025-06-18T04:38:20.040+0000] {logging_mixin.py:188} INFO - [2025-06-18T04:38:20.039+0000] {dagbag.py:545} INFO - Filling up the DagBag from /opt/airflow/dags/process_sales_dag.py
[2025-06-18T04:38:20.114+0000] {processor.py:840} INFO - DAG(s) 'process_sales' retrieved from /opt/airflow/dags/process_sales_dag.py
[2025-06-18T04:38:20.202+0000] {logging_mixin.py:188} INFO - [2025-06-18T04:38:20.201+0000] {dag.py:3096} INFO - Sync 1 DAGs
[2025-06-18T04:38:20.247+0000] {logging_mixin.py:188} INFO - [2025-06-18T04:38:20.246+0000] {dag.py:3954} INFO - Setting next_dagrun for process_sales to None, run_after=None
[2025-06-18T04:38:20.325+0000] {processor.py:183} INFO - Processing /opt/airflow/dags/process_sales_dag.py took 0.321 seconds
[2025-06-18T04:38:52.110+0000] {processor.py:161} INFO - Started process (PID=211) to work on /opt/airflow/dags/process_sales_dag.py
[2025-06-18T04:38:52.117+0000] {processor.py:830} INFO - Processing file /opt/airflow/dags/process_sales_dag.py for tasks to queue
[2025-06-18T04:38:52.125+0000] {logging_mixin.py:188} INFO - [2025-06-18T04:38:52.123+0000] {dagbag.py:545} INFO - Filling up the DagBag from /opt/airflow/dags/process_sales_dag.py
[2025-06-18T04:38:52.251+0000] {processor.py:840} INFO - DAG(s) 'process_sales' retrieved from /opt/airflow/dags/process_sales_dag.py
[2025-06-18T04:38:52.561+0000] {logging_mixin.py:188} INFO - [2025-06-18T04:38:52.561+0000] {dag.py:3096} INFO - Sync 1 DAGs
[2025-06-18T04:38:52.617+0000] {logging_mixin.py:188} INFO - [2025-06-18T04:38:52.616+0000] {dag.py:3954} INFO - Setting next_dagrun for process_sales to None, run_after=None
[2025-06-18T04:38:52.663+0000] {processor.py:183} INFO - Processing /opt/airflow/dags/process_sales_dag.py took 0.582 seconds
[2025-06-18T04:39:22.833+0000] {processor.py:161} INFO - Started process (PID=221) to work on /opt/airflow/dags/process_sales_dag.py
[2025-06-18T04:39:22.836+0000] {processor.py:830} INFO - Processing file /opt/airflow/dags/process_sales_dag.py for tasks to queue
[2025-06-18T04:39:22.842+0000] {logging_mixin.py:188} INFO - [2025-06-18T04:39:22.841+0000] {dagbag.py:545} INFO - Filling up the DagBag from /opt/airflow/dags/process_sales_dag.py
[2025-06-18T04:39:22.884+0000] {processor.py:840} INFO - DAG(s) 'process_sales' retrieved from /opt/airflow/dags/process_sales_dag.py
[2025-06-18T04:39:22.951+0000] {logging_mixin.py:188} INFO - [2025-06-18T04:39:22.951+0000] {dag.py:3096} INFO - Sync 1 DAGs
[2025-06-18T04:39:22.972+0000] {logging_mixin.py:188} INFO - [2025-06-18T04:39:22.972+0000] {dag.py:3954} INFO - Setting next_dagrun for process_sales to None, run_after=None
[2025-06-18T04:39:23.050+0000] {processor.py:183} INFO - Processing /opt/airflow/dags/process_sales_dag.py took 0.236 seconds
[2025-06-18T04:39:54.227+0000] {processor.py:161} INFO - Started process (PID=233) to work on /opt/airflow/dags/process_sales_dag.py
[2025-06-18T04:39:54.229+0000] {processor.py:830} INFO - Processing file /opt/airflow/dags/process_sales_dag.py for tasks to queue
[2025-06-18T04:39:54.249+0000] {logging_mixin.py:188} INFO - [2025-06-18T04:39:54.248+0000] {dagbag.py:545} INFO - Filling up the DagBag from /opt/airflow/dags/process_sales_dag.py
[2025-06-18T04:39:54.298+0000] {processor.py:840} INFO - DAG(s) 'process_sales' retrieved from /opt/airflow/dags/process_sales_dag.py
[2025-06-18T04:39:54.365+0000] {logging_mixin.py:188} INFO - [2025-06-18T04:39:54.365+0000] {dag.py:3096} INFO - Sync 1 DAGs
[2025-06-18T04:39:54.399+0000] {logging_mixin.py:188} INFO - [2025-06-18T04:39:54.399+0000] {dag.py:3954} INFO - Setting next_dagrun for process_sales to None, run_after=None
[2025-06-18T04:39:54.456+0000] {processor.py:183} INFO - Processing /opt/airflow/dags/process_sales_dag.py took 0.255 seconds
[2025-06-18T04:40:25.009+0000] {processor.py:161} INFO - Started process (PID=241) to work on /opt/airflow/dags/process_sales_dag.py
[2025-06-18T04:40:25.025+0000] {processor.py:830} INFO - Processing file /opt/airflow/dags/process_sales_dag.py for tasks to queue
[2025-06-18T04:40:25.034+0000] {logging_mixin.py:188} INFO - [2025-06-18T04:40:25.030+0000] {dagbag.py:545} INFO - Filling up the DagBag from /opt/airflow/dags/process_sales_dag.py
[2025-06-18T04:40:25.116+0000] {processor.py:840} INFO - DAG(s) 'process_sales' retrieved from /opt/airflow/dags/process_sales_dag.py
[2025-06-18T04:40:25.180+0000] {logging_mixin.py:188} INFO - [2025-06-18T04:40:25.180+0000] {dag.py:3096} INFO - Sync 1 DAGs
[2025-06-18T04:40:25.203+0000] {logging_mixin.py:188} INFO - [2025-06-18T04:40:25.203+0000] {dag.py:3954} INFO - Setting next_dagrun for process_sales to None, run_after=None
[2025-06-18T04:40:25.297+0000] {processor.py:183} INFO - Processing /opt/airflow/dags/process_sales_dag.py took 0.332 seconds
[2025-06-18T04:40:55.890+0000] {processor.py:161} INFO - Started process (PID=251) to work on /opt/airflow/dags/process_sales_dag.py
[2025-06-18T04:40:55.893+0000] {processor.py:830} INFO - Processing file /opt/airflow/dags/process_sales_dag.py for tasks to queue
[2025-06-18T04:40:55.897+0000] {logging_mixin.py:188} INFO - [2025-06-18T04:40:55.897+0000] {dagbag.py:545} INFO - Filling up the DagBag from /opt/airflow/dags/process_sales_dag.py
[2025-06-18T04:40:55.971+0000] {processor.py:840} INFO - DAG(s) 'process_sales' retrieved from /opt/airflow/dags/process_sales_dag.py
[2025-06-18T04:40:56.036+0000] {logging_mixin.py:188} INFO - [2025-06-18T04:40:56.036+0000] {dag.py:3096} INFO - Sync 1 DAGs
[2025-06-18T04:40:56.074+0000] {logging_mixin.py:188} INFO - [2025-06-18T04:40:56.074+0000] {dag.py:3954} INFO - Setting next_dagrun for process_sales to None, run_after=None
[2025-06-18T04:40:56.122+0000] {processor.py:183} INFO - Processing /opt/airflow/dags/process_sales_dag.py took 0.248 seconds
[2025-06-18T04:41:27.154+0000] {processor.py:161} INFO - Started process (PID=261) to work on /opt/airflow/dags/process_sales_dag.py
[2025-06-18T04:41:27.162+0000] {processor.py:830} INFO - Processing file /opt/airflow/dags/process_sales_dag.py for tasks to queue
[2025-06-18T04:41:27.182+0000] {logging_mixin.py:188} INFO - [2025-06-18T04:41:27.181+0000] {dagbag.py:545} INFO - Filling up the DagBag from /opt/airflow/dags/process_sales_dag.py
[2025-06-18T04:41:27.261+0000] {processor.py:840} INFO - DAG(s) 'process_sales' retrieved from /opt/airflow/dags/process_sales_dag.py
[2025-06-18T04:41:27.392+0000] {logging_mixin.py:188} INFO - [2025-06-18T04:41:27.391+0000] {dag.py:3096} INFO - Sync 1 DAGs
[2025-06-18T04:41:27.435+0000] {logging_mixin.py:188} INFO - [2025-06-18T04:41:27.435+0000] {dag.py:3954} INFO - Setting next_dagrun for process_sales to None, run_after=None
[2025-06-18T04:41:27.847+0000] {processor.py:183} INFO - Processing /opt/airflow/dags/process_sales_dag.py took 0.738 seconds
[2025-06-18T04:41:58.900+0000] {processor.py:161} INFO - Started process (PID=271) to work on /opt/airflow/dags/process_sales_dag.py
[2025-06-18T04:41:58.905+0000] {processor.py:830} INFO - Processing file /opt/airflow/dags/process_sales_dag.py for tasks to queue
[2025-06-18T04:41:58.918+0000] {logging_mixin.py:188} INFO - [2025-06-18T04:41:58.915+0000] {dagbag.py:545} INFO - Filling up the DagBag from /opt/airflow/dags/process_sales_dag.py
[2025-06-18T04:41:59.060+0000] {processor.py:840} INFO - DAG(s) 'process_sales' retrieved from /opt/airflow/dags/process_sales_dag.py
[2025-06-18T04:41:59.153+0000] {logging_mixin.py:188} INFO - [2025-06-18T04:41:59.153+0000] {dag.py:3096} INFO - Sync 1 DAGs
[2025-06-18T04:41:59.530+0000] {logging_mixin.py:188} INFO - [2025-06-18T04:41:59.529+0000] {dag.py:3954} INFO - Setting next_dagrun for process_sales to None, run_after=None
[2025-06-18T04:41:59.587+0000] {processor.py:183} INFO - Processing /opt/airflow/dags/process_sales_dag.py took 0.760 seconds
[2025-06-18T04:42:30.291+0000] {processor.py:161} INFO - Started process (PID=281) to work on /opt/airflow/dags/process_sales_dag.py
[2025-06-18T04:42:30.294+0000] {processor.py:830} INFO - Processing file /opt/airflow/dags/process_sales_dag.py for tasks to queue
[2025-06-18T04:42:30.300+0000] {logging_mixin.py:188} INFO - [2025-06-18T04:42:30.299+0000] {dagbag.py:545} INFO - Filling up the DagBag from /opt/airflow/dags/process_sales_dag.py
[2025-06-18T04:42:30.353+0000] {processor.py:840} INFO - DAG(s) 'process_sales' retrieved from /opt/airflow/dags/process_sales_dag.py
[2025-06-18T04:42:30.995+0000] {logging_mixin.py:188} INFO - [2025-06-18T04:42:30.995+0000] {dag.py:3096} INFO - Sync 1 DAGs
[2025-06-18T04:42:31.010+0000] {logging_mixin.py:188} INFO - [2025-06-18T04:42:31.010+0000] {dag.py:3954} INFO - Setting next_dagrun for process_sales to None, run_after=None
[2025-06-18T04:42:31.035+0000] {processor.py:183} INFO - Processing /opt/airflow/dags/process_sales_dag.py took 0.766 seconds
[2025-06-18T04:43:01.881+0000] {processor.py:161} INFO - Started process (PID=291) to work on /opt/airflow/dags/process_sales_dag.py
[2025-06-18T04:43:02.100+0000] {processor.py:830} INFO - Processing file /opt/airflow/dags/process_sales_dag.py for tasks to queue
[2025-06-18T04:43:02.102+0000] {logging_mixin.py:188} INFO - [2025-06-18T04:43:02.102+0000] {dagbag.py:545} INFO - Filling up the DagBag from /opt/airflow/dags/process_sales_dag.py
[2025-06-18T04:43:02.157+0000] {processor.py:840} INFO - DAG(s) 'process_sales' retrieved from /opt/airflow/dags/process_sales_dag.py
[2025-06-18T04:43:02.295+0000] {logging_mixin.py:188} INFO - [2025-06-18T04:43:02.294+0000] {dag.py:3096} INFO - Sync 1 DAGs
[2025-06-18T04:43:02.478+0000] {logging_mixin.py:188} INFO - [2025-06-18T04:43:02.478+0000] {dag.py:3954} INFO - Setting next_dagrun for process_sales to None, run_after=None
[2025-06-18T04:43:02.524+0000] {processor.py:183} INFO - Processing /opt/airflow/dags/process_sales_dag.py took 0.653 seconds
[2025-06-18T04:43:33.409+0000] {processor.py:161} INFO - Started process (PID=301) to work on /opt/airflow/dags/process_sales_dag.py
[2025-06-18T04:43:33.412+0000] {processor.py:830} INFO - Processing file /opt/airflow/dags/process_sales_dag.py for tasks to queue
[2025-06-18T04:43:33.418+0000] {logging_mixin.py:188} INFO - [2025-06-18T04:43:33.417+0000] {dagbag.py:545} INFO - Filling up the DagBag from /opt/airflow/dags/process_sales_dag.py
[2025-06-18T04:43:33.479+0000] {processor.py:840} INFO - DAG(s) 'process_sales' retrieved from /opt/airflow/dags/process_sales_dag.py
[2025-06-18T04:43:33.792+0000] {logging_mixin.py:188} INFO - [2025-06-18T04:43:33.791+0000] {dag.py:3096} INFO - Sync 1 DAGs
[2025-06-18T04:43:33.871+0000] {logging_mixin.py:188} INFO - [2025-06-18T04:43:33.870+0000] {dag.py:3954} INFO - Setting next_dagrun for process_sales to None, run_after=None
[2025-06-18T04:43:33.957+0000] {processor.py:183} INFO - Processing /opt/airflow/dags/process_sales_dag.py took 0.570 seconds
[2025-06-18T04:44:04.402+0000] {processor.py:161} INFO - Started process (PID=311) to work on /opt/airflow/dags/process_sales_dag.py
[2025-06-18T04:44:04.404+0000] {processor.py:830} INFO - Processing file /opt/airflow/dags/process_sales_dag.py for tasks to queue
[2025-06-18T04:44:04.408+0000] {logging_mixin.py:188} INFO - [2025-06-18T04:44:04.407+0000] {dagbag.py:545} INFO - Filling up the DagBag from /opt/airflow/dags/process_sales_dag.py
[2025-06-18T04:44:04.447+0000] {processor.py:840} INFO - DAG(s) 'process_sales' retrieved from /opt/airflow/dags/process_sales_dag.py
[2025-06-18T04:44:04.497+0000] {logging_mixin.py:188} INFO - [2025-06-18T04:44:04.496+0000] {dag.py:3096} INFO - Sync 1 DAGs
[2025-06-18T04:44:04.518+0000] {logging_mixin.py:188} INFO - [2025-06-18T04:44:04.518+0000] {dag.py:3954} INFO - Setting next_dagrun for process_sales to None, run_after=None
[2025-06-18T04:44:04.554+0000] {processor.py:183} INFO - Processing /opt/airflow/dags/process_sales_dag.py took 0.165 seconds
[2025-06-18T04:44:35.120+0000] {processor.py:161} INFO - Started process (PID=321) to work on /opt/airflow/dags/process_sales_dag.py
[2025-06-18T04:44:35.122+0000] {processor.py:830} INFO - Processing file /opt/airflow/dags/process_sales_dag.py for tasks to queue
[2025-06-18T04:44:35.127+0000] {logging_mixin.py:188} INFO - [2025-06-18T04:44:35.126+0000] {dagbag.py:545} INFO - Filling up the DagBag from /opt/airflow/dags/process_sales_dag.py
[2025-06-18T04:44:35.165+0000] {processor.py:840} INFO - DAG(s) 'process_sales' retrieved from /opt/airflow/dags/process_sales_dag.py
[2025-06-18T04:44:35.224+0000] {logging_mixin.py:188} INFO - [2025-06-18T04:44:35.223+0000] {dag.py:3096} INFO - Sync 1 DAGs
[2025-06-18T04:44:35.248+0000] {logging_mixin.py:188} INFO - [2025-06-18T04:44:35.248+0000] {dag.py:3954} INFO - Setting next_dagrun for process_sales to None, run_after=None
[2025-06-18T04:44:35.296+0000] {processor.py:183} INFO - Processing /opt/airflow/dags/process_sales_dag.py took 0.187 seconds
[2025-06-18T04:45:06.604+0000] {processor.py:161} INFO - Started process (PID=331) to work on /opt/airflow/dags/process_sales_dag.py
[2025-06-18T04:45:06.611+0000] {processor.py:830} INFO - Processing file /opt/airflow/dags/process_sales_dag.py for tasks to queue
[2025-06-18T04:45:06.624+0000] {logging_mixin.py:188} INFO - [2025-06-18T04:45:06.622+0000] {dagbag.py:545} INFO - Filling up the DagBag from /opt/airflow/dags/process_sales_dag.py
[2025-06-18T04:45:06.694+0000] {processor.py:840} INFO - DAG(s) 'process_sales' retrieved from /opt/airflow/dags/process_sales_dag.py
[2025-06-18T04:45:06.801+0000] {logging_mixin.py:188} INFO - [2025-06-18T04:45:06.800+0000] {dag.py:3096} INFO - Sync 1 DAGs
[2025-06-18T04:45:06.836+0000] {logging_mixin.py:188} INFO - [2025-06-18T04:45:06.835+0000] {dag.py:3954} INFO - Setting next_dagrun for process_sales to None, run_after=None
[2025-06-18T04:45:06.880+0000] {processor.py:183} INFO - Processing /opt/airflow/dags/process_sales_dag.py took 0.303 seconds
[2025-06-18T04:45:37.255+0000] {processor.py:161} INFO - Started process (PID=341) to work on /opt/airflow/dags/process_sales_dag.py
[2025-06-18T04:45:37.259+0000] {processor.py:830} INFO - Processing file /opt/airflow/dags/process_sales_dag.py for tasks to queue
[2025-06-18T04:45:37.263+0000] {logging_mixin.py:188} INFO - [2025-06-18T04:45:37.262+0000] {dagbag.py:545} INFO - Filling up the DagBag from /opt/airflow/dags/process_sales_dag.py
[2025-06-18T04:45:37.344+0000] {processor.py:840} INFO - DAG(s) 'process_sales' retrieved from /opt/airflow/dags/process_sales_dag.py
[2025-06-18T04:45:37.439+0000] {logging_mixin.py:188} INFO - [2025-06-18T04:45:37.439+0000] {dag.py:3096} INFO - Sync 1 DAGs
[2025-06-18T04:45:37.466+0000] {logging_mixin.py:188} INFO - [2025-06-18T04:45:37.465+0000] {dag.py:3954} INFO - Setting next_dagrun for process_sales to None, run_after=None
[2025-06-18T04:45:37.514+0000] {processor.py:183} INFO - Processing /opt/airflow/dags/process_sales_dag.py took 0.274 seconds
[2025-06-18T04:46:07.895+0000] {processor.py:161} INFO - Started process (PID=351) to work on /opt/airflow/dags/process_sales_dag.py
[2025-06-18T04:46:07.905+0000] {processor.py:830} INFO - Processing file /opt/airflow/dags/process_sales_dag.py for tasks to queue
[2025-06-18T04:46:07.912+0000] {logging_mixin.py:188} INFO - [2025-06-18T04:46:07.911+0000] {dagbag.py:545} INFO - Filling up the DagBag from /opt/airflow/dags/process_sales_dag.py
[2025-06-18T04:46:08.019+0000] {processor.py:840} INFO - DAG(s) 'process_sales' retrieved from /opt/airflow/dags/process_sales_dag.py
[2025-06-18T04:46:08.144+0000] {logging_mixin.py:188} INFO - [2025-06-18T04:46:08.143+0000] {dag.py:3096} INFO - Sync 1 DAGs
[2025-06-18T04:46:08.252+0000] {logging_mixin.py:188} INFO - [2025-06-18T04:46:08.251+0000] {dag.py:3954} INFO - Setting next_dagrun for process_sales to None, run_after=None
[2025-06-18T04:46:08.501+0000] {processor.py:183} INFO - Processing /opt/airflow/dags/process_sales_dag.py took 0.628 seconds
[2025-06-18T04:46:39.155+0000] {processor.py:161} INFO - Started process (PID=361) to work on /opt/airflow/dags/process_sales_dag.py
[2025-06-18T04:46:39.157+0000] {processor.py:830} INFO - Processing file /opt/airflow/dags/process_sales_dag.py for tasks to queue
[2025-06-18T04:46:39.162+0000] {logging_mixin.py:188} INFO - [2025-06-18T04:46:39.160+0000] {dagbag.py:545} INFO - Filling up the DagBag from /opt/airflow/dags/process_sales_dag.py
[2025-06-18T04:46:39.199+0000] {processor.py:840} INFO - DAG(s) 'process_sales' retrieved from /opt/airflow/dags/process_sales_dag.py
[2025-06-18T04:46:39.255+0000] {logging_mixin.py:188} INFO - [2025-06-18T04:46:39.254+0000] {dag.py:3096} INFO - Sync 1 DAGs
[2025-06-18T04:46:39.288+0000] {logging_mixin.py:188} INFO - [2025-06-18T04:46:39.287+0000] {dag.py:3954} INFO - Setting next_dagrun for process_sales to None, run_after=None
[2025-06-18T04:46:39.336+0000] {processor.py:183} INFO - Processing /opt/airflow/dags/process_sales_dag.py took 0.195 seconds
[2025-06-18T04:47:09.536+0000] {processor.py:161} INFO - Started process (PID=371) to work on /opt/airflow/dags/process_sales_dag.py
[2025-06-18T04:47:09.538+0000] {processor.py:830} INFO - Processing file /opt/airflow/dags/process_sales_dag.py for tasks to queue
[2025-06-18T04:47:09.543+0000] {logging_mixin.py:188} INFO - [2025-06-18T04:47:09.542+0000] {dagbag.py:545} INFO - Filling up the DagBag from /opt/airflow/dags/process_sales_dag.py
[2025-06-18T04:47:09.586+0000] {processor.py:840} INFO - DAG(s) 'process_sales' retrieved from /opt/airflow/dags/process_sales_dag.py
[2025-06-18T04:47:09.658+0000] {logging_mixin.py:188} INFO - [2025-06-18T04:47:09.658+0000] {dag.py:3096} INFO - Sync 1 DAGs
[2025-06-18T04:47:09.728+0000] {logging_mixin.py:188} INFO - [2025-06-18T04:47:09.727+0000] {dag.py:3954} INFO - Setting next_dagrun for process_sales to None, run_after=None
[2025-06-18T04:47:09.789+0000] {processor.py:183} INFO - Processing /opt/airflow/dags/process_sales_dag.py took 0.267 seconds
[2025-06-18T04:47:40.879+0000] {processor.py:161} INFO - Started process (PID=381) to work on /opt/airflow/dags/process_sales_dag.py
[2025-06-18T04:47:40.883+0000] {processor.py:830} INFO - Processing file /opt/airflow/dags/process_sales_dag.py for tasks to queue
[2025-06-18T04:47:40.889+0000] {logging_mixin.py:188} INFO - [2025-06-18T04:47:40.888+0000] {dagbag.py:545} INFO - Filling up the DagBag from /opt/airflow/dags/process_sales_dag.py
[2025-06-18T04:47:40.958+0000] {processor.py:840} INFO - DAG(s) 'process_sales' retrieved from /opt/airflow/dags/process_sales_dag.py
[2025-06-18T04:47:41.052+0000] {logging_mixin.py:188} INFO - [2025-06-18T04:47:41.052+0000] {dag.py:3096} INFO - Sync 1 DAGs
[2025-06-18T04:47:41.084+0000] {logging_mixin.py:188} INFO - [2025-06-18T04:47:41.084+0000] {dag.py:3954} INFO - Setting next_dagrun for process_sales to None, run_after=None
[2025-06-18T04:47:41.142+0000] {processor.py:183} INFO - Processing /opt/airflow/dags/process_sales_dag.py took 0.286 seconds
[2025-06-18T04:48:11.363+0000] {processor.py:161} INFO - Started process (PID=391) to work on /opt/airflow/dags/process_sales_dag.py
[2025-06-18T04:48:11.366+0000] {processor.py:830} INFO - Processing file /opt/airflow/dags/process_sales_dag.py for tasks to queue
[2025-06-18T04:48:11.371+0000] {logging_mixin.py:188} INFO - [2025-06-18T04:48:11.370+0000] {dagbag.py:545} INFO - Filling up the DagBag from /opt/airflow/dags/process_sales_dag.py
[2025-06-18T04:48:11.417+0000] {processor.py:840} INFO - DAG(s) 'process_sales' retrieved from /opt/airflow/dags/process_sales_dag.py
[2025-06-18T04:48:11.478+0000] {logging_mixin.py:188} INFO - [2025-06-18T04:48:11.477+0000] {dag.py:3096} INFO - Sync 1 DAGs
[2025-06-18T04:48:11.507+0000] {logging_mixin.py:188} INFO - [2025-06-18T04:48:11.506+0000] {dag.py:3954} INFO - Setting next_dagrun for process_sales to None, run_after=None
[2025-06-18T04:48:11.587+0000] {processor.py:183} INFO - Processing /opt/airflow/dags/process_sales_dag.py took 0.238 seconds
[2025-06-18T04:48:43.535+0000] {processor.py:161} INFO - Started process (PID=401) to work on /opt/airflow/dags/process_sales_dag.py
[2025-06-18T04:48:43.540+0000] {processor.py:830} INFO - Processing file /opt/airflow/dags/process_sales_dag.py for tasks to queue
[2025-06-18T04:48:43.547+0000] {logging_mixin.py:188} INFO - [2025-06-18T04:48:43.546+0000] {dagbag.py:545} INFO - Filling up the DagBag from /opt/airflow/dags/process_sales_dag.py
[2025-06-18T04:48:43.606+0000] {processor.py:840} INFO - DAG(s) 'process_sales' retrieved from /opt/airflow/dags/process_sales_dag.py
[2025-06-18T04:48:43.686+0000] {logging_mixin.py:188} INFO - [2025-06-18T04:48:43.686+0000] {dag.py:3096} INFO - Sync 1 DAGs
[2025-06-18T04:48:43.718+0000] {logging_mixin.py:188} INFO - [2025-06-18T04:48:43.717+0000] {dag.py:3954} INFO - Setting next_dagrun for process_sales to None, run_after=None
[2025-06-18T04:48:43.784+0000] {processor.py:183} INFO - Processing /opt/airflow/dags/process_sales_dag.py took 0.299 seconds
[2025-06-18T04:49:14.084+0000] {processor.py:161} INFO - Started process (PID=411) to work on /opt/airflow/dags/process_sales_dag.py
[2025-06-18T04:49:14.087+0000] {processor.py:830} INFO - Processing file /opt/airflow/dags/process_sales_dag.py for tasks to queue
[2025-06-18T04:49:14.092+0000] {logging_mixin.py:188} INFO - [2025-06-18T04:49:14.091+0000] {dagbag.py:545} INFO - Filling up the DagBag from /opt/airflow/dags/process_sales_dag.py
[2025-06-18T04:49:14.129+0000] {processor.py:840} INFO - DAG(s) 'process_sales' retrieved from /opt/airflow/dags/process_sales_dag.py
[2025-06-18T04:49:14.179+0000] {logging_mixin.py:188} INFO - [2025-06-18T04:49:14.179+0000] {dag.py:3096} INFO - Sync 1 DAGs
[2025-06-18T04:49:14.198+0000] {logging_mixin.py:188} INFO - [2025-06-18T04:49:14.197+0000] {dag.py:3954} INFO - Setting next_dagrun for process_sales to None, run_after=None
[2025-06-18T04:49:14.232+0000] {processor.py:183} INFO - Processing /opt/airflow/dags/process_sales_dag.py took 0.168 seconds
[2025-06-18T04:49:44.533+0000] {processor.py:161} INFO - Started process (PID=421) to work on /opt/airflow/dags/process_sales_dag.py
[2025-06-18T04:49:44.535+0000] {processor.py:830} INFO - Processing file /opt/airflow/dags/process_sales_dag.py for tasks to queue
[2025-06-18T04:49:44.540+0000] {logging_mixin.py:188} INFO - [2025-06-18T04:49:44.540+0000] {dagbag.py:545} INFO - Filling up the DagBag from /opt/airflow/dags/process_sales_dag.py
[2025-06-18T04:49:44.589+0000] {processor.py:840} INFO - DAG(s) 'process_sales' retrieved from /opt/airflow/dags/process_sales_dag.py
[2025-06-18T04:49:44.692+0000] {logging_mixin.py:188} INFO - [2025-06-18T04:49:44.692+0000] {dag.py:3096} INFO - Sync 1 DAGs
[2025-06-18T04:49:44.757+0000] {logging_mixin.py:188} INFO - [2025-06-18T04:49:44.757+0000] {dag.py:3954} INFO - Setting next_dagrun for process_sales to None, run_after=None
[2025-06-18T04:49:44.894+0000] {processor.py:183} INFO - Processing /opt/airflow/dags/process_sales_dag.py took 0.384 seconds
[2025-06-18T04:50:16.079+0000] {processor.py:161} INFO - Started process (PID=431) to work on /opt/airflow/dags/process_sales_dag.py
[2025-06-18T04:50:16.086+0000] {processor.py:830} INFO - Processing file /opt/airflow/dags/process_sales_dag.py for tasks to queue
[2025-06-18T04:50:16.104+0000] {logging_mixin.py:188} INFO - [2025-06-18T04:50:16.102+0000] {dagbag.py:545} INFO - Filling up the DagBag from /opt/airflow/dags/process_sales_dag.py
[2025-06-18T04:50:16.204+0000] {processor.py:840} INFO - DAG(s) 'process_sales' retrieved from /opt/airflow/dags/process_sales_dag.py
[2025-06-18T04:50:16.337+0000] {logging_mixin.py:188} INFO - [2025-06-18T04:50:16.336+0000] {dag.py:3096} INFO - Sync 1 DAGs
[2025-06-18T04:50:16.373+0000] {logging_mixin.py:188} INFO - [2025-06-18T04:50:16.372+0000] {dag.py:3954} INFO - Setting next_dagrun for process_sales to None, run_after=None
[2025-06-18T04:50:16.440+0000] {processor.py:183} INFO - Processing /opt/airflow/dags/process_sales_dag.py took 0.469 seconds
[2025-06-18T04:50:46.591+0000] {processor.py:161} INFO - Started process (PID=438) to work on /opt/airflow/dags/process_sales_dag.py
[2025-06-18T04:50:46.594+0000] {processor.py:830} INFO - Processing file /opt/airflow/dags/process_sales_dag.py for tasks to queue
[2025-06-18T04:50:46.601+0000] {logging_mixin.py:188} INFO - [2025-06-18T04:50:46.600+0000] {dagbag.py:545} INFO - Filling up the DagBag from /opt/airflow/dags/process_sales_dag.py
[2025-06-18T04:50:46.639+0000] {processor.py:840} INFO - DAG(s) 'process_sales' retrieved from /opt/airflow/dags/process_sales_dag.py
[2025-06-18T04:50:46.718+0000] {logging_mixin.py:188} INFO - [2025-06-18T04:50:46.718+0000] {dag.py:3096} INFO - Sync 1 DAGs
[2025-06-18T04:50:46.753+0000] {logging_mixin.py:188} INFO - [2025-06-18T04:50:46.753+0000] {dag.py:3954} INFO - Setting next_dagrun for process_sales to None, run_after=None
[2025-06-18T04:50:46.793+0000] {processor.py:183} INFO - Processing /opt/airflow/dags/process_sales_dag.py took 0.224 seconds
[2025-06-18T04:51:18.222+0000] {processor.py:161} INFO - Started process (PID=451) to work on /opt/airflow/dags/process_sales_dag.py
[2025-06-18T04:51:18.231+0000] {processor.py:830} INFO - Processing file /opt/airflow/dags/process_sales_dag.py for tasks to queue
[2025-06-18T04:51:18.241+0000] {logging_mixin.py:188} INFO - [2025-06-18T04:51:18.239+0000] {dagbag.py:545} INFO - Filling up the DagBag from /opt/airflow/dags/process_sales_dag.py
[2025-06-18T04:51:18.385+0000] {processor.py:840} INFO - DAG(s) 'process_sales' retrieved from /opt/airflow/dags/process_sales_dag.py
[2025-06-18T04:51:18.553+0000] {logging_mixin.py:188} INFO - [2025-06-18T04:51:18.552+0000] {dag.py:3096} INFO - Sync 1 DAGs
[2025-06-18T04:51:18.586+0000] {logging_mixin.py:188} INFO - [2025-06-18T04:51:18.586+0000] {dag.py:3954} INFO - Setting next_dagrun for process_sales to None, run_after=None
[2025-06-18T04:51:18.681+0000] {processor.py:183} INFO - Processing /opt/airflow/dags/process_sales_dag.py took 0.493 seconds
[2025-06-18T04:51:49.587+0000] {processor.py:161} INFO - Started process (PID=461) to work on /opt/airflow/dags/process_sales_dag.py
[2025-06-18T04:51:49.589+0000] {processor.py:830} INFO - Processing file /opt/airflow/dags/process_sales_dag.py for tasks to queue
[2025-06-18T04:51:49.592+0000] {logging_mixin.py:188} INFO - [2025-06-18T04:51:49.592+0000] {dagbag.py:545} INFO - Filling up the DagBag from /opt/airflow/dags/process_sales_dag.py
[2025-06-18T04:51:49.630+0000] {processor.py:840} INFO - DAG(s) 'process_sales' retrieved from /opt/airflow/dags/process_sales_dag.py
[2025-06-18T04:51:49.682+0000] {logging_mixin.py:188} INFO - [2025-06-18T04:51:49.682+0000] {dag.py:3096} INFO - Sync 1 DAGs
[2025-06-18T04:51:49.701+0000] {logging_mixin.py:188} INFO - [2025-06-18T04:51:49.701+0000] {dag.py:3954} INFO - Setting next_dagrun for process_sales to None, run_after=None
[2025-06-18T04:51:49.750+0000] {processor.py:183} INFO - Processing /opt/airflow/dags/process_sales_dag.py took 0.173 seconds
[2025-06-18T04:52:20.522+0000] {processor.py:161} INFO - Started process (PID=471) to work on /opt/airflow/dags/process_sales_dag.py
[2025-06-18T04:52:20.525+0000] {processor.py:830} INFO - Processing file /opt/airflow/dags/process_sales_dag.py for tasks to queue
[2025-06-18T04:52:20.532+0000] {logging_mixin.py:188} INFO - [2025-06-18T04:52:20.530+0000] {dagbag.py:545} INFO - Filling up the DagBag from /opt/airflow/dags/process_sales_dag.py
[2025-06-18T04:52:20.639+0000] {processor.py:840} INFO - DAG(s) 'process_sales' retrieved from /opt/airflow/dags/process_sales_dag.py
[2025-06-18T04:52:20.737+0000] {logging_mixin.py:188} INFO - [2025-06-18T04:52:20.736+0000] {dag.py:3096} INFO - Sync 1 DAGs
[2025-06-18T04:52:20.778+0000] {logging_mixin.py:188} INFO - [2025-06-18T04:52:20.778+0000] {dag.py:3954} INFO - Setting next_dagrun for process_sales to None, run_after=None
[2025-06-18T04:52:20.831+0000] {processor.py:183} INFO - Processing /opt/airflow/dags/process_sales_dag.py took 0.332 seconds
[2025-06-18T04:52:51.313+0000] {processor.py:161} INFO - Started process (PID=481) to work on /opt/airflow/dags/process_sales_dag.py
[2025-06-18T04:52:51.323+0000] {processor.py:830} INFO - Processing file /opt/airflow/dags/process_sales_dag.py for tasks to queue
[2025-06-18T04:52:51.328+0000] {logging_mixin.py:188} INFO - [2025-06-18T04:52:51.327+0000] {dagbag.py:545} INFO - Filling up the DagBag from /opt/airflow/dags/process_sales_dag.py
[2025-06-18T04:52:51.413+0000] {processor.py:840} INFO - DAG(s) 'process_sales' retrieved from /opt/airflow/dags/process_sales_dag.py
[2025-06-18T04:52:51.468+0000] {logging_mixin.py:188} INFO - [2025-06-18T04:52:51.467+0000] {dag.py:3096} INFO - Sync 1 DAGs
[2025-06-18T04:52:51.490+0000] {logging_mixin.py:188} INFO - [2025-06-18T04:52:51.489+0000] {dag.py:3954} INFO - Setting next_dagrun for process_sales to None, run_after=None
[2025-06-18T04:52:51.542+0000] {processor.py:183} INFO - Processing /opt/airflow/dags/process_sales_dag.py took 0.250 seconds
[2025-06-18T04:53:22.157+0000] {processor.py:161} INFO - Started process (PID=491) to work on /opt/airflow/dags/process_sales_dag.py
[2025-06-18T04:53:22.162+0000] {processor.py:830} INFO - Processing file /opt/airflow/dags/process_sales_dag.py for tasks to queue
[2025-06-18T04:53:22.177+0000] {logging_mixin.py:188} INFO - [2025-06-18T04:53:22.175+0000] {dagbag.py:545} INFO - Filling up the DagBag from /opt/airflow/dags/process_sales_dag.py
[2025-06-18T04:53:22.297+0000] {processor.py:840} INFO - DAG(s) 'process_sales' retrieved from /opt/airflow/dags/process_sales_dag.py
[2025-06-18T04:53:22.604+0000] {logging_mixin.py:188} INFO - [2025-06-18T04:53:22.604+0000] {dag.py:3096} INFO - Sync 1 DAGs
[2025-06-18T04:53:22.784+0000] {logging_mixin.py:188} INFO - [2025-06-18T04:53:22.783+0000] {dag.py:3954} INFO - Setting next_dagrun for process_sales to None, run_after=None
[2025-06-18T04:53:23.008+0000] {processor.py:183} INFO - Processing /opt/airflow/dags/process_sales_dag.py took 0.874 seconds
[2025-06-18T04:53:54.713+0000] {processor.py:161} INFO - Started process (PID=501) to work on /opt/airflow/dags/process_sales_dag.py
[2025-06-18T04:53:54.743+0000] {processor.py:830} INFO - Processing file /opt/airflow/dags/process_sales_dag.py for tasks to queue
[2025-06-18T04:53:54.774+0000] {logging_mixin.py:188} INFO - [2025-06-18T04:53:54.773+0000] {dagbag.py:545} INFO - Filling up the DagBag from /opt/airflow/dags/process_sales_dag.py
[2025-06-18T04:53:55.006+0000] {processor.py:840} INFO - DAG(s) 'process_sales' retrieved from /opt/airflow/dags/process_sales_dag.py
[2025-06-18T04:53:55.091+0000] {logging_mixin.py:188} INFO - [2025-06-18T04:53:55.091+0000] {dag.py:3096} INFO - Sync 1 DAGs
[2025-06-18T04:53:55.253+0000] {logging_mixin.py:188} INFO - [2025-06-18T04:53:55.253+0000] {dag.py:3954} INFO - Setting next_dagrun for process_sales to None, run_after=None
[2025-06-18T04:53:55.445+0000] {processor.py:183} INFO - Processing /opt/airflow/dags/process_sales_dag.py took 0.756 seconds
[2025-06-18T04:54:26.196+0000] {processor.py:161} INFO - Started process (PID=511) to work on /opt/airflow/dags/process_sales_dag.py
[2025-06-18T04:54:26.203+0000] {processor.py:830} INFO - Processing file /opt/airflow/dags/process_sales_dag.py for tasks to queue
[2025-06-18T04:54:26.216+0000] {logging_mixin.py:188} INFO - [2025-06-18T04:54:26.215+0000] {dagbag.py:545} INFO - Filling up the DagBag from /opt/airflow/dags/process_sales_dag.py
[2025-06-18T04:54:26.306+0000] {processor.py:840} INFO - DAG(s) 'process_sales' retrieved from /opt/airflow/dags/process_sales_dag.py
[2025-06-18T04:54:26.392+0000] {logging_mixin.py:188} INFO - [2025-06-18T04:54:26.392+0000] {dag.py:3096} INFO - Sync 1 DAGs
[2025-06-18T04:54:26.429+0000] {logging_mixin.py:188} INFO - [2025-06-18T04:54:26.429+0000] {dag.py:3954} INFO - Setting next_dagrun for process_sales to None, run_after=None
[2025-06-18T04:54:26.484+0000] {processor.py:183} INFO - Processing /opt/airflow/dags/process_sales_dag.py took 0.308 seconds
[2025-06-18T04:54:57.283+0000] {processor.py:161} INFO - Started process (PID=521) to work on /opt/airflow/dags/process_sales_dag.py
[2025-06-18T04:54:57.293+0000] {processor.py:830} INFO - Processing file /opt/airflow/dags/process_sales_dag.py for tasks to queue
[2025-06-18T04:54:57.315+0000] {logging_mixin.py:188} INFO - [2025-06-18T04:54:57.313+0000] {dagbag.py:545} INFO - Filling up the DagBag from /opt/airflow/dags/process_sales_dag.py
[2025-06-18T04:54:57.458+0000] {processor.py:840} INFO - DAG(s) 'process_sales' retrieved from /opt/airflow/dags/process_sales_dag.py
[2025-06-18T04:54:57.892+0000] {logging_mixin.py:188} INFO - [2025-06-18T04:54:57.891+0000] {dag.py:3096} INFO - Sync 1 DAGs
[2025-06-18T04:54:57.966+0000] {logging_mixin.py:188} INFO - [2025-06-18T04:54:57.966+0000] {dag.py:3954} INFO - Setting next_dagrun for process_sales to None, run_after=None
[2025-06-18T04:54:58.111+0000] {processor.py:183} INFO - Processing /opt/airflow/dags/process_sales_dag.py took 0.865 seconds
[2025-06-18T04:55:28.970+0000] {processor.py:161} INFO - Started process (PID=531) to work on /opt/airflow/dags/process_sales_dag.py
[2025-06-18T04:55:28.974+0000] {processor.py:830} INFO - Processing file /opt/airflow/dags/process_sales_dag.py for tasks to queue
[2025-06-18T04:55:28.981+0000] {logging_mixin.py:188} INFO - [2025-06-18T04:55:28.980+0000] {dagbag.py:545} INFO - Filling up the DagBag from /opt/airflow/dags/process_sales_dag.py
[2025-06-18T04:55:29.040+0000] {processor.py:840} INFO - DAG(s) 'process_sales' retrieved from /opt/airflow/dags/process_sales_dag.py
[2025-06-18T04:55:29.101+0000] {logging_mixin.py:188} INFO - [2025-06-18T04:55:29.100+0000] {dag.py:3096} INFO - Sync 1 DAGs
[2025-06-18T04:55:29.128+0000] {logging_mixin.py:188} INFO - [2025-06-18T04:55:29.128+0000] {dag.py:3954} INFO - Setting next_dagrun for process_sales to None, run_after=None
[2025-06-18T04:55:29.196+0000] {processor.py:183} INFO - Processing /opt/airflow/dags/process_sales_dag.py took 0.246 seconds
[2025-06-18T04:56:00.202+0000] {processor.py:161} INFO - Started process (PID=541) to work on /opt/airflow/dags/process_sales_dag.py
[2025-06-18T04:56:00.207+0000] {processor.py:830} INFO - Processing file /opt/airflow/dags/process_sales_dag.py for tasks to queue
[2025-06-18T04:56:00.212+0000] {logging_mixin.py:188} INFO - [2025-06-18T04:56:00.212+0000] {dagbag.py:545} INFO - Filling up the DagBag from /opt/airflow/dags/process_sales_dag.py
[2025-06-18T04:56:00.293+0000] {processor.py:840} INFO - DAG(s) 'process_sales' retrieved from /opt/airflow/dags/process_sales_dag.py
[2025-06-18T04:56:00.419+0000] {logging_mixin.py:188} INFO - [2025-06-18T04:56:00.418+0000] {dag.py:3096} INFO - Sync 1 DAGs
[2025-06-18T04:56:00.447+0000] {logging_mixin.py:188} INFO - [2025-06-18T04:56:00.447+0000] {dag.py:3954} INFO - Setting next_dagrun for process_sales to None, run_after=None
[2025-06-18T04:56:00.500+0000] {processor.py:183} INFO - Processing /opt/airflow/dags/process_sales_dag.py took 0.319 seconds
[2025-06-18T04:56:30.698+0000] {processor.py:161} INFO - Started process (PID=551) to work on /opt/airflow/dags/process_sales_dag.py
[2025-06-18T04:56:30.701+0000] {processor.py:830} INFO - Processing file /opt/airflow/dags/process_sales_dag.py for tasks to queue
[2025-06-18T04:56:30.705+0000] {logging_mixin.py:188} INFO - [2025-06-18T04:56:30.705+0000] {dagbag.py:545} INFO - Filling up the DagBag from /opt/airflow/dags/process_sales_dag.py
[2025-06-18T04:56:30.780+0000] {processor.py:840} INFO - DAG(s) 'process_sales' retrieved from /opt/airflow/dags/process_sales_dag.py
[2025-06-18T04:56:30.877+0000] {logging_mixin.py:188} INFO - [2025-06-18T04:56:30.876+0000] {dag.py:3096} INFO - Sync 1 DAGs
[2025-06-18T04:56:30.921+0000] {logging_mixin.py:188} INFO - [2025-06-18T04:56:30.920+0000] {dag.py:3954} INFO - Setting next_dagrun for process_sales to None, run_after=None
[2025-06-18T04:56:31.001+0000] {processor.py:183} INFO - Processing /opt/airflow/dags/process_sales_dag.py took 0.323 seconds
[2025-06-18T04:57:01.765+0000] {processor.py:161} INFO - Started process (PID=561) to work on /opt/airflow/dags/process_sales_dag.py
[2025-06-18T04:57:01.771+0000] {processor.py:830} INFO - Processing file /opt/airflow/dags/process_sales_dag.py for tasks to queue
[2025-06-18T04:57:01.783+0000] {logging_mixin.py:188} INFO - [2025-06-18T04:57:01.780+0000] {dagbag.py:545} INFO - Filling up the DagBag from /opt/airflow/dags/process_sales_dag.py
[2025-06-18T04:57:01.846+0000] {processor.py:840} INFO - DAG(s) 'process_sales' retrieved from /opt/airflow/dags/process_sales_dag.py
[2025-06-18T04:57:01.950+0000] {logging_mixin.py:188} INFO - [2025-06-18T04:57:01.950+0000] {dag.py:3096} INFO - Sync 1 DAGs
[2025-06-18T04:57:01.988+0000] {logging_mixin.py:188} INFO - [2025-06-18T04:57:01.988+0000] {dag.py:3954} INFO - Setting next_dagrun for process_sales to None, run_after=None
[2025-06-18T04:57:02.044+0000] {processor.py:183} INFO - Processing /opt/airflow/dags/process_sales_dag.py took 0.318 seconds
[2025-06-18T04:57:32.461+0000] {processor.py:161} INFO - Started process (PID=571) to work on /opt/airflow/dags/process_sales_dag.py
[2025-06-18T04:57:32.464+0000] {processor.py:830} INFO - Processing file /opt/airflow/dags/process_sales_dag.py for tasks to queue
[2025-06-18T04:57:32.468+0000] {logging_mixin.py:188} INFO - [2025-06-18T04:57:32.468+0000] {dagbag.py:545} INFO - Filling up the DagBag from /opt/airflow/dags/process_sales_dag.py
[2025-06-18T04:57:32.521+0000] {processor.py:840} INFO - DAG(s) 'process_sales' retrieved from /opt/airflow/dags/process_sales_dag.py
[2025-06-18T04:57:32.591+0000] {logging_mixin.py:188} INFO - [2025-06-18T04:57:32.591+0000] {dag.py:3096} INFO - Sync 1 DAGs
[2025-06-18T04:57:32.629+0000] {logging_mixin.py:188} INFO - [2025-06-18T04:57:32.629+0000] {dag.py:3954} INFO - Setting next_dagrun for process_sales to None, run_after=None
[2025-06-18T04:57:32.715+0000] {processor.py:183} INFO - Processing /opt/airflow/dags/process_sales_dag.py took 0.267 seconds
[2025-06-18T04:58:03.059+0000] {processor.py:161} INFO - Started process (PID=581) to work on /opt/airflow/dags/process_sales_dag.py
[2025-06-18T04:58:03.061+0000] {processor.py:830} INFO - Processing file /opt/airflow/dags/process_sales_dag.py for tasks to queue
[2025-06-18T04:58:03.064+0000] {logging_mixin.py:188} INFO - [2025-06-18T04:58:03.063+0000] {dagbag.py:545} INFO - Filling up the DagBag from /opt/airflow/dags/process_sales_dag.py
[2025-06-18T04:58:03.106+0000] {processor.py:840} INFO - DAG(s) 'process_sales' retrieved from /opt/airflow/dags/process_sales_dag.py
[2025-06-18T04:58:03.196+0000] {logging_mixin.py:188} INFO - [2025-06-18T04:58:03.196+0000] {dag.py:3096} INFO - Sync 1 DAGs
[2025-06-18T04:58:03.228+0000] {logging_mixin.py:188} INFO - [2025-06-18T04:58:03.227+0000] {dag.py:3954} INFO - Setting next_dagrun for process_sales to None, run_after=None
[2025-06-18T04:58:03.323+0000] {processor.py:183} INFO - Processing /opt/airflow/dags/process_sales_dag.py took 0.274 seconds
[2025-06-18T04:58:34.099+0000] {processor.py:161} INFO - Started process (PID=591) to work on /opt/airflow/dags/process_sales_dag.py
[2025-06-18T04:58:34.104+0000] {processor.py:830} INFO - Processing file /opt/airflow/dags/process_sales_dag.py for tasks to queue
[2025-06-18T04:58:34.110+0000] {logging_mixin.py:188} INFO - [2025-06-18T04:58:34.109+0000] {dagbag.py:545} INFO - Filling up the DagBag from /opt/airflow/dags/process_sales_dag.py
[2025-06-18T04:58:34.162+0000] {processor.py:840} INFO - DAG(s) 'process_sales' retrieved from /opt/airflow/dags/process_sales_dag.py
[2025-06-18T04:58:34.250+0000] {logging_mixin.py:188} INFO - [2025-06-18T04:58:34.250+0000] {dag.py:3096} INFO - Sync 1 DAGs
[2025-06-18T04:58:34.296+0000] {logging_mixin.py:188} INFO - [2025-06-18T04:58:34.296+0000] {dag.py:3954} INFO - Setting next_dagrun for process_sales to None, run_after=None
[2025-06-18T04:58:34.415+0000] {processor.py:183} INFO - Processing /opt/airflow/dags/process_sales_dag.py took 0.334 seconds
[2025-06-18T04:59:05.877+0000] {processor.py:161} INFO - Started process (PID=601) to work on /opt/airflow/dags/process_sales_dag.py
[2025-06-18T04:59:05.903+0000] {processor.py:830} INFO - Processing file /opt/airflow/dags/process_sales_dag.py for tasks to queue
[2025-06-18T04:59:05.917+0000] {logging_mixin.py:188} INFO - [2025-06-18T04:59:05.915+0000] {dagbag.py:545} INFO - Filling up the DagBag from /opt/airflow/dags/process_sales_dag.py
[2025-06-18T04:59:05.988+0000] {processor.py:840} INFO - DAG(s) 'process_sales' retrieved from /opt/airflow/dags/process_sales_dag.py
[2025-06-18T04:59:06.042+0000] {logging_mixin.py:188} INFO - [2025-06-18T04:59:06.041+0000] {dag.py:3096} INFO - Sync 1 DAGs
[2025-06-18T04:59:06.065+0000] {logging_mixin.py:188} INFO - [2025-06-18T04:59:06.065+0000] {dag.py:3954} INFO - Setting next_dagrun for process_sales to None, run_after=None
[2025-06-18T04:59:06.113+0000] {processor.py:183} INFO - Processing /opt/airflow/dags/process_sales_dag.py took 0.287 seconds
[2025-06-18T04:59:37.026+0000] {processor.py:161} INFO - Started process (PID=611) to work on /opt/airflow/dags/process_sales_dag.py
[2025-06-18T04:59:37.030+0000] {processor.py:830} INFO - Processing file /opt/airflow/dags/process_sales_dag.py for tasks to queue
[2025-06-18T04:59:37.037+0000] {logging_mixin.py:188} INFO - [2025-06-18T04:59:37.036+0000] {dagbag.py:545} INFO - Filling up the DagBag from /opt/airflow/dags/process_sales_dag.py
[2025-06-18T04:59:37.123+0000] {processor.py:840} INFO - DAG(s) 'process_sales' retrieved from /opt/airflow/dags/process_sales_dag.py
[2025-06-18T04:59:37.209+0000] {logging_mixin.py:188} INFO - [2025-06-18T04:59:37.207+0000] {dag.py:3096} INFO - Sync 1 DAGs
[2025-06-18T04:59:37.264+0000] {logging_mixin.py:188} INFO - [2025-06-18T04:59:37.264+0000] {dag.py:3954} INFO - Setting next_dagrun for process_sales to None, run_after=None
[2025-06-18T04:59:37.330+0000] {processor.py:183} INFO - Processing /opt/airflow/dags/process_sales_dag.py took 0.335 seconds
[2025-06-18T05:00:07.937+0000] {processor.py:161} INFO - Started process (PID=621) to work on /opt/airflow/dags/process_sales_dag.py
[2025-06-18T05:00:07.945+0000] {processor.py:830} INFO - Processing file /opt/airflow/dags/process_sales_dag.py for tasks to queue
[2025-06-18T05:00:07.956+0000] {logging_mixin.py:188} INFO - [2025-06-18T05:00:07.953+0000] {dagbag.py:545} INFO - Filling up the DagBag from /opt/airflow/dags/process_sales_dag.py
[2025-06-18T05:00:08.032+0000] {processor.py:840} INFO - DAG(s) 'process_sales' retrieved from /opt/airflow/dags/process_sales_dag.py
[2025-06-18T05:00:08.189+0000] {logging_mixin.py:188} INFO - [2025-06-18T05:00:08.189+0000] {dag.py:3096} INFO - Sync 1 DAGs
[2025-06-18T05:00:08.214+0000] {logging_mixin.py:188} INFO - [2025-06-18T05:00:08.214+0000] {dag.py:3954} INFO - Setting next_dagrun for process_sales to None, run_after=None
[2025-06-18T05:00:08.269+0000] {processor.py:183} INFO - Processing /opt/airflow/dags/process_sales_dag.py took 0.379 seconds
[2025-06-18T05:00:38.589+0000] {processor.py:161} INFO - Started process (PID=631) to work on /opt/airflow/dags/process_sales_dag.py
[2025-06-18T05:00:38.592+0000] {processor.py:830} INFO - Processing file /opt/airflow/dags/process_sales_dag.py for tasks to queue
[2025-06-18T05:00:38.597+0000] {logging_mixin.py:188} INFO - [2025-06-18T05:00:38.597+0000] {dagbag.py:545} INFO - Filling up the DagBag from /opt/airflow/dags/process_sales_dag.py
[2025-06-18T05:00:38.642+0000] {processor.py:840} INFO - DAG(s) 'process_sales' retrieved from /opt/airflow/dags/process_sales_dag.py
[2025-06-18T05:00:38.739+0000] {logging_mixin.py:188} INFO - [2025-06-18T05:00:38.739+0000] {dag.py:3096} INFO - Sync 1 DAGs
[2025-06-18T05:00:38.790+0000] {logging_mixin.py:188} INFO - [2025-06-18T05:00:38.789+0000] {dag.py:3954} INFO - Setting next_dagrun for process_sales to None, run_after=None
[2025-06-18T05:00:38.841+0000] {processor.py:183} INFO - Processing /opt/airflow/dags/process_sales_dag.py took 0.270 seconds
[2025-06-18T05:01:09.288+0000] {processor.py:161} INFO - Started process (PID=641) to work on /opt/airflow/dags/process_sales_dag.py
[2025-06-18T05:01:09.290+0000] {processor.py:830} INFO - Processing file /opt/airflow/dags/process_sales_dag.py for tasks to queue
[2025-06-18T05:01:09.293+0000] {logging_mixin.py:188} INFO - [2025-06-18T05:01:09.293+0000] {dagbag.py:545} INFO - Filling up the DagBag from /opt/airflow/dags/process_sales_dag.py
[2025-06-18T05:01:09.348+0000] {processor.py:840} INFO - DAG(s) 'process_sales' retrieved from /opt/airflow/dags/process_sales_dag.py
[2025-06-18T05:01:09.405+0000] {logging_mixin.py:188} INFO - [2025-06-18T05:01:09.405+0000] {dag.py:3096} INFO - Sync 1 DAGs
[2025-06-18T05:01:09.428+0000] {logging_mixin.py:188} INFO - [2025-06-18T05:01:09.428+0000] {dag.py:3954} INFO - Setting next_dagrun for process_sales to None, run_after=None
[2025-06-18T05:01:09.467+0000] {processor.py:183} INFO - Processing /opt/airflow/dags/process_sales_dag.py took 0.195 seconds
[2025-06-18T05:01:40.086+0000] {processor.py:161} INFO - Started process (PID=651) to work on /opt/airflow/dags/process_sales_dag.py
[2025-06-18T05:01:40.088+0000] {processor.py:830} INFO - Processing file /opt/airflow/dags/process_sales_dag.py for tasks to queue
[2025-06-18T05:01:40.094+0000] {logging_mixin.py:188} INFO - [2025-06-18T05:01:40.093+0000] {dagbag.py:545} INFO - Filling up the DagBag from /opt/airflow/dags/process_sales_dag.py
[2025-06-18T05:01:40.139+0000] {processor.py:840} INFO - DAG(s) 'process_sales' retrieved from /opt/airflow/dags/process_sales_dag.py
[2025-06-18T05:01:40.203+0000] {logging_mixin.py:188} INFO - [2025-06-18T05:01:40.203+0000] {dag.py:3096} INFO - Sync 1 DAGs
[2025-06-18T05:01:40.227+0000] {logging_mixin.py:188} INFO - [2025-06-18T05:01:40.227+0000] {dag.py:3954} INFO - Setting next_dagrun for process_sales to None, run_after=None
[2025-06-18T05:01:40.269+0000] {processor.py:183} INFO - Processing /opt/airflow/dags/process_sales_dag.py took 0.195 seconds
[2025-06-18T05:02:11.319+0000] {processor.py:161} INFO - Started process (PID=661) to work on /opt/airflow/dags/process_sales_dag.py
[2025-06-18T05:02:11.322+0000] {processor.py:830} INFO - Processing file /opt/airflow/dags/process_sales_dag.py for tasks to queue
[2025-06-18T05:02:11.329+0000] {logging_mixin.py:188} INFO - [2025-06-18T05:02:11.328+0000] {dagbag.py:545} INFO - Filling up the DagBag from /opt/airflow/dags/process_sales_dag.py
[2025-06-18T05:02:11.371+0000] {processor.py:840} INFO - DAG(s) 'process_sales' retrieved from /opt/airflow/dags/process_sales_dag.py
[2025-06-18T05:02:11.433+0000] {logging_mixin.py:188} INFO - [2025-06-18T05:02:11.432+0000] {dag.py:3096} INFO - Sync 1 DAGs
[2025-06-18T05:02:11.463+0000] {logging_mixin.py:188} INFO - [2025-06-18T05:02:11.463+0000] {dag.py:3954} INFO - Setting next_dagrun for process_sales to None, run_after=None
[2025-06-18T05:02:11.528+0000] {processor.py:183} INFO - Processing /opt/airflow/dags/process_sales_dag.py took 0.228 seconds
[2025-06-18T05:02:42.645+0000] {processor.py:161} INFO - Started process (PID=671) to work on /opt/airflow/dags/process_sales_dag.py
[2025-06-18T05:02:42.652+0000] {processor.py:830} INFO - Processing file /opt/airflow/dags/process_sales_dag.py for tasks to queue
[2025-06-18T05:02:42.661+0000] {logging_mixin.py:188} INFO - [2025-06-18T05:02:42.660+0000] {dagbag.py:545} INFO - Filling up the DagBag from /opt/airflow/dags/process_sales_dag.py
[2025-06-18T05:02:42.729+0000] {processor.py:840} INFO - DAG(s) 'process_sales' retrieved from /opt/airflow/dags/process_sales_dag.py
[2025-06-18T05:02:42.805+0000] {logging_mixin.py:188} INFO - [2025-06-18T05:02:42.804+0000] {dag.py:3096} INFO - Sync 1 DAGs
[2025-06-18T05:02:42.894+0000] {logging_mixin.py:188} INFO - [2025-06-18T05:02:42.894+0000] {dag.py:3954} INFO - Setting next_dagrun for process_sales to None, run_after=None
[2025-06-18T05:02:43.093+0000] {processor.py:183} INFO - Processing /opt/airflow/dags/process_sales_dag.py took 0.488 seconds
[2025-06-18T05:03:14.006+0000] {processor.py:161} INFO - Started process (PID=681) to work on /opt/airflow/dags/process_sales_dag.py
[2025-06-18T05:03:14.010+0000] {processor.py:830} INFO - Processing file /opt/airflow/dags/process_sales_dag.py for tasks to queue
[2025-06-18T05:03:14.017+0000] {logging_mixin.py:188} INFO - [2025-06-18T05:03:14.015+0000] {dagbag.py:545} INFO - Filling up the DagBag from /opt/airflow/dags/process_sales_dag.py
[2025-06-18T05:03:14.103+0000] {processor.py:840} INFO - DAG(s) 'process_sales' retrieved from /opt/airflow/dags/process_sales_dag.py
[2025-06-18T05:03:14.192+0000] {logging_mixin.py:188} INFO - [2025-06-18T05:03:14.192+0000] {dag.py:3096} INFO - Sync 1 DAGs
[2025-06-18T05:03:14.229+0000] {logging_mixin.py:188} INFO - [2025-06-18T05:03:14.228+0000] {dag.py:3954} INFO - Setting next_dagrun for process_sales to None, run_after=None
[2025-06-18T05:03:14.288+0000] {processor.py:183} INFO - Processing /opt/airflow/dags/process_sales_dag.py took 0.322 seconds
[2025-06-18T05:03:45.275+0000] {processor.py:161} INFO - Started process (PID=691) to work on /opt/airflow/dags/process_sales_dag.py
[2025-06-18T05:03:45.278+0000] {processor.py:830} INFO - Processing file /opt/airflow/dags/process_sales_dag.py for tasks to queue
[2025-06-18T05:03:45.286+0000] {logging_mixin.py:188} INFO - [2025-06-18T05:03:45.284+0000] {dagbag.py:545} INFO - Filling up the DagBag from /opt/airflow/dags/process_sales_dag.py
[2025-06-18T05:03:45.318+0000] {processor.py:840} INFO - DAG(s) 'process_sales' retrieved from /opt/airflow/dags/process_sales_dag.py
[2025-06-18T05:03:45.387+0000] {logging_mixin.py:188} INFO - [2025-06-18T05:03:45.386+0000] {dag.py:3096} INFO - Sync 1 DAGs
[2025-06-18T05:03:45.415+0000] {logging_mixin.py:188} INFO - [2025-06-18T05:03:45.415+0000] {dag.py:3954} INFO - Setting next_dagrun for process_sales to None, run_after=None
[2025-06-18T05:03:45.464+0000] {processor.py:183} INFO - Processing /opt/airflow/dags/process_sales_dag.py took 0.209 seconds
[2025-06-18T05:04:16.555+0000] {processor.py:161} INFO - Started process (PID=701) to work on /opt/airflow/dags/process_sales_dag.py
[2025-06-18T05:04:16.558+0000] {processor.py:830} INFO - Processing file /opt/airflow/dags/process_sales_dag.py for tasks to queue
[2025-06-18T05:04:16.566+0000] {logging_mixin.py:188} INFO - [2025-06-18T05:04:16.563+0000] {dagbag.py:545} INFO - Filling up the DagBag from /opt/airflow/dags/process_sales_dag.py
[2025-06-18T05:04:16.660+0000] {processor.py:840} INFO - DAG(s) 'process_sales' retrieved from /opt/airflow/dags/process_sales_dag.py
[2025-06-18T05:04:16.756+0000] {logging_mixin.py:188} INFO - [2025-06-18T05:04:16.756+0000] {dag.py:3096} INFO - Sync 1 DAGs
[2025-06-18T05:04:16.786+0000] {logging_mixin.py:188} INFO - [2025-06-18T05:04:16.785+0000] {dag.py:3954} INFO - Setting next_dagrun for process_sales to None, run_after=None
[2025-06-18T05:04:16.843+0000] {processor.py:183} INFO - Processing /opt/airflow/dags/process_sales_dag.py took 0.313 seconds
[2025-06-18T05:04:47.006+0000] {processor.py:161} INFO - Started process (PID=711) to work on /opt/airflow/dags/process_sales_dag.py
[2025-06-18T05:04:47.010+0000] {processor.py:830} INFO - Processing file /opt/airflow/dags/process_sales_dag.py for tasks to queue
[2025-06-18T05:04:47.016+0000] {logging_mixin.py:188} INFO - [2025-06-18T05:04:47.015+0000] {dagbag.py:545} INFO - Filling up the DagBag from /opt/airflow/dags/process_sales_dag.py
[2025-06-18T05:04:47.392+0000] {processor.py:840} INFO - DAG(s) 'process_sales' retrieved from /opt/airflow/dags/process_sales_dag.py
[2025-06-18T05:04:47.943+0000] {logging_mixin.py:188} INFO - [2025-06-18T05:04:47.942+0000] {dag.py:3096} INFO - Sync 1 DAGs
[2025-06-18T05:04:48.067+0000] {logging_mixin.py:188} INFO - [2025-06-18T05:04:48.066+0000] {dag.py:3954} INFO - Setting next_dagrun for process_sales to None, run_after=None
[2025-06-18T05:04:48.225+0000] {processor.py:183} INFO - Processing /opt/airflow/dags/process_sales_dag.py took 1.246 seconds
[2025-06-18T05:05:19.792+0000] {processor.py:161} INFO - Started process (PID=721) to work on /opt/airflow/dags/process_sales_dag.py
[2025-06-18T05:05:19.799+0000] {processor.py:830} INFO - Processing file /opt/airflow/dags/process_sales_dag.py for tasks to queue
[2025-06-18T05:05:19.809+0000] {logging_mixin.py:188} INFO - [2025-06-18T05:05:19.809+0000] {dagbag.py:545} INFO - Filling up the DagBag from /opt/airflow/dags/process_sales_dag.py
[2025-06-18T05:05:19.859+0000] {processor.py:840} INFO - DAG(s) 'process_sales' retrieved from /opt/airflow/dags/process_sales_dag.py
[2025-06-18T05:05:19.942+0000] {logging_mixin.py:188} INFO - [2025-06-18T05:05:19.941+0000] {dag.py:3096} INFO - Sync 1 DAGs
[2025-06-18T05:05:19.975+0000] {logging_mixin.py:188} INFO - [2025-06-18T05:05:19.974+0000] {dag.py:3954} INFO - Setting next_dagrun for process_sales to None, run_after=None
[2025-06-18T05:05:20.044+0000] {processor.py:183} INFO - Processing /opt/airflow/dags/process_sales_dag.py took 0.268 seconds
[2025-06-18T05:05:50.828+0000] {processor.py:161} INFO - Started process (PID=731) to work on /opt/airflow/dags/process_sales_dag.py
[2025-06-18T05:05:50.857+0000] {processor.py:830} INFO - Processing file /opt/airflow/dags/process_sales_dag.py for tasks to queue
[2025-06-18T05:05:50.951+0000] {logging_mixin.py:188} INFO - [2025-06-18T05:05:50.943+0000] {dagbag.py:545} INFO - Filling up the DagBag from /opt/airflow/dags/process_sales_dag.py
[2025-06-18T05:05:51.414+0000] {processor.py:840} INFO - DAG(s) 'process_sales' retrieved from /opt/airflow/dags/process_sales_dag.py
[2025-06-18T05:05:51.781+0000] {logging_mixin.py:188} INFO - [2025-06-18T05:05:51.781+0000] {dag.py:3096} INFO - Sync 1 DAGs
[2025-06-18T05:05:51.931+0000] {logging_mixin.py:188} INFO - [2025-06-18T05:05:51.930+0000] {dag.py:3954} INFO - Setting next_dagrun for process_sales to None, run_after=None
[2025-06-18T05:05:52.038+0000] {processor.py:183} INFO - Processing /opt/airflow/dags/process_sales_dag.py took 1.465 seconds
[2025-06-18T05:06:22.195+0000] {processor.py:161} INFO - Started process (PID=741) to work on /opt/airflow/dags/process_sales_dag.py
[2025-06-18T05:06:22.198+0000] {processor.py:830} INFO - Processing file /opt/airflow/dags/process_sales_dag.py for tasks to queue
[2025-06-18T05:06:22.205+0000] {logging_mixin.py:188} INFO - [2025-06-18T05:06:22.204+0000] {dagbag.py:545} INFO - Filling up the DagBag from /opt/airflow/dags/process_sales_dag.py
[2025-06-18T05:06:22.301+0000] {processor.py:840} INFO - DAG(s) 'process_sales' retrieved from /opt/airflow/dags/process_sales_dag.py
[2025-06-18T05:06:22.391+0000] {logging_mixin.py:188} INFO - [2025-06-18T05:06:22.391+0000] {dag.py:3096} INFO - Sync 1 DAGs
[2025-06-18T05:06:22.432+0000] {logging_mixin.py:188} INFO - [2025-06-18T05:06:22.431+0000] {dag.py:3954} INFO - Setting next_dagrun for process_sales to None, run_after=None
[2025-06-18T05:06:22.512+0000] {processor.py:183} INFO - Processing /opt/airflow/dags/process_sales_dag.py took 0.343 seconds
[2025-06-18T05:06:53.028+0000] {processor.py:161} INFO - Started process (PID=751) to work on /opt/airflow/dags/process_sales_dag.py
[2025-06-18T05:06:53.031+0000] {processor.py:830} INFO - Processing file /opt/airflow/dags/process_sales_dag.py for tasks to queue
[2025-06-18T05:06:53.036+0000] {logging_mixin.py:188} INFO - [2025-06-18T05:06:53.035+0000] {dagbag.py:545} INFO - Filling up the DagBag from /opt/airflow/dags/process_sales_dag.py
[2025-06-18T05:06:53.074+0000] {processor.py:840} INFO - DAG(s) 'process_sales' retrieved from /opt/airflow/dags/process_sales_dag.py
[2025-06-18T05:06:53.131+0000] {logging_mixin.py:188} INFO - [2025-06-18T05:06:53.131+0000] {dag.py:3096} INFO - Sync 1 DAGs
[2025-06-18T05:06:53.163+0000] {logging_mixin.py:188} INFO - [2025-06-18T05:06:53.162+0000] {dag.py:3954} INFO - Setting next_dagrun for process_sales to None, run_after=None
[2025-06-18T05:06:53.229+0000] {processor.py:183} INFO - Processing /opt/airflow/dags/process_sales_dag.py took 0.217 seconds
[2025-06-18T05:07:23.918+0000] {processor.py:161} INFO - Started process (PID=761) to work on /opt/airflow/dags/process_sales_dag.py
[2025-06-18T05:07:23.920+0000] {processor.py:830} INFO - Processing file /opt/airflow/dags/process_sales_dag.py for tasks to queue
[2025-06-18T05:07:23.926+0000] {logging_mixin.py:188} INFO - [2025-06-18T05:07:23.925+0000] {dagbag.py:545} INFO - Filling up the DagBag from /opt/airflow/dags/process_sales_dag.py
[2025-06-18T05:07:23.979+0000] {processor.py:840} INFO - DAG(s) 'process_sales' retrieved from /opt/airflow/dags/process_sales_dag.py
[2025-06-18T05:07:24.032+0000] {logging_mixin.py:188} INFO - [2025-06-18T05:07:24.031+0000] {dag.py:3096} INFO - Sync 1 DAGs
[2025-06-18T05:07:24.054+0000] {logging_mixin.py:188} INFO - [2025-06-18T05:07:24.053+0000] {dag.py:3954} INFO - Setting next_dagrun for process_sales to None, run_after=None
[2025-06-18T05:07:24.098+0000] {processor.py:183} INFO - Processing /opt/airflow/dags/process_sales_dag.py took 0.194 seconds
[2025-06-18T05:07:54.683+0000] {processor.py:161} INFO - Started process (PID=771) to work on /opt/airflow/dags/process_sales_dag.py
[2025-06-18T05:07:54.685+0000] {processor.py:830} INFO - Processing file /opt/airflow/dags/process_sales_dag.py for tasks to queue
[2025-06-18T05:07:54.689+0000] {logging_mixin.py:188} INFO - [2025-06-18T05:07:54.688+0000] {dagbag.py:545} INFO - Filling up the DagBag from /opt/airflow/dags/process_sales_dag.py
[2025-06-18T05:07:54.717+0000] {processor.py:840} INFO - DAG(s) 'process_sales' retrieved from /opt/airflow/dags/process_sales_dag.py
[2025-06-18T05:07:54.761+0000] {logging_mixin.py:188} INFO - [2025-06-18T05:07:54.761+0000] {dag.py:3096} INFO - Sync 1 DAGs
[2025-06-18T05:07:54.784+0000] {logging_mixin.py:188} INFO - [2025-06-18T05:07:54.784+0000] {dag.py:3954} INFO - Setting next_dagrun for process_sales to None, run_after=None
[2025-06-18T05:07:54.824+0000] {processor.py:183} INFO - Processing /opt/airflow/dags/process_sales_dag.py took 0.156 seconds
[2025-06-18T05:08:25.084+0000] {processor.py:161} INFO - Started process (PID=781) to work on /opt/airflow/dags/process_sales_dag.py
[2025-06-18T05:08:25.086+0000] {processor.py:830} INFO - Processing file /opt/airflow/dags/process_sales_dag.py for tasks to queue
[2025-06-18T05:08:25.089+0000] {logging_mixin.py:188} INFO - [2025-06-18T05:08:25.089+0000] {dagbag.py:545} INFO - Filling up the DagBag from /opt/airflow/dags/process_sales_dag.py
[2025-06-18T05:08:25.138+0000] {processor.py:840} INFO - DAG(s) 'process_sales' retrieved from /opt/airflow/dags/process_sales_dag.py
[2025-06-18T05:08:25.218+0000] {logging_mixin.py:188} INFO - [2025-06-18T05:08:25.217+0000] {dag.py:3096} INFO - Sync 1 DAGs
[2025-06-18T05:08:25.251+0000] {logging_mixin.py:188} INFO - [2025-06-18T05:08:25.250+0000] {dag.py:3954} INFO - Setting next_dagrun for process_sales to None, run_after=None
[2025-06-18T05:08:25.546+0000] {processor.py:183} INFO - Processing /opt/airflow/dags/process_sales_dag.py took 0.484 seconds
[2025-06-18T05:08:56.312+0000] {processor.py:161} INFO - Started process (PID=791) to work on /opt/airflow/dags/process_sales_dag.py
[2025-06-18T05:08:56.318+0000] {processor.py:830} INFO - Processing file /opt/airflow/dags/process_sales_dag.py for tasks to queue
[2025-06-18T05:08:56.322+0000] {logging_mixin.py:188} INFO - [2025-06-18T05:08:56.321+0000] {dagbag.py:545} INFO - Filling up the DagBag from /opt/airflow/dags/process_sales_dag.py
[2025-06-18T05:08:56.357+0000] {processor.py:840} INFO - DAG(s) 'process_sales' retrieved from /opt/airflow/dags/process_sales_dag.py
[2025-06-18T05:08:56.459+0000] {logging_mixin.py:188} INFO - [2025-06-18T05:08:56.458+0000] {dag.py:3096} INFO - Sync 1 DAGs
[2025-06-18T05:08:56.494+0000] {logging_mixin.py:188} INFO - [2025-06-18T05:08:56.494+0000] {dag.py:3954} INFO - Setting next_dagrun for process_sales to None, run_after=None
[2025-06-18T05:08:56.556+0000] {processor.py:183} INFO - Processing /opt/airflow/dags/process_sales_dag.py took 0.268 seconds
[2025-06-18T05:09:26.842+0000] {processor.py:161} INFO - Started process (PID=801) to work on /opt/airflow/dags/process_sales_dag.py
[2025-06-18T05:09:26.846+0000] {processor.py:830} INFO - Processing file /opt/airflow/dags/process_sales_dag.py for tasks to queue
[2025-06-18T05:09:26.872+0000] {logging_mixin.py:188} INFO - [2025-06-18T05:09:26.860+0000] {dagbag.py:545} INFO - Filling up the DagBag from /opt/airflow/dags/process_sales_dag.py
[2025-06-18T05:09:27.692+0000] {processor.py:840} INFO - DAG(s) 'process_sales' retrieved from /opt/airflow/dags/process_sales_dag.py
[2025-06-18T05:09:27.874+0000] {logging_mixin.py:188} INFO - [2025-06-18T05:09:27.874+0000] {dag.py:3096} INFO - Sync 1 DAGs
[2025-06-18T05:09:27.935+0000] {logging_mixin.py:188} INFO - [2025-06-18T05:09:27.934+0000] {dag.py:3954} INFO - Setting next_dagrun for process_sales to None, run_after=None
[2025-06-18T05:09:28.021+0000] {processor.py:183} INFO - Processing /opt/airflow/dags/process_sales_dag.py took 1.202 seconds
[2025-06-18T05:09:58.383+0000] {processor.py:161} INFO - Started process (PID=811) to work on /opt/airflow/dags/process_sales_dag.py
[2025-06-18T05:09:58.385+0000] {processor.py:830} INFO - Processing file /opt/airflow/dags/process_sales_dag.py for tasks to queue
[2025-06-18T05:09:58.393+0000] {logging_mixin.py:188} INFO - [2025-06-18T05:09:58.392+0000] {dagbag.py:545} INFO - Filling up the DagBag from /opt/airflow/dags/process_sales_dag.py
[2025-06-18T05:09:58.442+0000] {processor.py:840} INFO - DAG(s) 'process_sales' retrieved from /opt/airflow/dags/process_sales_dag.py
[2025-06-18T05:09:58.545+0000] {logging_mixin.py:188} INFO - [2025-06-18T05:09:58.544+0000] {dag.py:3096} INFO - Sync 1 DAGs
[2025-06-18T05:09:58.614+0000] {logging_mixin.py:188} INFO - [2025-06-18T05:09:58.613+0000] {dag.py:3954} INFO - Setting next_dagrun for process_sales to None, run_after=None
[2025-06-18T05:09:58.696+0000] {processor.py:183} INFO - Processing /opt/airflow/dags/process_sales_dag.py took 0.330 seconds
[2025-06-18T05:10:29.521+0000] {processor.py:161} INFO - Started process (PID=821) to work on /opt/airflow/dags/process_sales_dag.py
[2025-06-18T05:10:29.526+0000] {processor.py:830} INFO - Processing file /opt/airflow/dags/process_sales_dag.py for tasks to queue
[2025-06-18T05:10:29.534+0000] {logging_mixin.py:188} INFO - [2025-06-18T05:10:29.533+0000] {dagbag.py:545} INFO - Filling up the DagBag from /opt/airflow/dags/process_sales_dag.py
[2025-06-18T05:10:29.612+0000] {processor.py:840} INFO - DAG(s) 'process_sales' retrieved from /opt/airflow/dags/process_sales_dag.py
[2025-06-18T05:10:29.731+0000] {logging_mixin.py:188} INFO - [2025-06-18T05:10:29.730+0000] {dag.py:3096} INFO - Sync 1 DAGs
[2025-06-18T05:10:29.810+0000] {logging_mixin.py:188} INFO - [2025-06-18T05:10:29.809+0000] {dag.py:3954} INFO - Setting next_dagrun for process_sales to None, run_after=None
[2025-06-18T05:10:29.882+0000] {processor.py:183} INFO - Processing /opt/airflow/dags/process_sales_dag.py took 0.390 seconds
[2025-06-18T05:11:00.561+0000] {processor.py:161} INFO - Started process (PID=831) to work on /opt/airflow/dags/process_sales_dag.py
[2025-06-18T05:11:00.563+0000] {processor.py:830} INFO - Processing file /opt/airflow/dags/process_sales_dag.py for tasks to queue
[2025-06-18T05:11:00.567+0000] {logging_mixin.py:188} INFO - [2025-06-18T05:11:00.566+0000] {dagbag.py:545} INFO - Filling up the DagBag from /opt/airflow/dags/process_sales_dag.py
[2025-06-18T05:11:00.609+0000] {processor.py:840} INFO - DAG(s) 'process_sales' retrieved from /opt/airflow/dags/process_sales_dag.py
[2025-06-18T05:11:00.648+0000] {logging_mixin.py:188} INFO - [2025-06-18T05:11:00.647+0000] {dag.py:3096} INFO - Sync 1 DAGs
[2025-06-18T05:11:00.670+0000] {logging_mixin.py:188} INFO - [2025-06-18T05:11:00.669+0000] {dag.py:3954} INFO - Setting next_dagrun for process_sales to None, run_after=None
[2025-06-18T05:11:00.708+0000] {processor.py:183} INFO - Processing /opt/airflow/dags/process_sales_dag.py took 0.159 seconds
[2025-06-18T05:11:31.294+0000] {processor.py:161} INFO - Started process (PID=841) to work on /opt/airflow/dags/process_sales_dag.py
[2025-06-18T05:11:31.296+0000] {processor.py:830} INFO - Processing file /opt/airflow/dags/process_sales_dag.py for tasks to queue
[2025-06-18T05:11:31.299+0000] {logging_mixin.py:188} INFO - [2025-06-18T05:11:31.299+0000] {dagbag.py:545} INFO - Filling up the DagBag from /opt/airflow/dags/process_sales_dag.py
[2025-06-18T05:11:31.335+0000] {processor.py:840} INFO - DAG(s) 'process_sales' retrieved from /opt/airflow/dags/process_sales_dag.py
[2025-06-18T05:11:31.415+0000] {logging_mixin.py:188} INFO - [2025-06-18T05:11:31.414+0000] {dag.py:3096} INFO - Sync 1 DAGs
[2025-06-18T05:11:31.461+0000] {logging_mixin.py:188} INFO - [2025-06-18T05:11:31.461+0000] {dag.py:3954} INFO - Setting next_dagrun for process_sales to None, run_after=None
[2025-06-18T05:11:31.595+0000] {processor.py:183} INFO - Processing /opt/airflow/dags/process_sales_dag.py took 0.310 seconds
[2025-06-18T05:12:02.124+0000] {processor.py:161} INFO - Started process (PID=851) to work on /opt/airflow/dags/process_sales_dag.py
[2025-06-18T05:12:02.126+0000] {processor.py:830} INFO - Processing file /opt/airflow/dags/process_sales_dag.py for tasks to queue
[2025-06-18T05:12:02.130+0000] {logging_mixin.py:188} INFO - [2025-06-18T05:12:02.130+0000] {dagbag.py:545} INFO - Filling up the DagBag from /opt/airflow/dags/process_sales_dag.py
[2025-06-18T05:12:02.183+0000] {processor.py:840} INFO - DAG(s) 'process_sales' retrieved from /opt/airflow/dags/process_sales_dag.py
[2025-06-18T05:12:02.256+0000] {logging_mixin.py:188} INFO - [2025-06-18T05:12:02.256+0000] {dag.py:3096} INFO - Sync 1 DAGs
[2025-06-18T05:12:02.300+0000] {logging_mixin.py:188} INFO - [2025-06-18T05:12:02.299+0000] {dag.py:3954} INFO - Setting next_dagrun for process_sales to None, run_after=None
[2025-06-18T05:12:02.363+0000] {processor.py:183} INFO - Processing /opt/airflow/dags/process_sales_dag.py took 0.251 seconds
[2025-06-18T05:12:33.018+0000] {processor.py:161} INFO - Started process (PID=861) to work on /opt/airflow/dags/process_sales_dag.py
[2025-06-18T05:12:33.024+0000] {processor.py:830} INFO - Processing file /opt/airflow/dags/process_sales_dag.py for tasks to queue
[2025-06-18T05:12:33.031+0000] {logging_mixin.py:188} INFO - [2025-06-18T05:12:33.030+0000] {dagbag.py:545} INFO - Filling up the DagBag from /opt/airflow/dags/process_sales_dag.py
[2025-06-18T05:12:33.127+0000] {processor.py:840} INFO - DAG(s) 'process_sales' retrieved from /opt/airflow/dags/process_sales_dag.py
[2025-06-18T05:12:33.443+0000] {logging_mixin.py:188} INFO - [2025-06-18T05:12:33.443+0000] {dag.py:3096} INFO - Sync 1 DAGs
[2025-06-18T05:12:33.628+0000] {logging_mixin.py:188} INFO - [2025-06-18T05:12:33.626+0000] {dag.py:3954} INFO - Setting next_dagrun for process_sales to None, run_after=None
[2025-06-18T05:12:33.772+0000] {processor.py:183} INFO - Processing /opt/airflow/dags/process_sales_dag.py took 0.783 seconds
[2025-06-18T05:13:04.339+0000] {processor.py:161} INFO - Started process (PID=871) to work on /opt/airflow/dags/process_sales_dag.py
[2025-06-18T05:13:04.346+0000] {processor.py:830} INFO - Processing file /opt/airflow/dags/process_sales_dag.py for tasks to queue
[2025-06-18T05:13:04.354+0000] {logging_mixin.py:188} INFO - [2025-06-18T05:13:04.352+0000] {dagbag.py:545} INFO - Filling up the DagBag from /opt/airflow/dags/process_sales_dag.py
[2025-06-18T05:13:04.427+0000] {processor.py:840} INFO - DAG(s) 'process_sales' retrieved from /opt/airflow/dags/process_sales_dag.py
[2025-06-18T05:13:04.544+0000] {logging_mixin.py:188} INFO - [2025-06-18T05:13:04.540+0000] {dag.py:3096} INFO - Sync 1 DAGs
[2025-06-18T05:13:04.760+0000] {logging_mixin.py:188} INFO - [2025-06-18T05:13:04.757+0000] {dag.py:3954} INFO - Setting next_dagrun for process_sales to None, run_after=None
[2025-06-18T05:13:05.002+0000] {processor.py:183} INFO - Processing /opt/airflow/dags/process_sales_dag.py took 0.680 seconds
[2025-06-18T05:13:35.362+0000] {processor.py:161} INFO - Started process (PID=881) to work on /opt/airflow/dags/process_sales_dag.py
[2025-06-18T05:13:35.364+0000] {processor.py:830} INFO - Processing file /opt/airflow/dags/process_sales_dag.py for tasks to queue
[2025-06-18T05:13:35.368+0000] {logging_mixin.py:188} INFO - [2025-06-18T05:13:35.367+0000] {dagbag.py:545} INFO - Filling up the DagBag from /opt/airflow/dags/process_sales_dag.py
[2025-06-18T05:13:35.408+0000] {processor.py:840} INFO - DAG(s) 'process_sales' retrieved from /opt/airflow/dags/process_sales_dag.py
[2025-06-18T05:13:35.455+0000] {logging_mixin.py:188} INFO - [2025-06-18T05:13:35.455+0000] {dag.py:3096} INFO - Sync 1 DAGs
[2025-06-18T05:13:35.473+0000] {logging_mixin.py:188} INFO - [2025-06-18T05:13:35.473+0000] {dag.py:3954} INFO - Setting next_dagrun for process_sales to None, run_after=None
[2025-06-18T05:13:35.523+0000] {processor.py:183} INFO - Processing /opt/airflow/dags/process_sales_dag.py took 0.171 seconds
[2025-06-18T05:14:06.097+0000] {processor.py:161} INFO - Started process (PID=891) to work on /opt/airflow/dags/process_sales_dag.py
[2025-06-18T05:14:06.101+0000] {processor.py:830} INFO - Processing file /opt/airflow/dags/process_sales_dag.py for tasks to queue
[2025-06-18T05:14:06.107+0000] {logging_mixin.py:188} INFO - [2025-06-18T05:14:06.106+0000] {dagbag.py:545} INFO - Filling up the DagBag from /opt/airflow/dags/process_sales_dag.py
[2025-06-18T05:14:06.182+0000] {processor.py:840} INFO - DAG(s) 'process_sales' retrieved from /opt/airflow/dags/process_sales_dag.py
[2025-06-18T05:14:06.302+0000] {logging_mixin.py:188} INFO - [2025-06-18T05:14:06.302+0000] {dag.py:3096} INFO - Sync 1 DAGs
[2025-06-18T05:14:06.333+0000] {logging_mixin.py:188} INFO - [2025-06-18T05:14:06.332+0000] {dag.py:3954} INFO - Setting next_dagrun for process_sales to None, run_after=None
[2025-06-18T05:14:06.383+0000] {processor.py:183} INFO - Processing /opt/airflow/dags/process_sales_dag.py took 0.308 seconds
[2025-06-18T05:14:37.653+0000] {processor.py:161} INFO - Started process (PID=901) to work on /opt/airflow/dags/process_sales_dag.py
[2025-06-18T05:14:37.657+0000] {processor.py:830} INFO - Processing file /opt/airflow/dags/process_sales_dag.py for tasks to queue
[2025-06-18T05:14:37.670+0000] {logging_mixin.py:188} INFO - [2025-06-18T05:14:37.669+0000] {dagbag.py:545} INFO - Filling up the DagBag from /opt/airflow/dags/process_sales_dag.py
[2025-06-18T05:14:37.764+0000] {processor.py:840} INFO - DAG(s) 'process_sales' retrieved from /opt/airflow/dags/process_sales_dag.py
[2025-06-18T05:14:37.867+0000] {logging_mixin.py:188} INFO - [2025-06-18T05:14:37.866+0000] {dag.py:3096} INFO - Sync 1 DAGs
[2025-06-18T05:14:37.965+0000] {logging_mixin.py:188} INFO - [2025-06-18T05:14:37.965+0000] {dag.py:3954} INFO - Setting next_dagrun for process_sales to None, run_after=None
[2025-06-18T05:14:38.165+0000] {processor.py:183} INFO - Processing /opt/airflow/dags/process_sales_dag.py took 0.547 seconds
[2025-06-18T05:15:09.416+0000] {processor.py:161} INFO - Started process (PID=911) to work on /opt/airflow/dags/process_sales_dag.py
[2025-06-18T05:15:09.422+0000] {processor.py:830} INFO - Processing file /opt/airflow/dags/process_sales_dag.py for tasks to queue
[2025-06-18T05:15:09.430+0000] {logging_mixin.py:188} INFO - [2025-06-18T05:15:09.428+0000] {dagbag.py:545} INFO - Filling up the DagBag from /opt/airflow/dags/process_sales_dag.py
[2025-06-18T05:15:09.567+0000] {processor.py:840} INFO - DAG(s) 'process_sales' retrieved from /opt/airflow/dags/process_sales_dag.py
[2025-06-18T05:15:09.664+0000] {logging_mixin.py:188} INFO - [2025-06-18T05:15:09.663+0000] {dag.py:3096} INFO - Sync 1 DAGs
[2025-06-18T05:15:09.704+0000] {logging_mixin.py:188} INFO - [2025-06-18T05:15:09.703+0000] {dag.py:3954} INFO - Setting next_dagrun for process_sales to None, run_after=None
[2025-06-18T05:15:09.752+0000] {processor.py:183} INFO - Processing /opt/airflow/dags/process_sales_dag.py took 0.369 seconds
[2025-06-18T05:15:40.601+0000] {processor.py:161} INFO - Started process (PID=921) to work on /opt/airflow/dags/process_sales_dag.py
[2025-06-18T05:15:40.605+0000] {processor.py:830} INFO - Processing file /opt/airflow/dags/process_sales_dag.py for tasks to queue
[2025-06-18T05:15:40.613+0000] {logging_mixin.py:188} INFO - [2025-06-18T05:15:40.611+0000] {dagbag.py:545} INFO - Filling up the DagBag from /opt/airflow/dags/process_sales_dag.py
[2025-06-18T05:15:40.683+0000] {processor.py:840} INFO - DAG(s) 'process_sales' retrieved from /opt/airflow/dags/process_sales_dag.py
[2025-06-18T05:15:40.770+0000] {logging_mixin.py:188} INFO - [2025-06-18T05:15:40.769+0000] {dag.py:3096} INFO - Sync 1 DAGs
[2025-06-18T05:15:40.795+0000] {logging_mixin.py:188} INFO - [2025-06-18T05:15:40.794+0000] {dag.py:3954} INFO - Setting next_dagrun for process_sales to None, run_after=None
[2025-06-18T05:15:40.852+0000] {processor.py:183} INFO - Processing /opt/airflow/dags/process_sales_dag.py took 0.276 seconds
[2025-06-18T05:16:11.746+0000] {processor.py:161} INFO - Started process (PID=931) to work on /opt/airflow/dags/process_sales_dag.py
[2025-06-18T05:16:11.751+0000] {processor.py:830} INFO - Processing file /opt/airflow/dags/process_sales_dag.py for tasks to queue
[2025-06-18T05:16:11.760+0000] {logging_mixin.py:188} INFO - [2025-06-18T05:16:11.757+0000] {dagbag.py:545} INFO - Filling up the DagBag from /opt/airflow/dags/process_sales_dag.py
[2025-06-18T05:16:11.859+0000] {processor.py:840} INFO - DAG(s) 'process_sales' retrieved from /opt/airflow/dags/process_sales_dag.py
[2025-06-18T05:16:11.916+0000] {logging_mixin.py:188} INFO - [2025-06-18T05:16:11.916+0000] {dag.py:3096} INFO - Sync 1 DAGs
[2025-06-18T05:16:11.941+0000] {logging_mixin.py:188} INFO - [2025-06-18T05:16:11.941+0000] {dag.py:3954} INFO - Setting next_dagrun for process_sales to None, run_after=None
[2025-06-18T05:16:11.989+0000] {processor.py:183} INFO - Processing /opt/airflow/dags/process_sales_dag.py took 0.271 seconds
[2025-06-18T05:16:42.565+0000] {processor.py:161} INFO - Started process (PID=941) to work on /opt/airflow/dags/process_sales_dag.py
[2025-06-18T05:16:42.569+0000] {processor.py:830} INFO - Processing file /opt/airflow/dags/process_sales_dag.py for tasks to queue
[2025-06-18T05:16:42.575+0000] {logging_mixin.py:188} INFO - [2025-06-18T05:16:42.574+0000] {dagbag.py:545} INFO - Filling up the DagBag from /opt/airflow/dags/process_sales_dag.py
[2025-06-18T05:16:42.638+0000] {processor.py:840} INFO - DAG(s) 'process_sales' retrieved from /opt/airflow/dags/process_sales_dag.py
[2025-06-18T05:16:42.733+0000] {logging_mixin.py:188} INFO - [2025-06-18T05:16:42.733+0000] {dag.py:3096} INFO - Sync 1 DAGs
[2025-06-18T05:16:42.773+0000] {logging_mixin.py:188} INFO - [2025-06-18T05:16:42.772+0000] {dag.py:3954} INFO - Setting next_dagrun for process_sales to None, run_after=None
[2025-06-18T05:16:42.835+0000] {processor.py:183} INFO - Processing /opt/airflow/dags/process_sales_dag.py took 0.295 seconds
[2025-06-18T05:17:13.395+0000] {processor.py:161} INFO - Started process (PID=951) to work on /opt/airflow/dags/process_sales_dag.py
[2025-06-18T05:17:13.397+0000] {processor.py:830} INFO - Processing file /opt/airflow/dags/process_sales_dag.py for tasks to queue
[2025-06-18T05:17:13.401+0000] {logging_mixin.py:188} INFO - [2025-06-18T05:17:13.400+0000] {dagbag.py:545} INFO - Filling up the DagBag from /opt/airflow/dags/process_sales_dag.py
[2025-06-18T05:17:13.439+0000] {processor.py:840} INFO - DAG(s) 'process_sales' retrieved from /opt/airflow/dags/process_sales_dag.py
[2025-06-18T05:17:13.506+0000] {logging_mixin.py:188} INFO - [2025-06-18T05:17:13.506+0000] {dag.py:3096} INFO - Sync 1 DAGs
[2025-06-18T05:17:13.536+0000] {logging_mixin.py:188} INFO - [2025-06-18T05:17:13.536+0000] {dag.py:3954} INFO - Setting next_dagrun for process_sales to None, run_after=None
[2025-06-18T05:17:13.591+0000] {processor.py:183} INFO - Processing /opt/airflow/dags/process_sales_dag.py took 0.207 seconds
[2025-06-18T05:17:44.319+0000] {processor.py:161} INFO - Started process (PID=961) to work on /opt/airflow/dags/process_sales_dag.py
[2025-06-18T05:17:44.322+0000] {processor.py:830} INFO - Processing file /opt/airflow/dags/process_sales_dag.py for tasks to queue
[2025-06-18T05:17:44.328+0000] {logging_mixin.py:188} INFO - [2025-06-18T05:17:44.326+0000] {dagbag.py:545} INFO - Filling up the DagBag from /opt/airflow/dags/process_sales_dag.py
[2025-06-18T05:17:44.398+0000] {processor.py:840} INFO - DAG(s) 'process_sales' retrieved from /opt/airflow/dags/process_sales_dag.py
[2025-06-18T05:17:44.464+0000] {logging_mixin.py:188} INFO - [2025-06-18T05:17:44.464+0000] {dag.py:3096} INFO - Sync 1 DAGs
[2025-06-18T05:17:44.488+0000] {logging_mixin.py:188} INFO - [2025-06-18T05:17:44.488+0000] {dag.py:3954} INFO - Setting next_dagrun for process_sales to None, run_after=None
[2025-06-18T05:17:44.529+0000] {processor.py:183} INFO - Processing /opt/airflow/dags/process_sales_dag.py took 0.224 seconds
[2025-06-18T05:18:15.397+0000] {processor.py:161} INFO - Started process (PID=971) to work on /opt/airflow/dags/process_sales_dag.py
[2025-06-18T05:18:15.445+0000] {processor.py:830} INFO - Processing file /opt/airflow/dags/process_sales_dag.py for tasks to queue
[2025-06-18T05:18:15.460+0000] {logging_mixin.py:188} INFO - [2025-06-18T05:18:15.458+0000] {dagbag.py:545} INFO - Filling up the DagBag from /opt/airflow/dags/process_sales_dag.py
[2025-06-18T05:18:15.551+0000] {processor.py:840} INFO - DAG(s) 'process_sales' retrieved from /opt/airflow/dags/process_sales_dag.py
[2025-06-18T05:18:15.648+0000] {logging_mixin.py:188} INFO - [2025-06-18T05:18:15.648+0000] {dag.py:3096} INFO - Sync 1 DAGs
[2025-06-18T05:18:15.687+0000] {logging_mixin.py:188} INFO - [2025-06-18T05:18:15.687+0000] {dag.py:3954} INFO - Setting next_dagrun for process_sales to None, run_after=None
[2025-06-18T05:18:15.733+0000] {processor.py:183} INFO - Processing /opt/airflow/dags/process_sales_dag.py took 0.407 seconds
[2025-06-18T05:18:46.018+0000] {processor.py:161} INFO - Started process (PID=981) to work on /opt/airflow/dags/process_sales_dag.py
[2025-06-18T05:18:46.021+0000] {processor.py:830} INFO - Processing file /opt/airflow/dags/process_sales_dag.py for tasks to queue
[2025-06-18T05:18:46.033+0000] {logging_mixin.py:188} INFO - [2025-06-18T05:18:46.032+0000] {dagbag.py:545} INFO - Filling up the DagBag from /opt/airflow/dags/process_sales_dag.py
[2025-06-18T05:18:46.105+0000] {processor.py:840} INFO - DAG(s) 'process_sales' retrieved from /opt/airflow/dags/process_sales_dag.py
[2025-06-18T05:18:46.330+0000] {logging_mixin.py:188} INFO - [2025-06-18T05:18:46.328+0000] {dag.py:3096} INFO - Sync 1 DAGs
[2025-06-18T05:18:46.469+0000] {logging_mixin.py:188} INFO - [2025-06-18T05:18:46.468+0000] {dag.py:3954} INFO - Setting next_dagrun for process_sales to None, run_after=None
[2025-06-18T05:18:46.570+0000] {processor.py:183} INFO - Processing /opt/airflow/dags/process_sales_dag.py took 0.577 seconds
[2025-06-18T05:19:16.830+0000] {processor.py:161} INFO - Started process (PID=991) to work on /opt/airflow/dags/process_sales_dag.py
[2025-06-18T05:19:16.833+0000] {processor.py:830} INFO - Processing file /opt/airflow/dags/process_sales_dag.py for tasks to queue
[2025-06-18T05:19:16.838+0000] {logging_mixin.py:188} INFO - [2025-06-18T05:19:16.837+0000] {dagbag.py:545} INFO - Filling up the DagBag from /opt/airflow/dags/process_sales_dag.py
[2025-06-18T05:19:16.880+0000] {processor.py:840} INFO - DAG(s) 'process_sales' retrieved from /opt/airflow/dags/process_sales_dag.py
[2025-06-18T05:19:16.983+0000] {logging_mixin.py:188} INFO - [2025-06-18T05:19:16.982+0000] {dag.py:3096} INFO - Sync 1 DAGs
[2025-06-18T05:19:17.044+0000] {logging_mixin.py:188} INFO - [2025-06-18T05:19:17.044+0000] {dag.py:3954} INFO - Setting next_dagrun for process_sales to None, run_after=None
[2025-06-18T05:19:17.086+0000] {processor.py:183} INFO - Processing /opt/airflow/dags/process_sales_dag.py took 0.281 seconds
[2025-06-18T05:19:47.499+0000] {processor.py:161} INFO - Started process (PID=1003) to work on /opt/airflow/dags/process_sales_dag.py
[2025-06-18T05:19:47.502+0000] {processor.py:830} INFO - Processing file /opt/airflow/dags/process_sales_dag.py for tasks to queue
[2025-06-18T05:19:47.516+0000] {logging_mixin.py:188} INFO - [2025-06-18T05:19:47.508+0000] {dagbag.py:545} INFO - Filling up the DagBag from /opt/airflow/dags/process_sales_dag.py
[2025-06-18T05:19:47.570+0000] {processor.py:840} INFO - DAG(s) 'process_sales' retrieved from /opt/airflow/dags/process_sales_dag.py
[2025-06-18T05:19:47.662+0000] {logging_mixin.py:188} INFO - [2025-06-18T05:19:47.662+0000] {dag.py:3096} INFO - Sync 1 DAGs
[2025-06-18T05:19:47.732+0000] {logging_mixin.py:188} INFO - [2025-06-18T05:19:47.732+0000] {dag.py:3954} INFO - Setting next_dagrun for process_sales to None, run_after=None
[2025-06-18T05:19:47.830+0000] {processor.py:183} INFO - Processing /opt/airflow/dags/process_sales_dag.py took 0.348 seconds
[2025-06-18T05:20:18.013+0000] {processor.py:161} INFO - Started process (PID=1011) to work on /opt/airflow/dags/process_sales_dag.py
[2025-06-18T05:20:18.017+0000] {processor.py:830} INFO - Processing file /opt/airflow/dags/process_sales_dag.py for tasks to queue
[2025-06-18T05:20:18.027+0000] {logging_mixin.py:188} INFO - [2025-06-18T05:20:18.025+0000] {dagbag.py:545} INFO - Filling up the DagBag from /opt/airflow/dags/process_sales_dag.py
[2025-06-18T05:20:18.083+0000] {processor.py:840} INFO - DAG(s) 'process_sales' retrieved from /opt/airflow/dags/process_sales_dag.py
[2025-06-18T05:20:18.159+0000] {logging_mixin.py:188} INFO - [2025-06-18T05:20:18.158+0000] {dag.py:3096} INFO - Sync 1 DAGs
[2025-06-18T05:20:18.203+0000] {logging_mixin.py:188} INFO - [2025-06-18T05:20:18.202+0000] {dag.py:3954} INFO - Setting next_dagrun for process_sales to None, run_after=None
[2025-06-18T05:20:18.274+0000] {processor.py:183} INFO - Processing /opt/airflow/dags/process_sales_dag.py took 0.291 seconds
[2025-06-18T05:20:48.647+0000] {processor.py:161} INFO - Started process (PID=1021) to work on /opt/airflow/dags/process_sales_dag.py
[2025-06-18T05:20:48.662+0000] {processor.py:830} INFO - Processing file /opt/airflow/dags/process_sales_dag.py for tasks to queue
[2025-06-18T05:20:48.676+0000] {logging_mixin.py:188} INFO - [2025-06-18T05:20:48.674+0000] {dagbag.py:545} INFO - Filling up the DagBag from /opt/airflow/dags/process_sales_dag.py
[2025-06-18T05:20:48.792+0000] {processor.py:840} INFO - DAG(s) 'process_sales' retrieved from /opt/airflow/dags/process_sales_dag.py
[2025-06-18T05:20:48.847+0000] {logging_mixin.py:188} INFO - [2025-06-18T05:20:48.847+0000] {dag.py:3096} INFO - Sync 1 DAGs
[2025-06-18T05:20:48.873+0000] {logging_mixin.py:188} INFO - [2025-06-18T05:20:48.873+0000] {dag.py:3954} INFO - Setting next_dagrun for process_sales to None, run_after=None
[2025-06-18T05:20:48.923+0000] {processor.py:183} INFO - Processing /opt/airflow/dags/process_sales_dag.py took 0.341 seconds
[2025-06-18T05:21:19.643+0000] {processor.py:161} INFO - Started process (PID=1031) to work on /opt/airflow/dags/process_sales_dag.py
[2025-06-18T05:21:19.647+0000] {processor.py:830} INFO - Processing file /opt/airflow/dags/process_sales_dag.py for tasks to queue
[2025-06-18T05:21:19.660+0000] {logging_mixin.py:188} INFO - [2025-06-18T05:21:19.658+0000] {dagbag.py:545} INFO - Filling up the DagBag from /opt/airflow/dags/process_sales_dag.py
[2025-06-18T05:21:19.806+0000] {processor.py:840} INFO - DAG(s) 'process_sales' retrieved from /opt/airflow/dags/process_sales_dag.py
[2025-06-18T05:21:20.009+0000] {logging_mixin.py:188} INFO - [2025-06-18T05:21:20.008+0000] {dag.py:3096} INFO - Sync 1 DAGs
[2025-06-18T05:21:20.039+0000] {logging_mixin.py:188} INFO - [2025-06-18T05:21:20.039+0000] {dag.py:3954} INFO - Setting next_dagrun for process_sales to None, run_after=None
[2025-06-18T05:21:20.143+0000] {processor.py:183} INFO - Processing /opt/airflow/dags/process_sales_dag.py took 0.535 seconds
[2025-06-18T05:21:51.291+0000] {processor.py:161} INFO - Started process (PID=1041) to work on /opt/airflow/dags/process_sales_dag.py
[2025-06-18T05:21:51.295+0000] {processor.py:830} INFO - Processing file /opt/airflow/dags/process_sales_dag.py for tasks to queue
[2025-06-18T05:21:51.298+0000] {logging_mixin.py:188} INFO - [2025-06-18T05:21:51.298+0000] {dagbag.py:545} INFO - Filling up the DagBag from /opt/airflow/dags/process_sales_dag.py
[2025-06-18T05:21:51.345+0000] {processor.py:840} INFO - DAG(s) 'process_sales' retrieved from /opt/airflow/dags/process_sales_dag.py
[2025-06-18T05:21:51.407+0000] {logging_mixin.py:188} INFO - [2025-06-18T05:21:51.407+0000] {dag.py:3096} INFO - Sync 1 DAGs
[2025-06-18T05:21:51.430+0000] {logging_mixin.py:188} INFO - [2025-06-18T05:21:51.429+0000] {dag.py:3954} INFO - Setting next_dagrun for process_sales to None, run_after=None
[2025-06-18T05:21:51.480+0000] {processor.py:183} INFO - Processing /opt/airflow/dags/process_sales_dag.py took 0.203 seconds
[2025-06-18T05:22:22.339+0000] {processor.py:161} INFO - Started process (PID=1051) to work on /opt/airflow/dags/process_sales_dag.py
[2025-06-18T05:22:22.340+0000] {processor.py:830} INFO - Processing file /opt/airflow/dags/process_sales_dag.py for tasks to queue
[2025-06-18T05:22:22.344+0000] {logging_mixin.py:188} INFO - [2025-06-18T05:22:22.343+0000] {dagbag.py:545} INFO - Filling up the DagBag from /opt/airflow/dags/process_sales_dag.py
[2025-06-18T05:22:22.380+0000] {processor.py:840} INFO - DAG(s) 'process_sales' retrieved from /opt/airflow/dags/process_sales_dag.py
[2025-06-18T05:22:22.421+0000] {logging_mixin.py:188} INFO - [2025-06-18T05:22:22.420+0000] {dag.py:3096} INFO - Sync 1 DAGs
[2025-06-18T05:22:22.445+0000] {logging_mixin.py:188} INFO - [2025-06-18T05:22:22.445+0000] {dag.py:3954} INFO - Setting next_dagrun for process_sales to None, run_after=None
[2025-06-18T05:22:22.501+0000] {processor.py:183} INFO - Processing /opt/airflow/dags/process_sales_dag.py took 0.176 seconds
[2025-06-18T05:22:52.804+0000] {processor.py:161} INFO - Started process (PID=1061) to work on /opt/airflow/dags/process_sales_dag.py
[2025-06-18T05:22:52.808+0000] {processor.py:830} INFO - Processing file /opt/airflow/dags/process_sales_dag.py for tasks to queue
[2025-06-18T05:22:52.814+0000] {logging_mixin.py:188} INFO - [2025-06-18T05:22:52.813+0000] {dagbag.py:545} INFO - Filling up the DagBag from /opt/airflow/dags/process_sales_dag.py
[2025-06-18T05:22:52.847+0000] {processor.py:840} INFO - DAG(s) 'process_sales' retrieved from /opt/airflow/dags/process_sales_dag.py
[2025-06-18T05:22:52.917+0000] {logging_mixin.py:188} INFO - [2025-06-18T05:22:52.916+0000] {dag.py:3096} INFO - Sync 1 DAGs
[2025-06-18T05:22:52.943+0000] {logging_mixin.py:188} INFO - [2025-06-18T05:22:52.943+0000] {dag.py:3954} INFO - Setting next_dagrun for process_sales to None, run_after=None
[2025-06-18T05:22:52.987+0000] {processor.py:183} INFO - Processing /opt/airflow/dags/process_sales_dag.py took 0.199 seconds
[2025-06-18T05:23:23.786+0000] {processor.py:161} INFO - Started process (PID=1071) to work on /opt/airflow/dags/process_sales_dag.py
[2025-06-18T05:23:23.788+0000] {processor.py:830} INFO - Processing file /opt/airflow/dags/process_sales_dag.py for tasks to queue
[2025-06-18T05:23:23.792+0000] {logging_mixin.py:188} INFO - [2025-06-18T05:23:23.792+0000] {dagbag.py:545} INFO - Filling up the DagBag from /opt/airflow/dags/process_sales_dag.py
[2025-06-18T05:23:23.827+0000] {processor.py:840} INFO - DAG(s) 'process_sales' retrieved from /opt/airflow/dags/process_sales_dag.py
[2025-06-18T05:23:23.882+0000] {logging_mixin.py:188} INFO - [2025-06-18T05:23:23.881+0000] {dag.py:3096} INFO - Sync 1 DAGs
[2025-06-18T05:23:23.909+0000] {logging_mixin.py:188} INFO - [2025-06-18T05:23:23.908+0000] {dag.py:3954} INFO - Setting next_dagrun for process_sales to None, run_after=None
[2025-06-18T05:23:24.011+0000] {processor.py:183} INFO - Processing /opt/airflow/dags/process_sales_dag.py took 0.243 seconds
[2025-06-18T05:23:54.592+0000] {processor.py:161} INFO - Started process (PID=1081) to work on /opt/airflow/dags/process_sales_dag.py
[2025-06-18T05:23:54.614+0000] {processor.py:830} INFO - Processing file /opt/airflow/dags/process_sales_dag.py for tasks to queue
[2025-06-18T05:23:54.715+0000] {logging_mixin.py:188} INFO - [2025-06-18T05:23:54.695+0000] {dagbag.py:545} INFO - Filling up the DagBag from /opt/airflow/dags/process_sales_dag.py
[2025-06-18T05:23:55.027+0000] {processor.py:840} INFO - DAG(s) 'process_sales' retrieved from /opt/airflow/dags/process_sales_dag.py
[2025-06-18T05:23:55.264+0000] {logging_mixin.py:188} INFO - [2025-06-18T05:23:55.263+0000] {dag.py:3096} INFO - Sync 1 DAGs
[2025-06-18T05:23:55.332+0000] {logging_mixin.py:188} INFO - [2025-06-18T05:23:55.331+0000] {dag.py:3954} INFO - Setting next_dagrun for process_sales to None, run_after=None
[2025-06-18T05:23:55.385+0000] {processor.py:183} INFO - Processing /opt/airflow/dags/process_sales_dag.py took 1.120 seconds
[2025-06-18T05:24:26.102+0000] {processor.py:161} INFO - Started process (PID=1091) to work on /opt/airflow/dags/process_sales_dag.py
[2025-06-18T05:24:26.106+0000] {processor.py:830} INFO - Processing file /opt/airflow/dags/process_sales_dag.py for tasks to queue
[2025-06-18T05:24:26.121+0000] {logging_mixin.py:188} INFO - [2025-06-18T05:24:26.120+0000] {dagbag.py:545} INFO - Filling up the DagBag from /opt/airflow/dags/process_sales_dag.py
[2025-06-18T05:24:26.379+0000] {processor.py:840} INFO - DAG(s) 'process_sales' retrieved from /opt/airflow/dags/process_sales_dag.py
[2025-06-18T05:24:27.892+0000] {logging_mixin.py:188} INFO - [2025-06-18T05:24:27.855+0000] {dag.py:3096} INFO - Sync 1 DAGs
[2025-06-18T05:24:28.404+0000] {logging_mixin.py:188} INFO - [2025-06-18T05:24:28.403+0000] {dag.py:3954} INFO - Setting next_dagrun for process_sales to None, run_after=None
[2025-06-18T05:24:28.702+0000] {processor.py:183} INFO - Processing /opt/airflow/dags/process_sales_dag.py took 2.656 seconds
[2025-06-18T05:24:59.416+0000] {processor.py:161} INFO - Started process (PID=1101) to work on /opt/airflow/dags/process_sales_dag.py
[2025-06-18T05:24:59.433+0000] {processor.py:830} INFO - Processing file /opt/airflow/dags/process_sales_dag.py for tasks to queue
[2025-06-18T05:24:59.447+0000] {logging_mixin.py:188} INFO - [2025-06-18T05:24:59.446+0000] {dagbag.py:545} INFO - Filling up the DagBag from /opt/airflow/dags/process_sales_dag.py
[2025-06-18T05:24:59.588+0000] {processor.py:840} INFO - DAG(s) 'process_sales' retrieved from /opt/airflow/dags/process_sales_dag.py
[2025-06-18T05:24:59.711+0000] {logging_mixin.py:188} INFO - [2025-06-18T05:24:59.710+0000] {dag.py:3096} INFO - Sync 1 DAGs
[2025-06-18T05:24:59.728+0000] {logging_mixin.py:188} INFO - [2025-06-18T05:24:59.728+0000] {dag.py:3954} INFO - Setting next_dagrun for process_sales to None, run_after=None
[2025-06-18T05:24:59.770+0000] {processor.py:183} INFO - Processing /opt/airflow/dags/process_sales_dag.py took 0.406 seconds
[2025-06-18T05:25:30.849+0000] {processor.py:161} INFO - Started process (PID=1111) to work on /opt/airflow/dags/process_sales_dag.py
[2025-06-18T05:25:30.854+0000] {processor.py:830} INFO - Processing file /opt/airflow/dags/process_sales_dag.py for tasks to queue
[2025-06-18T05:25:30.864+0000] {logging_mixin.py:188} INFO - [2025-06-18T05:25:30.863+0000] {dagbag.py:545} INFO - Filling up the DagBag from /opt/airflow/dags/process_sales_dag.py
[2025-06-18T05:25:30.920+0000] {processor.py:840} INFO - DAG(s) 'process_sales' retrieved from /opt/airflow/dags/process_sales_dag.py
[2025-06-18T05:25:31.006+0000] {logging_mixin.py:188} INFO - [2025-06-18T05:25:31.006+0000] {dag.py:3096} INFO - Sync 1 DAGs
[2025-06-18T05:25:31.100+0000] {logging_mixin.py:188} INFO - [2025-06-18T05:25:31.100+0000] {dag.py:3954} INFO - Setting next_dagrun for process_sales to None, run_after=None
[2025-06-18T05:25:31.142+0000] {processor.py:183} INFO - Processing /opt/airflow/dags/process_sales_dag.py took 0.332 seconds
[2025-06-18T05:26:01.379+0000] {processor.py:161} INFO - Started process (PID=1121) to work on /opt/airflow/dags/process_sales_dag.py
[2025-06-18T05:26:01.382+0000] {processor.py:830} INFO - Processing file /opt/airflow/dags/process_sales_dag.py for tasks to queue
[2025-06-18T05:26:01.386+0000] {logging_mixin.py:188} INFO - [2025-06-18T05:26:01.385+0000] {dagbag.py:545} INFO - Filling up the DagBag from /opt/airflow/dags/process_sales_dag.py
[2025-06-18T05:26:01.416+0000] {processor.py:840} INFO - DAG(s) 'process_sales' retrieved from /opt/airflow/dags/process_sales_dag.py
[2025-06-18T05:26:01.474+0000] {logging_mixin.py:188} INFO - [2025-06-18T05:26:01.473+0000] {dag.py:3096} INFO - Sync 1 DAGs
[2025-06-18T05:26:01.496+0000] {logging_mixin.py:188} INFO - [2025-06-18T05:26:01.495+0000] {dag.py:3954} INFO - Setting next_dagrun for process_sales to None, run_after=None
[2025-06-18T05:26:01.545+0000] {processor.py:183} INFO - Processing /opt/airflow/dags/process_sales_dag.py took 0.181 seconds
[2025-06-18T05:26:31.730+0000] {processor.py:161} INFO - Started process (PID=1131) to work on /opt/airflow/dags/process_sales_dag.py
[2025-06-18T05:26:31.734+0000] {processor.py:830} INFO - Processing file /opt/airflow/dags/process_sales_dag.py for tasks to queue
[2025-06-18T05:26:31.739+0000] {logging_mixin.py:188} INFO - [2025-06-18T05:26:31.738+0000] {dagbag.py:545} INFO - Filling up the DagBag from /opt/airflow/dags/process_sales_dag.py
[2025-06-18T05:26:31.787+0000] {processor.py:840} INFO - DAG(s) 'process_sales' retrieved from /opt/airflow/dags/process_sales_dag.py
[2025-06-18T05:26:31.897+0000] {logging_mixin.py:188} INFO - [2025-06-18T05:26:31.897+0000] {dag.py:3096} INFO - Sync 1 DAGs
[2025-06-18T05:26:31.944+0000] {logging_mixin.py:188} INFO - [2025-06-18T05:26:31.943+0000] {dag.py:3954} INFO - Setting next_dagrun for process_sales to None, run_after=None
[2025-06-18T05:26:32.042+0000] {processor.py:183} INFO - Processing /opt/airflow/dags/process_sales_dag.py took 0.337 seconds
[2025-06-18T05:27:02.462+0000] {processor.py:161} INFO - Started process (PID=1141) to work on /opt/airflow/dags/process_sales_dag.py
[2025-06-18T05:27:02.466+0000] {processor.py:830} INFO - Processing file /opt/airflow/dags/process_sales_dag.py for tasks to queue
[2025-06-18T05:27:02.470+0000] {logging_mixin.py:188} INFO - [2025-06-18T05:27:02.469+0000] {dagbag.py:545} INFO - Filling up the DagBag from /opt/airflow/dags/process_sales_dag.py
[2025-06-18T05:27:02.515+0000] {processor.py:840} INFO - DAG(s) 'process_sales' retrieved from /opt/airflow/dags/process_sales_dag.py
[2025-06-18T05:27:02.584+0000] {logging_mixin.py:188} INFO - [2025-06-18T05:27:02.583+0000] {dag.py:3096} INFO - Sync 1 DAGs
[2025-06-18T05:27:02.612+0000] {logging_mixin.py:188} INFO - [2025-06-18T05:27:02.611+0000] {dag.py:3954} INFO - Setting next_dagrun for process_sales to None, run_after=None
[2025-06-18T05:27:02.659+0000] {processor.py:183} INFO - Processing /opt/airflow/dags/process_sales_dag.py took 0.211 seconds
[2025-06-18T05:27:33.331+0000] {processor.py:161} INFO - Started process (PID=1151) to work on /opt/airflow/dags/process_sales_dag.py
[2025-06-18T05:27:33.335+0000] {processor.py:830} INFO - Processing file /opt/airflow/dags/process_sales_dag.py for tasks to queue
[2025-06-18T05:27:33.341+0000] {logging_mixin.py:188} INFO - [2025-06-18T05:27:33.340+0000] {dagbag.py:545} INFO - Filling up the DagBag from /opt/airflow/dags/process_sales_dag.py
[2025-06-18T05:27:33.403+0000] {processor.py:840} INFO - DAG(s) 'process_sales' retrieved from /opt/airflow/dags/process_sales_dag.py
[2025-06-18T05:27:33.532+0000] {logging_mixin.py:188} INFO - [2025-06-18T05:27:33.532+0000] {dag.py:3096} INFO - Sync 1 DAGs
[2025-06-18T05:27:33.579+0000] {logging_mixin.py:188} INFO - [2025-06-18T05:27:33.578+0000] {dag.py:3954} INFO - Setting next_dagrun for process_sales to None, run_after=None
[2025-06-18T05:27:33.641+0000] {processor.py:183} INFO - Processing /opt/airflow/dags/process_sales_dag.py took 0.334 seconds
[2025-06-18T05:28:04.233+0000] {processor.py:161} INFO - Started process (PID=1161) to work on /opt/airflow/dags/process_sales_dag.py
[2025-06-18T05:28:04.236+0000] {processor.py:830} INFO - Processing file /opt/airflow/dags/process_sales_dag.py for tasks to queue
[2025-06-18T05:28:04.241+0000] {logging_mixin.py:188} INFO - [2025-06-18T05:28:04.240+0000] {dagbag.py:545} INFO - Filling up the DagBag from /opt/airflow/dags/process_sales_dag.py
[2025-06-18T05:28:04.311+0000] {processor.py:840} INFO - DAG(s) 'process_sales' retrieved from /opt/airflow/dags/process_sales_dag.py
[2025-06-18T05:28:04.353+0000] {logging_mixin.py:188} INFO - [2025-06-18T05:28:04.353+0000] {dag.py:3096} INFO - Sync 1 DAGs
[2025-06-18T05:28:04.387+0000] {logging_mixin.py:188} INFO - [2025-06-18T05:28:04.387+0000] {dag.py:3954} INFO - Setting next_dagrun for process_sales to None, run_after=None
[2025-06-18T05:28:04.441+0000] {processor.py:183} INFO - Processing /opt/airflow/dags/process_sales_dag.py took 0.227 seconds
[2025-06-18T05:28:34.936+0000] {processor.py:161} INFO - Started process (PID=1173) to work on /opt/airflow/dags/process_sales_dag.py
[2025-06-18T05:28:34.938+0000] {processor.py:830} INFO - Processing file /opt/airflow/dags/process_sales_dag.py for tasks to queue
[2025-06-18T05:28:34.941+0000] {logging_mixin.py:188} INFO - [2025-06-18T05:28:34.941+0000] {dagbag.py:545} INFO - Filling up the DagBag from /opt/airflow/dags/process_sales_dag.py
[2025-06-18T05:28:34.969+0000] {processor.py:840} INFO - DAG(s) 'process_sales' retrieved from /opt/airflow/dags/process_sales_dag.py
[2025-06-18T05:28:35.008+0000] {logging_mixin.py:188} INFO - [2025-06-18T05:28:35.008+0000] {dag.py:3096} INFO - Sync 1 DAGs
[2025-06-18T05:28:35.025+0000] {logging_mixin.py:188} INFO - [2025-06-18T05:28:35.025+0000] {dag.py:3954} INFO - Setting next_dagrun for process_sales to None, run_after=None
[2025-06-18T05:28:35.056+0000] {processor.py:183} INFO - Processing /opt/airflow/dags/process_sales_dag.py took 0.130 seconds
[2025-06-18T05:29:05.405+0000] {processor.py:161} INFO - Started process (PID=1181) to work on /opt/airflow/dags/process_sales_dag.py
[2025-06-18T05:29:05.410+0000] {processor.py:830} INFO - Processing file /opt/airflow/dags/process_sales_dag.py for tasks to queue
[2025-06-18T05:29:05.419+0000] {logging_mixin.py:188} INFO - [2025-06-18T05:29:05.418+0000] {dagbag.py:545} INFO - Filling up the DagBag from /opt/airflow/dags/process_sales_dag.py
[2025-06-18T05:29:05.505+0000] {processor.py:840} INFO - DAG(s) 'process_sales' retrieved from /opt/airflow/dags/process_sales_dag.py
[2025-06-18T05:29:05.689+0000] {logging_mixin.py:188} INFO - [2025-06-18T05:29:05.689+0000] {dag.py:3096} INFO - Sync 1 DAGs
[2025-06-18T05:29:05.715+0000] {logging_mixin.py:188} INFO - [2025-06-18T05:29:05.714+0000] {dag.py:3954} INFO - Setting next_dagrun for process_sales to None, run_after=None
[2025-06-18T05:29:05.750+0000] {processor.py:183} INFO - Processing /opt/airflow/dags/process_sales_dag.py took 0.372 seconds
[2025-06-18T05:29:36.587+0000] {processor.py:161} INFO - Started process (PID=1191) to work on /opt/airflow/dags/process_sales_dag.py
[2025-06-18T05:29:36.597+0000] {processor.py:830} INFO - Processing file /opt/airflow/dags/process_sales_dag.py for tasks to queue
[2025-06-18T05:29:36.618+0000] {logging_mixin.py:188} INFO - [2025-06-18T05:29:36.614+0000] {dagbag.py:545} INFO - Filling up the DagBag from /opt/airflow/dags/process_sales_dag.py
[2025-06-18T05:29:36.893+0000] {processor.py:840} INFO - DAG(s) 'process_sales' retrieved from /opt/airflow/dags/process_sales_dag.py
[2025-06-18T05:29:37.047+0000] {logging_mixin.py:188} INFO - [2025-06-18T05:29:37.046+0000] {dag.py:3096} INFO - Sync 1 DAGs
[2025-06-18T05:29:37.095+0000] {logging_mixin.py:188} INFO - [2025-06-18T05:29:37.095+0000] {dag.py:3954} INFO - Setting next_dagrun for process_sales to None, run_after=None
[2025-06-18T05:29:37.185+0000] {processor.py:183} INFO - Processing /opt/airflow/dags/process_sales_dag.py took 0.669 seconds
[2025-06-18T05:30:08.372+0000] {processor.py:161} INFO - Started process (PID=1201) to work on /opt/airflow/dags/process_sales_dag.py
[2025-06-18T05:30:08.375+0000] {processor.py:830} INFO - Processing file /opt/airflow/dags/process_sales_dag.py for tasks to queue
[2025-06-18T05:30:08.381+0000] {logging_mixin.py:188} INFO - [2025-06-18T05:30:08.379+0000] {dagbag.py:545} INFO - Filling up the DagBag from /opt/airflow/dags/process_sales_dag.py
[2025-06-18T05:30:08.467+0000] {processor.py:840} INFO - DAG(s) 'process_sales' retrieved from /opt/airflow/dags/process_sales_dag.py
[2025-06-18T05:30:08.577+0000] {logging_mixin.py:188} INFO - [2025-06-18T05:30:08.577+0000] {dag.py:3096} INFO - Sync 1 DAGs
[2025-06-18T05:30:08.614+0000] {logging_mixin.py:188} INFO - [2025-06-18T05:30:08.614+0000] {dag.py:3954} INFO - Setting next_dagrun for process_sales to None, run_after=None
[2025-06-18T05:30:08.668+0000] {processor.py:183} INFO - Processing /opt/airflow/dags/process_sales_dag.py took 0.328 seconds
[2025-06-18T05:30:39.661+0000] {processor.py:161} INFO - Started process (PID=1211) to work on /opt/airflow/dags/process_sales_dag.py
[2025-06-18T05:30:39.670+0000] {processor.py:830} INFO - Processing file /opt/airflow/dags/process_sales_dag.py for tasks to queue
[2025-06-18T05:30:39.682+0000] {logging_mixin.py:188} INFO - [2025-06-18T05:30:39.677+0000] {dagbag.py:545} INFO - Filling up the DagBag from /opt/airflow/dags/process_sales_dag.py
[2025-06-18T05:30:39.805+0000] {processor.py:840} INFO - DAG(s) 'process_sales' retrieved from /opt/airflow/dags/process_sales_dag.py
[2025-06-18T05:30:39.891+0000] {logging_mixin.py:188} INFO - [2025-06-18T05:30:39.890+0000] {dag.py:3096} INFO - Sync 1 DAGs
[2025-06-18T05:30:39.921+0000] {logging_mixin.py:188} INFO - [2025-06-18T05:30:39.921+0000] {dag.py:3954} INFO - Setting next_dagrun for process_sales to None, run_after=None
[2025-06-18T05:30:39.975+0000] {processor.py:183} INFO - Processing /opt/airflow/dags/process_sales_dag.py took 0.339 seconds
[2025-06-18T05:31:11.226+0000] {processor.py:161} INFO - Started process (PID=1221) to work on /opt/airflow/dags/process_sales_dag.py
[2025-06-18T05:31:11.230+0000] {processor.py:830} INFO - Processing file /opt/airflow/dags/process_sales_dag.py for tasks to queue
[2025-06-18T05:31:11.241+0000] {logging_mixin.py:188} INFO - [2025-06-18T05:31:11.240+0000] {dagbag.py:545} INFO - Filling up the DagBag from /opt/airflow/dags/process_sales_dag.py
[2025-06-18T05:31:11.307+0000] {processor.py:840} INFO - DAG(s) 'process_sales' retrieved from /opt/airflow/dags/process_sales_dag.py
[2025-06-18T05:31:11.403+0000] {logging_mixin.py:188} INFO - [2025-06-18T05:31:11.403+0000] {dag.py:3096} INFO - Sync 1 DAGs
[2025-06-18T05:31:11.433+0000] {logging_mixin.py:188} INFO - [2025-06-18T05:31:11.433+0000] {dag.py:3954} INFO - Setting next_dagrun for process_sales to None, run_after=None
[2025-06-18T05:31:11.468+0000] {processor.py:183} INFO - Processing /opt/airflow/dags/process_sales_dag.py took 0.266 seconds
[2025-06-18T05:31:42.079+0000] {processor.py:161} INFO - Started process (PID=1231) to work on /opt/airflow/dags/process_sales_dag.py
[2025-06-18T05:31:42.083+0000] {processor.py:830} INFO - Processing file /opt/airflow/dags/process_sales_dag.py for tasks to queue
[2025-06-18T05:31:42.111+0000] {logging_mixin.py:188} INFO - [2025-06-18T05:31:42.110+0000] {dagbag.py:545} INFO - Filling up the DagBag from /opt/airflow/dags/process_sales_dag.py
[2025-06-18T05:31:42.182+0000] {processor.py:840} INFO - DAG(s) 'process_sales' retrieved from /opt/airflow/dags/process_sales_dag.py
[2025-06-18T05:31:42.255+0000] {logging_mixin.py:188} INFO - [2025-06-18T05:31:42.254+0000] {dag.py:3096} INFO - Sync 1 DAGs
[2025-06-18T05:31:42.274+0000] {logging_mixin.py:188} INFO - [2025-06-18T05:31:42.274+0000] {dag.py:3954} INFO - Setting next_dagrun for process_sales to None, run_after=None
[2025-06-18T05:31:42.317+0000] {processor.py:183} INFO - Processing /opt/airflow/dags/process_sales_dag.py took 0.262 seconds
[2025-06-18T05:32:13.353+0000] {processor.py:161} INFO - Started process (PID=1241) to work on /opt/airflow/dags/process_sales_dag.py
[2025-06-18T05:32:13.355+0000] {processor.py:830} INFO - Processing file /opt/airflow/dags/process_sales_dag.py for tasks to queue
[2025-06-18T05:32:13.358+0000] {logging_mixin.py:188} INFO - [2025-06-18T05:32:13.358+0000] {dagbag.py:545} INFO - Filling up the DagBag from /opt/airflow/dags/process_sales_dag.py
[2025-06-18T05:32:13.438+0000] {processor.py:840} INFO - DAG(s) 'process_sales' retrieved from /opt/airflow/dags/process_sales_dag.py
[2025-06-18T05:32:13.491+0000] {logging_mixin.py:188} INFO - [2025-06-18T05:32:13.490+0000] {dag.py:3096} INFO - Sync 1 DAGs
[2025-06-18T05:32:13.516+0000] {logging_mixin.py:188} INFO - [2025-06-18T05:32:13.515+0000] {dag.py:3954} INFO - Setting next_dagrun for process_sales to None, run_after=None
[2025-06-18T05:32:13.555+0000] {processor.py:183} INFO - Processing /opt/airflow/dags/process_sales_dag.py took 0.217 seconds
[2025-06-18T05:32:44.212+0000] {processor.py:161} INFO - Started process (PID=1251) to work on /opt/airflow/dags/process_sales_dag.py
[2025-06-18T05:32:44.215+0000] {processor.py:830} INFO - Processing file /opt/airflow/dags/process_sales_dag.py for tasks to queue
[2025-06-18T05:32:44.220+0000] {logging_mixin.py:188} INFO - [2025-06-18T05:32:44.220+0000] {dagbag.py:545} INFO - Filling up the DagBag from /opt/airflow/dags/process_sales_dag.py
[2025-06-18T05:32:44.279+0000] {processor.py:840} INFO - DAG(s) 'process_sales' retrieved from /opt/airflow/dags/process_sales_dag.py
[2025-06-18T05:32:44.365+0000] {logging_mixin.py:188} INFO - [2025-06-18T05:32:44.365+0000] {dag.py:3096} INFO - Sync 1 DAGs
[2025-06-18T05:32:44.424+0000] {logging_mixin.py:188} INFO - [2025-06-18T05:32:44.422+0000] {dag.py:3954} INFO - Setting next_dagrun for process_sales to None, run_after=None
[2025-06-18T05:32:44.482+0000] {processor.py:183} INFO - Processing /opt/airflow/dags/process_sales_dag.py took 0.287 seconds
[2025-06-18T05:33:15.047+0000] {processor.py:161} INFO - Started process (PID=1261) to work on /opt/airflow/dags/process_sales_dag.py
[2025-06-18T05:33:15.050+0000] {processor.py:830} INFO - Processing file /opt/airflow/dags/process_sales_dag.py for tasks to queue
[2025-06-18T05:33:15.057+0000] {logging_mixin.py:188} INFO - [2025-06-18T05:33:15.056+0000] {dagbag.py:545} INFO - Filling up the DagBag from /opt/airflow/dags/process_sales_dag.py
[2025-06-18T05:33:15.125+0000] {processor.py:840} INFO - DAG(s) 'process_sales' retrieved from /opt/airflow/dags/process_sales_dag.py
[2025-06-18T05:33:15.180+0000] {logging_mixin.py:188} INFO - [2025-06-18T05:33:15.180+0000] {dag.py:3096} INFO - Sync 1 DAGs
[2025-06-18T05:33:15.201+0000] {logging_mixin.py:188} INFO - [2025-06-18T05:33:15.201+0000] {dag.py:3954} INFO - Setting next_dagrun for process_sales to None, run_after=None
[2025-06-18T05:33:15.250+0000] {processor.py:183} INFO - Processing /opt/airflow/dags/process_sales_dag.py took 0.233 seconds
[2025-06-18T05:33:46.268+0000] {processor.py:161} INFO - Started process (PID=1271) to work on /opt/airflow/dags/process_sales_dag.py
[2025-06-18T05:33:46.274+0000] {processor.py:830} INFO - Processing file /opt/airflow/dags/process_sales_dag.py for tasks to queue
[2025-06-18T05:33:46.283+0000] {logging_mixin.py:188} INFO - [2025-06-18T05:33:46.281+0000] {dagbag.py:545} INFO - Filling up the DagBag from /opt/airflow/dags/process_sales_dag.py
[2025-06-18T05:33:46.353+0000] {processor.py:840} INFO - DAG(s) 'process_sales' retrieved from /opt/airflow/dags/process_sales_dag.py
[2025-06-18T05:33:46.455+0000] {logging_mixin.py:188} INFO - [2025-06-18T05:33:46.454+0000] {dag.py:3096} INFO - Sync 1 DAGs
[2025-06-18T05:33:46.498+0000] {logging_mixin.py:188} INFO - [2025-06-18T05:33:46.498+0000] {dag.py:3954} INFO - Setting next_dagrun for process_sales to None, run_after=None
[2025-06-18T05:33:46.560+0000] {processor.py:183} INFO - Processing /opt/airflow/dags/process_sales_dag.py took 0.347 seconds
[2025-06-18T05:34:16.671+0000] {processor.py:161} INFO - Started process (PID=1281) to work on /opt/airflow/dags/process_sales_dag.py
[2025-06-18T05:34:16.673+0000] {processor.py:830} INFO - Processing file /opt/airflow/dags/process_sales_dag.py for tasks to queue
[2025-06-18T05:34:16.677+0000] {logging_mixin.py:188} INFO - [2025-06-18T05:34:16.676+0000] {dagbag.py:545} INFO - Filling up the DagBag from /opt/airflow/dags/process_sales_dag.py
[2025-06-18T05:34:16.715+0000] {processor.py:840} INFO - DAG(s) 'process_sales' retrieved from /opt/airflow/dags/process_sales_dag.py
[2025-06-18T05:34:16.767+0000] {logging_mixin.py:188} INFO - [2025-06-18T05:34:16.767+0000] {dag.py:3096} INFO - Sync 1 DAGs
[2025-06-18T05:34:16.787+0000] {logging_mixin.py:188} INFO - [2025-06-18T05:34:16.787+0000] {dag.py:3954} INFO - Setting next_dagrun for process_sales to None, run_after=None
[2025-06-18T05:34:16.829+0000] {processor.py:183} INFO - Processing /opt/airflow/dags/process_sales_dag.py took 0.172 seconds
[2025-06-18T05:34:47.654+0000] {processor.py:161} INFO - Started process (PID=1291) to work on /opt/airflow/dags/process_sales_dag.py
[2025-06-18T05:34:47.656+0000] {processor.py:830} INFO - Processing file /opt/airflow/dags/process_sales_dag.py for tasks to queue
[2025-06-18T05:34:47.661+0000] {logging_mixin.py:188} INFO - [2025-06-18T05:34:47.660+0000] {dagbag.py:545} INFO - Filling up the DagBag from /opt/airflow/dags/process_sales_dag.py
[2025-06-18T05:34:47.849+0000] {processor.py:840} INFO - DAG(s) 'process_sales' retrieved from /opt/airflow/dags/process_sales_dag.py
[2025-06-18T05:34:48.021+0000] {logging_mixin.py:188} INFO - [2025-06-18T05:34:48.020+0000] {dag.py:3096} INFO - Sync 1 DAGs
[2025-06-18T05:34:48.111+0000] {logging_mixin.py:188} INFO - [2025-06-18T05:34:48.110+0000] {dag.py:3954} INFO - Setting next_dagrun for process_sales to None, run_after=None
[2025-06-18T05:34:48.209+0000] {processor.py:183} INFO - Processing /opt/airflow/dags/process_sales_dag.py took 0.572 seconds
[2025-06-18T05:35:18.818+0000] {processor.py:161} INFO - Started process (PID=1301) to work on /opt/airflow/dags/process_sales_dag.py
[2025-06-18T05:35:18.828+0000] {processor.py:830} INFO - Processing file /opt/airflow/dags/process_sales_dag.py for tasks to queue
[2025-06-18T05:35:18.836+0000] {logging_mixin.py:188} INFO - [2025-06-18T05:35:18.835+0000] {dagbag.py:545} INFO - Filling up the DagBag from /opt/airflow/dags/process_sales_dag.py
[2025-06-18T05:35:18.876+0000] {processor.py:840} INFO - DAG(s) 'process_sales' retrieved from /opt/airflow/dags/process_sales_dag.py
[2025-06-18T05:35:18.926+0000] {logging_mixin.py:188} INFO - [2025-06-18T05:35:18.925+0000] {dag.py:3096} INFO - Sync 1 DAGs
[2025-06-18T05:35:18.957+0000] {logging_mixin.py:188} INFO - [2025-06-18T05:35:18.957+0000] {dag.py:3954} INFO - Setting next_dagrun for process_sales to None, run_after=None
[2025-06-18T05:35:19.021+0000] {processor.py:183} INFO - Processing /opt/airflow/dags/process_sales_dag.py took 0.245 seconds
[2025-06-18T05:35:49.562+0000] {processor.py:161} INFO - Started process (PID=1311) to work on /opt/airflow/dags/process_sales_dag.py
[2025-06-18T05:35:49.566+0000] {processor.py:830} INFO - Processing file /opt/airflow/dags/process_sales_dag.py for tasks to queue
[2025-06-18T05:35:49.573+0000] {logging_mixin.py:188} INFO - [2025-06-18T05:35:49.572+0000] {dagbag.py:545} INFO - Filling up the DagBag from /opt/airflow/dags/process_sales_dag.py
[2025-06-18T05:35:49.637+0000] {processor.py:840} INFO - DAG(s) 'process_sales' retrieved from /opt/airflow/dags/process_sales_dag.py
[2025-06-18T05:35:49.805+0000] {logging_mixin.py:188} INFO - [2025-06-18T05:35:49.803+0000] {dag.py:3096} INFO - Sync 1 DAGs
[2025-06-18T05:35:50.223+0000] {logging_mixin.py:188} INFO - [2025-06-18T05:35:50.218+0000] {dag.py:3954} INFO - Setting next_dagrun for process_sales to None, run_after=None
[2025-06-18T05:35:50.625+0000] {processor.py:183} INFO - Processing /opt/airflow/dags/process_sales_dag.py took 1.102 seconds
[2025-06-18T05:36:21.469+0000] {processor.py:161} INFO - Started process (PID=1321) to work on /opt/airflow/dags/process_sales_dag.py
[2025-06-18T05:36:21.472+0000] {processor.py:830} INFO - Processing file /opt/airflow/dags/process_sales_dag.py for tasks to queue
[2025-06-18T05:36:21.478+0000] {logging_mixin.py:188} INFO - [2025-06-18T05:36:21.477+0000] {dagbag.py:545} INFO - Filling up the DagBag from /opt/airflow/dags/process_sales_dag.py
[2025-06-18T05:36:21.539+0000] {processor.py:840} INFO - DAG(s) 'process_sales' retrieved from /opt/airflow/dags/process_sales_dag.py
[2025-06-18T05:36:21.618+0000] {logging_mixin.py:188} INFO - [2025-06-18T05:36:21.617+0000] {dag.py:3096} INFO - Sync 1 DAGs
[2025-06-18T05:36:21.654+0000] {logging_mixin.py:188} INFO - [2025-06-18T05:36:21.653+0000] {dag.py:3954} INFO - Setting next_dagrun for process_sales to None, run_after=None
[2025-06-18T05:36:21.798+0000] {processor.py:183} INFO - Processing /opt/airflow/dags/process_sales_dag.py took 0.351 seconds
[2025-06-18T05:36:52.545+0000] {processor.py:161} INFO - Started process (PID=1331) to work on /opt/airflow/dags/process_sales_dag.py
[2025-06-18T05:36:52.548+0000] {processor.py:830} INFO - Processing file /opt/airflow/dags/process_sales_dag.py for tasks to queue
[2025-06-18T05:36:52.552+0000] {logging_mixin.py:188} INFO - [2025-06-18T05:36:52.551+0000] {dagbag.py:545} INFO - Filling up the DagBag from /opt/airflow/dags/process_sales_dag.py
[2025-06-18T05:36:52.633+0000] {processor.py:840} INFO - DAG(s) 'process_sales' retrieved from /opt/airflow/dags/process_sales_dag.py
[2025-06-18T05:36:52.698+0000] {logging_mixin.py:188} INFO - [2025-06-18T05:36:52.697+0000] {dag.py:3096} INFO - Sync 1 DAGs
[2025-06-18T05:36:52.719+0000] {logging_mixin.py:188} INFO - [2025-06-18T05:36:52.719+0000] {dag.py:3954} INFO - Setting next_dagrun for process_sales to None, run_after=None
[2025-06-18T05:36:52.768+0000] {processor.py:183} INFO - Processing /opt/airflow/dags/process_sales_dag.py took 0.241 seconds
[2025-06-18T05:37:23.744+0000] {processor.py:161} INFO - Started process (PID=1341) to work on /opt/airflow/dags/process_sales_dag.py
[2025-06-18T05:37:23.746+0000] {processor.py:830} INFO - Processing file /opt/airflow/dags/process_sales_dag.py for tasks to queue
[2025-06-18T05:37:23.753+0000] {logging_mixin.py:188} INFO - [2025-06-18T05:37:23.752+0000] {dagbag.py:545} INFO - Filling up the DagBag from /opt/airflow/dags/process_sales_dag.py
[2025-06-18T05:37:23.922+0000] {processor.py:840} INFO - DAG(s) 'process_sales' retrieved from /opt/airflow/dags/process_sales_dag.py
[2025-06-18T05:37:23.985+0000] {logging_mixin.py:188} INFO - [2025-06-18T05:37:23.985+0000] {dag.py:3096} INFO - Sync 1 DAGs
[2025-06-18T05:37:24.017+0000] {logging_mixin.py:188} INFO - [2025-06-18T05:37:24.016+0000] {dag.py:3954} INFO - Setting next_dagrun for process_sales to None, run_after=None
[2025-06-18T05:37:24.087+0000] {processor.py:183} INFO - Processing /opt/airflow/dags/process_sales_dag.py took 0.358 seconds
[2025-06-18T05:37:55.009+0000] {processor.py:161} INFO - Started process (PID=1351) to work on /opt/airflow/dags/process_sales_dag.py
[2025-06-18T05:37:55.021+0000] {processor.py:830} INFO - Processing file /opt/airflow/dags/process_sales_dag.py for tasks to queue
[2025-06-18T05:37:55.035+0000] {logging_mixin.py:188} INFO - [2025-06-18T05:37:55.034+0000] {dagbag.py:545} INFO - Filling up the DagBag from /opt/airflow/dags/process_sales_dag.py
[2025-06-18T05:37:55.895+0000] {processor.py:840} INFO - DAG(s) 'process_sales' retrieved from /opt/airflow/dags/process_sales_dag.py
[2025-06-18T05:37:56.153+0000] {logging_mixin.py:188} INFO - [2025-06-18T05:37:56.152+0000] {dag.py:3096} INFO - Sync 1 DAGs
[2025-06-18T05:37:56.214+0000] {logging_mixin.py:188} INFO - [2025-06-18T05:37:56.213+0000] {dag.py:3954} INFO - Setting next_dagrun for process_sales to None, run_after=None
[2025-06-18T05:37:56.259+0000] {processor.py:183} INFO - Processing /opt/airflow/dags/process_sales_dag.py took 1.299 seconds
[2025-06-18T05:38:26.457+0000] {processor.py:161} INFO - Started process (PID=1361) to work on /opt/airflow/dags/process_sales_dag.py
[2025-06-18T05:38:26.460+0000] {processor.py:830} INFO - Processing file /opt/airflow/dags/process_sales_dag.py for tasks to queue
[2025-06-18T05:38:26.465+0000] {logging_mixin.py:188} INFO - [2025-06-18T05:38:26.465+0000] {dagbag.py:545} INFO - Filling up the DagBag from /opt/airflow/dags/process_sales_dag.py
[2025-06-18T05:38:26.525+0000] {processor.py:840} INFO - DAG(s) 'process_sales' retrieved from /opt/airflow/dags/process_sales_dag.py
[2025-06-18T05:38:26.600+0000] {logging_mixin.py:188} INFO - [2025-06-18T05:38:26.599+0000] {dag.py:3096} INFO - Sync 1 DAGs
[2025-06-18T05:38:26.676+0000] {logging_mixin.py:188} INFO - [2025-06-18T05:38:26.675+0000] {dag.py:3954} INFO - Setting next_dagrun for process_sales to None, run_after=None
[2025-06-18T05:38:26.815+0000] {processor.py:183} INFO - Processing /opt/airflow/dags/process_sales_dag.py took 0.378 seconds
[2025-06-18T05:38:57.537+0000] {processor.py:161} INFO - Started process (PID=1371) to work on /opt/airflow/dags/process_sales_dag.py
[2025-06-18T05:38:57.546+0000] {processor.py:830} INFO - Processing file /opt/airflow/dags/process_sales_dag.py for tasks to queue
[2025-06-18T05:38:57.553+0000] {logging_mixin.py:188} INFO - [2025-06-18T05:38:57.552+0000] {dagbag.py:545} INFO - Filling up the DagBag from /opt/airflow/dags/process_sales_dag.py
[2025-06-18T05:38:57.605+0000] {processor.py:840} INFO - DAG(s) 'process_sales' retrieved from /opt/airflow/dags/process_sales_dag.py
[2025-06-18T05:38:57.668+0000] {logging_mixin.py:188} INFO - [2025-06-18T05:38:57.667+0000] {dag.py:3096} INFO - Sync 1 DAGs
[2025-06-18T05:38:57.695+0000] {logging_mixin.py:188} INFO - [2025-06-18T05:38:57.694+0000] {dag.py:3954} INFO - Setting next_dagrun for process_sales to None, run_after=None
[2025-06-18T05:38:57.742+0000] {processor.py:183} INFO - Processing /opt/airflow/dags/process_sales_dag.py took 0.238 seconds
[2025-06-18T05:39:28.881+0000] {processor.py:161} INFO - Started process (PID=1381) to work on /opt/airflow/dags/process_sales_dag.py
[2025-06-18T05:39:28.886+0000] {processor.py:830} INFO - Processing file /opt/airflow/dags/process_sales_dag.py for tasks to queue
[2025-06-18T05:39:28.895+0000] {logging_mixin.py:188} INFO - [2025-06-18T05:39:28.893+0000] {dagbag.py:545} INFO - Filling up the DagBag from /opt/airflow/dags/process_sales_dag.py
[2025-06-18T05:39:28.967+0000] {processor.py:840} INFO - DAG(s) 'process_sales' retrieved from /opt/airflow/dags/process_sales_dag.py
[2025-06-18T05:39:29.055+0000] {logging_mixin.py:188} INFO - [2025-06-18T05:39:29.055+0000] {dag.py:3096} INFO - Sync 1 DAGs
[2025-06-18T05:39:29.086+0000] {logging_mixin.py:188} INFO - [2025-06-18T05:39:29.085+0000] {dag.py:3954} INFO - Setting next_dagrun for process_sales to None, run_after=None
[2025-06-18T05:39:29.154+0000] {processor.py:183} INFO - Processing /opt/airflow/dags/process_sales_dag.py took 0.300 seconds
[2025-06-18T05:40:00.125+0000] {processor.py:161} INFO - Started process (PID=1391) to work on /opt/airflow/dags/process_sales_dag.py
[2025-06-18T05:40:00.127+0000] {processor.py:830} INFO - Processing file /opt/airflow/dags/process_sales_dag.py for tasks to queue
[2025-06-18T05:40:00.130+0000] {logging_mixin.py:188} INFO - [2025-06-18T05:40:00.130+0000] {dagbag.py:545} INFO - Filling up the DagBag from /opt/airflow/dags/process_sales_dag.py
[2025-06-18T05:40:00.172+0000] {processor.py:840} INFO - DAG(s) 'process_sales' retrieved from /opt/airflow/dags/process_sales_dag.py
[2025-06-18T05:40:00.213+0000] {logging_mixin.py:188} INFO - [2025-06-18T05:40:00.213+0000] {dag.py:3096} INFO - Sync 1 DAGs
[2025-06-18T05:40:00.235+0000] {logging_mixin.py:188} INFO - [2025-06-18T05:40:00.235+0000] {dag.py:3954} INFO - Setting next_dagrun for process_sales to None, run_after=None
[2025-06-18T05:40:00.268+0000] {processor.py:183} INFO - Processing /opt/airflow/dags/process_sales_dag.py took 0.153 seconds
[2025-06-18T05:40:31.164+0000] {processor.py:161} INFO - Started process (PID=1401) to work on /opt/airflow/dags/process_sales_dag.py
[2025-06-18T05:40:31.166+0000] {processor.py:830} INFO - Processing file /opt/airflow/dags/process_sales_dag.py for tasks to queue
[2025-06-18T05:40:31.172+0000] {logging_mixin.py:188} INFO - [2025-06-18T05:40:31.172+0000] {dagbag.py:545} INFO - Filling up the DagBag from /opt/airflow/dags/process_sales_dag.py
[2025-06-18T05:40:31.229+0000] {processor.py:840} INFO - DAG(s) 'process_sales' retrieved from /opt/airflow/dags/process_sales_dag.py
[2025-06-18T05:40:31.348+0000] {logging_mixin.py:188} INFO - [2025-06-18T05:40:31.347+0000] {dag.py:3096} INFO - Sync 1 DAGs
[2025-06-18T05:40:31.402+0000] {logging_mixin.py:188} INFO - [2025-06-18T05:40:31.401+0000] {dag.py:3954} INFO - Setting next_dagrun for process_sales to None, run_after=None
[2025-06-18T05:40:31.466+0000] {processor.py:183} INFO - Processing /opt/airflow/dags/process_sales_dag.py took 0.320 seconds
[2025-06-18T05:41:02.191+0000] {processor.py:161} INFO - Started process (PID=1411) to work on /opt/airflow/dags/process_sales_dag.py
[2025-06-18T05:41:02.194+0000] {processor.py:830} INFO - Processing file /opt/airflow/dags/process_sales_dag.py for tasks to queue
[2025-06-18T05:41:02.203+0000] {logging_mixin.py:188} INFO - [2025-06-18T05:41:02.201+0000] {dagbag.py:545} INFO - Filling up the DagBag from /opt/airflow/dags/process_sales_dag.py
[2025-06-18T05:41:02.289+0000] {processor.py:840} INFO - DAG(s) 'process_sales' retrieved from /opt/airflow/dags/process_sales_dag.py
[2025-06-18T05:41:03.090+0000] {logging_mixin.py:188} INFO - [2025-06-18T05:41:03.080+0000] {dag.py:3096} INFO - Sync 1 DAGs
[2025-06-18T05:41:03.204+0000] {logging_mixin.py:188} INFO - [2025-06-18T05:41:03.203+0000] {dag.py:3954} INFO - Setting next_dagrun for process_sales to None, run_after=None
[2025-06-18T05:41:03.262+0000] {processor.py:183} INFO - Processing /opt/airflow/dags/process_sales_dag.py took 1.098 seconds
[2025-06-18T05:41:35.187+0000] {processor.py:161} INFO - Started process (PID=1421) to work on /opt/airflow/dags/process_sales_dag.py
[2025-06-18T05:41:35.192+0000] {processor.py:830} INFO - Processing file /opt/airflow/dags/process_sales_dag.py for tasks to queue
[2025-06-18T05:41:35.200+0000] {logging_mixin.py:188} INFO - [2025-06-18T05:41:35.199+0000] {dagbag.py:545} INFO - Filling up the DagBag from /opt/airflow/dags/process_sales_dag.py
[2025-06-18T05:41:35.273+0000] {processor.py:840} INFO - DAG(s) 'process_sales' retrieved from /opt/airflow/dags/process_sales_dag.py
[2025-06-18T05:41:35.352+0000] {logging_mixin.py:188} INFO - [2025-06-18T05:41:35.351+0000] {dag.py:3096} INFO - Sync 1 DAGs
[2025-06-18T05:41:35.383+0000] {logging_mixin.py:188} INFO - [2025-06-18T05:41:35.383+0000] {dag.py:3954} INFO - Setting next_dagrun for process_sales to None, run_after=None
[2025-06-18T05:41:35.421+0000] {processor.py:183} INFO - Processing /opt/airflow/dags/process_sales_dag.py took 0.278 seconds
[2025-06-18T05:42:05.940+0000] {processor.py:161} INFO - Started process (PID=1431) to work on /opt/airflow/dags/process_sales_dag.py
[2025-06-18T05:42:05.946+0000] {processor.py:830} INFO - Processing file /opt/airflow/dags/process_sales_dag.py for tasks to queue
[2025-06-18T05:42:05.967+0000] {logging_mixin.py:188} INFO - [2025-06-18T05:42:05.962+0000] {dagbag.py:545} INFO - Filling up the DagBag from /opt/airflow/dags/process_sales_dag.py
[2025-06-18T05:42:06.058+0000] {processor.py:840} INFO - DAG(s) 'process_sales' retrieved from /opt/airflow/dags/process_sales_dag.py
[2025-06-18T05:42:07.029+0000] {logging_mixin.py:188} INFO - [2025-06-18T05:42:07.029+0000] {dag.py:3096} INFO - Sync 1 DAGs
[2025-06-18T05:42:07.209+0000] {logging_mixin.py:188} INFO - [2025-06-18T05:42:07.195+0000] {dag.py:3954} INFO - Setting next_dagrun for process_sales to None, run_after=None
[2025-06-18T05:42:07.264+0000] {processor.py:183} INFO - Processing /opt/airflow/dags/process_sales_dag.py took 1.352 seconds
[2025-06-18T05:42:37.947+0000] {processor.py:161} INFO - Started process (PID=1441) to work on /opt/airflow/dags/process_sales_dag.py
[2025-06-18T05:42:37.951+0000] {processor.py:830} INFO - Processing file /opt/airflow/dags/process_sales_dag.py for tasks to queue
[2025-06-18T05:42:37.959+0000] {logging_mixin.py:188} INFO - [2025-06-18T05:42:37.958+0000] {dagbag.py:545} INFO - Filling up the DagBag from /opt/airflow/dags/process_sales_dag.py
[2025-06-18T05:42:38.024+0000] {processor.py:840} INFO - DAG(s) 'process_sales' retrieved from /opt/airflow/dags/process_sales_dag.py
[2025-06-18T05:42:38.122+0000] {logging_mixin.py:188} INFO - [2025-06-18T05:42:38.122+0000] {dag.py:3096} INFO - Sync 1 DAGs
[2025-06-18T05:42:38.156+0000] {logging_mixin.py:188} INFO - [2025-06-18T05:42:38.156+0000] {dag.py:3954} INFO - Setting next_dagrun for process_sales to None, run_after=None
[2025-06-18T05:42:38.199+0000] {processor.py:183} INFO - Processing /opt/airflow/dags/process_sales_dag.py took 0.285 seconds
[2025-06-18T05:43:09.181+0000] {processor.py:161} INFO - Started process (PID=1451) to work on /opt/airflow/dags/process_sales_dag.py
[2025-06-18T05:43:09.190+0000] {processor.py:830} INFO - Processing file /opt/airflow/dags/process_sales_dag.py for tasks to queue
[2025-06-18T05:43:09.197+0000] {logging_mixin.py:188} INFO - [2025-06-18T05:43:09.196+0000] {dagbag.py:545} INFO - Filling up the DagBag from /opt/airflow/dags/process_sales_dag.py
[2025-06-18T05:43:09.295+0000] {processor.py:840} INFO - DAG(s) 'process_sales' retrieved from /opt/airflow/dags/process_sales_dag.py
[2025-06-18T05:43:09.365+0000] {logging_mixin.py:188} INFO - [2025-06-18T05:43:09.365+0000] {dag.py:3096} INFO - Sync 1 DAGs
[2025-06-18T05:43:09.389+0000] {logging_mixin.py:188} INFO - [2025-06-18T05:43:09.388+0000] {dag.py:3954} INFO - Setting next_dagrun for process_sales to None, run_after=None
[2025-06-18T05:43:09.425+0000] {processor.py:183} INFO - Processing /opt/airflow/dags/process_sales_dag.py took 0.277 seconds
[2025-06-18T05:43:40.273+0000] {processor.py:161} INFO - Started process (PID=1461) to work on /opt/airflow/dags/process_sales_dag.py
[2025-06-18T05:43:40.282+0000] {processor.py:830} INFO - Processing file /opt/airflow/dags/process_sales_dag.py for tasks to queue
[2025-06-18T05:43:40.304+0000] {logging_mixin.py:188} INFO - [2025-06-18T05:43:40.298+0000] {dagbag.py:545} INFO - Filling up the DagBag from /opt/airflow/dags/process_sales_dag.py
[2025-06-18T05:43:40.468+0000] {processor.py:840} INFO - DAG(s) 'process_sales' retrieved from /opt/airflow/dags/process_sales_dag.py
[2025-06-18T05:43:40.572+0000] {logging_mixin.py:188} INFO - [2025-06-18T05:43:40.571+0000] {dag.py:3096} INFO - Sync 1 DAGs
[2025-06-18T05:43:40.614+0000] {logging_mixin.py:188} INFO - [2025-06-18T05:43:40.614+0000] {dag.py:3954} INFO - Setting next_dagrun for process_sales to None, run_after=None
[2025-06-18T05:43:40.678+0000] {processor.py:183} INFO - Processing /opt/airflow/dags/process_sales_dag.py took 0.490 seconds
[2025-06-18T05:44:12.138+0000] {processor.py:161} INFO - Started process (PID=1471) to work on /opt/airflow/dags/process_sales_dag.py
[2025-06-18T05:44:12.140+0000] {processor.py:830} INFO - Processing file /opt/airflow/dags/process_sales_dag.py for tasks to queue
[2025-06-18T05:44:12.153+0000] {logging_mixin.py:188} INFO - [2025-06-18T05:44:12.151+0000] {dagbag.py:545} INFO - Filling up the DagBag from /opt/airflow/dags/process_sales_dag.py
[2025-06-18T05:44:12.228+0000] {processor.py:840} INFO - DAG(s) 'process_sales' retrieved from /opt/airflow/dags/process_sales_dag.py
[2025-06-18T05:44:12.294+0000] {logging_mixin.py:188} INFO - [2025-06-18T05:44:12.294+0000] {dag.py:3096} INFO - Sync 1 DAGs
[2025-06-18T05:44:12.317+0000] {logging_mixin.py:188} INFO - [2025-06-18T05:44:12.317+0000] {dag.py:3954} INFO - Setting next_dagrun for process_sales to None, run_after=None
[2025-06-18T05:44:12.360+0000] {processor.py:183} INFO - Processing /opt/airflow/dags/process_sales_dag.py took 0.254 seconds
[2025-06-18T05:44:43.147+0000] {processor.py:161} INFO - Started process (PID=1481) to work on /opt/airflow/dags/process_sales_dag.py
[2025-06-18T05:44:43.155+0000] {processor.py:830} INFO - Processing file /opt/airflow/dags/process_sales_dag.py for tasks to queue
[2025-06-18T05:44:43.159+0000] {logging_mixin.py:188} INFO - [2025-06-18T05:44:43.158+0000] {dagbag.py:545} INFO - Filling up the DagBag from /opt/airflow/dags/process_sales_dag.py
[2025-06-18T05:44:43.287+0000] {processor.py:840} INFO - DAG(s) 'process_sales' retrieved from /opt/airflow/dags/process_sales_dag.py
[2025-06-18T05:44:43.415+0000] {logging_mixin.py:188} INFO - [2025-06-18T05:44:43.414+0000] {dag.py:3096} INFO - Sync 1 DAGs
[2025-06-18T05:44:43.465+0000] {logging_mixin.py:188} INFO - [2025-06-18T05:44:43.464+0000] {dag.py:3954} INFO - Setting next_dagrun for process_sales to None, run_after=None
[2025-06-18T05:44:43.523+0000] {processor.py:183} INFO - Processing /opt/airflow/dags/process_sales_dag.py took 0.391 seconds
[2025-06-18T05:45:14.167+0000] {processor.py:161} INFO - Started process (PID=1491) to work on /opt/airflow/dags/process_sales_dag.py
[2025-06-18T05:45:14.171+0000] {processor.py:830} INFO - Processing file /opt/airflow/dags/process_sales_dag.py for tasks to queue
[2025-06-18T05:45:14.181+0000] {logging_mixin.py:188} INFO - [2025-06-18T05:45:14.180+0000] {dagbag.py:545} INFO - Filling up the DagBag from /opt/airflow/dags/process_sales_dag.py
[2025-06-18T05:45:14.469+0000] {processor.py:840} INFO - DAG(s) 'process_sales' retrieved from /opt/airflow/dags/process_sales_dag.py
[2025-06-18T05:45:15.049+0000] {logging_mixin.py:188} INFO - [2025-06-18T05:45:15.048+0000] {dag.py:3096} INFO - Sync 1 DAGs
[2025-06-18T05:45:15.092+0000] {logging_mixin.py:188} INFO - [2025-06-18T05:45:15.092+0000] {dag.py:3954} INFO - Setting next_dagrun for process_sales to None, run_after=None
[2025-06-18T05:45:15.157+0000] {processor.py:183} INFO - Processing /opt/airflow/dags/process_sales_dag.py took 1.019 seconds
[2025-06-18T05:45:45.829+0000] {processor.py:161} INFO - Started process (PID=1501) to work on /opt/airflow/dags/process_sales_dag.py
[2025-06-18T05:45:45.836+0000] {processor.py:830} INFO - Processing file /opt/airflow/dags/process_sales_dag.py for tasks to queue
[2025-06-18T05:45:45.849+0000] {logging_mixin.py:188} INFO - [2025-06-18T05:45:45.848+0000] {dagbag.py:545} INFO - Filling up the DagBag from /opt/airflow/dags/process_sales_dag.py
[2025-06-18T05:45:45.955+0000] {processor.py:840} INFO - DAG(s) 'process_sales' retrieved from /opt/airflow/dags/process_sales_dag.py
[2025-06-18T05:45:46.010+0000] {logging_mixin.py:188} INFO - [2025-06-18T05:45:46.010+0000] {dag.py:3096} INFO - Sync 1 DAGs
[2025-06-18T05:45:46.037+0000] {logging_mixin.py:188} INFO - [2025-06-18T05:45:46.036+0000] {dag.py:3954} INFO - Setting next_dagrun for process_sales to None, run_after=None
[2025-06-18T05:45:46.083+0000] {processor.py:183} INFO - Processing /opt/airflow/dags/process_sales_dag.py took 0.276 seconds
[2025-06-18T05:46:16.522+0000] {processor.py:161} INFO - Started process (PID=1511) to work on /opt/airflow/dags/process_sales_dag.py
[2025-06-18T05:46:16.524+0000] {processor.py:830} INFO - Processing file /opt/airflow/dags/process_sales_dag.py for tasks to queue
[2025-06-18T05:46:16.527+0000] {logging_mixin.py:188} INFO - [2025-06-18T05:46:16.526+0000] {dagbag.py:545} INFO - Filling up the DagBag from /opt/airflow/dags/process_sales_dag.py
[2025-06-18T05:46:16.567+0000] {processor.py:840} INFO - DAG(s) 'process_sales' retrieved from /opt/airflow/dags/process_sales_dag.py
[2025-06-18T05:46:16.637+0000] {logging_mixin.py:188} INFO - [2025-06-18T05:46:16.637+0000] {dag.py:3096} INFO - Sync 1 DAGs
[2025-06-18T05:46:16.658+0000] {logging_mixin.py:188} INFO - [2025-06-18T05:46:16.657+0000] {dag.py:3954} INFO - Setting next_dagrun for process_sales to None, run_after=None
[2025-06-18T05:46:16.702+0000] {processor.py:183} INFO - Processing /opt/airflow/dags/process_sales_dag.py took 0.191 seconds
[2025-06-18T05:46:47.418+0000] {processor.py:161} INFO - Started process (PID=1521) to work on /opt/airflow/dags/process_sales_dag.py
[2025-06-18T05:46:47.421+0000] {processor.py:830} INFO - Processing file /opt/airflow/dags/process_sales_dag.py for tasks to queue
[2025-06-18T05:46:47.433+0000] {logging_mixin.py:188} INFO - [2025-06-18T05:46:47.431+0000] {dagbag.py:545} INFO - Filling up the DagBag from /opt/airflow/dags/process_sales_dag.py
[2025-06-18T05:46:47.487+0000] {processor.py:840} INFO - DAG(s) 'process_sales' retrieved from /opt/airflow/dags/process_sales_dag.py
[2025-06-18T05:46:47.587+0000] {logging_mixin.py:188} INFO - [2025-06-18T05:46:47.587+0000] {dag.py:3096} INFO - Sync 1 DAGs
[2025-06-18T05:46:47.675+0000] {logging_mixin.py:188} INFO - [2025-06-18T05:46:47.674+0000] {dag.py:3954} INFO - Setting next_dagrun for process_sales to None, run_after=None
[2025-06-18T05:46:47.753+0000] {processor.py:183} INFO - Processing /opt/airflow/dags/process_sales_dag.py took 0.361 seconds
[2025-06-18T05:47:18.226+0000] {processor.py:161} INFO - Started process (PID=1531) to work on /opt/airflow/dags/process_sales_dag.py
[2025-06-18T05:47:18.228+0000] {processor.py:830} INFO - Processing file /opt/airflow/dags/process_sales_dag.py for tasks to queue
[2025-06-18T05:47:18.233+0000] {logging_mixin.py:188} INFO - [2025-06-18T05:47:18.232+0000] {dagbag.py:545} INFO - Filling up the DagBag from /opt/airflow/dags/process_sales_dag.py
[2025-06-18T05:47:18.270+0000] {processor.py:840} INFO - DAG(s) 'process_sales' retrieved from /opt/airflow/dags/process_sales_dag.py
[2025-06-18T05:47:18.314+0000] {logging_mixin.py:188} INFO - [2025-06-18T05:47:18.314+0000] {dag.py:3096} INFO - Sync 1 DAGs
[2025-06-18T05:47:18.334+0000] {logging_mixin.py:188} INFO - [2025-06-18T05:47:18.333+0000] {dag.py:3954} INFO - Setting next_dagrun for process_sales to None, run_after=None
[2025-06-18T05:47:18.384+0000] {processor.py:183} INFO - Processing /opt/airflow/dags/process_sales_dag.py took 0.172 seconds
[2025-06-18T05:47:49.276+0000] {processor.py:161} INFO - Started process (PID=1541) to work on /opt/airflow/dags/process_sales_dag.py
[2025-06-18T05:47:49.278+0000] {processor.py:830} INFO - Processing file /opt/airflow/dags/process_sales_dag.py for tasks to queue
[2025-06-18T05:47:49.286+0000] {logging_mixin.py:188} INFO - [2025-06-18T05:47:49.285+0000] {dagbag.py:545} INFO - Filling up the DagBag from /opt/airflow/dags/process_sales_dag.py
[2025-06-18T05:47:49.341+0000] {processor.py:840} INFO - DAG(s) 'process_sales' retrieved from /opt/airflow/dags/process_sales_dag.py
[2025-06-18T05:47:49.399+0000] {logging_mixin.py:188} INFO - [2025-06-18T05:47:49.399+0000] {dag.py:3096} INFO - Sync 1 DAGs
[2025-06-18T05:47:49.422+0000] {logging_mixin.py:188} INFO - [2025-06-18T05:47:49.422+0000] {dag.py:3954} INFO - Setting next_dagrun for process_sales to None, run_after=None
[2025-06-18T05:47:49.464+0000] {processor.py:183} INFO - Processing /opt/airflow/dags/process_sales_dag.py took 0.203 seconds
[2025-06-18T05:48:19.806+0000] {processor.py:161} INFO - Started process (PID=1551) to work on /opt/airflow/dags/process_sales_dag.py
[2025-06-18T05:48:19.808+0000] {processor.py:830} INFO - Processing file /opt/airflow/dags/process_sales_dag.py for tasks to queue
[2025-06-18T05:48:19.813+0000] {logging_mixin.py:188} INFO - [2025-06-18T05:48:19.812+0000] {dagbag.py:545} INFO - Filling up the DagBag from /opt/airflow/dags/process_sales_dag.py
[2025-06-18T05:48:19.843+0000] {processor.py:840} INFO - DAG(s) 'process_sales' retrieved from /opt/airflow/dags/process_sales_dag.py
[2025-06-18T05:48:19.893+0000] {logging_mixin.py:188} INFO - [2025-06-18T05:48:19.893+0000] {dag.py:3096} INFO - Sync 1 DAGs
[2025-06-18T05:48:19.916+0000] {logging_mixin.py:188} INFO - [2025-06-18T05:48:19.916+0000] {dag.py:3954} INFO - Setting next_dagrun for process_sales to None, run_after=None
[2025-06-18T05:48:19.958+0000] {processor.py:183} INFO - Processing /opt/airflow/dags/process_sales_dag.py took 0.166 seconds
[2025-06-18T05:48:50.468+0000] {processor.py:161} INFO - Started process (PID=1561) to work on /opt/airflow/dags/process_sales_dag.py
[2025-06-18T05:48:50.471+0000] {processor.py:830} INFO - Processing file /opt/airflow/dags/process_sales_dag.py for tasks to queue
[2025-06-18T05:48:50.477+0000] {logging_mixin.py:188} INFO - [2025-06-18T05:48:50.477+0000] {dagbag.py:545} INFO - Filling up the DagBag from /opt/airflow/dags/process_sales_dag.py
[2025-06-18T05:48:50.521+0000] {processor.py:840} INFO - DAG(s) 'process_sales' retrieved from /opt/airflow/dags/process_sales_dag.py
[2025-06-18T05:48:50.573+0000] {logging_mixin.py:188} INFO - [2025-06-18T05:48:50.572+0000] {dag.py:3096} INFO - Sync 1 DAGs
[2025-06-18T05:48:50.597+0000] {logging_mixin.py:188} INFO - [2025-06-18T05:48:50.597+0000] {dag.py:3954} INFO - Setting next_dagrun for process_sales to None, run_after=None
[2025-06-18T05:48:50.648+0000] {processor.py:183} INFO - Processing /opt/airflow/dags/process_sales_dag.py took 0.196 seconds
[2025-06-18T05:49:21.346+0000] {processor.py:161} INFO - Started process (PID=1571) to work on /opt/airflow/dags/process_sales_dag.py
[2025-06-18T05:49:21.348+0000] {processor.py:830} INFO - Processing file /opt/airflow/dags/process_sales_dag.py for tasks to queue
[2025-06-18T05:49:21.352+0000] {logging_mixin.py:188} INFO - [2025-06-18T05:49:21.351+0000] {dagbag.py:545} INFO - Filling up the DagBag from /opt/airflow/dags/process_sales_dag.py
[2025-06-18T05:49:21.390+0000] {processor.py:840} INFO - DAG(s) 'process_sales' retrieved from /opt/airflow/dags/process_sales_dag.py
[2025-06-18T05:49:21.429+0000] {logging_mixin.py:188} INFO - [2025-06-18T05:49:21.429+0000] {dag.py:3096} INFO - Sync 1 DAGs
[2025-06-18T05:49:21.458+0000] {logging_mixin.py:188} INFO - [2025-06-18T05:49:21.458+0000] {dag.py:3954} INFO - Setting next_dagrun for process_sales to None, run_after=None
[2025-06-18T05:49:21.516+0000] {processor.py:183} INFO - Processing /opt/airflow/dags/process_sales_dag.py took 0.185 seconds
[2025-06-18T05:49:51.988+0000] {processor.py:161} INFO - Started process (PID=1581) to work on /opt/airflow/dags/process_sales_dag.py
[2025-06-18T05:49:51.990+0000] {processor.py:830} INFO - Processing file /opt/airflow/dags/process_sales_dag.py for tasks to queue
[2025-06-18T05:49:51.994+0000] {logging_mixin.py:188} INFO - [2025-06-18T05:49:51.994+0000] {dagbag.py:545} INFO - Filling up the DagBag from /opt/airflow/dags/process_sales_dag.py
[2025-06-18T05:49:52.033+0000] {processor.py:840} INFO - DAG(s) 'process_sales' retrieved from /opt/airflow/dags/process_sales_dag.py
[2025-06-18T05:49:52.089+0000] {logging_mixin.py:188} INFO - [2025-06-18T05:49:52.089+0000] {dag.py:3096} INFO - Sync 1 DAGs
[2025-06-18T05:49:52.116+0000] {logging_mixin.py:188} INFO - [2025-06-18T05:49:52.116+0000] {dag.py:3954} INFO - Setting next_dagrun for process_sales to None, run_after=None
[2025-06-18T05:49:52.180+0000] {processor.py:183} INFO - Processing /opt/airflow/dags/process_sales_dag.py took 0.213 seconds
[2025-06-18T05:50:22.898+0000] {processor.py:161} INFO - Started process (PID=1591) to work on /opt/airflow/dags/process_sales_dag.py
[2025-06-18T05:50:22.902+0000] {processor.py:830} INFO - Processing file /opt/airflow/dags/process_sales_dag.py for tasks to queue
[2025-06-18T05:50:22.907+0000] {logging_mixin.py:188} INFO - [2025-06-18T05:50:22.906+0000] {dagbag.py:545} INFO - Filling up the DagBag from /opt/airflow/dags/process_sales_dag.py
[2025-06-18T05:50:22.978+0000] {processor.py:840} INFO - DAG(s) 'process_sales' retrieved from /opt/airflow/dags/process_sales_dag.py
[2025-06-18T05:50:23.055+0000] {logging_mixin.py:188} INFO - [2025-06-18T05:50:23.054+0000] {dag.py:3096} INFO - Sync 1 DAGs
[2025-06-18T05:50:23.078+0000] {logging_mixin.py:188} INFO - [2025-06-18T05:50:23.078+0000] {dag.py:3954} INFO - Setting next_dagrun for process_sales to None, run_after=None
[2025-06-18T05:50:23.110+0000] {processor.py:183} INFO - Processing /opt/airflow/dags/process_sales_dag.py took 0.232 seconds
[2025-06-18T05:50:54.211+0000] {processor.py:161} INFO - Started process (PID=1601) to work on /opt/airflow/dags/process_sales_dag.py
[2025-06-18T05:50:54.213+0000] {processor.py:830} INFO - Processing file /opt/airflow/dags/process_sales_dag.py for tasks to queue
[2025-06-18T05:50:54.217+0000] {logging_mixin.py:188} INFO - [2025-06-18T05:50:54.217+0000] {dagbag.py:545} INFO - Filling up the DagBag from /opt/airflow/dags/process_sales_dag.py
[2025-06-18T05:50:54.253+0000] {processor.py:840} INFO - DAG(s) 'process_sales' retrieved from /opt/airflow/dags/process_sales_dag.py
[2025-06-18T05:50:54.301+0000] {logging_mixin.py:188} INFO - [2025-06-18T05:50:54.301+0000] {dag.py:3096} INFO - Sync 1 DAGs
[2025-06-18T05:50:54.322+0000] {logging_mixin.py:188} INFO - [2025-06-18T05:50:54.321+0000] {dag.py:3954} INFO - Setting next_dagrun for process_sales to None, run_after=None
[2025-06-18T05:50:54.353+0000] {processor.py:183} INFO - Processing /opt/airflow/dags/process_sales_dag.py took 0.162 seconds
[2025-06-18T05:51:24.704+0000] {processor.py:161} INFO - Started process (PID=1611) to work on /opt/airflow/dags/process_sales_dag.py
[2025-06-18T05:51:24.707+0000] {processor.py:830} INFO - Processing file /opt/airflow/dags/process_sales_dag.py for tasks to queue
[2025-06-18T05:51:24.713+0000] {logging_mixin.py:188} INFO - [2025-06-18T05:51:24.712+0000] {dagbag.py:545} INFO - Filling up the DagBag from /opt/airflow/dags/process_sales_dag.py
[2025-06-18T05:51:24.784+0000] {processor.py:840} INFO - DAG(s) 'process_sales' retrieved from /opt/airflow/dags/process_sales_dag.py
[2025-06-18T05:51:24.888+0000] {logging_mixin.py:188} INFO - [2025-06-18T05:51:24.887+0000] {dag.py:3096} INFO - Sync 1 DAGs
[2025-06-18T05:51:24.936+0000] {logging_mixin.py:188} INFO - [2025-06-18T05:51:24.936+0000] {dag.py:3954} INFO - Setting next_dagrun for process_sales to None, run_after=None
[2025-06-18T05:51:24.997+0000] {processor.py:183} INFO - Processing /opt/airflow/dags/process_sales_dag.py took 0.320 seconds
[2025-06-18T05:51:55.361+0000] {processor.py:161} INFO - Started process (PID=1621) to work on /opt/airflow/dags/process_sales_dag.py
[2025-06-18T05:51:55.362+0000] {processor.py:830} INFO - Processing file /opt/airflow/dags/process_sales_dag.py for tasks to queue
[2025-06-18T05:51:55.367+0000] {logging_mixin.py:188} INFO - [2025-06-18T05:51:55.365+0000] {dagbag.py:545} INFO - Filling up the DagBag from /opt/airflow/dags/process_sales_dag.py
[2025-06-18T05:51:55.398+0000] {processor.py:840} INFO - DAG(s) 'process_sales' retrieved from /opt/airflow/dags/process_sales_dag.py
[2025-06-18T05:51:55.449+0000] {logging_mixin.py:188} INFO - [2025-06-18T05:51:55.449+0000] {dag.py:3096} INFO - Sync 1 DAGs
[2025-06-18T05:51:55.473+0000] {logging_mixin.py:188} INFO - [2025-06-18T05:51:55.473+0000] {dag.py:3954} INFO - Setting next_dagrun for process_sales to None, run_after=None
[2025-06-18T05:51:55.557+0000] {processor.py:183} INFO - Processing /opt/airflow/dags/process_sales_dag.py took 0.209 seconds
[2025-06-18T05:52:25.688+0000] {processor.py:161} INFO - Started process (PID=1631) to work on /opt/airflow/dags/process_sales_dag.py
[2025-06-18T05:52:25.691+0000] {processor.py:830} INFO - Processing file /opt/airflow/dags/process_sales_dag.py for tasks to queue
[2025-06-18T05:52:25.695+0000] {logging_mixin.py:188} INFO - [2025-06-18T05:52:25.694+0000] {dagbag.py:545} INFO - Filling up the DagBag from /opt/airflow/dags/process_sales_dag.py
[2025-06-18T05:52:25.729+0000] {processor.py:840} INFO - DAG(s) 'process_sales' retrieved from /opt/airflow/dags/process_sales_dag.py
[2025-06-18T05:52:25.818+0000] {logging_mixin.py:188} INFO - [2025-06-18T05:52:25.818+0000] {dag.py:3096} INFO - Sync 1 DAGs
[2025-06-18T05:52:25.850+0000] {logging_mixin.py:188} INFO - [2025-06-18T05:52:25.850+0000] {dag.py:3954} INFO - Setting next_dagrun for process_sales to None, run_after=None
[2025-06-18T05:52:25.902+0000] {processor.py:183} INFO - Processing /opt/airflow/dags/process_sales_dag.py took 0.228 seconds
[2025-06-18T05:52:56.392+0000] {processor.py:161} INFO - Started process (PID=1641) to work on /opt/airflow/dags/process_sales_dag.py
[2025-06-18T05:52:56.395+0000] {processor.py:830} INFO - Processing file /opt/airflow/dags/process_sales_dag.py for tasks to queue
[2025-06-18T05:52:56.398+0000] {logging_mixin.py:188} INFO - [2025-06-18T05:52:56.397+0000] {dagbag.py:545} INFO - Filling up the DagBag from /opt/airflow/dags/process_sales_dag.py
[2025-06-18T05:52:56.456+0000] {processor.py:840} INFO - DAG(s) 'process_sales' retrieved from /opt/airflow/dags/process_sales_dag.py
[2025-06-18T05:52:56.518+0000] {logging_mixin.py:188} INFO - [2025-06-18T05:52:56.518+0000] {dag.py:3096} INFO - Sync 1 DAGs
[2025-06-18T05:52:56.544+0000] {logging_mixin.py:188} INFO - [2025-06-18T05:52:56.544+0000] {dag.py:3954} INFO - Setting next_dagrun for process_sales to None, run_after=None
[2025-06-18T05:52:56.603+0000] {processor.py:183} INFO - Processing /opt/airflow/dags/process_sales_dag.py took 0.222 seconds
[2025-06-18T05:53:26.795+0000] {processor.py:161} INFO - Started process (PID=1651) to work on /opt/airflow/dags/process_sales_dag.py
[2025-06-18T05:53:26.798+0000] {processor.py:830} INFO - Processing file /opt/airflow/dags/process_sales_dag.py for tasks to queue
[2025-06-18T05:53:26.802+0000] {logging_mixin.py:188} INFO - [2025-06-18T05:53:26.801+0000] {dagbag.py:545} INFO - Filling up the DagBag from /opt/airflow/dags/process_sales_dag.py
[2025-06-18T05:53:26.834+0000] {processor.py:840} INFO - DAG(s) 'process_sales' retrieved from /opt/airflow/dags/process_sales_dag.py
[2025-06-18T05:53:26.914+0000] {logging_mixin.py:188} INFO - [2025-06-18T05:53:26.913+0000] {dag.py:3096} INFO - Sync 1 DAGs
[2025-06-18T05:53:26.935+0000] {logging_mixin.py:188} INFO - [2025-06-18T05:53:26.935+0000] {dag.py:3954} INFO - Setting next_dagrun for process_sales to None, run_after=None
[2025-06-18T05:53:26.991+0000] {processor.py:183} INFO - Processing /opt/airflow/dags/process_sales_dag.py took 0.210 seconds
[2025-06-18T05:53:57.426+0000] {processor.py:161} INFO - Started process (PID=1661) to work on /opt/airflow/dags/process_sales_dag.py
[2025-06-18T05:53:57.429+0000] {processor.py:830} INFO - Processing file /opt/airflow/dags/process_sales_dag.py for tasks to queue
[2025-06-18T05:53:57.437+0000] {logging_mixin.py:188} INFO - [2025-06-18T05:53:57.435+0000] {dagbag.py:545} INFO - Filling up the DagBag from /opt/airflow/dags/process_sales_dag.py
[2025-06-18T05:53:57.521+0000] {processor.py:840} INFO - DAG(s) 'process_sales' retrieved from /opt/airflow/dags/process_sales_dag.py
[2025-06-18T05:53:57.634+0000] {logging_mixin.py:188} INFO - [2025-06-18T05:53:57.634+0000] {dag.py:3096} INFO - Sync 1 DAGs
[2025-06-18T05:53:57.792+0000] {logging_mixin.py:188} INFO - [2025-06-18T05:53:57.791+0000] {dag.py:3954} INFO - Setting next_dagrun for process_sales to None, run_after=None
[2025-06-18T05:53:58.001+0000] {processor.py:183} INFO - Processing /opt/airflow/dags/process_sales_dag.py took 0.604 seconds
[2025-06-18T05:54:28.827+0000] {processor.py:161} INFO - Started process (PID=1671) to work on /opt/airflow/dags/process_sales_dag.py
[2025-06-18T05:54:28.830+0000] {processor.py:830} INFO - Processing file /opt/airflow/dags/process_sales_dag.py for tasks to queue
[2025-06-18T05:54:28.835+0000] {logging_mixin.py:188} INFO - [2025-06-18T05:54:28.834+0000] {dagbag.py:545} INFO - Filling up the DagBag from /opt/airflow/dags/process_sales_dag.py
[2025-06-18T05:54:28.903+0000] {processor.py:840} INFO - DAG(s) 'process_sales' retrieved from /opt/airflow/dags/process_sales_dag.py
[2025-06-18T05:54:28.962+0000] {logging_mixin.py:188} INFO - [2025-06-18T05:54:28.962+0000] {dag.py:3096} INFO - Sync 1 DAGs
[2025-06-18T05:54:28.997+0000] {logging_mixin.py:188} INFO - [2025-06-18T05:54:28.996+0000] {dag.py:3954} INFO - Setting next_dagrun for process_sales to None, run_after=None
[2025-06-18T05:54:29.050+0000] {processor.py:183} INFO - Processing /opt/airflow/dags/process_sales_dag.py took 0.239 seconds
[2025-06-18T05:54:59.517+0000] {processor.py:161} INFO - Started process (PID=1681) to work on /opt/airflow/dags/process_sales_dag.py
[2025-06-18T05:54:59.518+0000] {processor.py:830} INFO - Processing file /opt/airflow/dags/process_sales_dag.py for tasks to queue
[2025-06-18T05:54:59.522+0000] {logging_mixin.py:188} INFO - [2025-06-18T05:54:59.521+0000] {dagbag.py:545} INFO - Filling up the DagBag from /opt/airflow/dags/process_sales_dag.py
[2025-06-18T05:54:59.556+0000] {processor.py:840} INFO - DAG(s) 'process_sales' retrieved from /opt/airflow/dags/process_sales_dag.py
[2025-06-18T05:54:59.605+0000] {logging_mixin.py:188} INFO - [2025-06-18T05:54:59.604+0000] {dag.py:3096} INFO - Sync 1 DAGs
[2025-06-18T05:54:59.635+0000] {logging_mixin.py:188} INFO - [2025-06-18T05:54:59.635+0000] {dag.py:3954} INFO - Setting next_dagrun for process_sales to None, run_after=None
[2025-06-18T05:54:59.667+0000] {processor.py:183} INFO - Processing /opt/airflow/dags/process_sales_dag.py took 0.158 seconds
[2025-06-18T05:55:30.672+0000] {processor.py:161} INFO - Started process (PID=1691) to work on /opt/airflow/dags/process_sales_dag.py
[2025-06-18T05:55:30.674+0000] {processor.py:830} INFO - Processing file /opt/airflow/dags/process_sales_dag.py for tasks to queue
[2025-06-18T05:55:30.679+0000] {logging_mixin.py:188} INFO - [2025-06-18T05:55:30.678+0000] {dagbag.py:545} INFO - Filling up the DagBag from /opt/airflow/dags/process_sales_dag.py
[2025-06-18T05:55:30.730+0000] {processor.py:840} INFO - DAG(s) 'process_sales' retrieved from /opt/airflow/dags/process_sales_dag.py
[2025-06-18T05:55:30.779+0000] {logging_mixin.py:188} INFO - [2025-06-18T05:55:30.778+0000] {dag.py:3096} INFO - Sync 1 DAGs
[2025-06-18T05:55:30.799+0000] {logging_mixin.py:188} INFO - [2025-06-18T05:55:30.798+0000] {dag.py:3954} INFO - Setting next_dagrun for process_sales to None, run_after=None
[2025-06-18T05:55:30.839+0000] {processor.py:183} INFO - Processing /opt/airflow/dags/process_sales_dag.py took 0.185 seconds
[2025-06-18T05:56:02.031+0000] {processor.py:161} INFO - Started process (PID=1701) to work on /opt/airflow/dags/process_sales_dag.py
[2025-06-18T05:56:02.034+0000] {processor.py:830} INFO - Processing file /opt/airflow/dags/process_sales_dag.py for tasks to queue
[2025-06-18T05:56:02.041+0000] {logging_mixin.py:188} INFO - [2025-06-18T05:56:02.040+0000] {dagbag.py:545} INFO - Filling up the DagBag from /opt/airflow/dags/process_sales_dag.py
[2025-06-18T05:56:02.133+0000] {processor.py:840} INFO - DAG(s) 'process_sales' retrieved from /opt/airflow/dags/process_sales_dag.py
[2025-06-18T05:56:02.217+0000] {logging_mixin.py:188} INFO - [2025-06-18T05:56:02.217+0000] {dag.py:3096} INFO - Sync 1 DAGs
[2025-06-18T05:56:02.245+0000] {logging_mixin.py:188} INFO - [2025-06-18T05:56:02.244+0000] {dag.py:3954} INFO - Setting next_dagrun for process_sales to None, run_after=None
[2025-06-18T05:56:02.308+0000] {processor.py:183} INFO - Processing /opt/airflow/dags/process_sales_dag.py took 0.299 seconds
[2025-06-18T05:56:32.633+0000] {processor.py:161} INFO - Started process (PID=1711) to work on /opt/airflow/dags/process_sales_dag.py
[2025-06-18T05:56:32.637+0000] {processor.py:830} INFO - Processing file /opt/airflow/dags/process_sales_dag.py for tasks to queue
[2025-06-18T05:56:32.645+0000] {logging_mixin.py:188} INFO - [2025-06-18T05:56:32.644+0000] {dagbag.py:545} INFO - Filling up the DagBag from /opt/airflow/dags/process_sales_dag.py
[2025-06-18T05:56:32.754+0000] {processor.py:840} INFO - DAG(s) 'process_sales' retrieved from /opt/airflow/dags/process_sales_dag.py
[2025-06-18T05:56:32.851+0000] {logging_mixin.py:188} INFO - [2025-06-18T05:56:32.851+0000] {dag.py:3096} INFO - Sync 1 DAGs
[2025-06-18T05:56:32.898+0000] {logging_mixin.py:188} INFO - [2025-06-18T05:56:32.897+0000] {dag.py:3954} INFO - Setting next_dagrun for process_sales to None, run_after=None
[2025-06-18T05:56:32.998+0000] {processor.py:183} INFO - Processing /opt/airflow/dags/process_sales_dag.py took 0.393 seconds
[2025-06-18T05:57:03.841+0000] {processor.py:161} INFO - Started process (PID=1721) to work on /opt/airflow/dags/process_sales_dag.py
[2025-06-18T05:57:03.845+0000] {processor.py:830} INFO - Processing file /opt/airflow/dags/process_sales_dag.py for tasks to queue
[2025-06-18T05:57:03.849+0000] {logging_mixin.py:188} INFO - [2025-06-18T05:57:03.849+0000] {dagbag.py:545} INFO - Filling up the DagBag from /opt/airflow/dags/process_sales_dag.py
[2025-06-18T05:57:03.923+0000] {processor.py:840} INFO - DAG(s) 'process_sales' retrieved from /opt/airflow/dags/process_sales_dag.py
[2025-06-18T05:57:03.966+0000] {logging_mixin.py:188} INFO - [2025-06-18T05:57:03.966+0000] {dag.py:3096} INFO - Sync 1 DAGs
[2025-06-18T05:57:03.988+0000] {logging_mixin.py:188} INFO - [2025-06-18T05:57:03.987+0000] {dag.py:3954} INFO - Setting next_dagrun for process_sales to None, run_after=None
[2025-06-18T05:57:04.022+0000] {processor.py:183} INFO - Processing /opt/airflow/dags/process_sales_dag.py took 0.198 seconds
[2025-06-18T05:57:34.474+0000] {processor.py:161} INFO - Started process (PID=1731) to work on /opt/airflow/dags/process_sales_dag.py
[2025-06-18T05:57:34.476+0000] {processor.py:830} INFO - Processing file /opt/airflow/dags/process_sales_dag.py for tasks to queue
[2025-06-18T05:57:34.480+0000] {logging_mixin.py:188} INFO - [2025-06-18T05:57:34.479+0000] {dagbag.py:545} INFO - Filling up the DagBag from /opt/airflow/dags/process_sales_dag.py
[2025-06-18T05:57:34.522+0000] {processor.py:840} INFO - DAG(s) 'process_sales' retrieved from /opt/airflow/dags/process_sales_dag.py
[2025-06-18T05:57:34.574+0000] {logging_mixin.py:188} INFO - [2025-06-18T05:57:34.574+0000] {dag.py:3096} INFO - Sync 1 DAGs
[2025-06-18T05:57:34.602+0000] {logging_mixin.py:188} INFO - [2025-06-18T05:57:34.602+0000] {dag.py:3954} INFO - Setting next_dagrun for process_sales to None, run_after=None
[2025-06-18T05:57:34.649+0000] {processor.py:183} INFO - Processing /opt/airflow/dags/process_sales_dag.py took 0.185 seconds
[2025-06-18T05:58:05.237+0000] {processor.py:161} INFO - Started process (PID=1741) to work on /opt/airflow/dags/process_sales_dag.py
[2025-06-18T05:58:05.243+0000] {processor.py:830} INFO - Processing file /opt/airflow/dags/process_sales_dag.py for tasks to queue
[2025-06-18T05:58:05.252+0000] {logging_mixin.py:188} INFO - [2025-06-18T05:58:05.248+0000] {dagbag.py:545} INFO - Filling up the DagBag from /opt/airflow/dags/process_sales_dag.py
[2025-06-18T05:58:05.302+0000] {processor.py:840} INFO - DAG(s) 'process_sales' retrieved from /opt/airflow/dags/process_sales_dag.py
[2025-06-18T05:58:05.364+0000] {logging_mixin.py:188} INFO - [2025-06-18T05:58:05.364+0000] {dag.py:3096} INFO - Sync 1 DAGs
[2025-06-18T05:58:05.386+0000] {logging_mixin.py:188} INFO - [2025-06-18T05:58:05.386+0000] {dag.py:3954} INFO - Setting next_dagrun for process_sales to None, run_after=None
[2025-06-18T05:58:05.439+0000] {processor.py:183} INFO - Processing /opt/airflow/dags/process_sales_dag.py took 0.223 seconds
[2025-06-18T05:58:36.510+0000] {processor.py:161} INFO - Started process (PID=1751) to work on /opt/airflow/dags/process_sales_dag.py
[2025-06-18T05:58:36.512+0000] {processor.py:830} INFO - Processing file /opt/airflow/dags/process_sales_dag.py for tasks to queue
[2025-06-18T05:58:36.517+0000] {logging_mixin.py:188} INFO - [2025-06-18T05:58:36.517+0000] {dagbag.py:545} INFO - Filling up the DagBag from /opt/airflow/dags/process_sales_dag.py
[2025-06-18T05:58:36.566+0000] {processor.py:840} INFO - DAG(s) 'process_sales' retrieved from /opt/airflow/dags/process_sales_dag.py
[2025-06-18T05:58:36.738+0000] {logging_mixin.py:188} INFO - [2025-06-18T05:58:36.738+0000] {dag.py:3096} INFO - Sync 1 DAGs
[2025-06-18T05:58:36.778+0000] {logging_mixin.py:188} INFO - [2025-06-18T05:58:36.778+0000] {dag.py:3954} INFO - Setting next_dagrun for process_sales to None, run_after=None
[2025-06-18T05:58:36.830+0000] {processor.py:183} INFO - Processing /opt/airflow/dags/process_sales_dag.py took 0.341 seconds
[2025-06-18T05:59:07.284+0000] {processor.py:161} INFO - Started process (PID=1761) to work on /opt/airflow/dags/process_sales_dag.py
[2025-06-18T05:59:07.287+0000] {processor.py:830} INFO - Processing file /opt/airflow/dags/process_sales_dag.py for tasks to queue
[2025-06-18T05:59:07.292+0000] {logging_mixin.py:188} INFO - [2025-06-18T05:59:07.291+0000] {dagbag.py:545} INFO - Filling up the DagBag from /opt/airflow/dags/process_sales_dag.py
[2025-06-18T05:59:07.354+0000] {processor.py:840} INFO - DAG(s) 'process_sales' retrieved from /opt/airflow/dags/process_sales_dag.py
[2025-06-18T05:59:07.429+0000] {logging_mixin.py:188} INFO - [2025-06-18T05:59:07.429+0000] {dag.py:3096} INFO - Sync 1 DAGs
[2025-06-18T05:59:07.463+0000] {logging_mixin.py:188} INFO - [2025-06-18T05:59:07.462+0000] {dag.py:3954} INFO - Setting next_dagrun for process_sales to None, run_after=None
[2025-06-18T05:59:07.519+0000] {processor.py:183} INFO - Processing /opt/airflow/dags/process_sales_dag.py took 0.247 seconds
[2025-06-18T05:59:38.393+0000] {processor.py:161} INFO - Started process (PID=1771) to work on /opt/airflow/dags/process_sales_dag.py
[2025-06-18T05:59:38.396+0000] {processor.py:830} INFO - Processing file /opt/airflow/dags/process_sales_dag.py for tasks to queue
[2025-06-18T05:59:38.401+0000] {logging_mixin.py:188} INFO - [2025-06-18T05:59:38.400+0000] {dagbag.py:545} INFO - Filling up the DagBag from /opt/airflow/dags/process_sales_dag.py
[2025-06-18T05:59:38.429+0000] {processor.py:840} INFO - DAG(s) 'process_sales' retrieved from /opt/airflow/dags/process_sales_dag.py
[2025-06-18T05:59:38.478+0000] {logging_mixin.py:188} INFO - [2025-06-18T05:59:38.477+0000] {dag.py:3096} INFO - Sync 1 DAGs
[2025-06-18T05:59:38.501+0000] {logging_mixin.py:188} INFO - [2025-06-18T05:59:38.501+0000] {dag.py:3954} INFO - Setting next_dagrun for process_sales to None, run_after=None
[2025-06-18T05:59:38.543+0000] {processor.py:183} INFO - Processing /opt/airflow/dags/process_sales_dag.py took 0.164 seconds
[2025-06-18T06:00:09.116+0000] {processor.py:161} INFO - Started process (PID=1781) to work on /opt/airflow/dags/process_sales_dag.py
[2025-06-18T06:00:09.118+0000] {processor.py:830} INFO - Processing file /opt/airflow/dags/process_sales_dag.py for tasks to queue
[2025-06-18T06:00:09.124+0000] {logging_mixin.py:188} INFO - [2025-06-18T06:00:09.123+0000] {dagbag.py:545} INFO - Filling up the DagBag from /opt/airflow/dags/process_sales_dag.py
[2025-06-18T06:00:09.160+0000] {processor.py:840} INFO - DAG(s) 'process_sales' retrieved from /opt/airflow/dags/process_sales_dag.py
[2025-06-18T06:00:09.225+0000] {logging_mixin.py:188} INFO - [2025-06-18T06:00:09.224+0000] {dag.py:3096} INFO - Sync 1 DAGs
[2025-06-18T06:00:09.253+0000] {logging_mixin.py:188} INFO - [2025-06-18T06:00:09.253+0000] {dag.py:3954} INFO - Setting next_dagrun for process_sales to None, run_after=None
[2025-06-18T06:00:09.298+0000] {processor.py:183} INFO - Processing /opt/airflow/dags/process_sales_dag.py took 0.197 seconds
[2025-06-18T06:00:40.002+0000] {processor.py:161} INFO - Started process (PID=1791) to work on /opt/airflow/dags/process_sales_dag.py
[2025-06-18T06:00:40.004+0000] {processor.py:830} INFO - Processing file /opt/airflow/dags/process_sales_dag.py for tasks to queue
[2025-06-18T06:00:40.010+0000] {logging_mixin.py:188} INFO - [2025-06-18T06:00:40.009+0000] {dagbag.py:545} INFO - Filling up the DagBag from /opt/airflow/dags/process_sales_dag.py
[2025-06-18T06:00:40.043+0000] {processor.py:840} INFO - DAG(s) 'process_sales' retrieved from /opt/airflow/dags/process_sales_dag.py
[2025-06-18T06:00:40.086+0000] {logging_mixin.py:188} INFO - [2025-06-18T06:00:40.085+0000] {dag.py:3096} INFO - Sync 1 DAGs
[2025-06-18T06:00:40.110+0000] {logging_mixin.py:188} INFO - [2025-06-18T06:00:40.110+0000] {dag.py:3954} INFO - Setting next_dagrun for process_sales to None, run_after=None
[2025-06-18T06:00:40.142+0000] {processor.py:183} INFO - Processing /opt/airflow/dags/process_sales_dag.py took 0.160 seconds
[2025-06-18T06:01:10.387+0000] {processor.py:161} INFO - Started process (PID=1801) to work on /opt/airflow/dags/process_sales_dag.py
[2025-06-18T06:01:10.390+0000] {processor.py:830} INFO - Processing file /opt/airflow/dags/process_sales_dag.py for tasks to queue
[2025-06-18T06:01:10.396+0000] {logging_mixin.py:188} INFO - [2025-06-18T06:01:10.394+0000] {dagbag.py:545} INFO - Filling up the DagBag from /opt/airflow/dags/process_sales_dag.py
[2025-06-18T06:01:10.457+0000] {processor.py:840} INFO - DAG(s) 'process_sales' retrieved from /opt/airflow/dags/process_sales_dag.py
[2025-06-18T06:01:10.552+0000] {logging_mixin.py:188} INFO - [2025-06-18T06:01:10.552+0000] {dag.py:3096} INFO - Sync 1 DAGs
[2025-06-18T06:01:10.585+0000] {logging_mixin.py:188} INFO - [2025-06-18T06:01:10.585+0000] {dag.py:3954} INFO - Setting next_dagrun for process_sales to None, run_after=None
[2025-06-18T06:01:10.638+0000] {processor.py:183} INFO - Processing /opt/airflow/dags/process_sales_dag.py took 0.273 seconds
[2025-06-18T06:01:41.365+0000] {processor.py:161} INFO - Started process (PID=1811) to work on /opt/airflow/dags/process_sales_dag.py
[2025-06-18T06:01:41.370+0000] {processor.py:830} INFO - Processing file /opt/airflow/dags/process_sales_dag.py for tasks to queue
[2025-06-18T06:01:41.376+0000] {logging_mixin.py:188} INFO - [2025-06-18T06:01:41.375+0000] {dagbag.py:545} INFO - Filling up the DagBag from /opt/airflow/dags/process_sales_dag.py
[2025-06-18T06:01:41.454+0000] {processor.py:840} INFO - DAG(s) 'process_sales' retrieved from /opt/airflow/dags/process_sales_dag.py
[2025-06-18T06:01:42.053+0000] {logging_mixin.py:188} INFO - [2025-06-18T06:01:42.052+0000] {dag.py:3096} INFO - Sync 1 DAGs
[2025-06-18T06:01:42.138+0000] {logging_mixin.py:188} INFO - [2025-06-18T06:01:42.138+0000] {dag.py:3954} INFO - Setting next_dagrun for process_sales to None, run_after=None
[2025-06-18T06:01:42.199+0000] {processor.py:183} INFO - Processing /opt/airflow/dags/process_sales_dag.py took 0.868 seconds
[2025-06-18T06:02:12.852+0000] {processor.py:161} INFO - Started process (PID=1821) to work on /opt/airflow/dags/process_sales_dag.py
[2025-06-18T06:02:12.854+0000] {processor.py:830} INFO - Processing file /opt/airflow/dags/process_sales_dag.py for tasks to queue
[2025-06-18T06:02:12.858+0000] {logging_mixin.py:188} INFO - [2025-06-18T06:02:12.857+0000] {dagbag.py:545} INFO - Filling up the DagBag from /opt/airflow/dags/process_sales_dag.py
[2025-06-18T06:02:12.911+0000] {processor.py:840} INFO - DAG(s) 'process_sales' retrieved from /opt/airflow/dags/process_sales_dag.py
[2025-06-18T06:02:12.995+0000] {logging_mixin.py:188} INFO - [2025-06-18T06:02:12.995+0000] {dag.py:3096} INFO - Sync 1 DAGs
[2025-06-18T06:02:13.032+0000] {logging_mixin.py:188} INFO - [2025-06-18T06:02:13.032+0000] {dag.py:3954} INFO - Setting next_dagrun for process_sales to None, run_after=None
[2025-06-18T06:02:13.092+0000] {processor.py:183} INFO - Processing /opt/airflow/dags/process_sales_dag.py took 0.255 seconds
[2025-06-18T06:02:43.445+0000] {processor.py:161} INFO - Started process (PID=1831) to work on /opt/airflow/dags/process_sales_dag.py
[2025-06-18T06:02:43.448+0000] {processor.py:830} INFO - Processing file /opt/airflow/dags/process_sales_dag.py for tasks to queue
[2025-06-18T06:02:43.457+0000] {logging_mixin.py:188} INFO - [2025-06-18T06:02:43.455+0000] {dagbag.py:545} INFO - Filling up the DagBag from /opt/airflow/dags/process_sales_dag.py
[2025-06-18T06:02:43.534+0000] {processor.py:840} INFO - DAG(s) 'process_sales' retrieved from /opt/airflow/dags/process_sales_dag.py
[2025-06-18T06:02:43.664+0000] {logging_mixin.py:188} INFO - [2025-06-18T06:02:43.664+0000] {dag.py:3096} INFO - Sync 1 DAGs
[2025-06-18T06:02:43.725+0000] {logging_mixin.py:188} INFO - [2025-06-18T06:02:43.724+0000] {dag.py:3954} INFO - Setting next_dagrun for process_sales to None, run_after=None
[2025-06-18T06:02:43.840+0000] {processor.py:183} INFO - Processing /opt/airflow/dags/process_sales_dag.py took 0.443 seconds
[2025-06-18T06:03:14.371+0000] {processor.py:161} INFO - Started process (PID=1841) to work on /opt/airflow/dags/process_sales_dag.py
[2025-06-18T06:03:14.376+0000] {processor.py:830} INFO - Processing file /opt/airflow/dags/process_sales_dag.py for tasks to queue
[2025-06-18T06:03:14.383+0000] {logging_mixin.py:188} INFO - [2025-06-18T06:03:14.382+0000] {dagbag.py:545} INFO - Filling up the DagBag from /opt/airflow/dags/process_sales_dag.py
[2025-06-18T06:03:14.447+0000] {processor.py:840} INFO - DAG(s) 'process_sales' retrieved from /opt/airflow/dags/process_sales_dag.py
[2025-06-18T06:03:14.570+0000] {logging_mixin.py:188} INFO - [2025-06-18T06:03:14.569+0000] {dag.py:3096} INFO - Sync 1 DAGs
[2025-06-18T06:03:14.621+0000] {logging_mixin.py:188} INFO - [2025-06-18T06:03:14.620+0000] {dag.py:3954} INFO - Setting next_dagrun for process_sales to None, run_after=None
[2025-06-18T06:03:14.715+0000] {processor.py:183} INFO - Processing /opt/airflow/dags/process_sales_dag.py took 0.373 seconds
[2025-06-18T06:03:45.419+0000] {processor.py:161} INFO - Started process (PID=1851) to work on /opt/airflow/dags/process_sales_dag.py
[2025-06-18T06:03:45.422+0000] {processor.py:830} INFO - Processing file /opt/airflow/dags/process_sales_dag.py for tasks to queue
[2025-06-18T06:03:45.430+0000] {logging_mixin.py:188} INFO - [2025-06-18T06:03:45.428+0000] {dagbag.py:545} INFO - Filling up the DagBag from /opt/airflow/dags/process_sales_dag.py
[2025-06-18T06:03:45.532+0000] {processor.py:840} INFO - DAG(s) 'process_sales' retrieved from /opt/airflow/dags/process_sales_dag.py
[2025-06-18T06:03:45.656+0000] {logging_mixin.py:188} INFO - [2025-06-18T06:03:45.655+0000] {dag.py:3096} INFO - Sync 1 DAGs
[2025-06-18T06:03:45.760+0000] {logging_mixin.py:188} INFO - [2025-06-18T06:03:45.759+0000] {dag.py:3954} INFO - Setting next_dagrun for process_sales to None, run_after=None
[2025-06-18T06:03:45.892+0000] {processor.py:183} INFO - Processing /opt/airflow/dags/process_sales_dag.py took 0.494 seconds
[2025-06-18T06:04:16.345+0000] {processor.py:161} INFO - Started process (PID=1861) to work on /opt/airflow/dags/process_sales_dag.py
[2025-06-18T06:04:16.349+0000] {processor.py:830} INFO - Processing file /opt/airflow/dags/process_sales_dag.py for tasks to queue
[2025-06-18T06:04:16.354+0000] {logging_mixin.py:188} INFO - [2025-06-18T06:04:16.353+0000] {dagbag.py:545} INFO - Filling up the DagBag from /opt/airflow/dags/process_sales_dag.py
[2025-06-18T06:04:16.420+0000] {processor.py:840} INFO - DAG(s) 'process_sales' retrieved from /opt/airflow/dags/process_sales_dag.py
[2025-06-18T06:04:16.490+0000] {logging_mixin.py:188} INFO - [2025-06-18T06:04:16.490+0000] {dag.py:3096} INFO - Sync 1 DAGs
[2025-06-18T06:04:16.517+0000] {logging_mixin.py:188} INFO - [2025-06-18T06:04:16.517+0000] {dag.py:3954} INFO - Setting next_dagrun for process_sales to None, run_after=None
[2025-06-18T06:04:16.561+0000] {processor.py:183} INFO - Processing /opt/airflow/dags/process_sales_dag.py took 0.231 seconds
[2025-06-18T06:04:47.035+0000] {processor.py:161} INFO - Started process (PID=1871) to work on /opt/airflow/dags/process_sales_dag.py
[2025-06-18T06:04:47.037+0000] {processor.py:830} INFO - Processing file /opt/airflow/dags/process_sales_dag.py for tasks to queue
[2025-06-18T06:04:47.041+0000] {logging_mixin.py:188} INFO - [2025-06-18T06:04:47.040+0000] {dagbag.py:545} INFO - Filling up the DagBag from /opt/airflow/dags/process_sales_dag.py
[2025-06-18T06:04:47.076+0000] {processor.py:840} INFO - DAG(s) 'process_sales' retrieved from /opt/airflow/dags/process_sales_dag.py
[2025-06-18T06:04:47.155+0000] {logging_mixin.py:188} INFO - [2025-06-18T06:04:47.154+0000] {dag.py:3096} INFO - Sync 1 DAGs
[2025-06-18T06:04:47.191+0000] {logging_mixin.py:188} INFO - [2025-06-18T06:04:47.191+0000] {dag.py:3954} INFO - Setting next_dagrun for process_sales to None, run_after=None
[2025-06-18T06:04:47.257+0000] {processor.py:183} INFO - Processing /opt/airflow/dags/process_sales_dag.py took 0.232 seconds
[2025-06-18T06:05:17.696+0000] {processor.py:161} INFO - Started process (PID=1881) to work on /opt/airflow/dags/process_sales_dag.py
[2025-06-18T06:05:17.698+0000] {processor.py:830} INFO - Processing file /opt/airflow/dags/process_sales_dag.py for tasks to queue
[2025-06-18T06:05:17.702+0000] {logging_mixin.py:188} INFO - [2025-06-18T06:05:17.701+0000] {dagbag.py:545} INFO - Filling up the DagBag from /opt/airflow/dags/process_sales_dag.py
[2025-06-18T06:05:17.743+0000] {processor.py:840} INFO - DAG(s) 'process_sales' retrieved from /opt/airflow/dags/process_sales_dag.py
[2025-06-18T06:05:17.809+0000] {logging_mixin.py:188} INFO - [2025-06-18T06:05:17.808+0000] {dag.py:3096} INFO - Sync 1 DAGs
[2025-06-18T06:05:17.848+0000] {logging_mixin.py:188} INFO - [2025-06-18T06:05:17.848+0000] {dag.py:3954} INFO - Setting next_dagrun for process_sales to None, run_after=None
[2025-06-18T06:05:17.902+0000] {processor.py:183} INFO - Processing /opt/airflow/dags/process_sales_dag.py took 0.218 seconds
[2025-06-18T06:05:48.112+0000] {processor.py:161} INFO - Started process (PID=1891) to work on /opt/airflow/dags/process_sales_dag.py
[2025-06-18T06:05:48.118+0000] {processor.py:830} INFO - Processing file /opt/airflow/dags/process_sales_dag.py for tasks to queue
[2025-06-18T06:05:48.122+0000] {logging_mixin.py:188} INFO - [2025-06-18T06:05:48.121+0000] {dagbag.py:545} INFO - Filling up the DagBag from /opt/airflow/dags/process_sales_dag.py
[2025-06-18T06:05:48.153+0000] {processor.py:840} INFO - DAG(s) 'process_sales' retrieved from /opt/airflow/dags/process_sales_dag.py
[2025-06-18T06:05:48.226+0000] {logging_mixin.py:188} INFO - [2025-06-18T06:05:48.225+0000] {dag.py:3096} INFO - Sync 1 DAGs
[2025-06-18T06:05:48.268+0000] {logging_mixin.py:188} INFO - [2025-06-18T06:05:48.267+0000] {dag.py:3954} INFO - Setting next_dagrun for process_sales to None, run_after=None
[2025-06-18T06:05:48.328+0000] {processor.py:183} INFO - Processing /opt/airflow/dags/process_sales_dag.py took 0.230 seconds
[2025-06-18T06:06:19.737+0000] {processor.py:161} INFO - Started process (PID=1901) to work on /opt/airflow/dags/process_sales_dag.py
[2025-06-18T06:06:19.813+0000] {processor.py:830} INFO - Processing file /opt/airflow/dags/process_sales_dag.py for tasks to queue
[2025-06-18T06:06:19.843+0000] {logging_mixin.py:188} INFO - [2025-06-18T06:06:19.842+0000] {dagbag.py:545} INFO - Filling up the DagBag from /opt/airflow/dags/process_sales_dag.py
[2025-06-18T06:06:19.977+0000] {processor.py:840} INFO - DAG(s) 'process_sales' retrieved from /opt/airflow/dags/process_sales_dag.py
[2025-06-18T06:06:20.146+0000] {logging_mixin.py:188} INFO - [2025-06-18T06:06:20.145+0000] {dag.py:3096} INFO - Sync 1 DAGs
[2025-06-18T06:06:20.198+0000] {logging_mixin.py:188} INFO - [2025-06-18T06:06:20.197+0000] {dag.py:3954} INFO - Setting next_dagrun for process_sales to None, run_after=None
[2025-06-18T06:06:20.271+0000] {processor.py:183} INFO - Processing /opt/airflow/dags/process_sales_dag.py took 0.611 seconds
[2025-06-18T06:06:51.033+0000] {processor.py:161} INFO - Started process (PID=1911) to work on /opt/airflow/dags/process_sales_dag.py
[2025-06-18T06:06:51.035+0000] {processor.py:830} INFO - Processing file /opt/airflow/dags/process_sales_dag.py for tasks to queue
[2025-06-18T06:06:51.040+0000] {logging_mixin.py:188} INFO - [2025-06-18T06:06:51.039+0000] {dagbag.py:545} INFO - Filling up the DagBag from /opt/airflow/dags/process_sales_dag.py
[2025-06-18T06:06:51.073+0000] {processor.py:840} INFO - DAG(s) 'process_sales' retrieved from /opt/airflow/dags/process_sales_dag.py
[2025-06-18T06:06:51.143+0000] {logging_mixin.py:188} INFO - [2025-06-18T06:06:51.143+0000] {dag.py:3096} INFO - Sync 1 DAGs
[2025-06-18T06:06:51.184+0000] {logging_mixin.py:188} INFO - [2025-06-18T06:06:51.184+0000] {dag.py:3954} INFO - Setting next_dagrun for process_sales to None, run_after=None
[2025-06-18T06:06:51.264+0000] {processor.py:183} INFO - Processing /opt/airflow/dags/process_sales_dag.py took 0.243 seconds
[2025-06-18T06:07:22.138+0000] {processor.py:161} INFO - Started process (PID=1921) to work on /opt/airflow/dags/process_sales_dag.py
[2025-06-18T06:07:22.141+0000] {processor.py:830} INFO - Processing file /opt/airflow/dags/process_sales_dag.py for tasks to queue
[2025-06-18T06:07:22.147+0000] {logging_mixin.py:188} INFO - [2025-06-18T06:07:22.146+0000] {dagbag.py:545} INFO - Filling up the DagBag from /opt/airflow/dags/process_sales_dag.py
[2025-06-18T06:07:22.209+0000] {processor.py:840} INFO - DAG(s) 'process_sales' retrieved from /opt/airflow/dags/process_sales_dag.py
[2025-06-18T06:07:22.284+0000] {logging_mixin.py:188} INFO - [2025-06-18T06:07:22.284+0000] {dag.py:3096} INFO - Sync 1 DAGs
[2025-06-18T06:07:22.323+0000] {logging_mixin.py:188} INFO - [2025-06-18T06:07:22.323+0000] {dag.py:3954} INFO - Setting next_dagrun for process_sales to None, run_after=None
[2025-06-18T06:07:22.394+0000] {processor.py:183} INFO - Processing /opt/airflow/dags/process_sales_dag.py took 0.279 seconds
[2025-06-18T06:07:53.164+0000] {processor.py:161} INFO - Started process (PID=1931) to work on /opt/airflow/dags/process_sales_dag.py
[2025-06-18T06:07:53.176+0000] {processor.py:830} INFO - Processing file /opt/airflow/dags/process_sales_dag.py for tasks to queue
[2025-06-18T06:07:53.185+0000] {logging_mixin.py:188} INFO - [2025-06-18T06:07:53.184+0000] {dagbag.py:545} INFO - Filling up the DagBag from /opt/airflow/dags/process_sales_dag.py
[2025-06-18T06:07:53.233+0000] {processor.py:840} INFO - DAG(s) 'process_sales' retrieved from /opt/airflow/dags/process_sales_dag.py
[2025-06-18T06:07:53.278+0000] {logging_mixin.py:188} INFO - [2025-06-18T06:07:53.278+0000] {dag.py:3096} INFO - Sync 1 DAGs
[2025-06-18T06:07:53.298+0000] {logging_mixin.py:188} INFO - [2025-06-18T06:07:53.298+0000] {dag.py:3954} INFO - Setting next_dagrun for process_sales to None, run_after=None
[2025-06-18T06:07:53.333+0000] {processor.py:183} INFO - Processing /opt/airflow/dags/process_sales_dag.py took 0.191 seconds
[2025-06-18T06:08:24.086+0000] {processor.py:161} INFO - Started process (PID=1941) to work on /opt/airflow/dags/process_sales_dag.py
[2025-06-18T06:08:24.099+0000] {processor.py:830} INFO - Processing file /opt/airflow/dags/process_sales_dag.py for tasks to queue
[2025-06-18T06:08:24.123+0000] {logging_mixin.py:188} INFO - [2025-06-18T06:08:24.120+0000] {dagbag.py:545} INFO - Filling up the DagBag from /opt/airflow/dags/process_sales_dag.py
[2025-06-18T06:08:24.348+0000] {processor.py:840} INFO - DAG(s) 'process_sales' retrieved from /opt/airflow/dags/process_sales_dag.py
[2025-06-18T06:08:24.446+0000] {logging_mixin.py:188} INFO - [2025-06-18T06:08:24.445+0000] {dag.py:3096} INFO - Sync 1 DAGs
[2025-06-18T06:08:24.494+0000] {logging_mixin.py:188} INFO - [2025-06-18T06:08:24.493+0000] {dag.py:3954} INFO - Setting next_dagrun for process_sales to None, run_after=None
[2025-06-18T06:08:24.546+0000] {processor.py:183} INFO - Processing /opt/airflow/dags/process_sales_dag.py took 0.550 seconds
[2025-06-18T06:08:55.674+0000] {processor.py:161} INFO - Started process (PID=1951) to work on /opt/airflow/dags/process_sales_dag.py
[2025-06-18T06:08:55.679+0000] {processor.py:830} INFO - Processing file /opt/airflow/dags/process_sales_dag.py for tasks to queue
[2025-06-18T06:08:55.689+0000] {logging_mixin.py:188} INFO - [2025-06-18T06:08:55.687+0000] {dagbag.py:545} INFO - Filling up the DagBag from /opt/airflow/dags/process_sales_dag.py
[2025-06-18T06:08:55.778+0000] {processor.py:840} INFO - DAG(s) 'process_sales' retrieved from /opt/airflow/dags/process_sales_dag.py
[2025-06-18T06:08:55.876+0000] {logging_mixin.py:188} INFO - [2025-06-18T06:08:55.876+0000] {dag.py:3096} INFO - Sync 1 DAGs
[2025-06-18T06:08:55.907+0000] {logging_mixin.py:188} INFO - [2025-06-18T06:08:55.906+0000] {dag.py:3954} INFO - Setting next_dagrun for process_sales to None, run_after=None
[2025-06-18T06:08:55.956+0000] {processor.py:183} INFO - Processing /opt/airflow/dags/process_sales_dag.py took 0.314 seconds
[2025-06-18T06:09:27.304+0000] {processor.py:161} INFO - Started process (PID=1961) to work on /opt/airflow/dags/process_sales_dag.py
[2025-06-18T06:09:27.308+0000] {processor.py:830} INFO - Processing file /opt/airflow/dags/process_sales_dag.py for tasks to queue
[2025-06-18T06:09:27.321+0000] {logging_mixin.py:188} INFO - [2025-06-18T06:09:27.320+0000] {dagbag.py:545} INFO - Filling up the DagBag from /opt/airflow/dags/process_sales_dag.py
[2025-06-18T06:09:27.419+0000] {processor.py:840} INFO - DAG(s) 'process_sales' retrieved from /opt/airflow/dags/process_sales_dag.py
[2025-06-18T06:09:27.507+0000] {logging_mixin.py:188} INFO - [2025-06-18T06:09:27.507+0000] {dag.py:3096} INFO - Sync 1 DAGs
[2025-06-18T06:09:27.536+0000] {logging_mixin.py:188} INFO - [2025-06-18T06:09:27.534+0000] {dag.py:3954} INFO - Setting next_dagrun for process_sales to None, run_after=None
[2025-06-18T06:09:27.582+0000] {processor.py:183} INFO - Processing /opt/airflow/dags/process_sales_dag.py took 0.302 seconds
[2025-06-18T06:09:58.073+0000] {processor.py:161} INFO - Started process (PID=1971) to work on /opt/airflow/dags/process_sales_dag.py
[2025-06-18T06:09:58.075+0000] {processor.py:830} INFO - Processing file /opt/airflow/dags/process_sales_dag.py for tasks to queue
[2025-06-18T06:09:58.080+0000] {logging_mixin.py:188} INFO - [2025-06-18T06:09:58.079+0000] {dagbag.py:545} INFO - Filling up the DagBag from /opt/airflow/dags/process_sales_dag.py
[2025-06-18T06:09:58.112+0000] {processor.py:840} INFO - DAG(s) 'process_sales' retrieved from /opt/airflow/dags/process_sales_dag.py
[2025-06-18T06:09:58.174+0000] {logging_mixin.py:188} INFO - [2025-06-18T06:09:58.174+0000] {dag.py:3096} INFO - Sync 1 DAGs
[2025-06-18T06:09:58.204+0000] {logging_mixin.py:188} INFO - [2025-06-18T06:09:58.204+0000] {dag.py:3954} INFO - Setting next_dagrun for process_sales to None, run_after=None
[2025-06-18T06:09:58.263+0000] {processor.py:183} INFO - Processing /opt/airflow/dags/process_sales_dag.py took 0.205 seconds
[2025-06-18T06:10:28.724+0000] {processor.py:161} INFO - Started process (PID=1981) to work on /opt/airflow/dags/process_sales_dag.py
[2025-06-18T06:10:28.740+0000] {processor.py:830} INFO - Processing file /opt/airflow/dags/process_sales_dag.py for tasks to queue
[2025-06-18T06:10:28.746+0000] {logging_mixin.py:188} INFO - [2025-06-18T06:10:28.745+0000] {dagbag.py:545} INFO - Filling up the DagBag from /opt/airflow/dags/process_sales_dag.py
[2025-06-18T06:10:28.792+0000] {processor.py:840} INFO - DAG(s) 'process_sales' retrieved from /opt/airflow/dags/process_sales_dag.py
[2025-06-18T06:10:28.849+0000] {logging_mixin.py:188} INFO - [2025-06-18T06:10:28.849+0000] {dag.py:3096} INFO - Sync 1 DAGs
[2025-06-18T06:10:28.880+0000] {logging_mixin.py:188} INFO - [2025-06-18T06:10:28.880+0000] {dag.py:3954} INFO - Setting next_dagrun for process_sales to None, run_after=None
[2025-06-18T06:10:28.921+0000] {processor.py:183} INFO - Processing /opt/airflow/dags/process_sales_dag.py took 0.219 seconds
[2025-06-18T06:10:59.253+0000] {processor.py:161} INFO - Started process (PID=1991) to work on /opt/airflow/dags/process_sales_dag.py
[2025-06-18T06:10:59.255+0000] {processor.py:830} INFO - Processing file /opt/airflow/dags/process_sales_dag.py for tasks to queue
[2025-06-18T06:10:59.259+0000] {logging_mixin.py:188} INFO - [2025-06-18T06:10:59.258+0000] {dagbag.py:545} INFO - Filling up the DagBag from /opt/airflow/dags/process_sales_dag.py
[2025-06-18T06:10:59.293+0000] {processor.py:840} INFO - DAG(s) 'process_sales' retrieved from /opt/airflow/dags/process_sales_dag.py
[2025-06-18T06:10:59.359+0000] {logging_mixin.py:188} INFO - [2025-06-18T06:10:59.359+0000] {dag.py:3096} INFO - Sync 1 DAGs
[2025-06-18T06:10:59.385+0000] {logging_mixin.py:188} INFO - [2025-06-18T06:10:59.385+0000] {dag.py:3954} INFO - Setting next_dagrun for process_sales to None, run_after=None
[2025-06-18T06:10:59.435+0000] {processor.py:183} INFO - Processing /opt/airflow/dags/process_sales_dag.py took 0.191 seconds
[2025-06-18T06:11:30.848+0000] {processor.py:161} INFO - Started process (PID=2001) to work on /opt/airflow/dags/process_sales_dag.py
[2025-06-18T06:11:30.857+0000] {processor.py:830} INFO - Processing file /opt/airflow/dags/process_sales_dag.py for tasks to queue
[2025-06-18T06:11:30.881+0000] {logging_mixin.py:188} INFO - [2025-06-18T06:11:30.880+0000] {dagbag.py:545} INFO - Filling up the DagBag from /opt/airflow/dags/process_sales_dag.py
[2025-06-18T06:11:31.049+0000] {processor.py:840} INFO - DAG(s) 'process_sales' retrieved from /opt/airflow/dags/process_sales_dag.py
[2025-06-18T06:11:31.148+0000] {logging_mixin.py:188} INFO - [2025-06-18T06:11:31.147+0000] {dag.py:3096} INFO - Sync 1 DAGs
[2025-06-18T06:11:31.198+0000] {logging_mixin.py:188} INFO - [2025-06-18T06:11:31.195+0000] {dag.py:3954} INFO - Setting next_dagrun for process_sales to None, run_after=None
[2025-06-18T06:11:31.275+0000] {processor.py:183} INFO - Processing /opt/airflow/dags/process_sales_dag.py took 0.491 seconds
[2025-06-18T06:12:02.053+0000] {processor.py:161} INFO - Started process (PID=2011) to work on /opt/airflow/dags/process_sales_dag.py
[2025-06-18T06:12:02.066+0000] {processor.py:830} INFO - Processing file /opt/airflow/dags/process_sales_dag.py for tasks to queue
[2025-06-18T06:12:02.082+0000] {logging_mixin.py:188} INFO - [2025-06-18T06:12:02.076+0000] {dagbag.py:545} INFO - Filling up the DagBag from /opt/airflow/dags/process_sales_dag.py
[2025-06-18T06:12:02.196+0000] {processor.py:840} INFO - DAG(s) 'process_sales' retrieved from /opt/airflow/dags/process_sales_dag.py
[2025-06-18T06:12:02.273+0000] {logging_mixin.py:188} INFO - [2025-06-18T06:12:02.272+0000] {dag.py:3096} INFO - Sync 1 DAGs
[2025-06-18T06:12:02.300+0000] {logging_mixin.py:188} INFO - [2025-06-18T06:12:02.299+0000] {dag.py:3954} INFO - Setting next_dagrun for process_sales to None, run_after=None
[2025-06-18T06:12:02.345+0000] {processor.py:183} INFO - Processing /opt/airflow/dags/process_sales_dag.py took 0.332 seconds
[2025-06-18T06:12:32.706+0000] {processor.py:161} INFO - Started process (PID=2021) to work on /opt/airflow/dags/process_sales_dag.py
[2025-06-18T06:12:32.707+0000] {processor.py:830} INFO - Processing file /opt/airflow/dags/process_sales_dag.py for tasks to queue
[2025-06-18T06:12:32.710+0000] {logging_mixin.py:188} INFO - [2025-06-18T06:12:32.709+0000] {dagbag.py:545} INFO - Filling up the DagBag from /opt/airflow/dags/process_sales_dag.py
[2025-06-18T06:12:32.734+0000] {processor.py:840} INFO - DAG(s) 'process_sales' retrieved from /opt/airflow/dags/process_sales_dag.py
[2025-06-18T06:12:32.780+0000] {logging_mixin.py:188} INFO - [2025-06-18T06:12:32.780+0000] {dag.py:3096} INFO - Sync 1 DAGs
[2025-06-18T06:12:32.802+0000] {logging_mixin.py:188} INFO - [2025-06-18T06:12:32.801+0000] {dag.py:3954} INFO - Setting next_dagrun for process_sales to None, run_after=None
[2025-06-18T06:12:32.864+0000] {processor.py:183} INFO - Processing /opt/airflow/dags/process_sales_dag.py took 0.171 seconds
[2025-06-18T06:13:03.461+0000] {processor.py:161} INFO - Started process (PID=2031) to work on /opt/airflow/dags/process_sales_dag.py
[2025-06-18T06:13:03.463+0000] {processor.py:830} INFO - Processing file /opt/airflow/dags/process_sales_dag.py for tasks to queue
[2025-06-18T06:13:03.467+0000] {logging_mixin.py:188} INFO - [2025-06-18T06:13:03.465+0000] {dagbag.py:545} INFO - Filling up the DagBag from /opt/airflow/dags/process_sales_dag.py
[2025-06-18T06:13:03.507+0000] {processor.py:840} INFO - DAG(s) 'process_sales' retrieved from /opt/airflow/dags/process_sales_dag.py
[2025-06-18T06:13:03.578+0000] {logging_mixin.py:188} INFO - [2025-06-18T06:13:03.577+0000] {dag.py:3096} INFO - Sync 1 DAGs
[2025-06-18T06:13:03.639+0000] {logging_mixin.py:188} INFO - [2025-06-18T06:13:03.639+0000] {dag.py:3954} INFO - Setting next_dagrun for process_sales to None, run_after=None
[2025-06-18T06:13:03.688+0000] {processor.py:183} INFO - Processing /opt/airflow/dags/process_sales_dag.py took 0.238 seconds
[2025-06-18T06:13:34.561+0000] {processor.py:161} INFO - Started process (PID=2041) to work on /opt/airflow/dags/process_sales_dag.py
[2025-06-18T06:13:34.564+0000] {processor.py:830} INFO - Processing file /opt/airflow/dags/process_sales_dag.py for tasks to queue
[2025-06-18T06:13:34.568+0000] {logging_mixin.py:188} INFO - [2025-06-18T06:13:34.567+0000] {dagbag.py:545} INFO - Filling up the DagBag from /opt/airflow/dags/process_sales_dag.py
[2025-06-18T06:13:34.597+0000] {processor.py:840} INFO - DAG(s) 'process_sales' retrieved from /opt/airflow/dags/process_sales_dag.py
[2025-06-18T06:13:34.648+0000] {logging_mixin.py:188} INFO - [2025-06-18T06:13:34.647+0000] {dag.py:3096} INFO - Sync 1 DAGs
[2025-06-18T06:13:34.680+0000] {logging_mixin.py:188} INFO - [2025-06-18T06:13:34.680+0000] {dag.py:3954} INFO - Setting next_dagrun for process_sales to None, run_after=None
[2025-06-18T06:13:34.728+0000] {processor.py:183} INFO - Processing /opt/airflow/dags/process_sales_dag.py took 0.187 seconds
[2025-06-18T06:14:05.598+0000] {processor.py:161} INFO - Started process (PID=2051) to work on /opt/airflow/dags/process_sales_dag.py
[2025-06-18T06:14:05.600+0000] {processor.py:830} INFO - Processing file /opt/airflow/dags/process_sales_dag.py for tasks to queue
[2025-06-18T06:14:05.603+0000] {logging_mixin.py:188} INFO - [2025-06-18T06:14:05.603+0000] {dagbag.py:545} INFO - Filling up the DagBag from /opt/airflow/dags/process_sales_dag.py
[2025-06-18T06:14:05.636+0000] {processor.py:840} INFO - DAG(s) 'process_sales' retrieved from /opt/airflow/dags/process_sales_dag.py
[2025-06-18T06:14:05.677+0000] {logging_mixin.py:188} INFO - [2025-06-18T06:14:05.677+0000] {dag.py:3096} INFO - Sync 1 DAGs
[2025-06-18T06:14:05.698+0000] {logging_mixin.py:188} INFO - [2025-06-18T06:14:05.697+0000] {dag.py:3954} INFO - Setting next_dagrun for process_sales to None, run_after=None
[2025-06-18T06:14:05.729+0000] {processor.py:183} INFO - Processing /opt/airflow/dags/process_sales_dag.py took 0.142 seconds
[2025-06-18T06:14:36.097+0000] {processor.py:161} INFO - Started process (PID=2061) to work on /opt/airflow/dags/process_sales_dag.py
[2025-06-18T06:14:36.099+0000] {processor.py:830} INFO - Processing file /opt/airflow/dags/process_sales_dag.py for tasks to queue
[2025-06-18T06:14:36.102+0000] {logging_mixin.py:188} INFO - [2025-06-18T06:14:36.102+0000] {dagbag.py:545} INFO - Filling up the DagBag from /opt/airflow/dags/process_sales_dag.py
[2025-06-18T06:14:36.145+0000] {processor.py:840} INFO - DAG(s) 'process_sales' retrieved from /opt/airflow/dags/process_sales_dag.py
[2025-06-18T06:14:36.201+0000] {logging_mixin.py:188} INFO - [2025-06-18T06:14:36.200+0000] {dag.py:3096} INFO - Sync 1 DAGs
[2025-06-18T06:14:36.217+0000] {logging_mixin.py:188} INFO - [2025-06-18T06:14:36.217+0000] {dag.py:3954} INFO - Setting next_dagrun for process_sales to None, run_after=None
[2025-06-18T06:14:36.260+0000] {processor.py:183} INFO - Processing /opt/airflow/dags/process_sales_dag.py took 0.175 seconds
[2025-06-18T06:15:07.531+0000] {processor.py:161} INFO - Started process (PID=2071) to work on /opt/airflow/dags/process_sales_dag.py
[2025-06-18T06:15:07.534+0000] {processor.py:830} INFO - Processing file /opt/airflow/dags/process_sales_dag.py for tasks to queue
[2025-06-18T06:15:07.538+0000] {logging_mixin.py:188} INFO - [2025-06-18T06:15:07.537+0000] {dagbag.py:545} INFO - Filling up the DagBag from /opt/airflow/dags/process_sales_dag.py
[2025-06-18T06:15:07.611+0000] {processor.py:840} INFO - DAG(s) 'process_sales' retrieved from /opt/airflow/dags/process_sales_dag.py
[2025-06-18T06:15:07.667+0000] {logging_mixin.py:188} INFO - [2025-06-18T06:15:07.667+0000] {dag.py:3096} INFO - Sync 1 DAGs
[2025-06-18T06:15:07.703+0000] {logging_mixin.py:188} INFO - [2025-06-18T06:15:07.698+0000] {dag.py:3954} INFO - Setting next_dagrun for process_sales to None, run_after=None
[2025-06-18T06:15:07.761+0000] {processor.py:183} INFO - Processing /opt/airflow/dags/process_sales_dag.py took 0.247 seconds
[2025-06-18T06:15:38.187+0000] {processor.py:161} INFO - Started process (PID=2081) to work on /opt/airflow/dags/process_sales_dag.py
[2025-06-18T06:15:38.190+0000] {processor.py:830} INFO - Processing file /opt/airflow/dags/process_sales_dag.py for tasks to queue
[2025-06-18T06:15:38.205+0000] {logging_mixin.py:188} INFO - [2025-06-18T06:15:38.204+0000] {dagbag.py:545} INFO - Filling up the DagBag from /opt/airflow/dags/process_sales_dag.py
[2025-06-18T06:15:38.267+0000] {processor.py:840} INFO - DAG(s) 'process_sales' retrieved from /opt/airflow/dags/process_sales_dag.py
[2025-06-18T06:15:38.337+0000] {logging_mixin.py:188} INFO - [2025-06-18T06:15:38.336+0000] {dag.py:3096} INFO - Sync 1 DAGs
[2025-06-18T06:15:38.361+0000] {logging_mixin.py:188} INFO - [2025-06-18T06:15:38.361+0000] {dag.py:3954} INFO - Setting next_dagrun for process_sales to None, run_after=None
[2025-06-18T06:15:38.406+0000] {processor.py:183} INFO - Processing /opt/airflow/dags/process_sales_dag.py took 0.237 seconds
[2025-06-18T06:16:09.232+0000] {processor.py:161} INFO - Started process (PID=2091) to work on /opt/airflow/dags/process_sales_dag.py
[2025-06-18T06:16:09.242+0000] {processor.py:830} INFO - Processing file /opt/airflow/dags/process_sales_dag.py for tasks to queue
[2025-06-18T06:16:09.268+0000] {logging_mixin.py:188} INFO - [2025-06-18T06:16:09.266+0000] {dagbag.py:545} INFO - Filling up the DagBag from /opt/airflow/dags/process_sales_dag.py
[2025-06-18T06:16:09.332+0000] {processor.py:840} INFO - DAG(s) 'process_sales' retrieved from /opt/airflow/dags/process_sales_dag.py
[2025-06-18T06:16:09.393+0000] {logging_mixin.py:188} INFO - [2025-06-18T06:16:09.392+0000] {dag.py:3096} INFO - Sync 1 DAGs
[2025-06-18T06:16:09.415+0000] {logging_mixin.py:188} INFO - [2025-06-18T06:16:09.415+0000] {dag.py:3954} INFO - Setting next_dagrun for process_sales to None, run_after=None
[2025-06-18T06:16:09.456+0000] {processor.py:183} INFO - Processing /opt/airflow/dags/process_sales_dag.py took 0.247 seconds
[2025-06-18T06:16:39.863+0000] {processor.py:161} INFO - Started process (PID=2101) to work on /opt/airflow/dags/process_sales_dag.py
[2025-06-18T06:16:39.865+0000] {processor.py:830} INFO - Processing file /opt/airflow/dags/process_sales_dag.py for tasks to queue
[2025-06-18T06:16:39.870+0000] {logging_mixin.py:188} INFO - [2025-06-18T06:16:39.869+0000] {dagbag.py:545} INFO - Filling up the DagBag from /opt/airflow/dags/process_sales_dag.py
[2025-06-18T06:16:39.922+0000] {processor.py:840} INFO - DAG(s) 'process_sales' retrieved from /opt/airflow/dags/process_sales_dag.py
[2025-06-18T06:16:40.005+0000] {logging_mixin.py:188} INFO - [2025-06-18T06:16:40.004+0000] {dag.py:3096} INFO - Sync 1 DAGs
[2025-06-18T06:16:40.039+0000] {logging_mixin.py:188} INFO - [2025-06-18T06:16:40.039+0000] {dag.py:3954} INFO - Setting next_dagrun for process_sales to None, run_after=None
[2025-06-18T06:16:40.094+0000] {processor.py:183} INFO - Processing /opt/airflow/dags/process_sales_dag.py took 0.248 seconds
[2025-06-18T06:17:10.632+0000] {processor.py:161} INFO - Started process (PID=2111) to work on /opt/airflow/dags/process_sales_dag.py
[2025-06-18T06:17:10.637+0000] {processor.py:830} INFO - Processing file /opt/airflow/dags/process_sales_dag.py for tasks to queue
[2025-06-18T06:17:10.643+0000] {logging_mixin.py:188} INFO - [2025-06-18T06:17:10.642+0000] {dagbag.py:545} INFO - Filling up the DagBag from /opt/airflow/dags/process_sales_dag.py
[2025-06-18T06:17:10.690+0000] {processor.py:840} INFO - DAG(s) 'process_sales' retrieved from /opt/airflow/dags/process_sales_dag.py
[2025-06-18T06:17:10.746+0000] {logging_mixin.py:188} INFO - [2025-06-18T06:17:10.746+0000] {dag.py:3096} INFO - Sync 1 DAGs
[2025-06-18T06:17:10.777+0000] {logging_mixin.py:188} INFO - [2025-06-18T06:17:10.777+0000] {dag.py:3954} INFO - Setting next_dagrun for process_sales to None, run_after=None
[2025-06-18T06:17:10.825+0000] {processor.py:183} INFO - Processing /opt/airflow/dags/process_sales_dag.py took 0.219 seconds
[2025-06-18T06:17:41.848+0000] {processor.py:161} INFO - Started process (PID=2121) to work on /opt/airflow/dags/process_sales_dag.py
[2025-06-18T06:17:41.854+0000] {processor.py:830} INFO - Processing file /opt/airflow/dags/process_sales_dag.py for tasks to queue
[2025-06-18T06:17:41.883+0000] {logging_mixin.py:188} INFO - [2025-06-18T06:17:41.882+0000] {dagbag.py:545} INFO - Filling up the DagBag from /opt/airflow/dags/process_sales_dag.py
[2025-06-18T06:17:41.969+0000] {processor.py:840} INFO - DAG(s) 'process_sales' retrieved from /opt/airflow/dags/process_sales_dag.py
[2025-06-18T06:17:42.062+0000] {logging_mixin.py:188} INFO - [2025-06-18T06:17:42.061+0000] {dag.py:3096} INFO - Sync 1 DAGs
[2025-06-18T06:17:42.099+0000] {logging_mixin.py:188} INFO - [2025-06-18T06:17:42.098+0000] {dag.py:3954} INFO - Setting next_dagrun for process_sales to None, run_after=None
[2025-06-18T06:17:42.142+0000] {processor.py:183} INFO - Processing /opt/airflow/dags/process_sales_dag.py took 0.333 seconds
[2025-06-18T06:18:12.746+0000] {processor.py:161} INFO - Started process (PID=2131) to work on /opt/airflow/dags/process_sales_dag.py
[2025-06-18T06:18:12.748+0000] {processor.py:830} INFO - Processing file /opt/airflow/dags/process_sales_dag.py for tasks to queue
[2025-06-18T06:18:12.752+0000] {logging_mixin.py:188} INFO - [2025-06-18T06:18:12.751+0000] {dagbag.py:545} INFO - Filling up the DagBag from /opt/airflow/dags/process_sales_dag.py
[2025-06-18T06:18:12.790+0000] {processor.py:840} INFO - DAG(s) 'process_sales' retrieved from /opt/airflow/dags/process_sales_dag.py
[2025-06-18T06:18:12.851+0000] {logging_mixin.py:188} INFO - [2025-06-18T06:18:12.851+0000] {dag.py:3096} INFO - Sync 1 DAGs
[2025-06-18T06:18:12.886+0000] {logging_mixin.py:188} INFO - [2025-06-18T06:18:12.886+0000] {dag.py:3954} INFO - Setting next_dagrun for process_sales to None, run_after=None
[2025-06-18T06:18:12.934+0000] {processor.py:183} INFO - Processing /opt/airflow/dags/process_sales_dag.py took 0.198 seconds
[2025-06-18T06:18:43.248+0000] {processor.py:161} INFO - Started process (PID=2141) to work on /opt/airflow/dags/process_sales_dag.py
[2025-06-18T06:18:43.249+0000] {processor.py:830} INFO - Processing file /opt/airflow/dags/process_sales_dag.py for tasks to queue
[2025-06-18T06:18:43.254+0000] {logging_mixin.py:188} INFO - [2025-06-18T06:18:43.253+0000] {dagbag.py:545} INFO - Filling up the DagBag from /opt/airflow/dags/process_sales_dag.py
[2025-06-18T06:18:43.305+0000] {processor.py:840} INFO - DAG(s) 'process_sales' retrieved from /opt/airflow/dags/process_sales_dag.py
[2025-06-18T06:18:43.349+0000] {logging_mixin.py:188} INFO - [2025-06-18T06:18:43.349+0000] {dag.py:3096} INFO - Sync 1 DAGs
[2025-06-18T06:18:43.370+0000] {logging_mixin.py:188} INFO - [2025-06-18T06:18:43.369+0000] {dag.py:3954} INFO - Setting next_dagrun for process_sales to None, run_after=None
[2025-06-18T06:18:43.401+0000] {processor.py:183} INFO - Processing /opt/airflow/dags/process_sales_dag.py took 0.164 seconds
[2025-06-18T06:19:14.061+0000] {processor.py:161} INFO - Started process (PID=2151) to work on /opt/airflow/dags/process_sales_dag.py
[2025-06-18T06:19:14.069+0000] {processor.py:830} INFO - Processing file /opt/airflow/dags/process_sales_dag.py for tasks to queue
[2025-06-18T06:19:14.078+0000] {logging_mixin.py:188} INFO - [2025-06-18T06:19:14.077+0000] {dagbag.py:545} INFO - Filling up the DagBag from /opt/airflow/dags/process_sales_dag.py
[2025-06-18T06:19:14.160+0000] {processor.py:840} INFO - DAG(s) 'process_sales' retrieved from /opt/airflow/dags/process_sales_dag.py
[2025-06-18T06:19:14.221+0000] {logging_mixin.py:188} INFO - [2025-06-18T06:19:14.221+0000] {dag.py:3096} INFO - Sync 1 DAGs
[2025-06-18T06:19:14.249+0000] {logging_mixin.py:188} INFO - [2025-06-18T06:19:14.249+0000] {dag.py:3954} INFO - Setting next_dagrun for process_sales to None, run_after=None
[2025-06-18T06:19:14.294+0000] {processor.py:183} INFO - Processing /opt/airflow/dags/process_sales_dag.py took 0.260 seconds
[2025-06-18T06:19:44.684+0000] {processor.py:161} INFO - Started process (PID=2161) to work on /opt/airflow/dags/process_sales_dag.py
[2025-06-18T06:19:44.686+0000] {processor.py:830} INFO - Processing file /opt/airflow/dags/process_sales_dag.py for tasks to queue
[2025-06-18T06:19:44.690+0000] {logging_mixin.py:188} INFO - [2025-06-18T06:19:44.690+0000] {dagbag.py:545} INFO - Filling up the DagBag from /opt/airflow/dags/process_sales_dag.py
[2025-06-18T06:19:44.770+0000] {processor.py:840} INFO - DAG(s) 'process_sales' retrieved from /opt/airflow/dags/process_sales_dag.py
[2025-06-18T06:19:44.959+0000] {logging_mixin.py:188} INFO - [2025-06-18T06:19:44.958+0000] {dag.py:3096} INFO - Sync 1 DAGs
[2025-06-18T06:19:44.981+0000] {logging_mixin.py:188} INFO - [2025-06-18T06:19:44.980+0000] {dag.py:3954} INFO - Setting next_dagrun for process_sales to None, run_after=None
[2025-06-18T06:19:45.027+0000] {processor.py:183} INFO - Processing /opt/airflow/dags/process_sales_dag.py took 0.358 seconds
[2025-06-18T06:20:15.517+0000] {processor.py:161} INFO - Started process (PID=2171) to work on /opt/airflow/dags/process_sales_dag.py
[2025-06-18T06:20:15.521+0000] {processor.py:830} INFO - Processing file /opt/airflow/dags/process_sales_dag.py for tasks to queue
[2025-06-18T06:20:15.526+0000] {logging_mixin.py:188} INFO - [2025-06-18T06:20:15.525+0000] {dagbag.py:545} INFO - Filling up the DagBag from /opt/airflow/dags/process_sales_dag.py
[2025-06-18T06:20:15.561+0000] {processor.py:840} INFO - DAG(s) 'process_sales' retrieved from /opt/airflow/dags/process_sales_dag.py
[2025-06-18T06:20:15.610+0000] {logging_mixin.py:188} INFO - [2025-06-18T06:20:15.609+0000] {dag.py:3096} INFO - Sync 1 DAGs
[2025-06-18T06:20:15.628+0000] {logging_mixin.py:188} INFO - [2025-06-18T06:20:15.628+0000] {dag.py:3954} INFO - Setting next_dagrun for process_sales to None, run_after=None
[2025-06-18T06:20:15.663+0000] {processor.py:183} INFO - Processing /opt/airflow/dags/process_sales_dag.py took 0.157 seconds
[2025-06-18T06:20:45.929+0000] {processor.py:161} INFO - Started process (PID=2181) to work on /opt/airflow/dags/process_sales_dag.py
[2025-06-18T06:20:45.931+0000] {processor.py:830} INFO - Processing file /opt/airflow/dags/process_sales_dag.py for tasks to queue
[2025-06-18T06:20:45.936+0000] {logging_mixin.py:188} INFO - [2025-06-18T06:20:45.935+0000] {dagbag.py:545} INFO - Filling up the DagBag from /opt/airflow/dags/process_sales_dag.py
[2025-06-18T06:20:45.993+0000] {processor.py:840} INFO - DAG(s) 'process_sales' retrieved from /opt/airflow/dags/process_sales_dag.py
[2025-06-18T06:20:46.108+0000] {logging_mixin.py:188} INFO - [2025-06-18T06:20:46.107+0000] {dag.py:3096} INFO - Sync 1 DAGs
[2025-06-18T06:20:46.162+0000] {logging_mixin.py:188} INFO - [2025-06-18T06:20:46.161+0000] {dag.py:3954} INFO - Setting next_dagrun for process_sales to None, run_after=None
[2025-06-18T06:20:46.239+0000] {processor.py:183} INFO - Processing /opt/airflow/dags/process_sales_dag.py took 0.327 seconds
[2025-06-18T06:21:16.753+0000] {processor.py:161} INFO - Started process (PID=2191) to work on /opt/airflow/dags/process_sales_dag.py
[2025-06-18T06:21:16.756+0000] {processor.py:830} INFO - Processing file /opt/airflow/dags/process_sales_dag.py for tasks to queue
[2025-06-18T06:21:16.760+0000] {logging_mixin.py:188} INFO - [2025-06-18T06:21:16.759+0000] {dagbag.py:545} INFO - Filling up the DagBag from /opt/airflow/dags/process_sales_dag.py
[2025-06-18T06:21:16.810+0000] {processor.py:840} INFO - DAG(s) 'process_sales' retrieved from /opt/airflow/dags/process_sales_dag.py
[2025-06-18T06:21:16.860+0000] {logging_mixin.py:188} INFO - [2025-06-18T06:21:16.860+0000] {dag.py:3096} INFO - Sync 1 DAGs
[2025-06-18T06:21:16.879+0000] {logging_mixin.py:188} INFO - [2025-06-18T06:21:16.879+0000] {dag.py:3954} INFO - Setting next_dagrun for process_sales to None, run_after=None
[2025-06-18T06:21:16.924+0000] {processor.py:183} INFO - Processing /opt/airflow/dags/process_sales_dag.py took 0.190 seconds
[2025-06-18T06:21:47.080+0000] {processor.py:161} INFO - Started process (PID=2201) to work on /opt/airflow/dags/process_sales_dag.py
[2025-06-18T06:21:47.083+0000] {processor.py:830} INFO - Processing file /opt/airflow/dags/process_sales_dag.py for tasks to queue
[2025-06-18T06:21:47.087+0000] {logging_mixin.py:188} INFO - [2025-06-18T06:21:47.087+0000] {dagbag.py:545} INFO - Filling up the DagBag from /opt/airflow/dags/process_sales_dag.py
[2025-06-18T06:21:47.129+0000] {processor.py:840} INFO - DAG(s) 'process_sales' retrieved from /opt/airflow/dags/process_sales_dag.py
[2025-06-18T06:21:47.179+0000] {logging_mixin.py:188} INFO - [2025-06-18T06:21:47.179+0000] {dag.py:3096} INFO - Sync 1 DAGs
[2025-06-18T06:21:47.204+0000] {logging_mixin.py:188} INFO - [2025-06-18T06:21:47.204+0000] {dag.py:3954} INFO - Setting next_dagrun for process_sales to None, run_after=None
[2025-06-18T06:21:47.242+0000] {processor.py:183} INFO - Processing /opt/airflow/dags/process_sales_dag.py took 0.177 seconds
[2025-06-18T06:22:17.455+0000] {processor.py:161} INFO - Started process (PID=2211) to work on /opt/airflow/dags/process_sales_dag.py
[2025-06-18T06:22:17.459+0000] {processor.py:830} INFO - Processing file /opt/airflow/dags/process_sales_dag.py for tasks to queue
[2025-06-18T06:22:17.463+0000] {logging_mixin.py:188} INFO - [2025-06-18T06:22:17.463+0000] {dagbag.py:545} INFO - Filling up the DagBag from /opt/airflow/dags/process_sales_dag.py
[2025-06-18T06:22:17.514+0000] {processor.py:840} INFO - DAG(s) 'process_sales' retrieved from /opt/airflow/dags/process_sales_dag.py
[2025-06-18T06:22:17.598+0000] {logging_mixin.py:188} INFO - [2025-06-18T06:22:17.598+0000] {dag.py:3096} INFO - Sync 1 DAGs
[2025-06-18T06:22:17.633+0000] {logging_mixin.py:188} INFO - [2025-06-18T06:22:17.632+0000] {dag.py:3954} INFO - Setting next_dagrun for process_sales to None, run_after=None
[2025-06-18T06:22:17.710+0000] {processor.py:183} INFO - Processing /opt/airflow/dags/process_sales_dag.py took 0.268 seconds
[2025-06-18T06:22:48.503+0000] {processor.py:161} INFO - Started process (PID=2221) to work on /opt/airflow/dags/process_sales_dag.py
[2025-06-18T06:22:48.506+0000] {processor.py:830} INFO - Processing file /opt/airflow/dags/process_sales_dag.py for tasks to queue
[2025-06-18T06:22:48.512+0000] {logging_mixin.py:188} INFO - [2025-06-18T06:22:48.511+0000] {dagbag.py:545} INFO - Filling up the DagBag from /opt/airflow/dags/process_sales_dag.py
[2025-06-18T06:22:48.567+0000] {processor.py:840} INFO - DAG(s) 'process_sales' retrieved from /opt/airflow/dags/process_sales_dag.py
[2025-06-18T06:22:48.646+0000] {logging_mixin.py:188} INFO - [2025-06-18T06:22:48.645+0000] {dag.py:3096} INFO - Sync 1 DAGs
[2025-06-18T06:22:48.711+0000] {logging_mixin.py:188} INFO - [2025-06-18T06:22:48.711+0000] {dag.py:3954} INFO - Setting next_dagrun for process_sales to None, run_after=None
[2025-06-18T06:22:48.791+0000] {processor.py:183} INFO - Processing /opt/airflow/dags/process_sales_dag.py took 0.319 seconds
[2025-06-18T06:23:19.614+0000] {processor.py:161} INFO - Started process (PID=2231) to work on /opt/airflow/dags/process_sales_dag.py
[2025-06-18T06:23:19.638+0000] {processor.py:830} INFO - Processing file /opt/airflow/dags/process_sales_dag.py for tasks to queue
[2025-06-18T06:23:19.720+0000] {logging_mixin.py:188} INFO - [2025-06-18T06:23:19.702+0000] {dagbag.py:545} INFO - Filling up the DagBag from /opt/airflow/dags/process_sales_dag.py
[2025-06-18T06:23:20.213+0000] {processor.py:840} INFO - DAG(s) 'process_sales' retrieved from /opt/airflow/dags/process_sales_dag.py
[2025-06-18T06:23:20.459+0000] {logging_mixin.py:188} INFO - [2025-06-18T06:23:20.458+0000] {dag.py:3096} INFO - Sync 1 DAGs
[2025-06-18T06:23:20.479+0000] {logging_mixin.py:188} INFO - [2025-06-18T06:23:20.479+0000] {dag.py:3954} INFO - Setting next_dagrun for process_sales to None, run_after=None
[2025-06-18T06:23:20.529+0000] {processor.py:183} INFO - Processing /opt/airflow/dags/process_sales_dag.py took 0.999 seconds
[2025-06-18T06:23:51.028+0000] {processor.py:161} INFO - Started process (PID=2241) to work on /opt/airflow/dags/process_sales_dag.py
[2025-06-18T06:23:51.030+0000] {processor.py:830} INFO - Processing file /opt/airflow/dags/process_sales_dag.py for tasks to queue
[2025-06-18T06:23:51.033+0000] {logging_mixin.py:188} INFO - [2025-06-18T06:23:51.032+0000] {dagbag.py:545} INFO - Filling up the DagBag from /opt/airflow/dags/process_sales_dag.py
[2025-06-18T06:23:51.068+0000] {processor.py:840} INFO - DAG(s) 'process_sales' retrieved from /opt/airflow/dags/process_sales_dag.py
[2025-06-18T06:23:51.117+0000] {logging_mixin.py:188} INFO - [2025-06-18T06:23:51.117+0000] {dag.py:3096} INFO - Sync 1 DAGs
[2025-06-18T06:23:51.141+0000] {logging_mixin.py:188} INFO - [2025-06-18T06:23:51.140+0000] {dag.py:3954} INFO - Setting next_dagrun for process_sales to None, run_after=None
[2025-06-18T06:23:51.201+0000] {processor.py:183} INFO - Processing /opt/airflow/dags/process_sales_dag.py took 0.183 seconds
[2025-06-18T06:24:21.698+0000] {processor.py:161} INFO - Started process (PID=2251) to work on /opt/airflow/dags/process_sales_dag.py
[2025-06-18T06:24:21.700+0000] {processor.py:830} INFO - Processing file /opt/airflow/dags/process_sales_dag.py for tasks to queue
[2025-06-18T06:24:21.705+0000] {logging_mixin.py:188} INFO - [2025-06-18T06:24:21.704+0000] {dagbag.py:545} INFO - Filling up the DagBag from /opt/airflow/dags/process_sales_dag.py
[2025-06-18T06:24:21.742+0000] {processor.py:840} INFO - DAG(s) 'process_sales' retrieved from /opt/airflow/dags/process_sales_dag.py
[2025-06-18T06:24:21.793+0000] {logging_mixin.py:188} INFO - [2025-06-18T06:24:21.793+0000] {dag.py:3096} INFO - Sync 1 DAGs
[2025-06-18T06:24:21.823+0000] {logging_mixin.py:188} INFO - [2025-06-18T06:24:21.822+0000] {dag.py:3954} INFO - Setting next_dagrun for process_sales to None, run_after=None
[2025-06-18T06:24:21.888+0000] {processor.py:183} INFO - Processing /opt/airflow/dags/process_sales_dag.py took 0.212 seconds
[2025-06-18T06:24:52.675+0000] {processor.py:161} INFO - Started process (PID=2261) to work on /opt/airflow/dags/process_sales_dag.py
[2025-06-18T06:24:52.677+0000] {processor.py:830} INFO - Processing file /opt/airflow/dags/process_sales_dag.py for tasks to queue
[2025-06-18T06:24:52.681+0000] {logging_mixin.py:188} INFO - [2025-06-18T06:24:52.680+0000] {dagbag.py:545} INFO - Filling up the DagBag from /opt/airflow/dags/process_sales_dag.py
[2025-06-18T06:24:52.708+0000] {processor.py:840} INFO - DAG(s) 'process_sales' retrieved from /opt/airflow/dags/process_sales_dag.py
[2025-06-18T06:24:52.769+0000] {logging_mixin.py:188} INFO - [2025-06-18T06:24:52.768+0000] {dag.py:3096} INFO - Sync 1 DAGs
[2025-06-18T06:24:52.793+0000] {logging_mixin.py:188} INFO - [2025-06-18T06:24:52.793+0000] {dag.py:3954} INFO - Setting next_dagrun for process_sales to None, run_after=None
[2025-06-18T06:24:52.842+0000] {processor.py:183} INFO - Processing /opt/airflow/dags/process_sales_dag.py took 0.177 seconds
[2025-06-18T06:25:22.934+0000] {processor.py:161} INFO - Started process (PID=2271) to work on /opt/airflow/dags/process_sales_dag.py
[2025-06-18T06:25:22.935+0000] {processor.py:830} INFO - Processing file /opt/airflow/dags/process_sales_dag.py for tasks to queue
[2025-06-18T06:25:22.939+0000] {logging_mixin.py:188} INFO - [2025-06-18T06:25:22.938+0000] {dagbag.py:545} INFO - Filling up the DagBag from /opt/airflow/dags/process_sales_dag.py
[2025-06-18T06:25:22.977+0000] {processor.py:840} INFO - DAG(s) 'process_sales' retrieved from /opt/airflow/dags/process_sales_dag.py
[2025-06-18T06:25:23.021+0000] {logging_mixin.py:188} INFO - [2025-06-18T06:25:23.021+0000] {dag.py:3096} INFO - Sync 1 DAGs
[2025-06-18T06:25:23.044+0000] {logging_mixin.py:188} INFO - [2025-06-18T06:25:23.044+0000] {dag.py:3954} INFO - Setting next_dagrun for process_sales to None, run_after=None
[2025-06-18T06:25:23.088+0000] {processor.py:183} INFO - Processing /opt/airflow/dags/process_sales_dag.py took 0.167 seconds
[2025-06-18T06:25:53.208+0000] {processor.py:161} INFO - Started process (PID=2281) to work on /opt/airflow/dags/process_sales_dag.py
[2025-06-18T06:25:53.210+0000] {processor.py:830} INFO - Processing file /opt/airflow/dags/process_sales_dag.py for tasks to queue
[2025-06-18T06:25:53.214+0000] {logging_mixin.py:188} INFO - [2025-06-18T06:25:53.213+0000] {dagbag.py:545} INFO - Filling up the DagBag from /opt/airflow/dags/process_sales_dag.py
[2025-06-18T06:25:53.273+0000] {processor.py:840} INFO - DAG(s) 'process_sales' retrieved from /opt/airflow/dags/process_sales_dag.py
[2025-06-18T06:25:53.360+0000] {logging_mixin.py:188} INFO - [2025-06-18T06:25:53.360+0000] {dag.py:3096} INFO - Sync 1 DAGs
[2025-06-18T06:25:53.401+0000] {logging_mixin.py:188} INFO - [2025-06-18T06:25:53.401+0000] {dag.py:3954} INFO - Setting next_dagrun for process_sales to None, run_after=None
[2025-06-18T06:25:53.476+0000] {processor.py:183} INFO - Processing /opt/airflow/dags/process_sales_dag.py took 0.281 seconds
[2025-06-18T06:26:23.701+0000] {processor.py:161} INFO - Started process (PID=2293) to work on /opt/airflow/dags/process_sales_dag.py
[2025-06-18T06:26:23.703+0000] {processor.py:830} INFO - Processing file /opt/airflow/dags/process_sales_dag.py for tasks to queue
[2025-06-18T06:26:23.706+0000] {logging_mixin.py:188} INFO - [2025-06-18T06:26:23.705+0000] {dagbag.py:545} INFO - Filling up the DagBag from /opt/airflow/dags/process_sales_dag.py
[2025-06-18T06:26:23.732+0000] {processor.py:840} INFO - DAG(s) 'process_sales' retrieved from /opt/airflow/dags/process_sales_dag.py
[2025-06-18T06:26:23.771+0000] {logging_mixin.py:188} INFO - [2025-06-18T06:26:23.771+0000] {dag.py:3096} INFO - Sync 1 DAGs
[2025-06-18T06:26:23.789+0000] {logging_mixin.py:188} INFO - [2025-06-18T06:26:23.788+0000] {dag.py:3954} INFO - Setting next_dagrun for process_sales to None, run_after=None
[2025-06-18T06:26:23.819+0000] {processor.py:183} INFO - Processing /opt/airflow/dags/process_sales_dag.py took 0.128 seconds
[2025-06-18T06:26:54.483+0000] {processor.py:161} INFO - Started process (PID=2301) to work on /opt/airflow/dags/process_sales_dag.py
[2025-06-18T06:26:54.487+0000] {processor.py:830} INFO - Processing file /opt/airflow/dags/process_sales_dag.py for tasks to queue
[2025-06-18T06:26:54.494+0000] {logging_mixin.py:188} INFO - [2025-06-18T06:26:54.492+0000] {dagbag.py:545} INFO - Filling up the DagBag from /opt/airflow/dags/process_sales_dag.py
[2025-06-18T06:26:54.536+0000] {processor.py:840} INFO - DAG(s) 'process_sales' retrieved from /opt/airflow/dags/process_sales_dag.py
[2025-06-18T06:26:54.585+0000] {logging_mixin.py:188} INFO - [2025-06-18T06:26:54.585+0000] {dag.py:3096} INFO - Sync 1 DAGs
[2025-06-18T06:26:54.612+0000] {logging_mixin.py:188} INFO - [2025-06-18T06:26:54.612+0000] {dag.py:3954} INFO - Setting next_dagrun for process_sales to None, run_after=None
[2025-06-18T06:26:54.681+0000] {processor.py:183} INFO - Processing /opt/airflow/dags/process_sales_dag.py took 0.224 seconds
[2025-06-18T06:27:24.922+0000] {processor.py:161} INFO - Started process (PID=2311) to work on /opt/airflow/dags/process_sales_dag.py
[2025-06-18T06:27:24.925+0000] {processor.py:830} INFO - Processing file /opt/airflow/dags/process_sales_dag.py for tasks to queue
[2025-06-18T06:27:24.934+0000] {logging_mixin.py:188} INFO - [2025-06-18T06:27:24.932+0000] {dagbag.py:545} INFO - Filling up the DagBag from /opt/airflow/dags/process_sales_dag.py
[2025-06-18T06:27:24.991+0000] {processor.py:840} INFO - DAG(s) 'process_sales' retrieved from /opt/airflow/dags/process_sales_dag.py
[2025-06-18T06:27:25.076+0000] {logging_mixin.py:188} INFO - [2025-06-18T06:27:25.076+0000] {dag.py:3096} INFO - Sync 1 DAGs
[2025-06-18T06:27:25.112+0000] {logging_mixin.py:188} INFO - [2025-06-18T06:27:25.112+0000] {dag.py:3954} INFO - Setting next_dagrun for process_sales to None, run_after=None
[2025-06-18T06:27:25.183+0000] {processor.py:183} INFO - Processing /opt/airflow/dags/process_sales_dag.py took 0.289 seconds
[2025-06-18T06:27:55.963+0000] {processor.py:161} INFO - Started process (PID=2321) to work on /opt/airflow/dags/process_sales_dag.py
[2025-06-18T06:27:55.967+0000] {processor.py:830} INFO - Processing file /opt/airflow/dags/process_sales_dag.py for tasks to queue
[2025-06-18T06:27:55.972+0000] {logging_mixin.py:188} INFO - [2025-06-18T06:27:55.972+0000] {dagbag.py:545} INFO - Filling up the DagBag from /opt/airflow/dags/process_sales_dag.py
[2025-06-18T06:27:56.023+0000] {processor.py:840} INFO - DAG(s) 'process_sales' retrieved from /opt/airflow/dags/process_sales_dag.py
[2025-06-18T06:27:56.102+0000] {logging_mixin.py:188} INFO - [2025-06-18T06:27:56.101+0000] {dag.py:3096} INFO - Sync 1 DAGs
[2025-06-18T06:27:56.150+0000] {logging_mixin.py:188} INFO - [2025-06-18T06:27:56.149+0000] {dag.py:3954} INFO - Setting next_dagrun for process_sales to None, run_after=None
[2025-06-18T06:27:56.417+0000] {processor.py:183} INFO - Processing /opt/airflow/dags/process_sales_dag.py took 0.474 seconds
[2025-06-18T06:28:27.349+0000] {processor.py:161} INFO - Started process (PID=2331) to work on /opt/airflow/dags/process_sales_dag.py
[2025-06-18T06:28:27.352+0000] {processor.py:830} INFO - Processing file /opt/airflow/dags/process_sales_dag.py for tasks to queue
[2025-06-18T06:28:27.356+0000] {logging_mixin.py:188} INFO - [2025-06-18T06:28:27.355+0000] {dagbag.py:545} INFO - Filling up the DagBag from /opt/airflow/dags/process_sales_dag.py
[2025-06-18T06:28:27.419+0000] {processor.py:840} INFO - DAG(s) 'process_sales' retrieved from /opt/airflow/dags/process_sales_dag.py
[2025-06-18T06:28:27.500+0000] {logging_mixin.py:188} INFO - [2025-06-18T06:28:27.499+0000] {dag.py:3096} INFO - Sync 1 DAGs
[2025-06-18T06:28:27.641+0000] {logging_mixin.py:188} INFO - [2025-06-18T06:28:27.635+0000] {dag.py:3954} INFO - Setting next_dagrun for process_sales to None, run_after=None
[2025-06-18T06:28:28.317+0000] {processor.py:183} INFO - Processing /opt/airflow/dags/process_sales_dag.py took 0.982 seconds
[2025-06-18T06:28:58.666+0000] {processor.py:161} INFO - Started process (PID=2341) to work on /opt/airflow/dags/process_sales_dag.py
[2025-06-18T06:28:58.669+0000] {processor.py:830} INFO - Processing file /opt/airflow/dags/process_sales_dag.py for tasks to queue
[2025-06-18T06:28:58.672+0000] {logging_mixin.py:188} INFO - [2025-06-18T06:28:58.671+0000] {dagbag.py:545} INFO - Filling up the DagBag from /opt/airflow/dags/process_sales_dag.py
[2025-06-18T06:28:58.729+0000] {processor.py:840} INFO - DAG(s) 'process_sales' retrieved from /opt/airflow/dags/process_sales_dag.py
[2025-06-18T06:28:58.789+0000] {logging_mixin.py:188} INFO - [2025-06-18T06:28:58.789+0000] {dag.py:3096} INFO - Sync 1 DAGs
[2025-06-18T06:28:58.815+0000] {logging_mixin.py:188} INFO - [2025-06-18T06:28:58.814+0000] {dag.py:3954} INFO - Setting next_dagrun for process_sales to None, run_after=None
[2025-06-18T06:28:58.870+0000] {processor.py:183} INFO - Processing /opt/airflow/dags/process_sales_dag.py took 0.219 seconds
[2025-06-18T06:29:29.279+0000] {processor.py:161} INFO - Started process (PID=2351) to work on /opt/airflow/dags/process_sales_dag.py
[2025-06-18T06:29:29.281+0000] {processor.py:830} INFO - Processing file /opt/airflow/dags/process_sales_dag.py for tasks to queue
[2025-06-18T06:29:29.284+0000] {logging_mixin.py:188} INFO - [2025-06-18T06:29:29.284+0000] {dagbag.py:545} INFO - Filling up the DagBag from /opt/airflow/dags/process_sales_dag.py
[2025-06-18T06:29:29.318+0000] {processor.py:840} INFO - DAG(s) 'process_sales' retrieved from /opt/airflow/dags/process_sales_dag.py
[2025-06-18T06:29:29.412+0000] {logging_mixin.py:188} INFO - [2025-06-18T06:29:29.411+0000] {dag.py:3096} INFO - Sync 1 DAGs
[2025-06-18T06:29:29.448+0000] {logging_mixin.py:188} INFO - [2025-06-18T06:29:29.447+0000] {dag.py:3954} INFO - Setting next_dagrun for process_sales to None, run_after=None
[2025-06-18T06:29:29.506+0000] {processor.py:183} INFO - Processing /opt/airflow/dags/process_sales_dag.py took 0.239 seconds
[2025-06-18T06:30:00.231+0000] {processor.py:161} INFO - Started process (PID=2361) to work on /opt/airflow/dags/process_sales_dag.py
[2025-06-18T06:30:00.243+0000] {processor.py:830} INFO - Processing file /opt/airflow/dags/process_sales_dag.py for tasks to queue
[2025-06-18T06:30:00.263+0000] {logging_mixin.py:188} INFO - [2025-06-18T06:30:00.262+0000] {dagbag.py:545} INFO - Filling up the DagBag from /opt/airflow/dags/process_sales_dag.py
[2025-06-18T06:30:00.375+0000] {processor.py:840} INFO - DAG(s) 'process_sales' retrieved from /opt/airflow/dags/process_sales_dag.py
[2025-06-18T06:30:00.474+0000] {logging_mixin.py:188} INFO - [2025-06-18T06:30:00.473+0000] {dag.py:3096} INFO - Sync 1 DAGs
[2025-06-18T06:30:00.505+0000] {logging_mixin.py:188} INFO - [2025-06-18T06:30:00.505+0000] {dag.py:3954} INFO - Setting next_dagrun for process_sales to None, run_after=None
[2025-06-18T06:30:00.550+0000] {processor.py:183} INFO - Processing /opt/airflow/dags/process_sales_dag.py took 0.350 seconds
[2025-06-18T06:30:31.383+0000] {processor.py:161} INFO - Started process (PID=2371) to work on /opt/airflow/dags/process_sales_dag.py
[2025-06-18T06:30:31.387+0000] {processor.py:830} INFO - Processing file /opt/airflow/dags/process_sales_dag.py for tasks to queue
[2025-06-18T06:30:31.397+0000] {logging_mixin.py:188} INFO - [2025-06-18T06:30:31.395+0000] {dagbag.py:545} INFO - Filling up the DagBag from /opt/airflow/dags/process_sales_dag.py
[2025-06-18T06:30:31.461+0000] {processor.py:840} INFO - DAG(s) 'process_sales' retrieved from /opt/airflow/dags/process_sales_dag.py
[2025-06-18T06:30:31.542+0000] {logging_mixin.py:188} INFO - [2025-06-18T06:30:31.542+0000] {dag.py:3096} INFO - Sync 1 DAGs
[2025-06-18T06:30:31.575+0000] {logging_mixin.py:188} INFO - [2025-06-18T06:30:31.574+0000] {dag.py:3954} INFO - Setting next_dagrun for process_sales to None, run_after=None
[2025-06-18T06:30:31.626+0000] {processor.py:183} INFO - Processing /opt/airflow/dags/process_sales_dag.py took 0.272 seconds
[2025-06-18T06:31:02.015+0000] {processor.py:161} INFO - Started process (PID=2381) to work on /opt/airflow/dags/process_sales_dag.py
[2025-06-18T06:31:02.017+0000] {processor.py:830} INFO - Processing file /opt/airflow/dags/process_sales_dag.py for tasks to queue
[2025-06-18T06:31:02.019+0000] {logging_mixin.py:188} INFO - [2025-06-18T06:31:02.019+0000] {dagbag.py:545} INFO - Filling up the DagBag from /opt/airflow/dags/process_sales_dag.py
[2025-06-18T06:31:02.049+0000] {processor.py:840} INFO - DAG(s) 'process_sales' retrieved from /opt/airflow/dags/process_sales_dag.py
[2025-06-18T06:31:02.110+0000] {logging_mixin.py:188} INFO - [2025-06-18T06:31:02.110+0000] {dag.py:3096} INFO - Sync 1 DAGs
[2025-06-18T06:31:02.130+0000] {logging_mixin.py:188} INFO - [2025-06-18T06:31:02.129+0000] {dag.py:3954} INFO - Setting next_dagrun for process_sales to None, run_after=None
[2025-06-18T06:31:02.168+0000] {processor.py:183} INFO - Processing /opt/airflow/dags/process_sales_dag.py took 0.164 seconds
[2025-06-18T06:31:32.686+0000] {processor.py:161} INFO - Started process (PID=2396) to work on /opt/airflow/dags/process_sales_dag.py
[2025-06-18T06:31:32.689+0000] {processor.py:830} INFO - Processing file /opt/airflow/dags/process_sales_dag.py for tasks to queue
[2025-06-18T06:31:32.693+0000] {logging_mixin.py:188} INFO - [2025-06-18T06:31:32.692+0000] {dagbag.py:545} INFO - Filling up the DagBag from /opt/airflow/dags/process_sales_dag.py
[2025-06-18T06:31:32.734+0000] {processor.py:840} INFO - DAG(s) 'process_sales' retrieved from /opt/airflow/dags/process_sales_dag.py
[2025-06-18T06:31:32.789+0000] {logging_mixin.py:188} INFO - [2025-06-18T06:31:32.789+0000] {dag.py:3096} INFO - Sync 1 DAGs
[2025-06-18T06:31:32.808+0000] {logging_mixin.py:188} INFO - [2025-06-18T06:31:32.807+0000] {dag.py:3954} INFO - Setting next_dagrun for process_sales to None, run_after=None
[2025-06-18T06:31:32.847+0000] {processor.py:183} INFO - Processing /opt/airflow/dags/process_sales_dag.py took 0.172 seconds
[2025-06-18T06:32:03.689+0000] {processor.py:161} INFO - Started process (PID=2411) to work on /opt/airflow/dags/process_sales_dag.py
[2025-06-18T06:32:03.702+0000] {processor.py:830} INFO - Processing file /opt/airflow/dags/process_sales_dag.py for tasks to queue
[2025-06-18T06:32:03.740+0000] {logging_mixin.py:188} INFO - [2025-06-18T06:32:03.737+0000] {dagbag.py:545} INFO - Filling up the DagBag from /opt/airflow/dags/process_sales_dag.py
[2025-06-18T06:32:03.927+0000] {processor.py:840} INFO - DAG(s) 'process_sales' retrieved from /opt/airflow/dags/process_sales_dag.py
[2025-06-18T06:32:04.189+0000] {logging_mixin.py:188} INFO - [2025-06-18T06:32:04.188+0000] {dag.py:3096} INFO - Sync 1 DAGs
[2025-06-18T06:32:04.261+0000] {logging_mixin.py:188} INFO - [2025-06-18T06:32:04.260+0000] {dag.py:3954} INFO - Setting next_dagrun for process_sales to None, run_after=None
[2025-06-18T06:32:04.500+0000] {processor.py:183} INFO - Processing /opt/airflow/dags/process_sales_dag.py took 0.985 seconds
[2025-06-18T06:32:35.102+0000] {processor.py:161} INFO - Started process (PID=2426) to work on /opt/airflow/dags/process_sales_dag.py
[2025-06-18T06:32:35.106+0000] {processor.py:830} INFO - Processing file /opt/airflow/dags/process_sales_dag.py for tasks to queue
[2025-06-18T06:32:35.113+0000] {logging_mixin.py:188} INFO - [2025-06-18T06:32:35.112+0000] {dagbag.py:545} INFO - Filling up the DagBag from /opt/airflow/dags/process_sales_dag.py
[2025-06-18T06:32:35.172+0000] {processor.py:840} INFO - DAG(s) 'process_sales' retrieved from /opt/airflow/dags/process_sales_dag.py
[2025-06-18T06:32:35.298+0000] {logging_mixin.py:188} INFO - [2025-06-18T06:32:35.296+0000] {dag.py:3096} INFO - Sync 1 DAGs
[2025-06-18T06:32:35.363+0000] {logging_mixin.py:188} INFO - [2025-06-18T06:32:35.361+0000] {dag.py:3954} INFO - Setting next_dagrun for process_sales to None, run_after=None
[2025-06-18T06:32:35.487+0000] {processor.py:183} INFO - Processing /opt/airflow/dags/process_sales_dag.py took 0.422 seconds
[2025-06-18T06:33:06.406+0000] {processor.py:161} INFO - Started process (PID=2441) to work on /opt/airflow/dags/process_sales_dag.py
[2025-06-18T06:33:06.409+0000] {processor.py:830} INFO - Processing file /opt/airflow/dags/process_sales_dag.py for tasks to queue
[2025-06-18T06:33:06.414+0000] {logging_mixin.py:188} INFO - [2025-06-18T06:33:06.413+0000] {dagbag.py:545} INFO - Filling up the DagBag from /opt/airflow/dags/process_sales_dag.py
[2025-06-18T06:33:06.481+0000] {processor.py:840} INFO - DAG(s) 'process_sales' retrieved from /opt/airflow/dags/process_sales_dag.py
[2025-06-18T06:33:06.623+0000] {logging_mixin.py:188} INFO - [2025-06-18T06:33:06.622+0000] {dag.py:3096} INFO - Sync 1 DAGs
[2025-06-18T06:33:06.697+0000] {logging_mixin.py:188} INFO - [2025-06-18T06:33:06.696+0000] {dag.py:3954} INFO - Setting next_dagrun for process_sales to None, run_after=None
[2025-06-18T06:33:06.826+0000] {processor.py:183} INFO - Processing /opt/airflow/dags/process_sales_dag.py took 0.449 seconds
[2025-06-18T06:43:52.429+0000] {processor.py:161} INFO - Started process (PID=169) to work on /opt/airflow/dags/process_sales_dag.py
[2025-06-18T06:43:52.434+0000] {processor.py:830} INFO - Processing file /opt/airflow/dags/process_sales_dag.py for tasks to queue
[2025-06-18T06:43:52.440+0000] {logging_mixin.py:188} INFO - [2025-06-18T06:43:52.439+0000] {dagbag.py:545} INFO - Filling up the DagBag from /opt/airflow/dags/process_sales_dag.py
[2025-06-18T06:43:52.495+0000] {processor.py:840} INFO - DAG(s) 'process_sales' retrieved from /opt/airflow/dags/process_sales_dag.py
[2025-06-18T06:43:52.603+0000] {logging_mixin.py:188} INFO - [2025-06-18T06:43:52.602+0000] {dag.py:3096} INFO - Sync 1 DAGs
[2025-06-18T06:43:52.654+0000] {logging_mixin.py:188} INFO - [2025-06-18T06:43:52.652+0000] {dag.py:3954} INFO - Setting next_dagrun for process_sales to None, run_after=None
[2025-06-18T06:43:52.971+0000] {processor.py:183} INFO - Processing /opt/airflow/dags/process_sales_dag.py took 0.560 seconds
[2025-06-18T06:44:28.952+0000] {processor.py:161} INFO - Started process (PID=239) to work on /opt/airflow/dags/process_sales_dag.py
[2025-06-18T06:44:28.956+0000] {processor.py:830} INFO - Processing file /opt/airflow/dags/process_sales_dag.py for tasks to queue
[2025-06-18T06:44:28.969+0000] {logging_mixin.py:188} INFO - [2025-06-18T06:44:28.968+0000] {dagbag.py:545} INFO - Filling up the DagBag from /opt/airflow/dags/process_sales_dag.py
[2025-06-18T06:44:29.113+0000] {processor.py:840} INFO - DAG(s) 'process_sales' retrieved from /opt/airflow/dags/process_sales_dag.py
[2025-06-18T06:44:29.337+0000] {logging_mixin.py:188} INFO - [2025-06-18T06:44:29.337+0000] {dag.py:3096} INFO - Sync 1 DAGs
[2025-06-18T06:44:29.370+0000] {logging_mixin.py:188} INFO - [2025-06-18T06:44:29.370+0000] {dag.py:3954} INFO - Setting next_dagrun for process_sales to None, run_after=None
[2025-06-18T06:44:29.469+0000] {processor.py:183} INFO - Processing /opt/airflow/dags/process_sales_dag.py took 0.560 seconds
[2025-06-18T06:45:05.091+0000] {processor.py:161} INFO - Started process (PID=299) to work on /opt/airflow/dags/process_sales_dag.py
[2025-06-18T06:45:05.106+0000] {processor.py:830} INFO - Processing file /opt/airflow/dags/process_sales_dag.py for tasks to queue
[2025-06-18T06:45:05.123+0000] {logging_mixin.py:188} INFO - [2025-06-18T06:45:05.122+0000] {dagbag.py:545} INFO - Filling up the DagBag from /opt/airflow/dags/process_sales_dag.py
[2025-06-18T06:45:05.527+0000] {processor.py:840} INFO - DAG(s) 'process_sales' retrieved from /opt/airflow/dags/process_sales_dag.py
[2025-06-18T06:45:07.014+0000] {logging_mixin.py:188} INFO - [2025-06-18T06:45:07.012+0000] {dag.py:3096} INFO - Sync 1 DAGs
[2025-06-18T06:45:08.192+0000] {logging_mixin.py:188} INFO - [2025-06-18T06:45:08.191+0000] {dag.py:3954} INFO - Setting next_dagrun for process_sales to None, run_after=None
[2025-06-18T06:45:08.867+0000] {processor.py:183} INFO - Processing /opt/airflow/dags/process_sales_dag.py took 3.850 seconds
[2025-06-18T06:45:44.016+0000] {processor.py:161} INFO - Started process (PID=331) to work on /opt/airflow/dags/process_sales_dag.py
[2025-06-18T06:45:44.020+0000] {processor.py:830} INFO - Processing file /opt/airflow/dags/process_sales_dag.py for tasks to queue
[2025-06-18T06:45:44.024+0000] {logging_mixin.py:188} INFO - [2025-06-18T06:45:44.023+0000] {dagbag.py:545} INFO - Filling up the DagBag from /opt/airflow/dags/process_sales_dag.py
[2025-06-18T06:45:44.118+0000] {processor.py:840} INFO - DAG(s) 'process_sales' retrieved from /opt/airflow/dags/process_sales_dag.py
[2025-06-18T06:45:44.211+0000] {logging_mixin.py:188} INFO - [2025-06-18T06:45:44.210+0000] {dag.py:3096} INFO - Sync 1 DAGs
[2025-06-18T06:45:44.252+0000] {logging_mixin.py:188} INFO - [2025-06-18T06:45:44.252+0000] {dag.py:3954} INFO - Setting next_dagrun for process_sales to None, run_after=None
[2025-06-18T06:45:44.329+0000] {processor.py:183} INFO - Processing /opt/airflow/dags/process_sales_dag.py took 0.328 seconds
[2025-06-18T06:46:15.640+0000] {processor.py:161} INFO - Started process (PID=492) to work on /opt/airflow/dags/process_sales_dag.py
[2025-06-18T06:46:15.643+0000] {processor.py:830} INFO - Processing file /opt/airflow/dags/process_sales_dag.py for tasks to queue
[2025-06-18T06:46:15.648+0000] {logging_mixin.py:188} INFO - [2025-06-18T06:46:15.647+0000] {dagbag.py:545} INFO - Filling up the DagBag from /opt/airflow/dags/process_sales_dag.py
[2025-06-18T06:46:15.729+0000] {processor.py:840} INFO - DAG(s) 'process_sales' retrieved from /opt/airflow/dags/process_sales_dag.py
[2025-06-18T06:46:15.825+0000] {logging_mixin.py:188} INFO - [2025-06-18T06:46:15.825+0000] {dag.py:3096} INFO - Sync 1 DAGs
[2025-06-18T06:46:15.862+0000] {logging_mixin.py:188} INFO - [2025-06-18T06:46:15.862+0000] {dag.py:3954} INFO - Setting next_dagrun for process_sales to None, run_after=None
[2025-06-18T06:46:15.919+0000] {processor.py:183} INFO - Processing /opt/airflow/dags/process_sales_dag.py took 0.302 seconds
[2025-06-18T06:46:46.966+0000] {processor.py:161} INFO - Started process (PID=579) to work on /opt/airflow/dags/process_sales_dag.py
[2025-06-18T06:46:46.968+0000] {processor.py:830} INFO - Processing file /opt/airflow/dags/process_sales_dag.py for tasks to queue
[2025-06-18T06:46:46.973+0000] {logging_mixin.py:188} INFO - [2025-06-18T06:46:46.972+0000] {dagbag.py:545} INFO - Filling up the DagBag from /opt/airflow/dags/process_sales_dag.py
[2025-06-18T06:46:47.069+0000] {processor.py:840} INFO - DAG(s) 'process_sales' retrieved from /opt/airflow/dags/process_sales_dag.py
[2025-06-18T06:46:47.199+0000] {logging_mixin.py:188} INFO - [2025-06-18T06:46:47.198+0000] {dag.py:3096} INFO - Sync 1 DAGs
[2025-06-18T06:46:47.246+0000] {logging_mixin.py:188} INFO - [2025-06-18T06:46:47.245+0000] {dag.py:3954} INFO - Setting next_dagrun for process_sales to None, run_after=None
[2025-06-18T06:46:47.431+0000] {processor.py:183} INFO - Processing /opt/airflow/dags/process_sales_dag.py took 0.484 seconds
[2025-06-18T06:47:18.445+0000] {processor.py:161} INFO - Started process (PID=594) to work on /opt/airflow/dags/process_sales_dag.py
[2025-06-18T06:47:18.447+0000] {processor.py:830} INFO - Processing file /opt/airflow/dags/process_sales_dag.py for tasks to queue
[2025-06-18T06:47:18.455+0000] {logging_mixin.py:188} INFO - [2025-06-18T06:47:18.454+0000] {dagbag.py:545} INFO - Filling up the DagBag from /opt/airflow/dags/process_sales_dag.py
[2025-06-18T06:47:18.540+0000] {processor.py:840} INFO - DAG(s) 'process_sales' retrieved from /opt/airflow/dags/process_sales_dag.py
[2025-06-18T06:47:18.645+0000] {logging_mixin.py:188} INFO - [2025-06-18T06:47:18.644+0000] {dag.py:3096} INFO - Sync 1 DAGs
[2025-06-18T06:47:18.688+0000] {logging_mixin.py:188} INFO - [2025-06-18T06:47:18.687+0000] {dag.py:3954} INFO - Setting next_dagrun for process_sales to None, run_after=None
[2025-06-18T06:47:18.738+0000] {processor.py:183} INFO - Processing /opt/airflow/dags/process_sales_dag.py took 0.315 seconds
[2025-06-18T06:47:49.454+0000] {processor.py:161} INFO - Started process (PID=609) to work on /opt/airflow/dags/process_sales_dag.py
[2025-06-18T06:47:49.456+0000] {processor.py:830} INFO - Processing file /opt/airflow/dags/process_sales_dag.py for tasks to queue
[2025-06-18T06:47:49.460+0000] {logging_mixin.py:188} INFO - [2025-06-18T06:47:49.459+0000] {dagbag.py:545} INFO - Filling up the DagBag from /opt/airflow/dags/process_sales_dag.py
[2025-06-18T06:47:49.500+0000] {processor.py:840} INFO - DAG(s) 'process_sales' retrieved from /opt/airflow/dags/process_sales_dag.py
[2025-06-18T06:47:49.580+0000] {logging_mixin.py:188} INFO - [2025-06-18T06:47:49.580+0000] {dag.py:3096} INFO - Sync 1 DAGs
[2025-06-18T06:47:49.637+0000] {logging_mixin.py:188} INFO - [2025-06-18T06:47:49.635+0000] {dag.py:3954} INFO - Setting next_dagrun for process_sales to None, run_after=None
[2025-06-18T06:47:49.716+0000] {processor.py:183} INFO - Processing /opt/airflow/dags/process_sales_dag.py took 0.272 seconds
[2025-06-18T06:48:22.397+0000] {processor.py:161} INFO - Started process (PID=751) to work on /opt/airflow/dags/process_sales_dag.py
[2025-06-18T06:48:22.400+0000] {processor.py:830} INFO - Processing file /opt/airflow/dags/process_sales_dag.py for tasks to queue
[2025-06-18T06:48:22.404+0000] {logging_mixin.py:188} INFO - [2025-06-18T06:48:22.404+0000] {dagbag.py:545} INFO - Filling up the DagBag from /opt/airflow/dags/process_sales_dag.py
[2025-06-18T06:48:22.471+0000] {processor.py:840} INFO - DAG(s) 'process_sales' retrieved from /opt/airflow/dags/process_sales_dag.py
[2025-06-18T06:48:22.576+0000] {logging_mixin.py:188} INFO - [2025-06-18T06:48:22.576+0000] {dag.py:3096} INFO - Sync 1 DAGs
[2025-06-18T06:48:22.631+0000] {logging_mixin.py:188} INFO - [2025-06-18T06:48:22.631+0000] {dag.py:3954} INFO - Setting next_dagrun for process_sales to None, run_after=None
[2025-06-18T06:48:22.735+0000] {processor.py:183} INFO - Processing /opt/airflow/dags/process_sales_dag.py took 0.352 seconds
[2025-06-18T06:48:54.418+0000] {processor.py:161} INFO - Started process (PID=801) to work on /opt/airflow/dags/process_sales_dag.py
[2025-06-18T06:48:54.420+0000] {processor.py:830} INFO - Processing file /opt/airflow/dags/process_sales_dag.py for tasks to queue
[2025-06-18T06:48:54.424+0000] {logging_mixin.py:188} INFO - [2025-06-18T06:48:54.424+0000] {dagbag.py:545} INFO - Filling up the DagBag from /opt/airflow/dags/process_sales_dag.py
[2025-06-18T06:48:54.456+0000] {processor.py:840} INFO - DAG(s) 'process_sales' retrieved from /opt/airflow/dags/process_sales_dag.py
[2025-06-18T06:48:54.520+0000] {logging_mixin.py:188} INFO - [2025-06-18T06:48:54.519+0000] {dag.py:3096} INFO - Sync 1 DAGs
[2025-06-18T06:48:54.567+0000] {logging_mixin.py:188} INFO - [2025-06-18T06:48:54.567+0000] {dag.py:3954} INFO - Setting next_dagrun for process_sales to None, run_after=None
[2025-06-18T06:48:54.615+0000] {processor.py:183} INFO - Processing /opt/airflow/dags/process_sales_dag.py took 0.212 seconds
[2025-06-18T06:49:30.031+0000] {processor.py:161} INFO - Started process (PID=816) to work on /opt/airflow/dags/process_sales_dag.py
[2025-06-18T06:49:30.051+0000] {processor.py:830} INFO - Processing file /opt/airflow/dags/process_sales_dag.py for tasks to queue
[2025-06-18T06:49:30.082+0000] {logging_mixin.py:188} INFO - [2025-06-18T06:49:30.077+0000] {dagbag.py:545} INFO - Filling up the DagBag from /opt/airflow/dags/process_sales_dag.py
[2025-06-18T06:49:30.369+0000] {processor.py:840} INFO - DAG(s) 'process_sales' retrieved from /opt/airflow/dags/process_sales_dag.py
[2025-06-18T06:49:30.514+0000] {logging_mixin.py:188} INFO - [2025-06-18T06:49:30.513+0000] {dag.py:3096} INFO - Sync 1 DAGs
[2025-06-18T06:49:31.406+0000] {logging_mixin.py:188} INFO - [2025-06-18T06:49:31.406+0000] {dag.py:3954} INFO - Setting next_dagrun for process_sales to None, run_after=None
[2025-06-18T06:49:31.503+0000] {processor.py:183} INFO - Processing /opt/airflow/dags/process_sales_dag.py took 1.632 seconds
[2025-06-18T06:50:02.022+0000] {processor.py:161} INFO - Started process (PID=831) to work on /opt/airflow/dags/process_sales_dag.py
[2025-06-18T06:50:02.025+0000] {processor.py:830} INFO - Processing file /opt/airflow/dags/process_sales_dag.py for tasks to queue
[2025-06-18T06:50:02.032+0000] {logging_mixin.py:188} INFO - [2025-06-18T06:50:02.031+0000] {dagbag.py:545} INFO - Filling up the DagBag from /opt/airflow/dags/process_sales_dag.py
[2025-06-18T06:50:02.080+0000] {processor.py:840} INFO - DAG(s) 'process_sales' retrieved from /opt/airflow/dags/process_sales_dag.py
[2025-06-18T06:50:02.631+0000] {logging_mixin.py:188} INFO - [2025-06-18T06:50:02.631+0000] {dag.py:3096} INFO - Sync 1 DAGs
[2025-06-18T06:50:02.659+0000] {logging_mixin.py:188} INFO - [2025-06-18T06:50:02.658+0000] {dag.py:3954} INFO - Setting next_dagrun for process_sales to None, run_after=None
[2025-06-18T06:50:02.714+0000] {processor.py:183} INFO - Processing /opt/airflow/dags/process_sales_dag.py took 0.711 seconds
[2025-06-18T06:50:33.294+0000] {processor.py:161} INFO - Started process (PID=846) to work on /opt/airflow/dags/process_sales_dag.py
[2025-06-18T06:50:33.296+0000] {processor.py:830} INFO - Processing file /opt/airflow/dags/process_sales_dag.py for tasks to queue
[2025-06-18T06:50:33.300+0000] {logging_mixin.py:188} INFO - [2025-06-18T06:50:33.299+0000] {dagbag.py:545} INFO - Filling up the DagBag from /opt/airflow/dags/process_sales_dag.py
[2025-06-18T06:50:33.695+0000] {processor.py:840} INFO - DAG(s) 'process_sales' retrieved from /opt/airflow/dags/process_sales_dag.py
[2025-06-18T06:50:33.740+0000] {logging_mixin.py:188} INFO - [2025-06-18T06:50:33.740+0000] {dag.py:3096} INFO - Sync 1 DAGs
[2025-06-18T06:50:33.762+0000] {logging_mixin.py:188} INFO - [2025-06-18T06:50:33.762+0000] {dag.py:3954} INFO - Setting next_dagrun for process_sales to None, run_after=None
[2025-06-18T06:50:33.807+0000] {processor.py:183} INFO - Processing /opt/airflow/dags/process_sales_dag.py took 0.521 seconds
[2025-06-18T06:51:04.812+0000] {processor.py:161} INFO - Started process (PID=861) to work on /opt/airflow/dags/process_sales_dag.py
[2025-06-18T06:51:04.814+0000] {processor.py:830} INFO - Processing file /opt/airflow/dags/process_sales_dag.py for tasks to queue
[2025-06-18T06:51:04.818+0000] {logging_mixin.py:188} INFO - [2025-06-18T06:51:04.817+0000] {dagbag.py:545} INFO - Filling up the DagBag from /opt/airflow/dags/process_sales_dag.py
[2025-06-18T06:51:04.892+0000] {processor.py:840} INFO - DAG(s) 'process_sales' retrieved from /opt/airflow/dags/process_sales_dag.py
[2025-06-18T06:51:04.981+0000] {logging_mixin.py:188} INFO - [2025-06-18T06:51:04.980+0000] {dag.py:3096} INFO - Sync 1 DAGs
[2025-06-18T06:51:05.027+0000] {logging_mixin.py:188} INFO - [2025-06-18T06:51:05.026+0000] {dag.py:3954} INFO - Setting next_dagrun for process_sales to None, run_after=None
[2025-06-18T06:51:05.090+0000] {processor.py:183} INFO - Processing /opt/airflow/dags/process_sales_dag.py took 0.288 seconds
[2025-06-18T06:51:35.957+0000] {processor.py:161} INFO - Started process (PID=876) to work on /opt/airflow/dags/process_sales_dag.py
[2025-06-18T06:51:35.961+0000] {processor.py:830} INFO - Processing file /opt/airflow/dags/process_sales_dag.py for tasks to queue
[2025-06-18T06:51:35.965+0000] {logging_mixin.py:188} INFO - [2025-06-18T06:51:35.965+0000] {dagbag.py:545} INFO - Filling up the DagBag from /opt/airflow/dags/process_sales_dag.py
[2025-06-18T06:51:36.010+0000] {processor.py:840} INFO - DAG(s) 'process_sales' retrieved from /opt/airflow/dags/process_sales_dag.py
[2025-06-18T06:51:36.057+0000] {logging_mixin.py:188} INFO - [2025-06-18T06:51:36.057+0000] {dag.py:3096} INFO - Sync 1 DAGs
[2025-06-18T06:51:36.080+0000] {logging_mixin.py:188} INFO - [2025-06-18T06:51:36.080+0000] {dag.py:3954} INFO - Setting next_dagrun for process_sales to None, run_after=None
[2025-06-18T06:51:36.133+0000] {processor.py:183} INFO - Processing /opt/airflow/dags/process_sales_dag.py took 0.191 seconds
[2025-06-18T06:52:07.080+0000] {processor.py:161} INFO - Started process (PID=891) to work on /opt/airflow/dags/process_sales_dag.py
[2025-06-18T06:52:07.083+0000] {processor.py:830} INFO - Processing file /opt/airflow/dags/process_sales_dag.py for tasks to queue
[2025-06-18T06:52:07.089+0000] {logging_mixin.py:188} INFO - [2025-06-18T06:52:07.088+0000] {dagbag.py:545} INFO - Filling up the DagBag from /opt/airflow/dags/process_sales_dag.py
[2025-06-18T06:52:07.131+0000] {processor.py:840} INFO - DAG(s) 'process_sales' retrieved from /opt/airflow/dags/process_sales_dag.py
[2025-06-18T06:52:07.254+0000] {logging_mixin.py:188} INFO - [2025-06-18T06:52:07.253+0000] {dag.py:3096} INFO - Sync 1 DAGs
[2025-06-18T06:52:07.295+0000] {logging_mixin.py:188} INFO - [2025-06-18T06:52:07.294+0000] {dag.py:3954} INFO - Setting next_dagrun for process_sales to None, run_after=None
[2025-06-18T06:52:07.355+0000] {processor.py:183} INFO - Processing /opt/airflow/dags/process_sales_dag.py took 0.290 seconds
[2025-06-18T06:52:37.930+0000] {processor.py:161} INFO - Started process (PID=906) to work on /opt/airflow/dags/process_sales_dag.py
[2025-06-18T06:52:37.933+0000] {processor.py:830} INFO - Processing file /opt/airflow/dags/process_sales_dag.py for tasks to queue
[2025-06-18T06:52:37.938+0000] {logging_mixin.py:188} INFO - [2025-06-18T06:52:37.937+0000] {dagbag.py:545} INFO - Filling up the DagBag from /opt/airflow/dags/process_sales_dag.py
[2025-06-18T06:52:37.976+0000] {processor.py:840} INFO - DAG(s) 'process_sales' retrieved from /opt/airflow/dags/process_sales_dag.py
[2025-06-18T06:52:38.050+0000] {logging_mixin.py:188} INFO - [2025-06-18T06:52:38.049+0000] {dag.py:3096} INFO - Sync 1 DAGs
[2025-06-18T06:52:38.084+0000] {logging_mixin.py:188} INFO - [2025-06-18T06:52:38.084+0000] {dag.py:3954} INFO - Setting next_dagrun for process_sales to None, run_after=None
[2025-06-18T06:52:38.144+0000] {processor.py:183} INFO - Processing /opt/airflow/dags/process_sales_dag.py took 0.231 seconds
[2025-06-18T06:53:08.991+0000] {processor.py:161} INFO - Started process (PID=921) to work on /opt/airflow/dags/process_sales_dag.py
[2025-06-18T06:53:08.993+0000] {processor.py:830} INFO - Processing file /opt/airflow/dags/process_sales_dag.py for tasks to queue
[2025-06-18T06:53:08.997+0000] {logging_mixin.py:188} INFO - [2025-06-18T06:53:08.996+0000] {dagbag.py:545} INFO - Filling up the DagBag from /opt/airflow/dags/process_sales_dag.py
[2025-06-18T06:53:09.035+0000] {processor.py:840} INFO - DAG(s) 'process_sales' retrieved from /opt/airflow/dags/process_sales_dag.py
[2025-06-18T06:53:09.082+0000] {logging_mixin.py:188} INFO - [2025-06-18T06:53:09.081+0000] {dag.py:3096} INFO - Sync 1 DAGs
[2025-06-18T06:53:09.103+0000] {logging_mixin.py:188} INFO - [2025-06-18T06:53:09.102+0000] {dag.py:3954} INFO - Setting next_dagrun for process_sales to None, run_after=None
[2025-06-18T06:53:09.137+0000] {processor.py:183} INFO - Processing /opt/airflow/dags/process_sales_dag.py took 0.153 seconds
[2025-06-18T06:53:39.821+0000] {processor.py:161} INFO - Started process (PID=936) to work on /opt/airflow/dags/process_sales_dag.py
[2025-06-18T06:53:39.823+0000] {processor.py:830} INFO - Processing file /opt/airflow/dags/process_sales_dag.py for tasks to queue
[2025-06-18T06:53:39.830+0000] {logging_mixin.py:188} INFO - [2025-06-18T06:53:39.829+0000] {dagbag.py:545} INFO - Filling up the DagBag from /opt/airflow/dags/process_sales_dag.py
[2025-06-18T06:53:39.884+0000] {processor.py:840} INFO - DAG(s) 'process_sales' retrieved from /opt/airflow/dags/process_sales_dag.py
[2025-06-18T06:53:39.958+0000] {logging_mixin.py:188} INFO - [2025-06-18T06:53:39.957+0000] {dag.py:3096} INFO - Sync 1 DAGs
[2025-06-18T06:53:39.992+0000] {logging_mixin.py:188} INFO - [2025-06-18T06:53:39.991+0000] {dag.py:3954} INFO - Setting next_dagrun for process_sales to None, run_after=None
[2025-06-18T06:53:40.043+0000] {processor.py:183} INFO - Processing /opt/airflow/dags/process_sales_dag.py took 0.239 seconds
[2025-06-18T06:54:10.628+0000] {processor.py:161} INFO - Started process (PID=951) to work on /opt/airflow/dags/process_sales_dag.py
[2025-06-18T06:54:10.630+0000] {processor.py:830} INFO - Processing file /opt/airflow/dags/process_sales_dag.py for tasks to queue
[2025-06-18T06:54:10.633+0000] {logging_mixin.py:188} INFO - [2025-06-18T06:54:10.632+0000] {dagbag.py:545} INFO - Filling up the DagBag from /opt/airflow/dags/process_sales_dag.py
[2025-06-18T06:54:10.659+0000] {processor.py:840} INFO - DAG(s) 'process_sales' retrieved from /opt/airflow/dags/process_sales_dag.py
[2025-06-18T06:54:10.700+0000] {logging_mixin.py:188} INFO - [2025-06-18T06:54:10.700+0000] {dag.py:3096} INFO - Sync 1 DAGs
[2025-06-18T06:54:10.718+0000] {logging_mixin.py:188} INFO - [2025-06-18T06:54:10.718+0000] {dag.py:3954} INFO - Setting next_dagrun for process_sales to None, run_after=None
[2025-06-18T06:54:10.772+0000] {processor.py:183} INFO - Processing /opt/airflow/dags/process_sales_dag.py took 0.153 seconds
[2025-06-18T06:54:41.898+0000] {processor.py:161} INFO - Started process (PID=966) to work on /opt/airflow/dags/process_sales_dag.py
[2025-06-18T06:54:41.902+0000] {processor.py:830} INFO - Processing file /opt/airflow/dags/process_sales_dag.py for tasks to queue
[2025-06-18T06:54:41.909+0000] {logging_mixin.py:188} INFO - [2025-06-18T06:54:41.908+0000] {dagbag.py:545} INFO - Filling up the DagBag from /opt/airflow/dags/process_sales_dag.py
[2025-06-18T06:54:41.977+0000] {processor.py:840} INFO - DAG(s) 'process_sales' retrieved from /opt/airflow/dags/process_sales_dag.py
[2025-06-18T06:54:42.157+0000] {logging_mixin.py:188} INFO - [2025-06-18T06:54:42.157+0000] {dag.py:3096} INFO - Sync 1 DAGs
[2025-06-18T06:54:42.254+0000] {logging_mixin.py:188} INFO - [2025-06-18T06:54:42.254+0000] {dag.py:3954} INFO - Setting next_dagrun for process_sales to None, run_after=None
[2025-06-18T06:54:42.398+0000] {processor.py:183} INFO - Processing /opt/airflow/dags/process_sales_dag.py took 0.523 seconds
[2025-06-18T06:55:12.622+0000] {processor.py:161} INFO - Started process (PID=981) to work on /opt/airflow/dags/process_sales_dag.py
[2025-06-18T06:55:12.625+0000] {processor.py:830} INFO - Processing file /opt/airflow/dags/process_sales_dag.py for tasks to queue
[2025-06-18T06:55:12.633+0000] {logging_mixin.py:188} INFO - [2025-06-18T06:55:12.632+0000] {dagbag.py:545} INFO - Filling up the DagBag from /opt/airflow/dags/process_sales_dag.py
[2025-06-18T06:55:12.694+0000] {processor.py:840} INFO - DAG(s) 'process_sales' retrieved from /opt/airflow/dags/process_sales_dag.py
[2025-06-18T06:55:12.776+0000] {logging_mixin.py:188} INFO - [2025-06-18T06:55:12.775+0000] {dag.py:3096} INFO - Sync 1 DAGs
[2025-06-18T06:55:12.854+0000] {logging_mixin.py:188} INFO - [2025-06-18T06:55:12.853+0000] {dag.py:3954} INFO - Setting next_dagrun for process_sales to None, run_after=None
[2025-06-18T06:55:13.036+0000] {processor.py:183} INFO - Processing /opt/airflow/dags/process_sales_dag.py took 0.432 seconds
[2025-06-18T06:55:43.529+0000] {processor.py:161} INFO - Started process (PID=996) to work on /opt/airflow/dags/process_sales_dag.py
[2025-06-18T06:55:43.533+0000] {processor.py:830} INFO - Processing file /opt/airflow/dags/process_sales_dag.py for tasks to queue
[2025-06-18T06:55:43.540+0000] {logging_mixin.py:188} INFO - [2025-06-18T06:55:43.539+0000] {dagbag.py:545} INFO - Filling up the DagBag from /opt/airflow/dags/process_sales_dag.py
[2025-06-18T06:55:43.604+0000] {processor.py:840} INFO - DAG(s) 'process_sales' retrieved from /opt/airflow/dags/process_sales_dag.py
[2025-06-18T06:55:43.698+0000] {logging_mixin.py:188} INFO - [2025-06-18T06:55:43.697+0000] {dag.py:3096} INFO - Sync 1 DAGs
[2025-06-18T06:55:43.749+0000] {logging_mixin.py:188} INFO - [2025-06-18T06:55:43.748+0000] {dag.py:3954} INFO - Setting next_dagrun for process_sales to None, run_after=None
[2025-06-18T06:55:43.895+0000] {processor.py:183} INFO - Processing /opt/airflow/dags/process_sales_dag.py took 0.390 seconds
[2025-06-18T06:56:14.040+0000] {processor.py:161} INFO - Started process (PID=1011) to work on /opt/airflow/dags/process_sales_dag.py
[2025-06-18T06:56:14.042+0000] {processor.py:830} INFO - Processing file /opt/airflow/dags/process_sales_dag.py for tasks to queue
[2025-06-18T06:56:14.048+0000] {logging_mixin.py:188} INFO - [2025-06-18T06:56:14.047+0000] {dagbag.py:545} INFO - Filling up the DagBag from /opt/airflow/dags/process_sales_dag.py
[2025-06-18T06:56:14.076+0000] {processor.py:840} INFO - DAG(s) 'process_sales' retrieved from /opt/airflow/dags/process_sales_dag.py
[2025-06-18T06:56:14.162+0000] {logging_mixin.py:188} INFO - [2025-06-18T06:56:14.161+0000] {dag.py:3096} INFO - Sync 1 DAGs
[2025-06-18T06:56:14.196+0000] {logging_mixin.py:188} INFO - [2025-06-18T06:56:14.196+0000] {dag.py:3954} INFO - Setting next_dagrun for process_sales to None, run_after=None
[2025-06-18T06:56:14.271+0000] {processor.py:183} INFO - Processing /opt/airflow/dags/process_sales_dag.py took 0.253 seconds
[2025-06-18T06:56:44.693+0000] {processor.py:161} INFO - Started process (PID=1026) to work on /opt/airflow/dags/process_sales_dag.py
[2025-06-18T06:56:44.698+0000] {processor.py:830} INFO - Processing file /opt/airflow/dags/process_sales_dag.py for tasks to queue
[2025-06-18T06:56:44.708+0000] {logging_mixin.py:188} INFO - [2025-06-18T06:56:44.706+0000] {dagbag.py:545} INFO - Filling up the DagBag from /opt/airflow/dags/process_sales_dag.py
[2025-06-18T06:56:44.805+0000] {processor.py:840} INFO - DAG(s) 'process_sales' retrieved from /opt/airflow/dags/process_sales_dag.py
[2025-06-18T06:56:44.934+0000] {logging_mixin.py:188} INFO - [2025-06-18T06:56:44.934+0000] {dag.py:3096} INFO - Sync 1 DAGs
[2025-06-18T06:56:44.992+0000] {logging_mixin.py:188} INFO - [2025-06-18T06:56:44.991+0000] {dag.py:3954} INFO - Setting next_dagrun for process_sales to None, run_after=None
[2025-06-18T06:56:45.046+0000] {processor.py:183} INFO - Processing /opt/airflow/dags/process_sales_dag.py took 0.380 seconds
[2025-06-18T06:57:16.080+0000] {processor.py:161} INFO - Started process (PID=1041) to work on /opt/airflow/dags/process_sales_dag.py
[2025-06-18T06:57:16.083+0000] {processor.py:830} INFO - Processing file /opt/airflow/dags/process_sales_dag.py for tasks to queue
[2025-06-18T06:57:16.092+0000] {logging_mixin.py:188} INFO - [2025-06-18T06:57:16.090+0000] {dagbag.py:545} INFO - Filling up the DagBag from /opt/airflow/dags/process_sales_dag.py
[2025-06-18T06:57:16.146+0000] {processor.py:840} INFO - DAG(s) 'process_sales' retrieved from /opt/airflow/dags/process_sales_dag.py
[2025-06-18T06:57:16.226+0000] {logging_mixin.py:188} INFO - [2025-06-18T06:57:16.225+0000] {dag.py:3096} INFO - Sync 1 DAGs
[2025-06-18T06:57:16.263+0000] {logging_mixin.py:188} INFO - [2025-06-18T06:57:16.262+0000] {dag.py:3954} INFO - Setting next_dagrun for process_sales to None, run_after=None
[2025-06-18T06:57:16.316+0000] {processor.py:183} INFO - Processing /opt/airflow/dags/process_sales_dag.py took 0.255 seconds
[2025-06-18T06:57:46.576+0000] {processor.py:161} INFO - Started process (PID=1056) to work on /opt/airflow/dags/process_sales_dag.py
[2025-06-18T06:57:46.579+0000] {processor.py:830} INFO - Processing file /opt/airflow/dags/process_sales_dag.py for tasks to queue
[2025-06-18T06:57:46.583+0000] {logging_mixin.py:188} INFO - [2025-06-18T06:57:46.583+0000] {dagbag.py:545} INFO - Filling up the DagBag from /opt/airflow/dags/process_sales_dag.py
[2025-06-18T06:57:46.624+0000] {processor.py:840} INFO - DAG(s) 'process_sales' retrieved from /opt/airflow/dags/process_sales_dag.py
[2025-06-18T06:57:46.667+0000] {logging_mixin.py:188} INFO - [2025-06-18T06:57:46.666+0000] {dag.py:3096} INFO - Sync 1 DAGs
[2025-06-18T06:57:46.686+0000] {logging_mixin.py:188} INFO - [2025-06-18T06:57:46.686+0000] {dag.py:3954} INFO - Setting next_dagrun for process_sales to None, run_after=None
[2025-06-18T06:57:46.720+0000] {processor.py:183} INFO - Processing /opt/airflow/dags/process_sales_dag.py took 0.154 seconds
[2025-06-18T06:58:16.907+0000] {processor.py:161} INFO - Started process (PID=1071) to work on /opt/airflow/dags/process_sales_dag.py
[2025-06-18T06:58:16.909+0000] {processor.py:830} INFO - Processing file /opt/airflow/dags/process_sales_dag.py for tasks to queue
[2025-06-18T06:58:16.914+0000] {logging_mixin.py:188} INFO - [2025-06-18T06:58:16.913+0000] {dagbag.py:545} INFO - Filling up the DagBag from /opt/airflow/dags/process_sales_dag.py
[2025-06-18T06:58:16.941+0000] {processor.py:840} INFO - DAG(s) 'process_sales' retrieved from /opt/airflow/dags/process_sales_dag.py
[2025-06-18T06:58:16.982+0000] {logging_mixin.py:188} INFO - [2025-06-18T06:58:16.981+0000] {dag.py:3096} INFO - Sync 1 DAGs
[2025-06-18T06:58:17.004+0000] {logging_mixin.py:188} INFO - [2025-06-18T06:58:17.003+0000] {dag.py:3954} INFO - Setting next_dagrun for process_sales to None, run_after=None
[2025-06-18T06:58:17.047+0000] {processor.py:183} INFO - Processing /opt/airflow/dags/process_sales_dag.py took 0.148 seconds
[2025-06-18T06:58:47.773+0000] {processor.py:161} INFO - Started process (PID=1086) to work on /opt/airflow/dags/process_sales_dag.py
[2025-06-18T06:58:47.776+0000] {processor.py:830} INFO - Processing file /opt/airflow/dags/process_sales_dag.py for tasks to queue
[2025-06-18T06:58:47.779+0000] {logging_mixin.py:188} INFO - [2025-06-18T06:58:47.778+0000] {dagbag.py:545} INFO - Filling up the DagBag from /opt/airflow/dags/process_sales_dag.py
[2025-06-18T06:58:47.808+0000] {processor.py:840} INFO - DAG(s) 'process_sales' retrieved from /opt/airflow/dags/process_sales_dag.py
[2025-06-18T06:58:47.858+0000] {logging_mixin.py:188} INFO - [2025-06-18T06:58:47.856+0000] {dag.py:3096} INFO - Sync 1 DAGs
[2025-06-18T06:58:47.883+0000] {logging_mixin.py:188} INFO - [2025-06-18T06:58:47.883+0000] {dag.py:3954} INFO - Setting next_dagrun for process_sales to None, run_after=None
[2025-06-18T06:58:47.915+0000] {processor.py:183} INFO - Processing /opt/airflow/dags/process_sales_dag.py took 0.152 seconds
[2025-06-18T06:59:18.145+0000] {processor.py:161} INFO - Started process (PID=1101) to work on /opt/airflow/dags/process_sales_dag.py
[2025-06-18T06:59:18.147+0000] {processor.py:830} INFO - Processing file /opt/airflow/dags/process_sales_dag.py for tasks to queue
[2025-06-18T06:59:18.151+0000] {logging_mixin.py:188} INFO - [2025-06-18T06:59:18.150+0000] {dagbag.py:545} INFO - Filling up the DagBag from /opt/airflow/dags/process_sales_dag.py
[2025-06-18T06:59:18.178+0000] {processor.py:840} INFO - DAG(s) 'process_sales' retrieved from /opt/airflow/dags/process_sales_dag.py
[2025-06-18T06:59:18.222+0000] {logging_mixin.py:188} INFO - [2025-06-18T06:59:18.222+0000] {dag.py:3096} INFO - Sync 1 DAGs
[2025-06-18T06:59:18.244+0000] {logging_mixin.py:188} INFO - [2025-06-18T06:59:18.243+0000] {dag.py:3954} INFO - Setting next_dagrun for process_sales to None, run_after=None
[2025-06-18T06:59:18.285+0000] {processor.py:183} INFO - Processing /opt/airflow/dags/process_sales_dag.py took 0.150 seconds
[2025-06-18T06:59:49.081+0000] {processor.py:161} INFO - Started process (PID=1116) to work on /opt/airflow/dags/process_sales_dag.py
[2025-06-18T06:59:49.084+0000] {processor.py:830} INFO - Processing file /opt/airflow/dags/process_sales_dag.py for tasks to queue
[2025-06-18T06:59:49.087+0000] {logging_mixin.py:188} INFO - [2025-06-18T06:59:49.087+0000] {dagbag.py:545} INFO - Filling up the DagBag from /opt/airflow/dags/process_sales_dag.py
[2025-06-18T06:59:49.135+0000] {processor.py:840} INFO - DAG(s) 'process_sales' retrieved from /opt/airflow/dags/process_sales_dag.py
[2025-06-18T06:59:49.202+0000] {logging_mixin.py:188} INFO - [2025-06-18T06:59:49.202+0000] {dag.py:3096} INFO - Sync 1 DAGs
[2025-06-18T06:59:49.241+0000] {logging_mixin.py:188} INFO - [2025-06-18T06:59:49.241+0000] {dag.py:3954} INFO - Setting next_dagrun for process_sales to None, run_after=None
[2025-06-18T06:59:49.442+0000] {processor.py:183} INFO - Processing /opt/airflow/dags/process_sales_dag.py took 0.373 seconds
[2025-06-18T07:00:20.510+0000] {processor.py:161} INFO - Started process (PID=1131) to work on /opt/airflow/dags/process_sales_dag.py
[2025-06-18T07:00:20.514+0000] {processor.py:830} INFO - Processing file /opt/airflow/dags/process_sales_dag.py for tasks to queue
[2025-06-18T07:00:20.521+0000] {logging_mixin.py:188} INFO - [2025-06-18T07:00:20.520+0000] {dagbag.py:545} INFO - Filling up the DagBag from /opt/airflow/dags/process_sales_dag.py
[2025-06-18T07:00:20.582+0000] {processor.py:840} INFO - DAG(s) 'process_sales' retrieved from /opt/airflow/dags/process_sales_dag.py
[2025-06-18T07:00:20.637+0000] {logging_mixin.py:188} INFO - [2025-06-18T07:00:20.637+0000] {dag.py:3096} INFO - Sync 1 DAGs
[2025-06-18T07:00:20.659+0000] {logging_mixin.py:188} INFO - [2025-06-18T07:00:20.658+0000] {dag.py:3954} INFO - Setting next_dagrun for process_sales to None, run_after=None
[2025-06-18T07:00:20.691+0000] {processor.py:183} INFO - Processing /opt/airflow/dags/process_sales_dag.py took 0.211 seconds
[2025-06-18T07:00:51.065+0000] {processor.py:161} INFO - Started process (PID=1146) to work on /opt/airflow/dags/process_sales_dag.py
[2025-06-18T07:00:51.066+0000] {processor.py:830} INFO - Processing file /opt/airflow/dags/process_sales_dag.py for tasks to queue
[2025-06-18T07:00:51.070+0000] {logging_mixin.py:188} INFO - [2025-06-18T07:00:51.069+0000] {dagbag.py:545} INFO - Filling up the DagBag from /opt/airflow/dags/process_sales_dag.py
[2025-06-18T07:00:51.097+0000] {processor.py:840} INFO - DAG(s) 'process_sales' retrieved from /opt/airflow/dags/process_sales_dag.py
[2025-06-18T07:00:51.135+0000] {logging_mixin.py:188} INFO - [2025-06-18T07:00:51.135+0000] {dag.py:3096} INFO - Sync 1 DAGs
[2025-06-18T07:00:51.155+0000] {logging_mixin.py:188} INFO - [2025-06-18T07:00:51.155+0000] {dag.py:3954} INFO - Setting next_dagrun for process_sales to None, run_after=None
[2025-06-18T07:00:51.187+0000] {processor.py:183} INFO - Processing /opt/airflow/dags/process_sales_dag.py took 0.132 seconds
[2025-06-18T07:01:22.699+0000] {processor.py:161} INFO - Started process (PID=1161) to work on /opt/airflow/dags/process_sales_dag.py
[2025-06-18T07:01:22.706+0000] {processor.py:830} INFO - Processing file /opt/airflow/dags/process_sales_dag.py for tasks to queue
[2025-06-18T07:01:22.710+0000] {logging_mixin.py:188} INFO - [2025-06-18T07:01:22.709+0000] {dagbag.py:545} INFO - Filling up the DagBag from /opt/airflow/dags/process_sales_dag.py
[2025-06-18T07:01:22.768+0000] {processor.py:840} INFO - DAG(s) 'process_sales' retrieved from /opt/airflow/dags/process_sales_dag.py
[2025-06-18T07:01:22.893+0000] {logging_mixin.py:188} INFO - [2025-06-18T07:01:22.893+0000] {dag.py:3096} INFO - Sync 1 DAGs
[2025-06-18T07:01:23.022+0000] {logging_mixin.py:188} INFO - [2025-06-18T07:01:23.020+0000] {dag.py:3954} INFO - Setting next_dagrun for process_sales to None, run_after=None
[2025-06-18T07:01:23.083+0000] {processor.py:183} INFO - Processing /opt/airflow/dags/process_sales_dag.py took 0.400 seconds
[2025-06-18T07:01:53.811+0000] {processor.py:161} INFO - Started process (PID=1176) to work on /opt/airflow/dags/process_sales_dag.py
[2025-06-18T07:01:53.814+0000] {processor.py:830} INFO - Processing file /opt/airflow/dags/process_sales_dag.py for tasks to queue
[2025-06-18T07:01:53.827+0000] {logging_mixin.py:188} INFO - [2025-06-18T07:01:53.824+0000] {dagbag.py:545} INFO - Filling up the DagBag from /opt/airflow/dags/process_sales_dag.py
[2025-06-18T07:01:53.884+0000] {processor.py:840} INFO - DAG(s) 'process_sales' retrieved from /opt/airflow/dags/process_sales_dag.py
[2025-06-18T07:01:53.958+0000] {logging_mixin.py:188} INFO - [2025-06-18T07:01:53.958+0000] {dag.py:3096} INFO - Sync 1 DAGs
[2025-06-18T07:01:53.982+0000] {logging_mixin.py:188} INFO - [2025-06-18T07:01:53.981+0000] {dag.py:3954} INFO - Setting next_dagrun for process_sales to None, run_after=None
[2025-06-18T07:01:54.018+0000] {processor.py:183} INFO - Processing /opt/airflow/dags/process_sales_dag.py took 0.228 seconds
[2025-06-18T07:02:24.216+0000] {processor.py:161} INFO - Started process (PID=1191) to work on /opt/airflow/dags/process_sales_dag.py
[2025-06-18T07:02:24.219+0000] {processor.py:830} INFO - Processing file /opt/airflow/dags/process_sales_dag.py for tasks to queue
[2025-06-18T07:02:24.227+0000] {logging_mixin.py:188} INFO - [2025-06-18T07:02:24.225+0000] {dagbag.py:545} INFO - Filling up the DagBag from /opt/airflow/dags/process_sales_dag.py
[2025-06-18T07:02:24.315+0000] {processor.py:840} INFO - DAG(s) 'process_sales' retrieved from /opt/airflow/dags/process_sales_dag.py
[2025-06-18T07:02:24.375+0000] {logging_mixin.py:188} INFO - [2025-06-18T07:02:24.375+0000] {dag.py:3096} INFO - Sync 1 DAGs
[2025-06-18T07:02:24.398+0000] {logging_mixin.py:188} INFO - [2025-06-18T07:02:24.397+0000] {dag.py:3954} INFO - Setting next_dagrun for process_sales to None, run_after=None
[2025-06-18T07:02:24.452+0000] {processor.py:183} INFO - Processing /opt/airflow/dags/process_sales_dag.py took 0.252 seconds
[2025-06-18T07:02:54.652+0000] {processor.py:161} INFO - Started process (PID=1206) to work on /opt/airflow/dags/process_sales_dag.py
[2025-06-18T07:02:54.655+0000] {processor.py:830} INFO - Processing file /opt/airflow/dags/process_sales_dag.py for tasks to queue
[2025-06-18T07:02:54.659+0000] {logging_mixin.py:188} INFO - [2025-06-18T07:02:54.658+0000] {dagbag.py:545} INFO - Filling up the DagBag from /opt/airflow/dags/process_sales_dag.py
[2025-06-18T07:02:54.695+0000] {processor.py:840} INFO - DAG(s) 'process_sales' retrieved from /opt/airflow/dags/process_sales_dag.py
[2025-06-18T07:02:54.768+0000] {logging_mixin.py:188} INFO - [2025-06-18T07:02:54.767+0000] {dag.py:3096} INFO - Sync 1 DAGs
[2025-06-18T07:02:54.792+0000] {logging_mixin.py:188} INFO - [2025-06-18T07:02:54.791+0000] {dag.py:3954} INFO - Setting next_dagrun for process_sales to None, run_after=None
[2025-06-18T07:02:54.837+0000] {processor.py:183} INFO - Processing /opt/airflow/dags/process_sales_dag.py took 0.205 seconds
[2025-06-18T07:03:25.692+0000] {processor.py:161} INFO - Started process (PID=1221) to work on /opt/airflow/dags/process_sales_dag.py
[2025-06-18T07:03:25.711+0000] {processor.py:830} INFO - Processing file /opt/airflow/dags/process_sales_dag.py for tasks to queue
[2025-06-18T07:03:25.749+0000] {logging_mixin.py:188} INFO - [2025-06-18T07:03:25.739+0000] {dagbag.py:545} INFO - Filling up the DagBag from /opt/airflow/dags/process_sales_dag.py
[2025-06-18T07:03:25.972+0000] {processor.py:840} INFO - DAG(s) 'process_sales' retrieved from /opt/airflow/dags/process_sales_dag.py
[2025-06-18T07:03:26.127+0000] {logging_mixin.py:188} INFO - [2025-06-18T07:03:26.126+0000] {dag.py:3096} INFO - Sync 1 DAGs
[2025-06-18T07:03:26.190+0000] {logging_mixin.py:188} INFO - [2025-06-18T07:03:26.190+0000] {dag.py:3954} INFO - Setting next_dagrun for process_sales to None, run_after=None
[2025-06-18T07:03:26.250+0000] {processor.py:183} INFO - Processing /opt/airflow/dags/process_sales_dag.py took 0.620 seconds
[2025-06-18T07:03:57.212+0000] {processor.py:161} INFO - Started process (PID=1236) to work on /opt/airflow/dags/process_sales_dag.py
[2025-06-18T07:03:57.221+0000] {processor.py:830} INFO - Processing file /opt/airflow/dags/process_sales_dag.py for tasks to queue
[2025-06-18T07:03:57.253+0000] {logging_mixin.py:188} INFO - [2025-06-18T07:03:57.249+0000] {dagbag.py:545} INFO - Filling up the DagBag from /opt/airflow/dags/process_sales_dag.py
[2025-06-18T07:03:57.389+0000] {processor.py:840} INFO - DAG(s) 'process_sales' retrieved from /opt/airflow/dags/process_sales_dag.py
[2025-06-18T07:03:57.547+0000] {logging_mixin.py:188} INFO - [2025-06-18T07:03:57.547+0000] {dag.py:3096} INFO - Sync 1 DAGs
[2025-06-18T07:03:57.577+0000] {logging_mixin.py:188} INFO - [2025-06-18T07:03:57.577+0000] {dag.py:3954} INFO - Setting next_dagrun for process_sales to None, run_after=None
[2025-06-18T07:03:57.625+0000] {processor.py:183} INFO - Processing /opt/airflow/dags/process_sales_dag.py took 0.515 seconds
[2025-06-18T11:48:27.241+0000] {processor.py:161} INFO - Started process (PID=167) to work on /opt/airflow/dags/process_sales_dag.py
[2025-06-18T11:48:27.263+0000] {processor.py:830} INFO - Processing file /opt/airflow/dags/process_sales_dag.py for tasks to queue
[2025-06-18T11:48:27.267+0000] {logging_mixin.py:188} INFO - [2025-06-18T11:48:27.266+0000] {dagbag.py:545} INFO - Filling up the DagBag from /opt/airflow/dags/process_sales_dag.py
[2025-06-18T11:48:27.301+0000] {processor.py:840} INFO - DAG(s) 'process_sales' retrieved from /opt/airflow/dags/process_sales_dag.py
[2025-06-18T11:48:27.352+0000] {logging_mixin.py:188} INFO - [2025-06-18T11:48:27.352+0000] {dag.py:3096} INFO - Sync 1 DAGs
[2025-06-18T11:48:27.384+0000] {logging_mixin.py:188} INFO - [2025-06-18T11:48:27.383+0000] {dag.py:3954} INFO - Setting next_dagrun for process_sales to None, run_after=None
[2025-06-18T11:48:27.523+0000] {processor.py:183} INFO - Processing /opt/airflow/dags/process_sales_dag.py took 0.297 seconds
[2025-06-18T11:48:58.082+0000] {processor.py:161} INFO - Started process (PID=182) to work on /opt/airflow/dags/process_sales_dag.py
[2025-06-18T11:48:58.084+0000] {processor.py:830} INFO - Processing file /opt/airflow/dags/process_sales_dag.py for tasks to queue
[2025-06-18T11:48:58.089+0000] {logging_mixin.py:188} INFO - [2025-06-18T11:48:58.088+0000] {dagbag.py:545} INFO - Filling up the DagBag from /opt/airflow/dags/process_sales_dag.py
[2025-06-18T11:48:58.120+0000] {processor.py:840} INFO - DAG(s) 'process_sales' retrieved from /opt/airflow/dags/process_sales_dag.py
[2025-06-18T11:48:58.170+0000] {logging_mixin.py:188} INFO - [2025-06-18T11:48:58.169+0000] {dag.py:3096} INFO - Sync 1 DAGs
[2025-06-18T11:48:58.191+0000] {logging_mixin.py:188} INFO - [2025-06-18T11:48:58.191+0000] {dag.py:3954} INFO - Setting next_dagrun for process_sales to None, run_after=None
[2025-06-18T11:48:58.234+0000] {processor.py:183} INFO - Processing /opt/airflow/dags/process_sales_dag.py took 0.165 seconds
[2025-06-18T11:49:33.566+0000] {processor.py:161} INFO - Started process (PID=197) to work on /opt/airflow/dags/process_sales_dag.py
[2025-06-18T11:49:33.747+0000] {processor.py:830} INFO - Processing file /opt/airflow/dags/process_sales_dag.py for tasks to queue
[2025-06-18T11:49:33.768+0000] {logging_mixin.py:188} INFO - [2025-06-18T11:49:33.767+0000] {dagbag.py:545} INFO - Filling up the DagBag from /opt/airflow/dags/process_sales_dag.py
[2025-06-18T11:49:34.025+0000] {processor.py:840} INFO - DAG(s) 'process_sales' retrieved from /opt/airflow/dags/process_sales_dag.py
[2025-06-18T11:49:34.173+0000] {logging_mixin.py:188} INFO - [2025-06-18T11:49:34.173+0000] {dag.py:3096} INFO - Sync 1 DAGs
[2025-06-18T11:49:34.256+0000] {logging_mixin.py:188} INFO - [2025-06-18T11:49:34.256+0000] {dag.py:3954} INFO - Setting next_dagrun for process_sales to None, run_after=None
[2025-06-18T11:49:34.364+0000] {processor.py:183} INFO - Processing /opt/airflow/dags/process_sales_dag.py took 0.839 seconds
[2025-06-18T11:50:05.380+0000] {processor.py:161} INFO - Started process (PID=212) to work on /opt/airflow/dags/process_sales_dag.py
[2025-06-18T11:50:05.390+0000] {processor.py:830} INFO - Processing file /opt/airflow/dags/process_sales_dag.py for tasks to queue
[2025-06-18T11:50:05.396+0000] {logging_mixin.py:188} INFO - [2025-06-18T11:50:05.394+0000] {dagbag.py:545} INFO - Filling up the DagBag from /opt/airflow/dags/process_sales_dag.py
[2025-06-18T11:50:05.450+0000] {processor.py:840} INFO - DAG(s) 'process_sales' retrieved from /opt/airflow/dags/process_sales_dag.py
[2025-06-18T11:50:05.520+0000] {logging_mixin.py:188} INFO - [2025-06-18T11:50:05.520+0000] {dag.py:3096} INFO - Sync 1 DAGs
[2025-06-18T11:50:05.557+0000] {logging_mixin.py:188} INFO - [2025-06-18T11:50:05.557+0000] {dag.py:3954} INFO - Setting next_dagrun for process_sales to None, run_after=None
[2025-06-18T11:50:05.636+0000] {processor.py:183} INFO - Processing /opt/airflow/dags/process_sales_dag.py took 0.270 seconds
[2025-06-18T11:50:37.230+0000] {processor.py:161} INFO - Started process (PID=227) to work on /opt/airflow/dags/process_sales_dag.py
[2025-06-18T11:50:37.235+0000] {processor.py:830} INFO - Processing file /opt/airflow/dags/process_sales_dag.py for tasks to queue
[2025-06-18T11:50:37.241+0000] {logging_mixin.py:188} INFO - [2025-06-18T11:50:37.240+0000] {dagbag.py:545} INFO - Filling up the DagBag from /opt/airflow/dags/process_sales_dag.py
[2025-06-18T11:50:37.300+0000] {processor.py:840} INFO - DAG(s) 'process_sales' retrieved from /opt/airflow/dags/process_sales_dag.py
[2025-06-18T11:50:37.436+0000] {logging_mixin.py:188} INFO - [2025-06-18T11:50:37.436+0000] {dag.py:3096} INFO - Sync 1 DAGs
[2025-06-18T11:50:37.467+0000] {logging_mixin.py:188} INFO - [2025-06-18T11:50:37.466+0000] {dag.py:3954} INFO - Setting next_dagrun for process_sales to None, run_after=None
[2025-06-18T11:50:37.506+0000] {processor.py:183} INFO - Processing /opt/airflow/dags/process_sales_dag.py took 0.303 seconds
[2025-06-18T11:51:08.063+0000] {processor.py:161} INFO - Started process (PID=242) to work on /opt/airflow/dags/process_sales_dag.py
[2025-06-18T11:51:08.068+0000] {processor.py:830} INFO - Processing file /opt/airflow/dags/process_sales_dag.py for tasks to queue
[2025-06-18T11:51:08.078+0000] {logging_mixin.py:188} INFO - [2025-06-18T11:51:08.076+0000] {dagbag.py:545} INFO - Filling up the DagBag from /opt/airflow/dags/process_sales_dag.py
[2025-06-18T11:51:08.154+0000] {processor.py:840} INFO - DAG(s) 'process_sales' retrieved from /opt/airflow/dags/process_sales_dag.py
[2025-06-18T11:51:08.224+0000] {logging_mixin.py:188} INFO - [2025-06-18T11:51:08.223+0000] {dag.py:3096} INFO - Sync 1 DAGs
[2025-06-18T11:51:08.253+0000] {logging_mixin.py:188} INFO - [2025-06-18T11:51:08.253+0000] {dag.py:3954} INFO - Setting next_dagrun for process_sales to None, run_after=None
[2025-06-18T11:51:08.305+0000] {processor.py:183} INFO - Processing /opt/airflow/dags/process_sales_dag.py took 0.276 seconds
[2025-06-18T11:51:38.870+0000] {processor.py:161} INFO - Started process (PID=257) to work on /opt/airflow/dags/process_sales_dag.py
[2025-06-18T11:51:38.873+0000] {processor.py:830} INFO - Processing file /opt/airflow/dags/process_sales_dag.py for tasks to queue
[2025-06-18T11:51:38.878+0000] {logging_mixin.py:188} INFO - [2025-06-18T11:51:38.877+0000] {dagbag.py:545} INFO - Filling up the DagBag from /opt/airflow/dags/process_sales_dag.py
[2025-06-18T11:51:38.924+0000] {processor.py:840} INFO - DAG(s) 'process_sales' retrieved from /opt/airflow/dags/process_sales_dag.py
[2025-06-18T11:51:38.987+0000] {logging_mixin.py:188} INFO - [2025-06-18T11:51:38.987+0000] {dag.py:3096} INFO - Sync 1 DAGs
[2025-06-18T11:51:39.017+0000] {logging_mixin.py:188} INFO - [2025-06-18T11:51:39.016+0000] {dag.py:3954} INFO - Setting next_dagrun for process_sales to None, run_after=None
[2025-06-18T11:51:39.064+0000] {processor.py:183} INFO - Processing /opt/airflow/dags/process_sales_dag.py took 0.212 seconds
[2025-06-18T11:52:09.748+0000] {processor.py:161} INFO - Started process (PID=272) to work on /opt/airflow/dags/process_sales_dag.py
[2025-06-18T11:52:09.750+0000] {processor.py:830} INFO - Processing file /opt/airflow/dags/process_sales_dag.py for tasks to queue
[2025-06-18T11:52:09.756+0000] {logging_mixin.py:188} INFO - [2025-06-18T11:52:09.755+0000] {dagbag.py:545} INFO - Filling up the DagBag from /opt/airflow/dags/process_sales_dag.py
[2025-06-18T11:52:09.802+0000] {processor.py:840} INFO - DAG(s) 'process_sales' retrieved from /opt/airflow/dags/process_sales_dag.py
[2025-06-18T11:52:09.875+0000] {logging_mixin.py:188} INFO - [2025-06-18T11:52:09.874+0000] {dag.py:3096} INFO - Sync 1 DAGs
[2025-06-18T11:52:09.911+0000] {logging_mixin.py:188} INFO - [2025-06-18T11:52:09.911+0000] {dag.py:3954} INFO - Setting next_dagrun for process_sales to None, run_after=None
[2025-06-18T11:52:09.959+0000] {processor.py:183} INFO - Processing /opt/airflow/dags/process_sales_dag.py took 0.222 seconds
[2025-06-18T11:52:40.381+0000] {processor.py:161} INFO - Started process (PID=287) to work on /opt/airflow/dags/process_sales_dag.py
[2025-06-18T11:52:40.386+0000] {processor.py:830} INFO - Processing file /opt/airflow/dags/process_sales_dag.py for tasks to queue
[2025-06-18T11:52:40.399+0000] {logging_mixin.py:188} INFO - [2025-06-18T11:52:40.398+0000] {dagbag.py:545} INFO - Filling up the DagBag from /opt/airflow/dags/process_sales_dag.py
[2025-06-18T11:52:40.523+0000] {processor.py:840} INFO - DAG(s) 'process_sales' retrieved from /opt/airflow/dags/process_sales_dag.py
[2025-06-18T11:52:40.680+0000] {logging_mixin.py:188} INFO - [2025-06-18T11:52:40.679+0000] {dag.py:3096} INFO - Sync 1 DAGs
[2025-06-18T11:52:40.729+0000] {logging_mixin.py:188} INFO - [2025-06-18T11:52:40.728+0000] {dag.py:3954} INFO - Setting next_dagrun for process_sales to None, run_after=None
[2025-06-18T11:52:40.825+0000] {processor.py:183} INFO - Processing /opt/airflow/dags/process_sales_dag.py took 0.475 seconds
[2025-06-18T11:53:11.525+0000] {processor.py:161} INFO - Started process (PID=302) to work on /opt/airflow/dags/process_sales_dag.py
[2025-06-18T11:53:11.528+0000] {processor.py:830} INFO - Processing file /opt/airflow/dags/process_sales_dag.py for tasks to queue
[2025-06-18T11:53:11.533+0000] {logging_mixin.py:188} INFO - [2025-06-18T11:53:11.532+0000] {dagbag.py:545} INFO - Filling up the DagBag from /opt/airflow/dags/process_sales_dag.py
[2025-06-18T11:53:11.578+0000] {processor.py:840} INFO - DAG(s) 'process_sales' retrieved from /opt/airflow/dags/process_sales_dag.py
[2025-06-18T11:53:11.631+0000] {logging_mixin.py:188} INFO - [2025-06-18T11:53:11.631+0000] {dag.py:3096} INFO - Sync 1 DAGs
[2025-06-18T11:53:11.647+0000] {logging_mixin.py:188} INFO - [2025-06-18T11:53:11.646+0000] {dag.py:3954} INFO - Setting next_dagrun for process_sales to None, run_after=None
[2025-06-18T11:53:11.677+0000] {processor.py:183} INFO - Processing /opt/airflow/dags/process_sales_dag.py took 0.173 seconds
[2025-06-18T11:53:42.372+0000] {processor.py:161} INFO - Started process (PID=317) to work on /opt/airflow/dags/process_sales_dag.py
[2025-06-18T11:53:42.375+0000] {processor.py:830} INFO - Processing file /opt/airflow/dags/process_sales_dag.py for tasks to queue
[2025-06-18T11:53:42.379+0000] {logging_mixin.py:188} INFO - [2025-06-18T11:53:42.378+0000] {dagbag.py:545} INFO - Filling up the DagBag from /opt/airflow/dags/process_sales_dag.py
[2025-06-18T11:53:42.416+0000] {processor.py:840} INFO - DAG(s) 'process_sales' retrieved from /opt/airflow/dags/process_sales_dag.py
[2025-06-18T11:53:42.458+0000] {logging_mixin.py:188} INFO - [2025-06-18T11:53:42.458+0000] {dag.py:3096} INFO - Sync 1 DAGs
[2025-06-18T11:53:42.802+0000] {logging_mixin.py:188} INFO - [2025-06-18T11:53:42.802+0000] {dag.py:3954} INFO - Setting next_dagrun for process_sales to None, run_after=None
[2025-06-18T11:53:42.875+0000] {processor.py:183} INFO - Processing /opt/airflow/dags/process_sales_dag.py took 0.514 seconds
[2025-06-18T11:54:13.177+0000] {processor.py:161} INFO - Started process (PID=332) to work on /opt/airflow/dags/process_sales_dag.py
[2025-06-18T11:54:13.179+0000] {processor.py:830} INFO - Processing file /opt/airflow/dags/process_sales_dag.py for tasks to queue
[2025-06-18T11:54:13.182+0000] {logging_mixin.py:188} INFO - [2025-06-18T11:54:13.182+0000] {dagbag.py:545} INFO - Filling up the DagBag from /opt/airflow/dags/process_sales_dag.py
[2025-06-18T11:54:13.214+0000] {processor.py:840} INFO - DAG(s) 'process_sales' retrieved from /opt/airflow/dags/process_sales_dag.py
[2025-06-18T11:54:13.258+0000] {logging_mixin.py:188} INFO - [2025-06-18T11:54:13.258+0000] {dag.py:3096} INFO - Sync 1 DAGs
[2025-06-18T11:54:13.516+0000] {logging_mixin.py:188} INFO - [2025-06-18T11:54:13.515+0000] {dag.py:3954} INFO - Setting next_dagrun for process_sales to None, run_after=None
[2025-06-18T11:54:13.589+0000] {processor.py:183} INFO - Processing /opt/airflow/dags/process_sales_dag.py took 0.426 seconds
[2025-06-18T11:54:45.397+0000] {processor.py:161} INFO - Started process (PID=347) to work on /opt/airflow/dags/process_sales_dag.py
[2025-06-18T11:54:45.400+0000] {processor.py:830} INFO - Processing file /opt/airflow/dags/process_sales_dag.py for tasks to queue
[2025-06-18T11:54:45.406+0000] {logging_mixin.py:188} INFO - [2025-06-18T11:54:45.404+0000] {dagbag.py:545} INFO - Filling up the DagBag from /opt/airflow/dags/process_sales_dag.py
[2025-06-18T11:54:45.467+0000] {processor.py:840} INFO - DAG(s) 'process_sales' retrieved from /opt/airflow/dags/process_sales_dag.py
[2025-06-18T11:54:45.768+0000] {logging_mixin.py:188} INFO - [2025-06-18T11:54:45.768+0000] {dag.py:3096} INFO - Sync 1 DAGs
[2025-06-18T11:54:45.787+0000] {logging_mixin.py:188} INFO - [2025-06-18T11:54:45.787+0000] {dag.py:3954} INFO - Setting next_dagrun for process_sales to None, run_after=None
[2025-06-18T11:54:45.831+0000] {processor.py:183} INFO - Processing /opt/airflow/dags/process_sales_dag.py took 0.457 seconds
[2025-06-18T11:55:15.944+0000] {processor.py:161} INFO - Started process (PID=362) to work on /opt/airflow/dags/process_sales_dag.py
[2025-06-18T11:55:15.945+0000] {processor.py:830} INFO - Processing file /opt/airflow/dags/process_sales_dag.py for tasks to queue
[2025-06-18T11:55:15.949+0000] {logging_mixin.py:188} INFO - [2025-06-18T11:55:15.948+0000] {dagbag.py:545} INFO - Filling up the DagBag from /opt/airflow/dags/process_sales_dag.py
[2025-06-18T11:55:15.977+0000] {processor.py:840} INFO - DAG(s) 'process_sales' retrieved from /opt/airflow/dags/process_sales_dag.py
[2025-06-18T11:55:16.025+0000] {logging_mixin.py:188} INFO - [2025-06-18T11:55:16.025+0000] {dag.py:3096} INFO - Sync 1 DAGs
[2025-06-18T11:55:16.048+0000] {logging_mixin.py:188} INFO - [2025-06-18T11:55:16.048+0000] {dag.py:3954} INFO - Setting next_dagrun for process_sales to None, run_after=None
[2025-06-18T11:55:16.094+0000] {processor.py:183} INFO - Processing /opt/airflow/dags/process_sales_dag.py took 0.158 seconds
[2025-06-18T11:55:46.427+0000] {processor.py:161} INFO - Started process (PID=377) to work on /opt/airflow/dags/process_sales_dag.py
[2025-06-18T11:55:46.429+0000] {processor.py:830} INFO - Processing file /opt/airflow/dags/process_sales_dag.py for tasks to queue
[2025-06-18T11:55:46.433+0000] {logging_mixin.py:188} INFO - [2025-06-18T11:55:46.432+0000] {dagbag.py:545} INFO - Filling up the DagBag from /opt/airflow/dags/process_sales_dag.py
[2025-06-18T11:55:46.463+0000] {processor.py:840} INFO - DAG(s) 'process_sales' retrieved from /opt/airflow/dags/process_sales_dag.py
[2025-06-18T11:55:46.513+0000] {logging_mixin.py:188} INFO - [2025-06-18T11:55:46.513+0000] {dag.py:3096} INFO - Sync 1 DAGs
[2025-06-18T11:55:46.546+0000] {logging_mixin.py:188} INFO - [2025-06-18T11:55:46.546+0000] {dag.py:3954} INFO - Setting next_dagrun for process_sales to None, run_after=None
[2025-06-18T11:55:46.615+0000] {processor.py:183} INFO - Processing /opt/airflow/dags/process_sales_dag.py took 0.196 seconds
[2025-06-18T11:56:17.756+0000] {processor.py:161} INFO - Started process (PID=392) to work on /opt/airflow/dags/process_sales_dag.py
[2025-06-18T11:56:17.780+0000] {processor.py:830} INFO - Processing file /opt/airflow/dags/process_sales_dag.py for tasks to queue
[2025-06-18T11:56:17.795+0000] {logging_mixin.py:188} INFO - [2025-06-18T11:56:17.788+0000] {dagbag.py:545} INFO - Filling up the DagBag from /opt/airflow/dags/process_sales_dag.py
[2025-06-18T11:56:17.869+0000] {processor.py:840} INFO - DAG(s) 'process_sales' retrieved from /opt/airflow/dags/process_sales_dag.py
[2025-06-18T11:56:18.013+0000] {logging_mixin.py:188} INFO - [2025-06-18T11:56:18.012+0000] {dag.py:3096} INFO - Sync 1 DAGs
[2025-06-18T11:56:18.053+0000] {logging_mixin.py:188} INFO - [2025-06-18T11:56:18.052+0000] {dag.py:3954} INFO - Setting next_dagrun for process_sales to None, run_after=None
[2025-06-18T11:56:18.178+0000] {processor.py:183} INFO - Processing /opt/airflow/dags/process_sales_dag.py took 0.447 seconds
[2025-06-18T11:56:49.195+0000] {processor.py:161} INFO - Started process (PID=407) to work on /opt/airflow/dags/process_sales_dag.py
[2025-06-18T11:56:49.197+0000] {processor.py:830} INFO - Processing file /opt/airflow/dags/process_sales_dag.py for tasks to queue
[2025-06-18T11:56:49.203+0000] {logging_mixin.py:188} INFO - [2025-06-18T11:56:49.202+0000] {dagbag.py:545} INFO - Filling up the DagBag from /opt/airflow/dags/process_sales_dag.py
[2025-06-18T11:56:49.254+0000] {processor.py:840} INFO - DAG(s) 'process_sales' retrieved from /opt/airflow/dags/process_sales_dag.py
[2025-06-18T11:56:49.335+0000] {logging_mixin.py:188} INFO - [2025-06-18T11:56:49.335+0000] {dag.py:3096} INFO - Sync 1 DAGs
[2025-06-18T11:56:49.383+0000] {logging_mixin.py:188} INFO - [2025-06-18T11:56:49.382+0000] {dag.py:3954} INFO - Setting next_dagrun for process_sales to None, run_after=None
[2025-06-18T11:56:49.436+0000] {processor.py:183} INFO - Processing /opt/airflow/dags/process_sales_dag.py took 0.268 seconds
[2025-06-18T11:57:20.042+0000] {processor.py:161} INFO - Started process (PID=422) to work on /opt/airflow/dags/process_sales_dag.py
[2025-06-18T11:57:20.044+0000] {processor.py:830} INFO - Processing file /opt/airflow/dags/process_sales_dag.py for tasks to queue
[2025-06-18T11:57:20.047+0000] {logging_mixin.py:188} INFO - [2025-06-18T11:57:20.046+0000] {dagbag.py:545} INFO - Filling up the DagBag from /opt/airflow/dags/process_sales_dag.py
[2025-06-18T11:57:20.072+0000] {processor.py:840} INFO - DAG(s) 'process_sales' retrieved from /opt/airflow/dags/process_sales_dag.py
[2025-06-18T11:57:20.109+0000] {logging_mixin.py:188} INFO - [2025-06-18T11:57:20.109+0000] {dag.py:3096} INFO - Sync 1 DAGs
[2025-06-18T11:57:20.126+0000] {logging_mixin.py:188} INFO - [2025-06-18T11:57:20.126+0000] {dag.py:3954} INFO - Setting next_dagrun for process_sales to None, run_after=None
[2025-06-18T11:57:20.160+0000] {processor.py:183} INFO - Processing /opt/airflow/dags/process_sales_dag.py took 0.127 seconds
[2025-06-18T11:57:51.313+0000] {processor.py:161} INFO - Started process (PID=435) to work on /opt/airflow/dags/process_sales_dag.py
[2025-06-18T11:57:51.315+0000] {processor.py:830} INFO - Processing file /opt/airflow/dags/process_sales_dag.py for tasks to queue
[2025-06-18T11:57:51.319+0000] {logging_mixin.py:188} INFO - [2025-06-18T11:57:51.319+0000] {dagbag.py:545} INFO - Filling up the DagBag from /opt/airflow/dags/process_sales_dag.py
[2025-06-18T11:57:51.358+0000] {processor.py:840} INFO - DAG(s) 'process_sales' retrieved from /opt/airflow/dags/process_sales_dag.py
[2025-06-18T11:57:51.411+0000] {logging_mixin.py:188} INFO - [2025-06-18T11:57:51.411+0000] {dag.py:3096} INFO - Sync 1 DAGs
[2025-06-18T11:57:51.432+0000] {logging_mixin.py:188} INFO - [2025-06-18T11:57:51.431+0000] {dag.py:3954} INFO - Setting next_dagrun for process_sales to None, run_after=None
[2025-06-18T11:57:51.476+0000] {processor.py:183} INFO - Processing /opt/airflow/dags/process_sales_dag.py took 0.175 seconds
[2025-06-18T11:58:22.082+0000] {processor.py:161} INFO - Started process (PID=452) to work on /opt/airflow/dags/process_sales_dag.py
[2025-06-18T11:58:22.084+0000] {processor.py:830} INFO - Processing file /opt/airflow/dags/process_sales_dag.py for tasks to queue
[2025-06-18T11:58:22.088+0000] {logging_mixin.py:188} INFO - [2025-06-18T11:58:22.087+0000] {dagbag.py:545} INFO - Filling up the DagBag from /opt/airflow/dags/process_sales_dag.py
[2025-06-18T11:58:22.125+0000] {processor.py:840} INFO - DAG(s) 'process_sales' retrieved from /opt/airflow/dags/process_sales_dag.py
[2025-06-18T11:58:22.177+0000] {logging_mixin.py:188} INFO - [2025-06-18T11:58:22.176+0000] {dag.py:3096} INFO - Sync 1 DAGs
[2025-06-18T11:58:22.203+0000] {logging_mixin.py:188} INFO - [2025-06-18T11:58:22.202+0000] {dag.py:3954} INFO - Setting next_dagrun for process_sales to None, run_after=None
[2025-06-18T11:58:22.247+0000] {processor.py:183} INFO - Processing /opt/airflow/dags/process_sales_dag.py took 0.178 seconds
[2025-06-18T11:58:53.198+0000] {processor.py:161} INFO - Started process (PID=467) to work on /opt/airflow/dags/process_sales_dag.py
[2025-06-18T11:58:53.200+0000] {processor.py:830} INFO - Processing file /opt/airflow/dags/process_sales_dag.py for tasks to queue
[2025-06-18T11:58:53.203+0000] {logging_mixin.py:188} INFO - [2025-06-18T11:58:53.202+0000] {dagbag.py:545} INFO - Filling up the DagBag from /opt/airflow/dags/process_sales_dag.py
[2025-06-18T11:58:53.231+0000] {processor.py:840} INFO - DAG(s) 'process_sales' retrieved from /opt/airflow/dags/process_sales_dag.py
[2025-06-18T11:58:53.268+0000] {logging_mixin.py:188} INFO - [2025-06-18T11:58:53.268+0000] {dag.py:3096} INFO - Sync 1 DAGs
[2025-06-18T11:58:53.287+0000] {logging_mixin.py:188} INFO - [2025-06-18T11:58:53.286+0000] {dag.py:3954} INFO - Setting next_dagrun for process_sales to None, run_after=None
[2025-06-18T11:58:53.316+0000] {processor.py:183} INFO - Processing /opt/airflow/dags/process_sales_dag.py took 0.128 seconds
[2025-06-18T11:59:24.084+0000] {processor.py:161} INFO - Started process (PID=480) to work on /opt/airflow/dags/process_sales_dag.py
[2025-06-18T11:59:24.090+0000] {processor.py:830} INFO - Processing file /opt/airflow/dags/process_sales_dag.py for tasks to queue
[2025-06-18T11:59:24.103+0000] {logging_mixin.py:188} INFO - [2025-06-18T11:59:24.102+0000] {dagbag.py:545} INFO - Filling up the DagBag from /opt/airflow/dags/process_sales_dag.py
[2025-06-18T11:59:24.176+0000] {processor.py:840} INFO - DAG(s) 'process_sales' retrieved from /opt/airflow/dags/process_sales_dag.py
[2025-06-18T11:59:24.325+0000] {logging_mixin.py:188} INFO - [2025-06-18T11:59:24.325+0000] {dag.py:3096} INFO - Sync 1 DAGs
[2025-06-18T11:59:24.386+0000] {logging_mixin.py:188} INFO - [2025-06-18T11:59:24.386+0000] {dag.py:3954} INFO - Setting next_dagrun for process_sales to None, run_after=None
[2025-06-18T11:59:24.433+0000] {processor.py:183} INFO - Processing /opt/airflow/dags/process_sales_dag.py took 0.378 seconds
[2025-06-18T11:59:55.274+0000] {processor.py:161} INFO - Started process (PID=497) to work on /opt/airflow/dags/process_sales_dag.py
[2025-06-18T11:59:55.278+0000] {processor.py:830} INFO - Processing file /opt/airflow/dags/process_sales_dag.py for tasks to queue
[2025-06-18T11:59:55.283+0000] {logging_mixin.py:188} INFO - [2025-06-18T11:59:55.282+0000] {dagbag.py:545} INFO - Filling up the DagBag from /opt/airflow/dags/process_sales_dag.py
[2025-06-18T11:59:55.390+0000] {processor.py:840} INFO - DAG(s) 'process_sales' retrieved from /opt/airflow/dags/process_sales_dag.py
[2025-06-18T11:59:55.455+0000] {logging_mixin.py:188} INFO - [2025-06-18T11:59:55.454+0000] {dag.py:3096} INFO - Sync 1 DAGs
[2025-06-18T11:59:55.479+0000] {logging_mixin.py:188} INFO - [2025-06-18T11:59:55.479+0000] {dag.py:3954} INFO - Setting next_dagrun for process_sales to None, run_after=None
[2025-06-18T11:59:55.516+0000] {processor.py:183} INFO - Processing /opt/airflow/dags/process_sales_dag.py took 0.261 seconds
[2025-06-18T12:00:26.533+0000] {processor.py:161} INFO - Started process (PID=512) to work on /opt/airflow/dags/process_sales_dag.py
[2025-06-18T12:00:26.536+0000] {processor.py:830} INFO - Processing file /opt/airflow/dags/process_sales_dag.py for tasks to queue
[2025-06-18T12:00:26.543+0000] {logging_mixin.py:188} INFO - [2025-06-18T12:00:26.542+0000] {dagbag.py:545} INFO - Filling up the DagBag from /opt/airflow/dags/process_sales_dag.py
[2025-06-18T12:00:26.589+0000] {processor.py:840} INFO - DAG(s) 'process_sales' retrieved from /opt/airflow/dags/process_sales_dag.py
[2025-06-18T12:00:26.658+0000] {logging_mixin.py:188} INFO - [2025-06-18T12:00:26.657+0000] {dag.py:3096} INFO - Sync 1 DAGs
[2025-06-18T12:00:26.688+0000] {logging_mixin.py:188} INFO - [2025-06-18T12:00:26.688+0000] {dag.py:3954} INFO - Setting next_dagrun for process_sales to None, run_after=None
[2025-06-18T12:00:26.735+0000] {processor.py:183} INFO - Processing /opt/airflow/dags/process_sales_dag.py took 0.218 seconds
[2025-06-18T12:00:57.321+0000] {processor.py:161} INFO - Started process (PID=527) to work on /opt/airflow/dags/process_sales_dag.py
[2025-06-18T12:00:57.323+0000] {processor.py:830} INFO - Processing file /opt/airflow/dags/process_sales_dag.py for tasks to queue
[2025-06-18T12:00:57.327+0000] {logging_mixin.py:188} INFO - [2025-06-18T12:00:57.326+0000] {dagbag.py:545} INFO - Filling up the DagBag from /opt/airflow/dags/process_sales_dag.py
[2025-06-18T12:00:57.351+0000] {processor.py:840} INFO - DAG(s) 'process_sales' retrieved from /opt/airflow/dags/process_sales_dag.py
[2025-06-18T12:00:57.389+0000] {logging_mixin.py:188} INFO - [2025-06-18T12:00:57.389+0000] {dag.py:3096} INFO - Sync 1 DAGs
[2025-06-18T12:00:57.408+0000] {logging_mixin.py:188} INFO - [2025-06-18T12:00:57.408+0000] {dag.py:3954} INFO - Setting next_dagrun for process_sales to None, run_after=None
[2025-06-18T12:00:57.451+0000] {processor.py:183} INFO - Processing /opt/airflow/dags/process_sales_dag.py took 0.139 seconds
[2025-06-18T12:01:28.325+0000] {processor.py:161} INFO - Started process (PID=542) to work on /opt/airflow/dags/process_sales_dag.py
[2025-06-18T12:01:28.327+0000] {processor.py:830} INFO - Processing file /opt/airflow/dags/process_sales_dag.py for tasks to queue
[2025-06-18T12:01:28.330+0000] {logging_mixin.py:188} INFO - [2025-06-18T12:01:28.329+0000] {dagbag.py:545} INFO - Filling up the DagBag from /opt/airflow/dags/process_sales_dag.py
[2025-06-18T12:01:28.361+0000] {processor.py:840} INFO - DAG(s) 'process_sales' retrieved from /opt/airflow/dags/process_sales_dag.py
[2025-06-18T12:01:28.424+0000] {logging_mixin.py:188} INFO - [2025-06-18T12:01:28.424+0000] {dag.py:3096} INFO - Sync 1 DAGs
[2025-06-18T12:01:28.456+0000] {logging_mixin.py:188} INFO - [2025-06-18T12:01:28.455+0000] {dag.py:3954} INFO - Setting next_dagrun for process_sales to None, run_after=None
[2025-06-18T12:01:28.513+0000] {processor.py:183} INFO - Processing /opt/airflow/dags/process_sales_dag.py took 0.198 seconds
[2025-06-18T12:01:59.105+0000] {processor.py:161} INFO - Started process (PID=557) to work on /opt/airflow/dags/process_sales_dag.py
[2025-06-18T12:01:59.108+0000] {processor.py:830} INFO - Processing file /opt/airflow/dags/process_sales_dag.py for tasks to queue
[2025-06-18T12:01:59.113+0000] {logging_mixin.py:188} INFO - [2025-06-18T12:01:59.113+0000] {dagbag.py:545} INFO - Filling up the DagBag from /opt/airflow/dags/process_sales_dag.py
[2025-06-18T12:01:59.141+0000] {processor.py:840} INFO - DAG(s) 'process_sales' retrieved from /opt/airflow/dags/process_sales_dag.py
[2025-06-18T12:01:59.179+0000] {logging_mixin.py:188} INFO - [2025-06-18T12:01:59.179+0000] {dag.py:3096} INFO - Sync 1 DAGs
[2025-06-18T12:01:59.196+0000] {logging_mixin.py:188} INFO - [2025-06-18T12:01:59.196+0000] {dag.py:3954} INFO - Setting next_dagrun for process_sales to None, run_after=None
[2025-06-18T12:01:59.235+0000] {processor.py:183} INFO - Processing /opt/airflow/dags/process_sales_dag.py took 0.153 seconds
[2025-06-18T12:02:29.590+0000] {processor.py:161} INFO - Started process (PID=572) to work on /opt/airflow/dags/process_sales_dag.py
[2025-06-18T12:02:29.591+0000] {processor.py:830} INFO - Processing file /opt/airflow/dags/process_sales_dag.py for tasks to queue
[2025-06-18T12:02:29.596+0000] {logging_mixin.py:188} INFO - [2025-06-18T12:02:29.595+0000] {dagbag.py:545} INFO - Filling up the DagBag from /opt/airflow/dags/process_sales_dag.py
[2025-06-18T12:02:29.624+0000] {processor.py:840} INFO - DAG(s) 'process_sales' retrieved from /opt/airflow/dags/process_sales_dag.py
[2025-06-18T12:02:29.675+0000] {logging_mixin.py:188} INFO - [2025-06-18T12:02:29.675+0000] {dag.py:3096} INFO - Sync 1 DAGs
[2025-06-18T12:02:29.697+0000] {logging_mixin.py:188} INFO - [2025-06-18T12:02:29.696+0000] {dag.py:3954} INFO - Setting next_dagrun for process_sales to None, run_after=None
[2025-06-18T12:02:29.729+0000] {processor.py:183} INFO - Processing /opt/airflow/dags/process_sales_dag.py took 0.152 seconds
[2025-06-18T12:03:00.424+0000] {processor.py:161} INFO - Started process (PID=587) to work on /opt/airflow/dags/process_sales_dag.py
[2025-06-18T12:03:00.426+0000] {processor.py:830} INFO - Processing file /opt/airflow/dags/process_sales_dag.py for tasks to queue
[2025-06-18T12:03:00.431+0000] {logging_mixin.py:188} INFO - [2025-06-18T12:03:00.430+0000] {dagbag.py:545} INFO - Filling up the DagBag from /opt/airflow/dags/process_sales_dag.py
[2025-06-18T12:03:00.482+0000] {processor.py:840} INFO - DAG(s) 'process_sales' retrieved from /opt/airflow/dags/process_sales_dag.py
[2025-06-18T12:03:00.529+0000] {logging_mixin.py:188} INFO - [2025-06-18T12:03:00.529+0000] {dag.py:3096} INFO - Sync 1 DAGs
[2025-06-18T12:03:00.557+0000] {logging_mixin.py:188} INFO - [2025-06-18T12:03:00.556+0000] {dag.py:3954} INFO - Setting next_dagrun for process_sales to None, run_after=None
[2025-06-18T12:03:00.601+0000] {processor.py:183} INFO - Processing /opt/airflow/dags/process_sales_dag.py took 0.192 seconds
[2025-06-18T12:03:31.633+0000] {processor.py:161} INFO - Started process (PID=602) to work on /opt/airflow/dags/process_sales_dag.py
[2025-06-18T12:03:31.636+0000] {processor.py:830} INFO - Processing file /opt/airflow/dags/process_sales_dag.py for tasks to queue
[2025-06-18T12:03:31.641+0000] {logging_mixin.py:188} INFO - [2025-06-18T12:03:31.640+0000] {dagbag.py:545} INFO - Filling up the DagBag from /opt/airflow/dags/process_sales_dag.py
[2025-06-18T12:03:31.684+0000] {processor.py:840} INFO - DAG(s) 'process_sales' retrieved from /opt/airflow/dags/process_sales_dag.py
[2025-06-18T12:03:31.752+0000] {logging_mixin.py:188} INFO - [2025-06-18T12:03:31.752+0000] {dag.py:3096} INFO - Sync 1 DAGs
[2025-06-18T12:03:31.777+0000] {logging_mixin.py:188} INFO - [2025-06-18T12:03:31.777+0000] {dag.py:3954} INFO - Setting next_dagrun for process_sales to None, run_after=None
[2025-06-18T12:03:31.828+0000] {processor.py:183} INFO - Processing /opt/airflow/dags/process_sales_dag.py took 0.214 seconds
[2025-06-18T12:04:02.637+0000] {processor.py:161} INFO - Started process (PID=617) to work on /opt/airflow/dags/process_sales_dag.py
[2025-06-18T12:04:02.642+0000] {processor.py:830} INFO - Processing file /opt/airflow/dags/process_sales_dag.py for tasks to queue
[2025-06-18T12:04:02.646+0000] {logging_mixin.py:188} INFO - [2025-06-18T12:04:02.645+0000] {dagbag.py:545} INFO - Filling up the DagBag from /opt/airflow/dags/process_sales_dag.py
[2025-06-18T12:04:02.680+0000] {processor.py:840} INFO - DAG(s) 'process_sales' retrieved from /opt/airflow/dags/process_sales_dag.py
[2025-06-18T12:04:02.727+0000] {logging_mixin.py:188} INFO - [2025-06-18T12:04:02.726+0000] {dag.py:3096} INFO - Sync 1 DAGs
[2025-06-18T12:04:02.750+0000] {logging_mixin.py:188} INFO - [2025-06-18T12:04:02.750+0000] {dag.py:3954} INFO - Setting next_dagrun for process_sales to None, run_after=None
[2025-06-18T12:04:02.804+0000] {processor.py:183} INFO - Processing /opt/airflow/dags/process_sales_dag.py took 0.180 seconds
[2025-06-18T12:04:33.441+0000] {processor.py:161} INFO - Started process (PID=630) to work on /opt/airflow/dags/process_sales_dag.py
[2025-06-18T12:04:33.444+0000] {processor.py:830} INFO - Processing file /opt/airflow/dags/process_sales_dag.py for tasks to queue
[2025-06-18T12:04:33.452+0000] {logging_mixin.py:188} INFO - [2025-06-18T12:04:33.451+0000] {dagbag.py:545} INFO - Filling up the DagBag from /opt/airflow/dags/process_sales_dag.py
[2025-06-18T12:04:33.502+0000] {processor.py:840} INFO - DAG(s) 'process_sales' retrieved from /opt/airflow/dags/process_sales_dag.py
[2025-06-18T12:04:33.547+0000] {logging_mixin.py:188} INFO - [2025-06-18T12:04:33.547+0000] {dag.py:3096} INFO - Sync 1 DAGs
[2025-06-18T12:04:33.571+0000] {logging_mixin.py:188} INFO - [2025-06-18T12:04:33.570+0000] {dag.py:3954} INFO - Setting next_dagrun for process_sales to None, run_after=None
[2025-06-18T12:04:33.615+0000] {processor.py:183} INFO - Processing /opt/airflow/dags/process_sales_dag.py took 0.191 seconds
[2025-06-18T12:05:05.329+0000] {processor.py:161} INFO - Started process (PID=647) to work on /opt/airflow/dags/process_sales_dag.py
[2025-06-18T12:05:05.331+0000] {processor.py:830} INFO - Processing file /opt/airflow/dags/process_sales_dag.py for tasks to queue
[2025-06-18T12:05:05.336+0000] {logging_mixin.py:188} INFO - [2025-06-18T12:05:05.335+0000] {dagbag.py:545} INFO - Filling up the DagBag from /opt/airflow/dags/process_sales_dag.py
[2025-06-18T12:05:05.376+0000] {processor.py:840} INFO - DAG(s) 'process_sales' retrieved from /opt/airflow/dags/process_sales_dag.py
[2025-06-18T12:05:05.438+0000] {logging_mixin.py:188} INFO - [2025-06-18T12:05:05.438+0000] {dag.py:3096} INFO - Sync 1 DAGs
[2025-06-18T12:05:05.467+0000] {logging_mixin.py:188} INFO - [2025-06-18T12:05:05.467+0000] {dag.py:3954} INFO - Setting next_dagrun for process_sales to None, run_after=None
[2025-06-18T12:05:05.559+0000] {processor.py:183} INFO - Processing /opt/airflow/dags/process_sales_dag.py took 0.250 seconds
[2025-06-18T12:05:36.601+0000] {processor.py:161} INFO - Started process (PID=662) to work on /opt/airflow/dags/process_sales_dag.py
[2025-06-18T12:05:36.603+0000] {processor.py:830} INFO - Processing file /opt/airflow/dags/process_sales_dag.py for tasks to queue
[2025-06-18T12:05:36.611+0000] {logging_mixin.py:188} INFO - [2025-06-18T12:05:36.611+0000] {dagbag.py:545} INFO - Filling up the DagBag from /opt/airflow/dags/process_sales_dag.py
[2025-06-18T12:05:36.652+0000] {processor.py:840} INFO - DAG(s) 'process_sales' retrieved from /opt/airflow/dags/process_sales_dag.py
[2025-06-18T12:05:36.741+0000] {logging_mixin.py:188} INFO - [2025-06-18T12:05:36.741+0000] {dag.py:3096} INFO - Sync 1 DAGs
[2025-06-18T12:05:36.772+0000] {logging_mixin.py:188} INFO - [2025-06-18T12:05:36.771+0000] {dag.py:3954} INFO - Setting next_dagrun for process_sales to None, run_after=None
[2025-06-18T12:05:36.841+0000] {processor.py:183} INFO - Processing /opt/airflow/dags/process_sales_dag.py took 0.269 seconds
[2025-06-18T12:06:08.312+0000] {processor.py:161} INFO - Started process (PID=675) to work on /opt/airflow/dags/process_sales_dag.py
[2025-06-18T12:06:08.319+0000] {processor.py:830} INFO - Processing file /opt/airflow/dags/process_sales_dag.py for tasks to queue
[2025-06-18T12:06:08.325+0000] {logging_mixin.py:188} INFO - [2025-06-18T12:06:08.324+0000] {dagbag.py:545} INFO - Filling up the DagBag from /opt/airflow/dags/process_sales_dag.py
[2025-06-18T12:06:08.384+0000] {processor.py:840} INFO - DAG(s) 'process_sales' retrieved from /opt/airflow/dags/process_sales_dag.py
[2025-06-18T12:06:08.442+0000] {logging_mixin.py:188} INFO - [2025-06-18T12:06:08.442+0000] {dag.py:3096} INFO - Sync 1 DAGs
[2025-06-18T12:06:08.464+0000] {logging_mixin.py:188} INFO - [2025-06-18T12:06:08.464+0000] {dag.py:3954} INFO - Setting next_dagrun for process_sales to None, run_after=None
[2025-06-18T12:06:08.496+0000] {processor.py:183} INFO - Processing /opt/airflow/dags/process_sales_dag.py took 0.202 seconds
[2025-06-18T12:06:40.253+0000] {processor.py:161} INFO - Started process (PID=692) to work on /opt/airflow/dags/process_sales_dag.py
[2025-06-18T12:06:40.255+0000] {processor.py:830} INFO - Processing file /opt/airflow/dags/process_sales_dag.py for tasks to queue
[2025-06-18T12:06:40.259+0000] {logging_mixin.py:188} INFO - [2025-06-18T12:06:40.258+0000] {dagbag.py:545} INFO - Filling up the DagBag from /opt/airflow/dags/process_sales_dag.py
[2025-06-18T12:06:40.288+0000] {processor.py:840} INFO - DAG(s) 'process_sales' retrieved from /opt/airflow/dags/process_sales_dag.py
[2025-06-18T12:06:40.334+0000] {logging_mixin.py:188} INFO - [2025-06-18T12:06:40.334+0000] {dag.py:3096} INFO - Sync 1 DAGs
[2025-06-18T12:06:40.356+0000] {logging_mixin.py:188} INFO - [2025-06-18T12:06:40.355+0000] {dag.py:3954} INFO - Setting next_dagrun for process_sales to None, run_after=None
[2025-06-18T12:06:40.404+0000] {processor.py:183} INFO - Processing /opt/airflow/dags/process_sales_dag.py took 0.163 seconds
[2025-06-18T12:07:10.938+0000] {processor.py:161} INFO - Started process (PID=707) to work on /opt/airflow/dags/process_sales_dag.py
[2025-06-18T12:07:10.940+0000] {processor.py:830} INFO - Processing file /opt/airflow/dags/process_sales_dag.py for tasks to queue
[2025-06-18T12:07:10.943+0000] {logging_mixin.py:188} INFO - [2025-06-18T12:07:10.942+0000] {dagbag.py:545} INFO - Filling up the DagBag from /opt/airflow/dags/process_sales_dag.py
[2025-06-18T12:07:10.972+0000] {processor.py:840} INFO - DAG(s) 'process_sales' retrieved from /opt/airflow/dags/process_sales_dag.py
[2025-06-18T12:07:11.016+0000] {logging_mixin.py:188} INFO - [2025-06-18T12:07:11.015+0000] {dag.py:3096} INFO - Sync 1 DAGs
[2025-06-18T12:07:11.034+0000] {logging_mixin.py:188} INFO - [2025-06-18T12:07:11.033+0000] {dag.py:3954} INFO - Setting next_dagrun for process_sales to None, run_after=None
[2025-06-18T12:07:11.065+0000] {processor.py:183} INFO - Processing /opt/airflow/dags/process_sales_dag.py took 0.138 seconds
[2025-06-18T12:07:41.912+0000] {processor.py:161} INFO - Started process (PID=722) to work on /opt/airflow/dags/process_sales_dag.py
[2025-06-18T12:07:41.915+0000] {processor.py:830} INFO - Processing file /opt/airflow/dags/process_sales_dag.py for tasks to queue
[2025-06-18T12:07:41.918+0000] {logging_mixin.py:188} INFO - [2025-06-18T12:07:41.917+0000] {dagbag.py:545} INFO - Filling up the DagBag from /opt/airflow/dags/process_sales_dag.py
[2025-06-18T12:07:41.949+0000] {processor.py:840} INFO - DAG(s) 'process_sales' retrieved from /opt/airflow/dags/process_sales_dag.py
[2025-06-18T12:07:41.995+0000] {logging_mixin.py:188} INFO - [2025-06-18T12:07:41.995+0000] {dag.py:3096} INFO - Sync 1 DAGs
[2025-06-18T12:07:42.013+0000] {logging_mixin.py:188} INFO - [2025-06-18T12:07:42.013+0000] {dag.py:3954} INFO - Setting next_dagrun for process_sales to None, run_after=None
[2025-06-18T12:07:42.054+0000] {processor.py:183} INFO - Processing /opt/airflow/dags/process_sales_dag.py took 0.157 seconds
[2025-06-18T12:08:13.867+0000] {processor.py:161} INFO - Started process (PID=737) to work on /opt/airflow/dags/process_sales_dag.py
[2025-06-18T12:08:13.870+0000] {processor.py:830} INFO - Processing file /opt/airflow/dags/process_sales_dag.py for tasks to queue
[2025-06-18T12:08:13.872+0000] {logging_mixin.py:188} INFO - [2025-06-18T12:08:13.872+0000] {dagbag.py:545} INFO - Filling up the DagBag from /opt/airflow/dags/process_sales_dag.py
[2025-06-18T12:08:13.903+0000] {processor.py:840} INFO - DAG(s) 'process_sales' retrieved from /opt/airflow/dags/process_sales_dag.py
[2025-06-18T12:08:13.942+0000] {logging_mixin.py:188} INFO - [2025-06-18T12:08:13.941+0000] {dag.py:3096} INFO - Sync 1 DAGs
[2025-06-18T12:08:13.960+0000] {logging_mixin.py:188} INFO - [2025-06-18T12:08:13.960+0000] {dag.py:3954} INFO - Setting next_dagrun for process_sales to None, run_after=None
[2025-06-18T12:08:13.991+0000] {processor.py:183} INFO - Processing /opt/airflow/dags/process_sales_dag.py took 0.134 seconds
[2025-06-18T12:08:45.623+0000] {processor.py:161} INFO - Started process (PID=752) to work on /opt/airflow/dags/process_sales_dag.py
[2025-06-18T12:08:45.627+0000] {processor.py:830} INFO - Processing file /opt/airflow/dags/process_sales_dag.py for tasks to queue
[2025-06-18T12:08:45.630+0000] {logging_mixin.py:188} INFO - [2025-06-18T12:08:45.630+0000] {dagbag.py:545} INFO - Filling up the DagBag from /opt/airflow/dags/process_sales_dag.py
[2025-06-18T12:08:45.663+0000] {processor.py:840} INFO - DAG(s) 'process_sales' retrieved from /opt/airflow/dags/process_sales_dag.py
[2025-06-18T12:08:45.720+0000] {logging_mixin.py:188} INFO - [2025-06-18T12:08:45.720+0000] {dag.py:3096} INFO - Sync 1 DAGs
[2025-06-18T12:08:45.750+0000] {logging_mixin.py:188} INFO - [2025-06-18T12:08:45.750+0000] {dag.py:3954} INFO - Setting next_dagrun for process_sales to None, run_after=None
[2025-06-18T12:08:45.882+0000] {processor.py:183} INFO - Processing /opt/airflow/dags/process_sales_dag.py took 0.272 seconds
[2025-06-18T12:09:16.264+0000] {processor.py:161} INFO - Started process (PID=767) to work on /opt/airflow/dags/process_sales_dag.py
[2025-06-18T12:09:16.266+0000] {processor.py:830} INFO - Processing file /opt/airflow/dags/process_sales_dag.py for tasks to queue
[2025-06-18T12:09:16.270+0000] {logging_mixin.py:188} INFO - [2025-06-18T12:09:16.269+0000] {dagbag.py:545} INFO - Filling up the DagBag from /opt/airflow/dags/process_sales_dag.py
[2025-06-18T12:09:16.305+0000] {processor.py:840} INFO - DAG(s) 'process_sales' retrieved from /opt/airflow/dags/process_sales_dag.py
[2025-06-18T12:09:16.351+0000] {logging_mixin.py:188} INFO - [2025-06-18T12:09:16.351+0000] {dag.py:3096} INFO - Sync 1 DAGs
[2025-06-18T12:09:16.370+0000] {logging_mixin.py:188} INFO - [2025-06-18T12:09:16.370+0000] {dag.py:3954} INFO - Setting next_dagrun for process_sales to None, run_after=None
[2025-06-18T12:09:16.413+0000] {processor.py:183} INFO - Processing /opt/airflow/dags/process_sales_dag.py took 0.162 seconds
[2025-06-18T12:09:47.730+0000] {processor.py:161} INFO - Started process (PID=780) to work on /opt/airflow/dags/process_sales_dag.py
[2025-06-18T12:09:47.736+0000] {processor.py:830} INFO - Processing file /opt/airflow/dags/process_sales_dag.py for tasks to queue
[2025-06-18T12:09:47.743+0000] {logging_mixin.py:188} INFO - [2025-06-18T12:09:47.741+0000] {dagbag.py:545} INFO - Filling up the DagBag from /opt/airflow/dags/process_sales_dag.py
[2025-06-18T12:09:47.803+0000] {processor.py:840} INFO - DAG(s) 'process_sales' retrieved from /opt/airflow/dags/process_sales_dag.py
[2025-06-18T12:09:47.958+0000] {logging_mixin.py:188} INFO - [2025-06-18T12:09:47.957+0000] {dag.py:3096} INFO - Sync 1 DAGs
[2025-06-18T12:09:48.020+0000] {logging_mixin.py:188} INFO - [2025-06-18T12:09:48.019+0000] {dag.py:3954} INFO - Setting next_dagrun for process_sales to None, run_after=None
[2025-06-18T12:09:48.085+0000] {processor.py:183} INFO - Processing /opt/airflow/dags/process_sales_dag.py took 0.379 seconds
[2025-06-18T12:10:18.849+0000] {processor.py:161} INFO - Started process (PID=797) to work on /opt/airflow/dags/process_sales_dag.py
[2025-06-18T12:10:18.854+0000] {processor.py:830} INFO - Processing file /opt/airflow/dags/process_sales_dag.py for tasks to queue
[2025-06-18T12:10:18.859+0000] {logging_mixin.py:188} INFO - [2025-06-18T12:10:18.858+0000] {dagbag.py:545} INFO - Filling up the DagBag from /opt/airflow/dags/process_sales_dag.py
[2025-06-18T12:10:18.916+0000] {processor.py:840} INFO - DAG(s) 'process_sales' retrieved from /opt/airflow/dags/process_sales_dag.py
[2025-06-18T12:10:18.987+0000] {logging_mixin.py:188} INFO - [2025-06-18T12:10:18.987+0000] {dag.py:3096} INFO - Sync 1 DAGs
[2025-06-18T12:10:19.008+0000] {logging_mixin.py:188} INFO - [2025-06-18T12:10:19.008+0000] {dag.py:3954} INFO - Setting next_dagrun for process_sales to None, run_after=None
[2025-06-18T12:10:19.039+0000] {processor.py:183} INFO - Processing /opt/airflow/dags/process_sales_dag.py took 0.207 seconds
[2025-06-18T12:10:49.534+0000] {processor.py:161} INFO - Started process (PID=812) to work on /opt/airflow/dags/process_sales_dag.py
[2025-06-18T12:10:49.537+0000] {processor.py:830} INFO - Processing file /opt/airflow/dags/process_sales_dag.py for tasks to queue
[2025-06-18T12:10:49.543+0000] {logging_mixin.py:188} INFO - [2025-06-18T12:10:49.543+0000] {dagbag.py:545} INFO - Filling up the DagBag from /opt/airflow/dags/process_sales_dag.py
[2025-06-18T12:10:49.599+0000] {processor.py:840} INFO - DAG(s) 'process_sales' retrieved from /opt/airflow/dags/process_sales_dag.py
[2025-06-18T12:10:49.661+0000] {logging_mixin.py:188} INFO - [2025-06-18T12:10:49.661+0000] {dag.py:3096} INFO - Sync 1 DAGs
[2025-06-18T12:10:49.695+0000] {logging_mixin.py:188} INFO - [2025-06-18T12:10:49.694+0000] {dag.py:3954} INFO - Setting next_dagrun for process_sales to None, run_after=None
[2025-06-18T12:10:49.776+0000] {processor.py:183} INFO - Processing /opt/airflow/dags/process_sales_dag.py took 0.258 seconds
[2025-06-18T12:11:20.738+0000] {processor.py:161} INFO - Started process (PID=827) to work on /opt/airflow/dags/process_sales_dag.py
[2025-06-18T12:11:20.742+0000] {processor.py:830} INFO - Processing file /opt/airflow/dags/process_sales_dag.py for tasks to queue
[2025-06-18T12:11:20.747+0000] {logging_mixin.py:188} INFO - [2025-06-18T12:11:20.746+0000] {dagbag.py:545} INFO - Filling up the DagBag from /opt/airflow/dags/process_sales_dag.py
[2025-06-18T12:11:20.789+0000] {processor.py:840} INFO - DAG(s) 'process_sales' retrieved from /opt/airflow/dags/process_sales_dag.py
[2025-06-18T12:11:20.843+0000] {logging_mixin.py:188} INFO - [2025-06-18T12:11:20.842+0000] {dag.py:3096} INFO - Sync 1 DAGs
[2025-06-18T12:11:20.861+0000] {logging_mixin.py:188} INFO - [2025-06-18T12:11:20.860+0000] {dag.py:3954} INFO - Setting next_dagrun for process_sales to None, run_after=None
[2025-06-18T12:11:20.896+0000] {processor.py:183} INFO - Processing /opt/airflow/dags/process_sales_dag.py took 0.175 seconds
[2025-06-18T12:11:52.319+0000] {processor.py:161} INFO - Started process (PID=842) to work on /opt/airflow/dags/process_sales_dag.py
[2025-06-18T12:11:52.328+0000] {processor.py:830} INFO - Processing file /opt/airflow/dags/process_sales_dag.py for tasks to queue
[2025-06-18T12:11:52.333+0000] {logging_mixin.py:188} INFO - [2025-06-18T12:11:52.332+0000] {dagbag.py:545} INFO - Filling up the DagBag from /opt/airflow/dags/process_sales_dag.py
[2025-06-18T12:11:52.383+0000] {processor.py:840} INFO - DAG(s) 'process_sales' retrieved from /opt/airflow/dags/process_sales_dag.py
[2025-06-18T12:11:52.465+0000] {logging_mixin.py:188} INFO - [2025-06-18T12:11:52.465+0000] {dag.py:3096} INFO - Sync 1 DAGs
[2025-06-18T12:11:52.489+0000] {logging_mixin.py:188} INFO - [2025-06-18T12:11:52.489+0000] {dag.py:3954} INFO - Setting next_dagrun for process_sales to None, run_after=None
[2025-06-18T12:11:52.524+0000] {processor.py:183} INFO - Processing /opt/airflow/dags/process_sales_dag.py took 0.241 seconds
[2025-06-18T12:12:23.540+0000] {processor.py:161} INFO - Started process (PID=855) to work on /opt/airflow/dags/process_sales_dag.py
[2025-06-18T12:12:23.543+0000] {processor.py:830} INFO - Processing file /opt/airflow/dags/process_sales_dag.py for tasks to queue
[2025-06-18T12:12:23.565+0000] {logging_mixin.py:188} INFO - [2025-06-18T12:12:23.564+0000] {dagbag.py:545} INFO - Filling up the DagBag from /opt/airflow/dags/process_sales_dag.py
[2025-06-18T12:12:23.597+0000] {processor.py:840} INFO - DAG(s) 'process_sales' retrieved from /opt/airflow/dags/process_sales_dag.py
[2025-06-18T12:12:23.650+0000] {logging_mixin.py:188} INFO - [2025-06-18T12:12:23.649+0000] {dag.py:3096} INFO - Sync 1 DAGs
[2025-06-18T12:12:23.674+0000] {logging_mixin.py:188} INFO - [2025-06-18T12:12:23.673+0000] {dag.py:3954} INFO - Setting next_dagrun for process_sales to None, run_after=None
[2025-06-18T12:12:23.726+0000] {processor.py:183} INFO - Processing /opt/airflow/dags/process_sales_dag.py took 0.198 seconds
[2025-06-18T12:12:54.722+0000] {processor.py:161} INFO - Started process (PID=872) to work on /opt/airflow/dags/process_sales_dag.py
[2025-06-18T12:12:54.725+0000] {processor.py:830} INFO - Processing file /opt/airflow/dags/process_sales_dag.py for tasks to queue
[2025-06-18T12:12:54.732+0000] {logging_mixin.py:188} INFO - [2025-06-18T12:12:54.731+0000] {dagbag.py:545} INFO - Filling up the DagBag from /opt/airflow/dags/process_sales_dag.py
[2025-06-18T12:12:54.819+0000] {processor.py:840} INFO - DAG(s) 'process_sales' retrieved from /opt/airflow/dags/process_sales_dag.py
[2025-06-18T12:12:54.962+0000] {logging_mixin.py:188} INFO - [2025-06-18T12:12:54.961+0000] {dag.py:3096} INFO - Sync 1 DAGs
[2025-06-18T12:12:55.016+0000] {logging_mixin.py:188} INFO - [2025-06-18T12:12:55.016+0000] {dag.py:3954} INFO - Setting next_dagrun for process_sales to None, run_after=None
[2025-06-18T12:12:55.059+0000] {processor.py:183} INFO - Processing /opt/airflow/dags/process_sales_dag.py took 0.363 seconds
[2025-06-18T12:13:25.982+0000] {processor.py:161} INFO - Started process (PID=887) to work on /opt/airflow/dags/process_sales_dag.py
[2025-06-18T12:13:25.989+0000] {processor.py:830} INFO - Processing file /opt/airflow/dags/process_sales_dag.py for tasks to queue
[2025-06-18T12:13:25.999+0000] {logging_mixin.py:188} INFO - [2025-06-18T12:13:25.997+0000] {dagbag.py:545} INFO - Filling up the DagBag from /opt/airflow/dags/process_sales_dag.py
[2025-06-18T12:13:26.059+0000] {processor.py:840} INFO - DAG(s) 'process_sales' retrieved from /opt/airflow/dags/process_sales_dag.py
[2025-06-18T12:13:26.138+0000] {logging_mixin.py:188} INFO - [2025-06-18T12:13:26.137+0000] {dag.py:3096} INFO - Sync 1 DAGs
[2025-06-18T12:13:26.166+0000] {logging_mixin.py:188} INFO - [2025-06-18T12:13:26.165+0000] {dag.py:3954} INFO - Setting next_dagrun for process_sales to None, run_after=None
[2025-06-18T12:13:26.210+0000] {processor.py:183} INFO - Processing /opt/airflow/dags/process_sales_dag.py took 0.275 seconds
[2025-06-18T12:13:56.972+0000] {processor.py:161} INFO - Started process (PID=902) to work on /opt/airflow/dags/process_sales_dag.py
[2025-06-18T12:13:56.974+0000] {processor.py:830} INFO - Processing file /opt/airflow/dags/process_sales_dag.py for tasks to queue
[2025-06-18T12:13:56.977+0000] {logging_mixin.py:188} INFO - [2025-06-18T12:13:56.977+0000] {dagbag.py:545} INFO - Filling up the DagBag from /opt/airflow/dags/process_sales_dag.py
[2025-06-18T12:13:57.001+0000] {processor.py:840} INFO - DAG(s) 'process_sales' retrieved from /opt/airflow/dags/process_sales_dag.py
[2025-06-18T12:13:57.038+0000] {logging_mixin.py:188} INFO - [2025-06-18T12:13:57.038+0000] {dag.py:3096} INFO - Sync 1 DAGs
[2025-06-18T12:13:57.060+0000] {logging_mixin.py:188} INFO - [2025-06-18T12:13:57.060+0000] {dag.py:3954} INFO - Setting next_dagrun for process_sales to None, run_after=None
[2025-06-18T12:13:57.087+0000] {processor.py:183} INFO - Processing /opt/airflow/dags/process_sales_dag.py took 0.123 seconds
[2025-06-18T12:14:27.605+0000] {processor.py:161} INFO - Started process (PID=917) to work on /opt/airflow/dags/process_sales_dag.py
[2025-06-18T12:14:27.828+0000] {processor.py:830} INFO - Processing file /opt/airflow/dags/process_sales_dag.py for tasks to queue
[2025-06-18T12:14:27.878+0000] {logging_mixin.py:188} INFO - [2025-06-18T12:14:27.862+0000] {dagbag.py:545} INFO - Filling up the DagBag from /opt/airflow/dags/process_sales_dag.py
[2025-06-18T12:14:28.336+0000] {processor.py:840} INFO - DAG(s) 'process_sales' retrieved from /opt/airflow/dags/process_sales_dag.py
[2025-06-18T12:14:28.557+0000] {logging_mixin.py:188} INFO - [2025-06-18T12:14:28.556+0000] {dag.py:3096} INFO - Sync 1 DAGs
[2025-06-18T12:14:28.686+0000] {logging_mixin.py:188} INFO - [2025-06-18T12:14:28.683+0000] {dag.py:3954} INFO - Setting next_dagrun for process_sales to None, run_after=None
[2025-06-18T12:14:28.771+0000] {processor.py:183} INFO - Processing /opt/airflow/dags/process_sales_dag.py took 1.285 seconds
[2025-06-18T12:14:59.851+0000] {processor.py:161} INFO - Started process (PID=932) to work on /opt/airflow/dags/process_sales_dag.py
[2025-06-18T12:14:59.854+0000] {processor.py:830} INFO - Processing file /opt/airflow/dags/process_sales_dag.py for tasks to queue
[2025-06-18T12:14:59.861+0000] {logging_mixin.py:188} INFO - [2025-06-18T12:14:59.860+0000] {dagbag.py:545} INFO - Filling up the DagBag from /opt/airflow/dags/process_sales_dag.py
[2025-06-18T12:14:59.925+0000] {processor.py:840} INFO - DAG(s) 'process_sales' retrieved from /opt/airflow/dags/process_sales_dag.py
[2025-06-18T12:15:00.006+0000] {logging_mixin.py:188} INFO - [2025-06-18T12:15:00.005+0000] {dag.py:3096} INFO - Sync 1 DAGs
[2025-06-18T12:15:00.076+0000] {logging_mixin.py:188} INFO - [2025-06-18T12:15:00.075+0000] {dag.py:3954} INFO - Setting next_dagrun for process_sales to None, run_after=None
[2025-06-18T12:15:00.119+0000] {processor.py:183} INFO - Processing /opt/airflow/dags/process_sales_dag.py took 0.295 seconds
[2025-06-18T12:15:30.908+0000] {processor.py:161} INFO - Started process (PID=947) to work on /opt/airflow/dags/process_sales_dag.py
[2025-06-18T12:15:30.913+0000] {processor.py:830} INFO - Processing file /opt/airflow/dags/process_sales_dag.py for tasks to queue
[2025-06-18T12:15:30.927+0000] {logging_mixin.py:188} INFO - [2025-06-18T12:15:30.925+0000] {dagbag.py:545} INFO - Filling up the DagBag from /opt/airflow/dags/process_sales_dag.py
[2025-06-18T12:15:31.102+0000] {processor.py:840} INFO - DAG(s) 'process_sales' retrieved from /opt/airflow/dags/process_sales_dag.py
[2025-06-18T12:15:31.202+0000] {logging_mixin.py:188} INFO - [2025-06-18T12:15:31.201+0000] {dag.py:3096} INFO - Sync 1 DAGs
[2025-06-18T12:15:31.234+0000] {logging_mixin.py:188} INFO - [2025-06-18T12:15:31.233+0000] {dag.py:3954} INFO - Setting next_dagrun for process_sales to None, run_after=None
[2025-06-18T12:15:31.282+0000] {processor.py:183} INFO - Processing /opt/airflow/dags/process_sales_dag.py took 0.434 seconds
[2025-06-18T12:16:01.815+0000] {processor.py:161} INFO - Started process (PID=962) to work on /opt/airflow/dags/process_sales_dag.py
[2025-06-18T12:16:01.818+0000] {processor.py:830} INFO - Processing file /opt/airflow/dags/process_sales_dag.py for tasks to queue
[2025-06-18T12:16:01.823+0000] {logging_mixin.py:188} INFO - [2025-06-18T12:16:01.823+0000] {dagbag.py:545} INFO - Filling up the DagBag from /opt/airflow/dags/process_sales_dag.py
[2025-06-18T12:16:01.868+0000] {processor.py:840} INFO - DAG(s) 'process_sales' retrieved from /opt/airflow/dags/process_sales_dag.py
[2025-06-18T12:16:01.935+0000] {logging_mixin.py:188} INFO - [2025-06-18T12:16:01.934+0000] {dag.py:3096} INFO - Sync 1 DAGs
[2025-06-18T12:16:01.973+0000] {logging_mixin.py:188} INFO - [2025-06-18T12:16:01.972+0000] {dag.py:3954} INFO - Setting next_dagrun for process_sales to None, run_after=None
[2025-06-18T12:16:02.031+0000] {processor.py:183} INFO - Processing /opt/airflow/dags/process_sales_dag.py took 0.235 seconds
[2025-06-18T12:16:33.663+0000] {processor.py:161} INFO - Started process (PID=977) to work on /opt/airflow/dags/process_sales_dag.py
[2025-06-18T12:16:33.665+0000] {processor.py:830} INFO - Processing file /opt/airflow/dags/process_sales_dag.py for tasks to queue
[2025-06-18T12:16:33.671+0000] {logging_mixin.py:188} INFO - [2025-06-18T12:16:33.670+0000] {dagbag.py:545} INFO - Filling up the DagBag from /opt/airflow/dags/process_sales_dag.py
[2025-06-18T12:16:33.705+0000] {processor.py:840} INFO - DAG(s) 'process_sales' retrieved from /opt/airflow/dags/process_sales_dag.py
[2025-06-18T12:16:33.761+0000] {logging_mixin.py:188} INFO - [2025-06-18T12:16:33.761+0000] {dag.py:3096} INFO - Sync 1 DAGs
[2025-06-18T12:16:33.784+0000] {logging_mixin.py:188} INFO - [2025-06-18T12:16:33.783+0000] {dag.py:3954} INFO - Setting next_dagrun for process_sales to None, run_after=None
[2025-06-18T12:16:33.871+0000] {processor.py:183} INFO - Processing /opt/airflow/dags/process_sales_dag.py took 0.223 seconds
[2025-06-18T12:17:04.309+0000] {processor.py:161} INFO - Started process (PID=992) to work on /opt/airflow/dags/process_sales_dag.py
[2025-06-18T12:17:04.312+0000] {processor.py:830} INFO - Processing file /opt/airflow/dags/process_sales_dag.py for tasks to queue
[2025-06-18T12:17:04.316+0000] {logging_mixin.py:188} INFO - [2025-06-18T12:17:04.315+0000] {dagbag.py:545} INFO - Filling up the DagBag from /opt/airflow/dags/process_sales_dag.py
[2025-06-18T12:17:04.350+0000] {processor.py:840} INFO - DAG(s) 'process_sales' retrieved from /opt/airflow/dags/process_sales_dag.py
[2025-06-18T12:17:04.400+0000] {logging_mixin.py:188} INFO - [2025-06-18T12:17:04.399+0000] {dag.py:3096} INFO - Sync 1 DAGs
[2025-06-18T12:17:04.424+0000] {logging_mixin.py:188} INFO - [2025-06-18T12:17:04.424+0000] {dag.py:3954} INFO - Setting next_dagrun for process_sales to None, run_after=None
[2025-06-18T12:17:04.464+0000] {processor.py:183} INFO - Processing /opt/airflow/dags/process_sales_dag.py took 0.170 seconds
[2025-06-18T12:17:35.055+0000] {processor.py:161} INFO - Started process (PID=1007) to work on /opt/airflow/dags/process_sales_dag.py
[2025-06-18T12:17:35.058+0000] {processor.py:830} INFO - Processing file /opt/airflow/dags/process_sales_dag.py for tasks to queue
[2025-06-18T12:17:35.063+0000] {logging_mixin.py:188} INFO - [2025-06-18T12:17:35.062+0000] {dagbag.py:545} INFO - Filling up the DagBag from /opt/airflow/dags/process_sales_dag.py
[2025-06-18T12:17:35.110+0000] {processor.py:840} INFO - DAG(s) 'process_sales' retrieved from /opt/airflow/dags/process_sales_dag.py
[2025-06-18T12:17:35.196+0000] {logging_mixin.py:188} INFO - [2025-06-18T12:17:35.195+0000] {dag.py:3096} INFO - Sync 1 DAGs
[2025-06-18T12:17:35.229+0000] {logging_mixin.py:188} INFO - [2025-06-18T12:17:35.228+0000] {dag.py:3954} INFO - Setting next_dagrun for process_sales to None, run_after=None
[2025-06-18T12:17:35.276+0000] {processor.py:183} INFO - Processing /opt/airflow/dags/process_sales_dag.py took 0.237 seconds
[2025-06-18T12:18:06.742+0000] {processor.py:161} INFO - Started process (PID=1022) to work on /opt/airflow/dags/process_sales_dag.py
[2025-06-18T12:18:06.750+0000] {processor.py:830} INFO - Processing file /opt/airflow/dags/process_sales_dag.py for tasks to queue
[2025-06-18T12:18:06.757+0000] {logging_mixin.py:188} INFO - [2025-06-18T12:18:06.755+0000] {dagbag.py:545} INFO - Filling up the DagBag from /opt/airflow/dags/process_sales_dag.py
[2025-06-18T12:18:06.841+0000] {processor.py:840} INFO - DAG(s) 'process_sales' retrieved from /opt/airflow/dags/process_sales_dag.py
[2025-06-18T12:18:06.919+0000] {logging_mixin.py:188} INFO - [2025-06-18T12:18:06.918+0000] {dag.py:3096} INFO - Sync 1 DAGs
[2025-06-18T12:18:06.946+0000] {logging_mixin.py:188} INFO - [2025-06-18T12:18:06.946+0000] {dag.py:3954} INFO - Setting next_dagrun for process_sales to None, run_after=None
[2025-06-18T12:18:06.975+0000] {processor.py:183} INFO - Processing /opt/airflow/dags/process_sales_dag.py took 0.261 seconds
[2025-06-18T12:18:38.043+0000] {processor.py:161} INFO - Started process (PID=1037) to work on /opt/airflow/dags/process_sales_dag.py
[2025-06-18T12:18:38.048+0000] {processor.py:830} INFO - Processing file /opt/airflow/dags/process_sales_dag.py for tasks to queue
[2025-06-18T12:18:38.057+0000] {logging_mixin.py:188} INFO - [2025-06-18T12:18:38.055+0000] {dagbag.py:545} INFO - Filling up the DagBag from /opt/airflow/dags/process_sales_dag.py
[2025-06-18T12:18:38.116+0000] {processor.py:840} INFO - DAG(s) 'process_sales' retrieved from /opt/airflow/dags/process_sales_dag.py
[2025-06-18T12:18:38.192+0000] {logging_mixin.py:188} INFO - [2025-06-18T12:18:38.191+0000] {dag.py:3096} INFO - Sync 1 DAGs
[2025-06-18T12:18:38.214+0000] {logging_mixin.py:188} INFO - [2025-06-18T12:18:38.213+0000] {dag.py:3954} INFO - Setting next_dagrun for process_sales to None, run_after=None
[2025-06-18T12:18:38.247+0000] {processor.py:183} INFO - Processing /opt/airflow/dags/process_sales_dag.py took 0.230 seconds
[2025-06-18T12:19:08.620+0000] {processor.py:161} INFO - Started process (PID=1052) to work on /opt/airflow/dags/process_sales_dag.py
[2025-06-18T12:19:08.646+0000] {processor.py:830} INFO - Processing file /opt/airflow/dags/process_sales_dag.py for tasks to queue
[2025-06-18T12:19:08.653+0000] {logging_mixin.py:188} INFO - [2025-06-18T12:19:08.652+0000] {dagbag.py:545} INFO - Filling up the DagBag from /opt/airflow/dags/process_sales_dag.py
[2025-06-18T12:19:08.689+0000] {processor.py:840} INFO - DAG(s) 'process_sales' retrieved from /opt/airflow/dags/process_sales_dag.py
[2025-06-18T12:19:08.747+0000] {logging_mixin.py:188} INFO - [2025-06-18T12:19:08.746+0000] {dag.py:3096} INFO - Sync 1 DAGs
[2025-06-18T12:19:08.768+0000] {logging_mixin.py:188} INFO - [2025-06-18T12:19:08.768+0000] {dag.py:3954} INFO - Setting next_dagrun for process_sales to None, run_after=None
[2025-06-18T12:19:08.816+0000] {processor.py:183} INFO - Processing /opt/airflow/dags/process_sales_dag.py took 0.225 seconds
[2025-06-18T12:19:39.202+0000] {processor.py:161} INFO - Started process (PID=1067) to work on /opt/airflow/dags/process_sales_dag.py
[2025-06-18T12:19:39.206+0000] {processor.py:830} INFO - Processing file /opt/airflow/dags/process_sales_dag.py for tasks to queue
[2025-06-18T12:19:39.215+0000] {logging_mixin.py:188} INFO - [2025-06-18T12:19:39.214+0000] {dagbag.py:545} INFO - Filling up the DagBag from /opt/airflow/dags/process_sales_dag.py
[2025-06-18T12:19:39.329+0000] {processor.py:840} INFO - DAG(s) 'process_sales' retrieved from /opt/airflow/dags/process_sales_dag.py
[2025-06-18T12:19:39.491+0000] {logging_mixin.py:188} INFO - [2025-06-18T12:19:39.490+0000] {dag.py:3096} INFO - Sync 1 DAGs
[2025-06-18T12:19:39.557+0000] {logging_mixin.py:188} INFO - [2025-06-18T12:19:39.555+0000] {dag.py:3954} INFO - Setting next_dagrun for process_sales to None, run_after=None
[2025-06-18T12:19:39.633+0000] {processor.py:183} INFO - Processing /opt/airflow/dags/process_sales_dag.py took 0.462 seconds
[2025-06-18T12:20:09.757+0000] {processor.py:161} INFO - Started process (PID=1082) to work on /opt/airflow/dags/process_sales_dag.py
[2025-06-18T12:20:09.759+0000] {processor.py:830} INFO - Processing file /opt/airflow/dags/process_sales_dag.py for tasks to queue
[2025-06-18T12:20:09.762+0000] {logging_mixin.py:188} INFO - [2025-06-18T12:20:09.762+0000] {dagbag.py:545} INFO - Filling up the DagBag from /opt/airflow/dags/process_sales_dag.py
[2025-06-18T12:20:09.789+0000] {processor.py:840} INFO - DAG(s) 'process_sales' retrieved from /opt/airflow/dags/process_sales_dag.py
[2025-06-18T12:20:09.826+0000] {logging_mixin.py:188} INFO - [2025-06-18T12:20:09.826+0000] {dag.py:3096} INFO - Sync 1 DAGs
[2025-06-18T12:20:09.844+0000] {logging_mixin.py:188} INFO - [2025-06-18T12:20:09.843+0000] {dag.py:3954} INFO - Setting next_dagrun for process_sales to None, run_after=None
[2025-06-18T12:20:09.874+0000] {processor.py:183} INFO - Processing /opt/airflow/dags/process_sales_dag.py took 0.126 seconds
[2025-06-18T12:20:40.754+0000] {processor.py:161} INFO - Started process (PID=1097) to work on /opt/airflow/dags/process_sales_dag.py
[2025-06-18T12:20:40.765+0000] {processor.py:830} INFO - Processing file /opt/airflow/dags/process_sales_dag.py for tasks to queue
[2025-06-18T12:20:40.779+0000] {logging_mixin.py:188} INFO - [2025-06-18T12:20:40.778+0000] {dagbag.py:545} INFO - Filling up the DagBag from /opt/airflow/dags/process_sales_dag.py
[2025-06-18T12:20:40.864+0000] {processor.py:840} INFO - DAG(s) 'process_sales' retrieved from /opt/airflow/dags/process_sales_dag.py
[2025-06-18T12:20:40.999+0000] {logging_mixin.py:188} INFO - [2025-06-18T12:20:40.998+0000] {dag.py:3096} INFO - Sync 1 DAGs
[2025-06-18T12:20:41.070+0000] {logging_mixin.py:188} INFO - [2025-06-18T12:20:41.069+0000] {dag.py:3954} INFO - Setting next_dagrun for process_sales to None, run_after=None
[2025-06-18T12:20:41.135+0000] {processor.py:183} INFO - Processing /opt/airflow/dags/process_sales_dag.py took 0.401 seconds
[2025-06-18T12:21:11.746+0000] {processor.py:161} INFO - Started process (PID=1112) to work on /opt/airflow/dags/process_sales_dag.py
[2025-06-18T12:21:11.769+0000] {processor.py:830} INFO - Processing file /opt/airflow/dags/process_sales_dag.py for tasks to queue
[2025-06-18T12:21:11.774+0000] {logging_mixin.py:188} INFO - [2025-06-18T12:21:11.773+0000] {dagbag.py:545} INFO - Filling up the DagBag from /opt/airflow/dags/process_sales_dag.py
[2025-06-18T12:21:11.840+0000] {processor.py:840} INFO - DAG(s) 'process_sales' retrieved from /opt/airflow/dags/process_sales_dag.py
[2025-06-18T12:21:11.924+0000] {logging_mixin.py:188} INFO - [2025-06-18T12:21:11.923+0000] {dag.py:3096} INFO - Sync 1 DAGs
[2025-06-18T12:21:11.956+0000] {logging_mixin.py:188} INFO - [2025-06-18T12:21:11.956+0000] {dag.py:3954} INFO - Setting next_dagrun for process_sales to None, run_after=None
[2025-06-18T12:21:12.054+0000] {processor.py:183} INFO - Processing /opt/airflow/dags/process_sales_dag.py took 0.328 seconds
[2025-06-18T12:21:42.880+0000] {processor.py:161} INFO - Started process (PID=1127) to work on /opt/airflow/dags/process_sales_dag.py
[2025-06-18T12:21:42.881+0000] {processor.py:830} INFO - Processing file /opt/airflow/dags/process_sales_dag.py for tasks to queue
[2025-06-18T12:21:42.884+0000] {logging_mixin.py:188} INFO - [2025-06-18T12:21:42.883+0000] {dagbag.py:545} INFO - Filling up the DagBag from /opt/airflow/dags/process_sales_dag.py
[2025-06-18T12:21:42.907+0000] {processor.py:840} INFO - DAG(s) 'process_sales' retrieved from /opt/airflow/dags/process_sales_dag.py
[2025-06-18T12:21:42.946+0000] {logging_mixin.py:188} INFO - [2025-06-18T12:21:42.946+0000] {dag.py:3096} INFO - Sync 1 DAGs
[2025-06-18T12:21:42.964+0000] {logging_mixin.py:188} INFO - [2025-06-18T12:21:42.963+0000] {dag.py:3954} INFO - Setting next_dagrun for process_sales to None, run_after=None
[2025-06-18T12:21:42.993+0000] {processor.py:183} INFO - Processing /opt/airflow/dags/process_sales_dag.py took 0.123 seconds
[2025-06-18T12:22:13.300+0000] {processor.py:161} INFO - Started process (PID=1142) to work on /opt/airflow/dags/process_sales_dag.py
[2025-06-18T12:22:13.303+0000] {processor.py:830} INFO - Processing file /opt/airflow/dags/process_sales_dag.py for tasks to queue
[2025-06-18T12:22:13.308+0000] {logging_mixin.py:188} INFO - [2025-06-18T12:22:13.307+0000] {dagbag.py:545} INFO - Filling up the DagBag from /opt/airflow/dags/process_sales_dag.py
[2025-06-18T12:22:13.371+0000] {processor.py:840} INFO - DAG(s) 'process_sales' retrieved from /opt/airflow/dags/process_sales_dag.py
[2025-06-18T12:22:13.471+0000] {logging_mixin.py:188} INFO - [2025-06-18T12:22:13.470+0000] {dag.py:3096} INFO - Sync 1 DAGs
[2025-06-18T12:22:13.523+0000] {logging_mixin.py:188} INFO - [2025-06-18T12:22:13.523+0000] {dag.py:3954} INFO - Setting next_dagrun for process_sales to None, run_after=None
[2025-06-18T12:22:13.589+0000] {processor.py:183} INFO - Processing /opt/airflow/dags/process_sales_dag.py took 0.304 seconds
[2025-06-18T12:22:44.593+0000] {processor.py:161} INFO - Started process (PID=1157) to work on /opt/airflow/dags/process_sales_dag.py
[2025-06-18T12:22:44.595+0000] {processor.py:830} INFO - Processing file /opt/airflow/dags/process_sales_dag.py for tasks to queue
[2025-06-18T12:22:44.600+0000] {logging_mixin.py:188} INFO - [2025-06-18T12:22:44.599+0000] {dagbag.py:545} INFO - Filling up the DagBag from /opt/airflow/dags/process_sales_dag.py
[2025-06-18T12:22:44.642+0000] {processor.py:840} INFO - DAG(s) 'process_sales' retrieved from /opt/airflow/dags/process_sales_dag.py
[2025-06-18T12:22:44.715+0000] {logging_mixin.py:188} INFO - [2025-06-18T12:22:44.715+0000] {dag.py:3096} INFO - Sync 1 DAGs
[2025-06-18T12:22:44.755+0000] {logging_mixin.py:188} INFO - [2025-06-18T12:22:44.755+0000] {dag.py:3954} INFO - Setting next_dagrun for process_sales to None, run_after=None
[2025-06-18T12:22:44.809+0000] {processor.py:183} INFO - Processing /opt/airflow/dags/process_sales_dag.py took 0.230 seconds
[2025-06-18T12:23:15.510+0000] {processor.py:161} INFO - Started process (PID=1172) to work on /opt/airflow/dags/process_sales_dag.py
[2025-06-18T12:23:15.528+0000] {processor.py:830} INFO - Processing file /opt/airflow/dags/process_sales_dag.py for tasks to queue
[2025-06-18T12:23:15.554+0000] {logging_mixin.py:188} INFO - [2025-06-18T12:23:15.548+0000] {dagbag.py:545} INFO - Filling up the DagBag from /opt/airflow/dags/process_sales_dag.py
[2025-06-18T12:23:15.743+0000] {processor.py:840} INFO - DAG(s) 'process_sales' retrieved from /opt/airflow/dags/process_sales_dag.py
[2025-06-18T12:23:15.881+0000] {logging_mixin.py:188} INFO - [2025-06-18T12:23:15.881+0000] {dag.py:3096} INFO - Sync 1 DAGs
[2025-06-18T12:23:15.919+0000] {logging_mixin.py:188} INFO - [2025-06-18T12:23:15.919+0000] {dag.py:3954} INFO - Setting next_dagrun for process_sales to None, run_after=None
[2025-06-18T12:23:15.969+0000] {processor.py:183} INFO - Processing /opt/airflow/dags/process_sales_dag.py took 0.553 seconds
[2025-06-18T12:23:46.729+0000] {processor.py:161} INFO - Started process (PID=1187) to work on /opt/airflow/dags/process_sales_dag.py
[2025-06-18T12:23:46.734+0000] {processor.py:830} INFO - Processing file /opt/airflow/dags/process_sales_dag.py for tasks to queue
[2025-06-18T12:23:46.750+0000] {logging_mixin.py:188} INFO - [2025-06-18T12:23:46.749+0000] {dagbag.py:545} INFO - Filling up the DagBag from /opt/airflow/dags/process_sales_dag.py
[2025-06-18T12:23:46.787+0000] {processor.py:840} INFO - DAG(s) 'process_sales' retrieved from /opt/airflow/dags/process_sales_dag.py
[2025-06-18T12:23:46.838+0000] {logging_mixin.py:188} INFO - [2025-06-18T12:23:46.838+0000] {dag.py:3096} INFO - Sync 1 DAGs
[2025-06-18T12:23:46.859+0000] {logging_mixin.py:188} INFO - [2025-06-18T12:23:46.859+0000] {dag.py:3954} INFO - Setting next_dagrun for process_sales to None, run_after=None
[2025-06-18T12:23:46.891+0000] {processor.py:183} INFO - Processing /opt/airflow/dags/process_sales_dag.py took 0.186 seconds
[2025-06-18T12:24:18.045+0000] {processor.py:161} INFO - Started process (PID=1202) to work on /opt/airflow/dags/process_sales_dag.py
[2025-06-18T12:24:18.048+0000] {processor.py:830} INFO - Processing file /opt/airflow/dags/process_sales_dag.py for tasks to queue
[2025-06-18T12:24:18.056+0000] {logging_mixin.py:188} INFO - [2025-06-18T12:24:18.055+0000] {dagbag.py:545} INFO - Filling up the DagBag from /opt/airflow/dags/process_sales_dag.py
[2025-06-18T12:24:18.104+0000] {processor.py:840} INFO - DAG(s) 'process_sales' retrieved from /opt/airflow/dags/process_sales_dag.py
[2025-06-18T12:24:18.174+0000] {logging_mixin.py:188} INFO - [2025-06-18T12:24:18.173+0000] {dag.py:3096} INFO - Sync 1 DAGs
[2025-06-18T12:24:18.211+0000] {logging_mixin.py:188} INFO - [2025-06-18T12:24:18.210+0000] {dag.py:3954} INFO - Setting next_dagrun for process_sales to None, run_after=None
[2025-06-18T12:24:18.275+0000] {processor.py:183} INFO - Processing /opt/airflow/dags/process_sales_dag.py took 0.259 seconds
[2025-06-18T12:24:49.020+0000] {processor.py:161} INFO - Started process (PID=1217) to work on /opt/airflow/dags/process_sales_dag.py
[2025-06-18T12:24:49.023+0000] {processor.py:830} INFO - Processing file /opt/airflow/dags/process_sales_dag.py for tasks to queue
[2025-06-18T12:24:49.027+0000] {logging_mixin.py:188} INFO - [2025-06-18T12:24:49.026+0000] {dagbag.py:545} INFO - Filling up the DagBag from /opt/airflow/dags/process_sales_dag.py
[2025-06-18T12:24:49.054+0000] {processor.py:840} INFO - DAG(s) 'process_sales' retrieved from /opt/airflow/dags/process_sales_dag.py
[2025-06-18T12:24:49.123+0000] {logging_mixin.py:188} INFO - [2025-06-18T12:24:49.122+0000] {dag.py:3096} INFO - Sync 1 DAGs
[2025-06-18T12:24:49.149+0000] {logging_mixin.py:188} INFO - [2025-06-18T12:24:49.149+0000] {dag.py:3954} INFO - Setting next_dagrun for process_sales to None, run_after=None
[2025-06-18T12:24:49.188+0000] {processor.py:183} INFO - Processing /opt/airflow/dags/process_sales_dag.py took 0.182 seconds
[2025-06-18T12:25:19.632+0000] {processor.py:161} INFO - Started process (PID=1232) to work on /opt/airflow/dags/process_sales_dag.py
[2025-06-18T12:25:19.634+0000] {processor.py:830} INFO - Processing file /opt/airflow/dags/process_sales_dag.py for tasks to queue
[2025-06-18T12:25:19.640+0000] {logging_mixin.py:188} INFO - [2025-06-18T12:25:19.639+0000] {dagbag.py:545} INFO - Filling up the DagBag from /opt/airflow/dags/process_sales_dag.py
[2025-06-18T12:25:19.701+0000] {processor.py:840} INFO - DAG(s) 'process_sales' retrieved from /opt/airflow/dags/process_sales_dag.py
[2025-06-18T12:25:19.761+0000] {logging_mixin.py:188} INFO - [2025-06-18T12:25:19.760+0000] {dag.py:3096} INFO - Sync 1 DAGs
[2025-06-18T12:25:19.786+0000] {logging_mixin.py:188} INFO - [2025-06-18T12:25:19.786+0000] {dag.py:3954} INFO - Setting next_dagrun for process_sales to None, run_after=None
[2025-06-18T12:25:19.837+0000] {processor.py:183} INFO - Processing /opt/airflow/dags/process_sales_dag.py took 0.219 seconds
[2025-06-18T12:25:50.654+0000] {processor.py:161} INFO - Started process (PID=1247) to work on /opt/airflow/dags/process_sales_dag.py
[2025-06-18T12:25:50.658+0000] {processor.py:830} INFO - Processing file /opt/airflow/dags/process_sales_dag.py for tasks to queue
[2025-06-18T12:25:50.666+0000] {logging_mixin.py:188} INFO - [2025-06-18T12:25:50.665+0000] {dagbag.py:545} INFO - Filling up the DagBag from /opt/airflow/dags/process_sales_dag.py
[2025-06-18T12:25:50.756+0000] {processor.py:840} INFO - DAG(s) 'process_sales' retrieved from /opt/airflow/dags/process_sales_dag.py
[2025-06-18T12:25:50.863+0000] {logging_mixin.py:188} INFO - [2025-06-18T12:25:50.862+0000] {dag.py:3096} INFO - Sync 1 DAGs
[2025-06-18T12:25:50.918+0000] {logging_mixin.py:188} INFO - [2025-06-18T12:25:50.918+0000] {dag.py:3954} INFO - Setting next_dagrun for process_sales to None, run_after=None
[2025-06-18T12:25:51.000+0000] {processor.py:183} INFO - Processing /opt/airflow/dags/process_sales_dag.py took 0.377 seconds
[2025-06-18T12:26:21.919+0000] {processor.py:161} INFO - Started process (PID=1262) to work on /opt/airflow/dags/process_sales_dag.py
[2025-06-18T12:26:21.923+0000] {processor.py:830} INFO - Processing file /opt/airflow/dags/process_sales_dag.py for tasks to queue
[2025-06-18T12:26:21.932+0000] {logging_mixin.py:188} INFO - [2025-06-18T12:26:21.931+0000] {dagbag.py:545} INFO - Filling up the DagBag from /opt/airflow/dags/process_sales_dag.py
[2025-06-18T12:26:22.011+0000] {processor.py:840} INFO - DAG(s) 'process_sales' retrieved from /opt/airflow/dags/process_sales_dag.py
[2025-06-18T12:26:22.087+0000] {logging_mixin.py:188} INFO - [2025-06-18T12:26:22.087+0000] {dag.py:3096} INFO - Sync 1 DAGs
[2025-06-18T12:26:22.115+0000] {logging_mixin.py:188} INFO - [2025-06-18T12:26:22.114+0000] {dag.py:3954} INFO - Setting next_dagrun for process_sales to None, run_after=None
[2025-06-18T12:26:22.191+0000] {processor.py:183} INFO - Processing /opt/airflow/dags/process_sales_dag.py took 0.299 seconds
[2025-06-18T12:26:52.689+0000] {processor.py:161} INFO - Started process (PID=1277) to work on /opt/airflow/dags/process_sales_dag.py
[2025-06-18T12:26:52.691+0000] {processor.py:830} INFO - Processing file /opt/airflow/dags/process_sales_dag.py for tasks to queue
[2025-06-18T12:26:52.696+0000] {logging_mixin.py:188} INFO - [2025-06-18T12:26:52.695+0000] {dagbag.py:545} INFO - Filling up the DagBag from /opt/airflow/dags/process_sales_dag.py
[2025-06-18T12:26:52.727+0000] {processor.py:840} INFO - DAG(s) 'process_sales' retrieved from /opt/airflow/dags/process_sales_dag.py
[2025-06-18T12:26:52.775+0000] {logging_mixin.py:188} INFO - [2025-06-18T12:26:52.775+0000] {dag.py:3096} INFO - Sync 1 DAGs
[2025-06-18T12:26:52.800+0000] {logging_mixin.py:188} INFO - [2025-06-18T12:26:52.799+0000] {dag.py:3954} INFO - Setting next_dagrun for process_sales to None, run_after=None
[2025-06-18T12:26:52.847+0000] {processor.py:183} INFO - Processing /opt/airflow/dags/process_sales_dag.py took 0.170 seconds
[2025-06-18T12:27:23.056+0000] {processor.py:161} INFO - Started process (PID=1292) to work on /opt/airflow/dags/process_sales_dag.py
[2025-06-18T12:27:23.058+0000] {processor.py:830} INFO - Processing file /opt/airflow/dags/process_sales_dag.py for tasks to queue
[2025-06-18T12:27:23.063+0000] {logging_mixin.py:188} INFO - [2025-06-18T12:27:23.062+0000] {dagbag.py:545} INFO - Filling up the DagBag from /opt/airflow/dags/process_sales_dag.py
[2025-06-18T12:27:23.110+0000] {processor.py:840} INFO - DAG(s) 'process_sales' retrieved from /opt/airflow/dags/process_sales_dag.py
[2025-06-18T12:27:23.163+0000] {logging_mixin.py:188} INFO - [2025-06-18T12:27:23.163+0000] {dag.py:3096} INFO - Sync 1 DAGs
[2025-06-18T12:27:23.186+0000] {logging_mixin.py:188} INFO - [2025-06-18T12:27:23.185+0000] {dag.py:3954} INFO - Setting next_dagrun for process_sales to None, run_after=None
[2025-06-18T12:27:23.216+0000] {processor.py:183} INFO - Processing /opt/airflow/dags/process_sales_dag.py took 0.178 seconds
[2025-06-18T12:27:53.553+0000] {processor.py:161} INFO - Started process (PID=1307) to work on /opt/airflow/dags/process_sales_dag.py
[2025-06-18T12:27:53.555+0000] {processor.py:830} INFO - Processing file /opt/airflow/dags/process_sales_dag.py for tasks to queue
[2025-06-18T12:27:53.561+0000] {logging_mixin.py:188} INFO - [2025-06-18T12:27:53.560+0000] {dagbag.py:545} INFO - Filling up the DagBag from /opt/airflow/dags/process_sales_dag.py
[2025-06-18T12:27:53.606+0000] {processor.py:840} INFO - DAG(s) 'process_sales' retrieved from /opt/airflow/dags/process_sales_dag.py
[2025-06-18T12:27:53.740+0000] {logging_mixin.py:188} INFO - [2025-06-18T12:27:53.738+0000] {dag.py:3096} INFO - Sync 1 DAGs
[2025-06-18T12:27:53.921+0000] {logging_mixin.py:188} INFO - [2025-06-18T12:27:53.919+0000] {dag.py:3954} INFO - Setting next_dagrun for process_sales to None, run_after=None
[2025-06-18T12:27:54.165+0000] {processor.py:183} INFO - Processing /opt/airflow/dags/process_sales_dag.py took 0.630 seconds
[2025-06-18T12:28:24.868+0000] {processor.py:161} INFO - Started process (PID=1322) to work on /opt/airflow/dags/process_sales_dag.py
[2025-06-18T12:28:24.870+0000] {processor.py:830} INFO - Processing file /opt/airflow/dags/process_sales_dag.py for tasks to queue
[2025-06-18T12:28:24.873+0000] {logging_mixin.py:188} INFO - [2025-06-18T12:28:24.873+0000] {dagbag.py:545} INFO - Filling up the DagBag from /opt/airflow/dags/process_sales_dag.py
[2025-06-18T12:28:24.901+0000] {processor.py:840} INFO - DAG(s) 'process_sales' retrieved from /opt/airflow/dags/process_sales_dag.py
[2025-06-18T12:28:24.952+0000] {logging_mixin.py:188} INFO - [2025-06-18T12:28:24.952+0000] {dag.py:3096} INFO - Sync 1 DAGs
[2025-06-18T12:28:24.985+0000] {logging_mixin.py:188} INFO - [2025-06-18T12:28:24.984+0000] {dag.py:3954} INFO - Setting next_dagrun for process_sales to None, run_after=None
[2025-06-18T12:28:25.034+0000] {processor.py:183} INFO - Processing /opt/airflow/dags/process_sales_dag.py took 0.175 seconds
[2025-06-18T12:28:55.681+0000] {processor.py:161} INFO - Started process (PID=1337) to work on /opt/airflow/dags/process_sales_dag.py
[2025-06-18T12:28:55.683+0000] {processor.py:830} INFO - Processing file /opt/airflow/dags/process_sales_dag.py for tasks to queue
[2025-06-18T12:28:55.686+0000] {logging_mixin.py:188} INFO - [2025-06-18T12:28:55.685+0000] {dagbag.py:545} INFO - Filling up the DagBag from /opt/airflow/dags/process_sales_dag.py
[2025-06-18T12:28:55.712+0000] {processor.py:840} INFO - DAG(s) 'process_sales' retrieved from /opt/airflow/dags/process_sales_dag.py
[2025-06-18T12:28:55.756+0000] {logging_mixin.py:188} INFO - [2025-06-18T12:28:55.755+0000] {dag.py:3096} INFO - Sync 1 DAGs
[2025-06-18T12:28:55.780+0000] {logging_mixin.py:188} INFO - [2025-06-18T12:28:55.780+0000] {dag.py:3954} INFO - Setting next_dagrun for process_sales to None, run_after=None
[2025-06-18T12:28:55.817+0000] {processor.py:183} INFO - Processing /opt/airflow/dags/process_sales_dag.py took 0.149 seconds
[2025-06-18T12:29:25.908+0000] {processor.py:161} INFO - Started process (PID=1352) to work on /opt/airflow/dags/process_sales_dag.py
[2025-06-18T12:29:25.910+0000] {processor.py:830} INFO - Processing file /opt/airflow/dags/process_sales_dag.py for tasks to queue
[2025-06-18T12:29:25.914+0000] {logging_mixin.py:188} INFO - [2025-06-18T12:29:25.913+0000] {dagbag.py:545} INFO - Filling up the DagBag from /opt/airflow/dags/process_sales_dag.py
[2025-06-18T12:29:25.938+0000] {processor.py:840} INFO - DAG(s) 'process_sales' retrieved from /opt/airflow/dags/process_sales_dag.py
[2025-06-18T12:29:25.979+0000] {logging_mixin.py:188} INFO - [2025-06-18T12:29:25.979+0000] {dag.py:3096} INFO - Sync 1 DAGs
[2025-06-18T12:29:26.003+0000] {logging_mixin.py:188} INFO - [2025-06-18T12:29:26.002+0000] {dag.py:3954} INFO - Setting next_dagrun for process_sales to None, run_after=None
[2025-06-18T12:29:26.051+0000] {processor.py:183} INFO - Processing /opt/airflow/dags/process_sales_dag.py took 0.152 seconds
[2025-06-18T12:29:56.829+0000] {processor.py:161} INFO - Started process (PID=1367) to work on /opt/airflow/dags/process_sales_dag.py
[2025-06-18T12:29:56.831+0000] {processor.py:830} INFO - Processing file /opt/airflow/dags/process_sales_dag.py for tasks to queue
[2025-06-18T12:29:56.835+0000] {logging_mixin.py:188} INFO - [2025-06-18T12:29:56.834+0000] {dagbag.py:545} INFO - Filling up the DagBag from /opt/airflow/dags/process_sales_dag.py
[2025-06-18T12:29:56.874+0000] {processor.py:840} INFO - DAG(s) 'process_sales' retrieved from /opt/airflow/dags/process_sales_dag.py
[2025-06-18T12:29:56.938+0000] {logging_mixin.py:188} INFO - [2025-06-18T12:29:56.938+0000] {dag.py:3096} INFO - Sync 1 DAGs
[2025-06-18T12:29:56.994+0000] {logging_mixin.py:188} INFO - [2025-06-18T12:29:56.993+0000] {dag.py:3954} INFO - Setting next_dagrun for process_sales to None, run_after=None
[2025-06-18T12:29:57.099+0000] {processor.py:183} INFO - Processing /opt/airflow/dags/process_sales_dag.py took 0.286 seconds
[2025-06-18T12:30:27.963+0000] {processor.py:161} INFO - Started process (PID=1382) to work on /opt/airflow/dags/process_sales_dag.py
[2025-06-18T12:30:27.965+0000] {processor.py:830} INFO - Processing file /opt/airflow/dags/process_sales_dag.py for tasks to queue
[2025-06-18T12:30:27.972+0000] {logging_mixin.py:188} INFO - [2025-06-18T12:30:27.971+0000] {dagbag.py:545} INFO - Filling up the DagBag from /opt/airflow/dags/process_sales_dag.py
[2025-06-18T12:30:28.069+0000] {processor.py:840} INFO - DAG(s) 'process_sales' retrieved from /opt/airflow/dags/process_sales_dag.py
[2025-06-18T12:30:28.140+0000] {logging_mixin.py:188} INFO - [2025-06-18T12:30:28.139+0000] {dag.py:3096} INFO - Sync 1 DAGs
[2025-06-18T12:30:28.190+0000] {logging_mixin.py:188} INFO - [2025-06-18T12:30:28.190+0000] {dag.py:3954} INFO - Setting next_dagrun for process_sales to None, run_after=None
[2025-06-18T12:30:28.246+0000] {processor.py:183} INFO - Processing /opt/airflow/dags/process_sales_dag.py took 0.338 seconds
[2025-06-18T12:30:58.901+0000] {processor.py:161} INFO - Started process (PID=1397) to work on /opt/airflow/dags/process_sales_dag.py
[2025-06-18T12:30:58.903+0000] {processor.py:830} INFO - Processing file /opt/airflow/dags/process_sales_dag.py for tasks to queue
[2025-06-18T12:30:58.906+0000] {logging_mixin.py:188} INFO - [2025-06-18T12:30:58.906+0000] {dagbag.py:545} INFO - Filling up the DagBag from /opt/airflow/dags/process_sales_dag.py
[2025-06-18T12:30:58.956+0000] {processor.py:840} INFO - DAG(s) 'process_sales' retrieved from /opt/airflow/dags/process_sales_dag.py
[2025-06-18T12:30:59.064+0000] {logging_mixin.py:188} INFO - [2025-06-18T12:30:59.064+0000] {dag.py:3096} INFO - Sync 1 DAGs
[2025-06-18T12:30:59.123+0000] {logging_mixin.py:188} INFO - [2025-06-18T12:30:59.121+0000] {dag.py:3954} INFO - Setting next_dagrun for process_sales to None, run_after=None
[2025-06-18T12:30:59.221+0000] {processor.py:183} INFO - Processing /opt/airflow/dags/process_sales_dag.py took 0.330 seconds
[2025-06-18T12:31:30.150+0000] {processor.py:161} INFO - Started process (PID=1412) to work on /opt/airflow/dags/process_sales_dag.py
[2025-06-18T12:31:30.152+0000] {processor.py:830} INFO - Processing file /opt/airflow/dags/process_sales_dag.py for tasks to queue
[2025-06-18T12:31:30.155+0000] {logging_mixin.py:188} INFO - [2025-06-18T12:31:30.154+0000] {dagbag.py:545} INFO - Filling up the DagBag from /opt/airflow/dags/process_sales_dag.py
[2025-06-18T12:31:30.186+0000] {processor.py:840} INFO - DAG(s) 'process_sales' retrieved from /opt/airflow/dags/process_sales_dag.py
[2025-06-18T12:31:30.233+0000] {logging_mixin.py:188} INFO - [2025-06-18T12:31:30.233+0000] {dag.py:3096} INFO - Sync 1 DAGs
[2025-06-18T12:31:30.256+0000] {logging_mixin.py:188} INFO - [2025-06-18T12:31:30.255+0000] {dag.py:3954} INFO - Setting next_dagrun for process_sales to None, run_after=None
[2025-06-18T12:31:30.300+0000] {processor.py:183} INFO - Processing /opt/airflow/dags/process_sales_dag.py took 0.159 seconds
[2025-06-18T12:32:00.706+0000] {processor.py:161} INFO - Started process (PID=1427) to work on /opt/airflow/dags/process_sales_dag.py
[2025-06-18T12:32:00.709+0000] {processor.py:830} INFO - Processing file /opt/airflow/dags/process_sales_dag.py for tasks to queue
[2025-06-18T12:32:00.718+0000] {logging_mixin.py:188} INFO - [2025-06-18T12:32:00.717+0000] {dagbag.py:545} INFO - Filling up the DagBag from /opt/airflow/dags/process_sales_dag.py
[2025-06-18T12:32:00.785+0000] {processor.py:840} INFO - DAG(s) 'process_sales' retrieved from /opt/airflow/dags/process_sales_dag.py
[2025-06-18T12:32:00.907+0000] {logging_mixin.py:188} INFO - [2025-06-18T12:32:00.906+0000] {dag.py:3096} INFO - Sync 1 DAGs
[2025-06-18T12:32:00.997+0000] {logging_mixin.py:188} INFO - [2025-06-18T12:32:00.996+0000] {dag.py:3954} INFO - Setting next_dagrun for process_sales to None, run_after=None
[2025-06-18T12:32:01.152+0000] {processor.py:183} INFO - Processing /opt/airflow/dags/process_sales_dag.py took 0.467 seconds
[2025-06-18T12:32:31.452+0000] {processor.py:161} INFO - Started process (PID=1442) to work on /opt/airflow/dags/process_sales_dag.py
[2025-06-18T12:32:31.455+0000] {processor.py:830} INFO - Processing file /opt/airflow/dags/process_sales_dag.py for tasks to queue
[2025-06-18T12:32:31.461+0000] {logging_mixin.py:188} INFO - [2025-06-18T12:32:31.459+0000] {dagbag.py:545} INFO - Filling up the DagBag from /opt/airflow/dags/process_sales_dag.py
[2025-06-18T12:32:31.519+0000] {processor.py:840} INFO - DAG(s) 'process_sales' retrieved from /opt/airflow/dags/process_sales_dag.py
[2025-06-18T12:32:31.602+0000] {logging_mixin.py:188} INFO - [2025-06-18T12:32:31.601+0000] {dag.py:3096} INFO - Sync 1 DAGs
[2025-06-18T12:32:31.652+0000] {logging_mixin.py:188} INFO - [2025-06-18T12:32:31.651+0000] {dag.py:3954} INFO - Setting next_dagrun for process_sales to None, run_after=None
[2025-06-18T12:32:31.693+0000] {processor.py:183} INFO - Processing /opt/airflow/dags/process_sales_dag.py took 0.259 seconds
[2025-06-18T12:33:01.976+0000] {processor.py:161} INFO - Started process (PID=1457) to work on /opt/airflow/dags/process_sales_dag.py
[2025-06-18T12:33:01.978+0000] {processor.py:830} INFO - Processing file /opt/airflow/dags/process_sales_dag.py for tasks to queue
[2025-06-18T12:33:01.982+0000] {logging_mixin.py:188} INFO - [2025-06-18T12:33:01.982+0000] {dagbag.py:545} INFO - Filling up the DagBag from /opt/airflow/dags/process_sales_dag.py
[2025-06-18T12:33:02.007+0000] {processor.py:840} INFO - DAG(s) 'process_sales' retrieved from /opt/airflow/dags/process_sales_dag.py
[2025-06-18T12:33:02.053+0000] {logging_mixin.py:188} INFO - [2025-06-18T12:33:02.053+0000] {dag.py:3096} INFO - Sync 1 DAGs
[2025-06-18T12:33:02.075+0000] {logging_mixin.py:188} INFO - [2025-06-18T12:33:02.074+0000] {dag.py:3954} INFO - Setting next_dagrun for process_sales to None, run_after=None
[2025-06-18T12:33:02.116+0000] {processor.py:183} INFO - Processing /opt/airflow/dags/process_sales_dag.py took 0.150 seconds
[2025-06-18T12:33:33.124+0000] {processor.py:161} INFO - Started process (PID=1472) to work on /opt/airflow/dags/process_sales_dag.py
[2025-06-18T12:33:33.126+0000] {processor.py:830} INFO - Processing file /opt/airflow/dags/process_sales_dag.py for tasks to queue
[2025-06-18T12:33:33.133+0000] {logging_mixin.py:188} INFO - [2025-06-18T12:33:33.132+0000] {dagbag.py:545} INFO - Filling up the DagBag from /opt/airflow/dags/process_sales_dag.py
[2025-06-18T12:33:33.169+0000] {processor.py:840} INFO - DAG(s) 'process_sales' retrieved from /opt/airflow/dags/process_sales_dag.py
[2025-06-18T12:33:33.215+0000] {logging_mixin.py:188} INFO - [2025-06-18T12:33:33.214+0000] {dag.py:3096} INFO - Sync 1 DAGs
[2025-06-18T12:33:33.238+0000] {logging_mixin.py:188} INFO - [2025-06-18T12:33:33.238+0000] {dag.py:3954} INFO - Setting next_dagrun for process_sales to None, run_after=None
[2025-06-18T12:33:33.290+0000] {processor.py:183} INFO - Processing /opt/airflow/dags/process_sales_dag.py took 0.178 seconds
[2025-06-18T12:34:03.423+0000] {processor.py:161} INFO - Started process (PID=1487) to work on /opt/airflow/dags/process_sales_dag.py
[2025-06-18T12:34:03.426+0000] {processor.py:830} INFO - Processing file /opt/airflow/dags/process_sales_dag.py for tasks to queue
[2025-06-18T12:34:03.434+0000] {logging_mixin.py:188} INFO - [2025-06-18T12:34:03.433+0000] {dagbag.py:545} INFO - Filling up the DagBag from /opt/airflow/dags/process_sales_dag.py
[2025-06-18T12:34:03.497+0000] {processor.py:840} INFO - DAG(s) 'process_sales' retrieved from /opt/airflow/dags/process_sales_dag.py
[2025-06-18T12:34:03.620+0000] {logging_mixin.py:188} INFO - [2025-06-18T12:34:03.619+0000] {dag.py:3096} INFO - Sync 1 DAGs
[2025-06-18T12:34:03.685+0000] {logging_mixin.py:188} INFO - [2025-06-18T12:34:03.683+0000] {dag.py:3954} INFO - Setting next_dagrun for process_sales to None, run_after=None
[2025-06-18T12:34:03.776+0000] {processor.py:183} INFO - Processing /opt/airflow/dags/process_sales_dag.py took 0.373 seconds
[2025-06-18T12:34:34.546+0000] {processor.py:161} INFO - Started process (PID=1502) to work on /opt/airflow/dags/process_sales_dag.py
[2025-06-18T12:34:34.548+0000] {processor.py:830} INFO - Processing file /opt/airflow/dags/process_sales_dag.py for tasks to queue
[2025-06-18T12:34:34.553+0000] {logging_mixin.py:188} INFO - [2025-06-18T12:34:34.552+0000] {dagbag.py:545} INFO - Filling up the DagBag from /opt/airflow/dags/process_sales_dag.py
[2025-06-18T12:34:34.577+0000] {processor.py:840} INFO - DAG(s) 'process_sales' retrieved from /opt/airflow/dags/process_sales_dag.py
[2025-06-18T12:34:34.619+0000] {logging_mixin.py:188} INFO - [2025-06-18T12:34:34.618+0000] {dag.py:3096} INFO - Sync 1 DAGs
[2025-06-18T12:34:34.637+0000] {logging_mixin.py:188} INFO - [2025-06-18T12:34:34.636+0000] {dag.py:3954} INFO - Setting next_dagrun for process_sales to None, run_after=None
[2025-06-18T12:34:34.678+0000] {processor.py:183} INFO - Processing /opt/airflow/dags/process_sales_dag.py took 0.141 seconds
[2025-06-18T12:35:04.871+0000] {processor.py:161} INFO - Started process (PID=1517) to work on /opt/airflow/dags/process_sales_dag.py
[2025-06-18T12:35:04.880+0000] {processor.py:830} INFO - Processing file /opt/airflow/dags/process_sales_dag.py for tasks to queue
[2025-06-18T12:35:04.888+0000] {logging_mixin.py:188} INFO - [2025-06-18T12:35:04.887+0000] {dagbag.py:545} INFO - Filling up the DagBag from /opt/airflow/dags/process_sales_dag.py
[2025-06-18T12:35:04.976+0000] {processor.py:840} INFO - DAG(s) 'process_sales' retrieved from /opt/airflow/dags/process_sales_dag.py
[2025-06-18T12:35:05.057+0000] {logging_mixin.py:188} INFO - [2025-06-18T12:35:05.056+0000] {dag.py:3096} INFO - Sync 1 DAGs
[2025-06-18T12:35:05.118+0000] {logging_mixin.py:188} INFO - [2025-06-18T12:35:05.117+0000] {dag.py:3954} INFO - Setting next_dagrun for process_sales to None, run_after=None
[2025-06-18T12:35:05.227+0000] {processor.py:183} INFO - Processing /opt/airflow/dags/process_sales_dag.py took 0.391 seconds
[2025-06-18T12:35:35.608+0000] {processor.py:161} INFO - Started process (PID=1532) to work on /opt/airflow/dags/process_sales_dag.py
[2025-06-18T12:35:35.618+0000] {processor.py:830} INFO - Processing file /opt/airflow/dags/process_sales_dag.py for tasks to queue
[2025-06-18T12:35:35.636+0000] {logging_mixin.py:188} INFO - [2025-06-18T12:35:35.630+0000] {dagbag.py:545} INFO - Filling up the DagBag from /opt/airflow/dags/process_sales_dag.py
[2025-06-18T12:35:35.765+0000] {processor.py:840} INFO - DAG(s) 'process_sales' retrieved from /opt/airflow/dags/process_sales_dag.py
[2025-06-18T12:35:35.975+0000] {logging_mixin.py:188} INFO - [2025-06-18T12:35:35.974+0000] {dag.py:3096} INFO - Sync 1 DAGs
[2025-06-18T12:35:36.032+0000] {logging_mixin.py:188} INFO - [2025-06-18T12:35:36.032+0000] {dag.py:3954} INFO - Setting next_dagrun for process_sales to None, run_after=None
[2025-06-18T12:35:36.082+0000] {processor.py:183} INFO - Processing /opt/airflow/dags/process_sales_dag.py took 0.580 seconds
[2025-06-18T12:36:07.388+0000] {processor.py:161} INFO - Started process (PID=1547) to work on /opt/airflow/dags/process_sales_dag.py
[2025-06-18T12:36:07.458+0000] {processor.py:830} INFO - Processing file /opt/airflow/dags/process_sales_dag.py for tasks to queue
[2025-06-18T12:36:07.532+0000] {logging_mixin.py:188} INFO - [2025-06-18T12:36:07.518+0000] {dagbag.py:545} INFO - Filling up the DagBag from /opt/airflow/dags/process_sales_dag.py
[2025-06-18T12:36:07.770+0000] {processor.py:840} INFO - DAG(s) 'process_sales' retrieved from /opt/airflow/dags/process_sales_dag.py
[2025-06-18T12:36:08.047+0000] {logging_mixin.py:188} INFO - [2025-06-18T12:36:08.037+0000] {dag.py:3096} INFO - Sync 1 DAGs
[2025-06-18T12:36:08.218+0000] {logging_mixin.py:188} INFO - [2025-06-18T12:36:08.218+0000] {dag.py:3954} INFO - Setting next_dagrun for process_sales to None, run_after=None
[2025-06-18T12:36:08.680+0000] {processor.py:183} INFO - Processing /opt/airflow/dags/process_sales_dag.py took 1.656 seconds
[2025-06-18T12:36:39.361+0000] {processor.py:161} INFO - Started process (PID=1562) to work on /opt/airflow/dags/process_sales_dag.py
[2025-06-18T12:36:39.363+0000] {processor.py:830} INFO - Processing file /opt/airflow/dags/process_sales_dag.py for tasks to queue
[2025-06-18T12:36:39.367+0000] {logging_mixin.py:188} INFO - [2025-06-18T12:36:39.367+0000] {dagbag.py:545} INFO - Filling up the DagBag from /opt/airflow/dags/process_sales_dag.py
[2025-06-18T12:36:39.394+0000] {processor.py:840} INFO - DAG(s) 'process_sales' retrieved from /opt/airflow/dags/process_sales_dag.py
[2025-06-18T12:36:39.437+0000] {logging_mixin.py:188} INFO - [2025-06-18T12:36:39.437+0000] {dag.py:3096} INFO - Sync 1 DAGs
[2025-06-18T12:36:39.469+0000] {logging_mixin.py:188} INFO - [2025-06-18T12:36:39.469+0000] {dag.py:3954} INFO - Setting next_dagrun for process_sales to None, run_after=None
[2025-06-18T12:36:39.514+0000] {processor.py:183} INFO - Processing /opt/airflow/dags/process_sales_dag.py took 0.164 seconds
[2025-06-18T12:37:10.154+0000] {processor.py:161} INFO - Started process (PID=1577) to work on /opt/airflow/dags/process_sales_dag.py
[2025-06-18T12:37:10.157+0000] {processor.py:830} INFO - Processing file /opt/airflow/dags/process_sales_dag.py for tasks to queue
[2025-06-18T12:37:10.163+0000] {logging_mixin.py:188} INFO - [2025-06-18T12:37:10.162+0000] {dagbag.py:545} INFO - Filling up the DagBag from /opt/airflow/dags/process_sales_dag.py
[2025-06-18T12:37:10.236+0000] {processor.py:840} INFO - DAG(s) 'process_sales' retrieved from /opt/airflow/dags/process_sales_dag.py
[2025-06-18T12:37:10.603+0000] {logging_mixin.py:188} INFO - [2025-06-18T12:37:10.601+0000] {dag.py:3096} INFO - Sync 1 DAGs
[2025-06-18T12:37:10.720+0000] {logging_mixin.py:188} INFO - [2025-06-18T12:37:10.719+0000] {dag.py:3954} INFO - Setting next_dagrun for process_sales to None, run_after=None
[2025-06-18T12:37:10.841+0000] {processor.py:183} INFO - Processing /opt/airflow/dags/process_sales_dag.py took 0.705 seconds
[2025-06-18T12:37:41.377+0000] {processor.py:161} INFO - Started process (PID=1592) to work on /opt/airflow/dags/process_sales_dag.py
[2025-06-18T12:37:41.381+0000] {processor.py:830} INFO - Processing file /opt/airflow/dags/process_sales_dag.py for tasks to queue
[2025-06-18T12:37:41.388+0000] {logging_mixin.py:188} INFO - [2025-06-18T12:37:41.387+0000] {dagbag.py:545} INFO - Filling up the DagBag from /opt/airflow/dags/process_sales_dag.py
[2025-06-18T12:37:41.489+0000] {processor.py:840} INFO - DAG(s) 'process_sales' retrieved from /opt/airflow/dags/process_sales_dag.py
[2025-06-18T12:37:41.559+0000] {logging_mixin.py:188} INFO - [2025-06-18T12:37:41.558+0000] {dag.py:3096} INFO - Sync 1 DAGs
[2025-06-18T12:37:41.590+0000] {logging_mixin.py:188} INFO - [2025-06-18T12:37:41.590+0000] {dag.py:3954} INFO - Setting next_dagrun for process_sales to None, run_after=None
[2025-06-18T12:37:41.640+0000] {processor.py:183} INFO - Processing /opt/airflow/dags/process_sales_dag.py took 0.295 seconds
[2025-06-18T12:38:12.720+0000] {processor.py:161} INFO - Started process (PID=1607) to work on /opt/airflow/dags/process_sales_dag.py
[2025-06-18T12:38:12.722+0000] {processor.py:830} INFO - Processing file /opt/airflow/dags/process_sales_dag.py for tasks to queue
[2025-06-18T12:38:12.727+0000] {logging_mixin.py:188} INFO - [2025-06-18T12:38:12.727+0000] {dagbag.py:545} INFO - Filling up the DagBag from /opt/airflow/dags/process_sales_dag.py
[2025-06-18T12:38:12.773+0000] {processor.py:840} INFO - DAG(s) 'process_sales' retrieved from /opt/airflow/dags/process_sales_dag.py
[2025-06-18T12:38:12.845+0000] {logging_mixin.py:188} INFO - [2025-06-18T12:38:12.845+0000] {dag.py:3096} INFO - Sync 1 DAGs
[2025-06-18T12:38:12.881+0000] {logging_mixin.py:188} INFO - [2025-06-18T12:38:12.881+0000] {dag.py:3954} INFO - Setting next_dagrun for process_sales to None, run_after=None
[2025-06-18T12:38:12.923+0000] {processor.py:183} INFO - Processing /opt/airflow/dags/process_sales_dag.py took 0.220 seconds
[2025-06-18T12:38:43.608+0000] {processor.py:161} INFO - Started process (PID=1622) to work on /opt/airflow/dags/process_sales_dag.py
[2025-06-18T12:38:43.610+0000] {processor.py:830} INFO - Processing file /opt/airflow/dags/process_sales_dag.py for tasks to queue
[2025-06-18T12:38:43.613+0000] {logging_mixin.py:188} INFO - [2025-06-18T12:38:43.612+0000] {dagbag.py:545} INFO - Filling up the DagBag from /opt/airflow/dags/process_sales_dag.py
[2025-06-18T12:38:43.658+0000] {processor.py:840} INFO - DAG(s) 'process_sales' retrieved from /opt/airflow/dags/process_sales_dag.py
[2025-06-18T12:38:43.724+0000] {logging_mixin.py:188} INFO - [2025-06-18T12:38:43.724+0000] {dag.py:3096} INFO - Sync 1 DAGs
[2025-06-18T12:38:43.757+0000] {logging_mixin.py:188} INFO - [2025-06-18T12:38:43.757+0000] {dag.py:3954} INFO - Setting next_dagrun for process_sales to None, run_after=None
[2025-06-18T12:38:43.804+0000] {processor.py:183} INFO - Processing /opt/airflow/dags/process_sales_dag.py took 0.205 seconds
[2025-06-18T12:39:13.932+0000] {processor.py:161} INFO - Started process (PID=1637) to work on /opt/airflow/dags/process_sales_dag.py
[2025-06-18T12:39:13.934+0000] {processor.py:830} INFO - Processing file /opt/airflow/dags/process_sales_dag.py for tasks to queue
[2025-06-18T12:39:13.937+0000] {logging_mixin.py:188} INFO - [2025-06-18T12:39:13.937+0000] {dagbag.py:545} INFO - Filling up the DagBag from /opt/airflow/dags/process_sales_dag.py
[2025-06-18T12:39:13.970+0000] {processor.py:840} INFO - DAG(s) 'process_sales' retrieved from /opt/airflow/dags/process_sales_dag.py
[2025-06-18T12:39:14.020+0000] {logging_mixin.py:188} INFO - [2025-06-18T12:39:14.020+0000] {dag.py:3096} INFO - Sync 1 DAGs
[2025-06-18T12:39:14.050+0000] {logging_mixin.py:188} INFO - [2025-06-18T12:39:14.049+0000] {dag.py:3954} INFO - Setting next_dagrun for process_sales to None, run_after=None
[2025-06-18T12:39:14.107+0000] {processor.py:183} INFO - Processing /opt/airflow/dags/process_sales_dag.py took 0.185 seconds
[2025-06-18T12:39:44.962+0000] {processor.py:161} INFO - Started process (PID=1652) to work on /opt/airflow/dags/process_sales_dag.py
[2025-06-18T12:39:44.964+0000] {processor.py:830} INFO - Processing file /opt/airflow/dags/process_sales_dag.py for tasks to queue
[2025-06-18T12:39:44.968+0000] {logging_mixin.py:188} INFO - [2025-06-18T12:39:44.967+0000] {dagbag.py:545} INFO - Filling up the DagBag from /opt/airflow/dags/process_sales_dag.py
[2025-06-18T12:39:45.004+0000] {processor.py:840} INFO - DAG(s) 'process_sales' retrieved from /opt/airflow/dags/process_sales_dag.py
[2025-06-18T12:39:45.052+0000] {logging_mixin.py:188} INFO - [2025-06-18T12:39:45.052+0000] {dag.py:3096} INFO - Sync 1 DAGs
[2025-06-18T12:39:45.073+0000] {logging_mixin.py:188} INFO - [2025-06-18T12:39:45.073+0000] {dag.py:3954} INFO - Setting next_dagrun for process_sales to None, run_after=None
[2025-06-18T12:39:45.109+0000] {processor.py:183} INFO - Processing /opt/airflow/dags/process_sales_dag.py took 0.161 seconds
[2025-06-18T12:40:15.676+0000] {processor.py:161} INFO - Started process (PID=1667) to work on /opt/airflow/dags/process_sales_dag.py
[2025-06-18T12:40:15.677+0000] {processor.py:830} INFO - Processing file /opt/airflow/dags/process_sales_dag.py for tasks to queue
[2025-06-18T12:40:15.681+0000] {logging_mixin.py:188} INFO - [2025-06-18T12:40:15.680+0000] {dagbag.py:545} INFO - Filling up the DagBag from /opt/airflow/dags/process_sales_dag.py
[2025-06-18T12:40:15.707+0000] {processor.py:840} INFO - DAG(s) 'process_sales' retrieved from /opt/airflow/dags/process_sales_dag.py
[2025-06-18T12:40:15.756+0000] {logging_mixin.py:188} INFO - [2025-06-18T12:40:15.755+0000] {dag.py:3096} INFO - Sync 1 DAGs
[2025-06-18T12:40:15.815+0000] {logging_mixin.py:188} INFO - [2025-06-18T12:40:15.814+0000] {dag.py:3954} INFO - Setting next_dagrun for process_sales to None, run_after=None
[2025-06-18T12:40:15.863+0000] {processor.py:183} INFO - Processing /opt/airflow/dags/process_sales_dag.py took 0.197 seconds
[2025-06-18T12:40:46.079+0000] {processor.py:161} INFO - Started process (PID=1682) to work on /opt/airflow/dags/process_sales_dag.py
[2025-06-18T12:40:46.081+0000] {processor.py:830} INFO - Processing file /opt/airflow/dags/process_sales_dag.py for tasks to queue
[2025-06-18T12:40:46.084+0000] {logging_mixin.py:188} INFO - [2025-06-18T12:40:46.084+0000] {dagbag.py:545} INFO - Filling up the DagBag from /opt/airflow/dags/process_sales_dag.py
[2025-06-18T12:40:46.123+0000] {processor.py:840} INFO - DAG(s) 'process_sales' retrieved from /opt/airflow/dags/process_sales_dag.py
[2025-06-18T12:40:46.173+0000] {logging_mixin.py:188} INFO - [2025-06-18T12:40:46.173+0000] {dag.py:3096} INFO - Sync 1 DAGs
[2025-06-18T12:40:46.195+0000] {logging_mixin.py:188} INFO - [2025-06-18T12:40:46.195+0000] {dag.py:3954} INFO - Setting next_dagrun for process_sales to None, run_after=None
[2025-06-18T12:40:46.239+0000] {processor.py:183} INFO - Processing /opt/airflow/dags/process_sales_dag.py took 0.174 seconds
[2025-06-18T12:41:17.570+0000] {processor.py:161} INFO - Started process (PID=1697) to work on /opt/airflow/dags/process_sales_dag.py
[2025-06-18T12:41:17.573+0000] {processor.py:830} INFO - Processing file /opt/airflow/dags/process_sales_dag.py for tasks to queue
[2025-06-18T12:41:17.578+0000] {logging_mixin.py:188} INFO - [2025-06-18T12:41:17.577+0000] {dagbag.py:545} INFO - Filling up the DagBag from /opt/airflow/dags/process_sales_dag.py
[2025-06-18T12:41:17.629+0000] {processor.py:840} INFO - DAG(s) 'process_sales' retrieved from /opt/airflow/dags/process_sales_dag.py
[2025-06-18T12:41:17.728+0000] {logging_mixin.py:188} INFO - [2025-06-18T12:41:17.727+0000] {dag.py:3096} INFO - Sync 1 DAGs
[2025-06-18T12:41:17.787+0000] {logging_mixin.py:188} INFO - [2025-06-18T12:41:17.787+0000] {dag.py:3954} INFO - Setting next_dagrun for process_sales to None, run_after=None
[2025-06-18T12:41:17.880+0000] {processor.py:183} INFO - Processing /opt/airflow/dags/process_sales_dag.py took 0.339 seconds
[2025-06-18T12:41:48.717+0000] {processor.py:161} INFO - Started process (PID=1712) to work on /opt/airflow/dags/process_sales_dag.py
[2025-06-18T12:41:48.721+0000] {processor.py:830} INFO - Processing file /opt/airflow/dags/process_sales_dag.py for tasks to queue
[2025-06-18T12:41:48.725+0000] {logging_mixin.py:188} INFO - [2025-06-18T12:41:48.724+0000] {dagbag.py:545} INFO - Filling up the DagBag from /opt/airflow/dags/process_sales_dag.py
[2025-06-18T12:41:48.779+0000] {processor.py:840} INFO - DAG(s) 'process_sales' retrieved from /opt/airflow/dags/process_sales_dag.py
[2025-06-18T12:41:48.867+0000] {logging_mixin.py:188} INFO - [2025-06-18T12:41:48.867+0000] {dag.py:3096} INFO - Sync 1 DAGs
[2025-06-18T12:41:48.899+0000] {logging_mixin.py:188} INFO - [2025-06-18T12:41:48.899+0000] {dag.py:3954} INFO - Setting next_dagrun for process_sales to None, run_after=None
[2025-06-18T12:41:48.941+0000] {processor.py:183} INFO - Processing /opt/airflow/dags/process_sales_dag.py took 0.235 seconds
[2025-06-18T12:42:19.220+0000] {processor.py:161} INFO - Started process (PID=1727) to work on /opt/airflow/dags/process_sales_dag.py
[2025-06-18T12:42:19.222+0000] {processor.py:830} INFO - Processing file /opt/airflow/dags/process_sales_dag.py for tasks to queue
[2025-06-18T12:42:19.225+0000] {logging_mixin.py:188} INFO - [2025-06-18T12:42:19.224+0000] {dagbag.py:545} INFO - Filling up the DagBag from /opt/airflow/dags/process_sales_dag.py
[2025-06-18T12:42:19.261+0000] {processor.py:840} INFO - DAG(s) 'process_sales' retrieved from /opt/airflow/dags/process_sales_dag.py
[2025-06-18T12:42:19.310+0000] {logging_mixin.py:188} INFO - [2025-06-18T12:42:19.309+0000] {dag.py:3096} INFO - Sync 1 DAGs
[2025-06-18T12:42:19.339+0000] {logging_mixin.py:188} INFO - [2025-06-18T12:42:19.339+0000] {dag.py:3954} INFO - Setting next_dagrun for process_sales to None, run_after=None
[2025-06-18T12:42:19.374+0000] {processor.py:183} INFO - Processing /opt/airflow/dags/process_sales_dag.py took 0.164 seconds
[2025-06-18T12:42:50.403+0000] {processor.py:161} INFO - Started process (PID=1742) to work on /opt/airflow/dags/process_sales_dag.py
[2025-06-18T12:42:50.404+0000] {processor.py:830} INFO - Processing file /opt/airflow/dags/process_sales_dag.py for tasks to queue
[2025-06-18T12:42:50.408+0000] {logging_mixin.py:188} INFO - [2025-06-18T12:42:50.407+0000] {dagbag.py:545} INFO - Filling up the DagBag from /opt/airflow/dags/process_sales_dag.py
[2025-06-18T12:42:50.435+0000] {processor.py:840} INFO - DAG(s) 'process_sales' retrieved from /opt/airflow/dags/process_sales_dag.py
[2025-06-18T12:42:50.477+0000] {logging_mixin.py:188} INFO - [2025-06-18T12:42:50.476+0000] {dag.py:3096} INFO - Sync 1 DAGs
[2025-06-18T12:42:50.505+0000] {logging_mixin.py:188} INFO - [2025-06-18T12:42:50.505+0000] {dag.py:3954} INFO - Setting next_dagrun for process_sales to None, run_after=None
[2025-06-18T12:42:50.544+0000] {processor.py:183} INFO - Processing /opt/airflow/dags/process_sales_dag.py took 0.149 seconds
[2025-06-18T12:43:21.820+0000] {processor.py:161} INFO - Started process (PID=1757) to work on /opt/airflow/dags/process_sales_dag.py
[2025-06-18T12:43:21.843+0000] {processor.py:830} INFO - Processing file /opt/airflow/dags/process_sales_dag.py for tasks to queue
[2025-06-18T12:43:21.856+0000] {logging_mixin.py:188} INFO - [2025-06-18T12:43:21.854+0000] {dagbag.py:545} INFO - Filling up the DagBag from /opt/airflow/dags/process_sales_dag.py
[2025-06-18T12:43:22.020+0000] {processor.py:840} INFO - DAG(s) 'process_sales' retrieved from /opt/airflow/dags/process_sales_dag.py
[2025-06-18T12:43:22.240+0000] {logging_mixin.py:188} INFO - [2025-06-18T12:43:22.239+0000] {dag.py:3096} INFO - Sync 1 DAGs
[2025-06-18T12:43:22.313+0000] {logging_mixin.py:188} INFO - [2025-06-18T12:43:22.313+0000] {dag.py:3954} INFO - Setting next_dagrun for process_sales to None, run_after=None
[2025-06-18T12:43:22.388+0000] {processor.py:183} INFO - Processing /opt/airflow/dags/process_sales_dag.py took 0.643 seconds
[2025-06-18T12:43:53.085+0000] {processor.py:161} INFO - Started process (PID=1772) to work on /opt/airflow/dags/process_sales_dag.py
[2025-06-18T12:43:53.093+0000] {processor.py:830} INFO - Processing file /opt/airflow/dags/process_sales_dag.py for tasks to queue
[2025-06-18T12:43:53.109+0000] {logging_mixin.py:188} INFO - [2025-06-18T12:43:53.107+0000] {dagbag.py:545} INFO - Filling up the DagBag from /opt/airflow/dags/process_sales_dag.py
[2025-06-18T12:43:53.162+0000] {processor.py:840} INFO - DAG(s) 'process_sales' retrieved from /opt/airflow/dags/process_sales_dag.py
[2025-06-18T12:43:53.216+0000] {logging_mixin.py:188} INFO - [2025-06-18T12:43:53.216+0000] {dag.py:3096} INFO - Sync 1 DAGs
[2025-06-18T12:43:53.299+0000] {logging_mixin.py:188} INFO - [2025-06-18T12:43:53.299+0000] {dag.py:3954} INFO - Setting next_dagrun for process_sales to None, run_after=None
[2025-06-18T12:43:53.365+0000] {processor.py:183} INFO - Processing /opt/airflow/dags/process_sales_dag.py took 0.337 seconds
[2025-06-18T12:44:23.705+0000] {processor.py:161} INFO - Started process (PID=1787) to work on /opt/airflow/dags/process_sales_dag.py
[2025-06-18T12:44:23.709+0000] {processor.py:830} INFO - Processing file /opt/airflow/dags/process_sales_dag.py for tasks to queue
[2025-06-18T12:44:23.716+0000] {logging_mixin.py:188} INFO - [2025-06-18T12:44:23.715+0000] {dagbag.py:545} INFO - Filling up the DagBag from /opt/airflow/dags/process_sales_dag.py
[2025-06-18T12:44:23.771+0000] {processor.py:840} INFO - DAG(s) 'process_sales' retrieved from /opt/airflow/dags/process_sales_dag.py
[2025-06-18T12:44:23.858+0000] {logging_mixin.py:188} INFO - [2025-06-18T12:44:23.858+0000] {dag.py:3096} INFO - Sync 1 DAGs
[2025-06-18T12:44:23.891+0000] {logging_mixin.py:188} INFO - [2025-06-18T12:44:23.891+0000] {dag.py:3954} INFO - Setting next_dagrun for process_sales to None, run_after=None
[2025-06-18T12:44:23.976+0000] {processor.py:183} INFO - Processing /opt/airflow/dags/process_sales_dag.py took 0.295 seconds
[2025-06-18T12:44:54.253+0000] {processor.py:161} INFO - Started process (PID=1802) to work on /opt/airflow/dags/process_sales_dag.py
[2025-06-18T12:44:54.256+0000] {processor.py:830} INFO - Processing file /opt/airflow/dags/process_sales_dag.py for tasks to queue
[2025-06-18T12:44:54.261+0000] {logging_mixin.py:188} INFO - [2025-06-18T12:44:54.260+0000] {dagbag.py:545} INFO - Filling up the DagBag from /opt/airflow/dags/process_sales_dag.py
[2025-06-18T12:44:54.327+0000] {processor.py:840} INFO - DAG(s) 'process_sales' retrieved from /opt/airflow/dags/process_sales_dag.py
[2025-06-18T12:44:54.434+0000] {logging_mixin.py:188} INFO - [2025-06-18T12:44:54.433+0000] {dag.py:3096} INFO - Sync 1 DAGs
[2025-06-18T12:44:54.475+0000] {logging_mixin.py:188} INFO - [2025-06-18T12:44:54.475+0000] {dag.py:3954} INFO - Setting next_dagrun for process_sales to None, run_after=None
[2025-06-18T12:44:54.536+0000] {processor.py:183} INFO - Processing /opt/airflow/dags/process_sales_dag.py took 0.299 seconds
[2025-06-18T12:45:25.069+0000] {processor.py:161} INFO - Started process (PID=1817) to work on /opt/airflow/dags/process_sales_dag.py
[2025-06-18T12:45:25.072+0000] {processor.py:830} INFO - Processing file /opt/airflow/dags/process_sales_dag.py for tasks to queue
[2025-06-18T12:45:25.077+0000] {logging_mixin.py:188} INFO - [2025-06-18T12:45:25.076+0000] {dagbag.py:545} INFO - Filling up the DagBag from /opt/airflow/dags/process_sales_dag.py
[2025-06-18T12:45:25.130+0000] {processor.py:840} INFO - DAG(s) 'process_sales' retrieved from /opt/airflow/dags/process_sales_dag.py
[2025-06-18T12:45:25.233+0000] {logging_mixin.py:188} INFO - [2025-06-18T12:45:25.233+0000] {dag.py:3096} INFO - Sync 1 DAGs
[2025-06-18T12:45:25.266+0000] {logging_mixin.py:188} INFO - [2025-06-18T12:45:25.266+0000] {dag.py:3954} INFO - Setting next_dagrun for process_sales to None, run_after=None
[2025-06-18T12:45:25.313+0000] {processor.py:183} INFO - Processing /opt/airflow/dags/process_sales_dag.py took 0.263 seconds
[2025-06-18T12:45:55.812+0000] {processor.py:161} INFO - Started process (PID=1832) to work on /opt/airflow/dags/process_sales_dag.py
[2025-06-18T12:45:55.814+0000] {processor.py:830} INFO - Processing file /opt/airflow/dags/process_sales_dag.py for tasks to queue
[2025-06-18T12:45:55.817+0000] {logging_mixin.py:188} INFO - [2025-06-18T12:45:55.817+0000] {dagbag.py:545} INFO - Filling up the DagBag from /opt/airflow/dags/process_sales_dag.py
[2025-06-18T12:45:55.878+0000] {processor.py:840} INFO - DAG(s) 'process_sales' retrieved from /opt/airflow/dags/process_sales_dag.py
[2025-06-18T12:45:56.998+0000] {logging_mixin.py:188} INFO - [2025-06-18T12:45:56.982+0000] {dag.py:3096} INFO - Sync 1 DAGs
[2025-06-18T12:45:57.441+0000] {logging_mixin.py:188} INFO - [2025-06-18T12:45:57.440+0000] {dag.py:3954} INFO - Setting next_dagrun for process_sales to None, run_after=None
[2025-06-18T12:45:57.698+0000] {processor.py:183} INFO - Processing /opt/airflow/dags/process_sales_dag.py took 1.896 seconds
[2025-06-18T12:46:28.564+0000] {processor.py:161} INFO - Started process (PID=1847) to work on /opt/airflow/dags/process_sales_dag.py
[2025-06-18T12:46:28.567+0000] {processor.py:830} INFO - Processing file /opt/airflow/dags/process_sales_dag.py for tasks to queue
[2025-06-18T12:46:28.573+0000] {logging_mixin.py:188} INFO - [2025-06-18T12:46:28.572+0000] {dagbag.py:545} INFO - Filling up the DagBag from /opt/airflow/dags/process_sales_dag.py
[2025-06-18T12:46:28.627+0000] {processor.py:840} INFO - DAG(s) 'process_sales' retrieved from /opt/airflow/dags/process_sales_dag.py
[2025-06-18T12:46:28.674+0000] {logging_mixin.py:188} INFO - [2025-06-18T12:46:28.674+0000] {dag.py:3096} INFO - Sync 1 DAGs
[2025-06-18T12:46:28.693+0000] {logging_mixin.py:188} INFO - [2025-06-18T12:46:28.693+0000] {dag.py:3954} INFO - Setting next_dagrun for process_sales to None, run_after=None
[2025-06-18T12:46:28.726+0000] {processor.py:183} INFO - Processing /opt/airflow/dags/process_sales_dag.py took 0.175 seconds
[2025-06-18T12:46:59.297+0000] {processor.py:161} INFO - Started process (PID=1862) to work on /opt/airflow/dags/process_sales_dag.py
[2025-06-18T12:46:59.301+0000] {processor.py:830} INFO - Processing file /opt/airflow/dags/process_sales_dag.py for tasks to queue
[2025-06-18T12:46:59.307+0000] {logging_mixin.py:188} INFO - [2025-06-18T12:46:59.306+0000] {dagbag.py:545} INFO - Filling up the DagBag from /opt/airflow/dags/process_sales_dag.py
[2025-06-18T12:46:59.349+0000] {processor.py:840} INFO - DAG(s) 'process_sales' retrieved from /opt/airflow/dags/process_sales_dag.py
[2025-06-18T12:46:59.416+0000] {logging_mixin.py:188} INFO - [2025-06-18T12:46:59.416+0000] {dag.py:3096} INFO - Sync 1 DAGs
[2025-06-18T12:46:59.450+0000] {logging_mixin.py:188} INFO - [2025-06-18T12:46:59.449+0000] {dag.py:3954} INFO - Setting next_dagrun for process_sales to None, run_after=None
[2025-06-18T12:46:59.501+0000] {processor.py:183} INFO - Processing /opt/airflow/dags/process_sales_dag.py took 0.230 seconds
[2025-06-18T12:47:29.908+0000] {processor.py:161} INFO - Started process (PID=1877) to work on /opt/airflow/dags/process_sales_dag.py
[2025-06-18T12:47:29.910+0000] {processor.py:830} INFO - Processing file /opt/airflow/dags/process_sales_dag.py for tasks to queue
[2025-06-18T12:47:29.913+0000] {logging_mixin.py:188} INFO - [2025-06-18T12:47:29.912+0000] {dagbag.py:545} INFO - Filling up the DagBag from /opt/airflow/dags/process_sales_dag.py
[2025-06-18T12:47:29.938+0000] {processor.py:840} INFO - DAG(s) 'process_sales' retrieved from /opt/airflow/dags/process_sales_dag.py
[2025-06-18T12:47:29.976+0000] {logging_mixin.py:188} INFO - [2025-06-18T12:47:29.976+0000] {dag.py:3096} INFO - Sync 1 DAGs
[2025-06-18T12:47:29.993+0000] {logging_mixin.py:188} INFO - [2025-06-18T12:47:29.993+0000] {dag.py:3954} INFO - Setting next_dagrun for process_sales to None, run_after=None
[2025-06-18T12:47:30.030+0000] {processor.py:183} INFO - Processing /opt/airflow/dags/process_sales_dag.py took 0.133 seconds
[2025-06-18T12:48:00.429+0000] {processor.py:161} INFO - Started process (PID=1892) to work on /opt/airflow/dags/process_sales_dag.py
[2025-06-18T12:48:00.431+0000] {processor.py:830} INFO - Processing file /opt/airflow/dags/process_sales_dag.py for tasks to queue
[2025-06-18T12:48:00.437+0000] {logging_mixin.py:188} INFO - [2025-06-18T12:48:00.436+0000] {dagbag.py:545} INFO - Filling up the DagBag from /opt/airflow/dags/process_sales_dag.py
[2025-06-18T12:48:00.492+0000] {processor.py:840} INFO - DAG(s) 'process_sales' retrieved from /opt/airflow/dags/process_sales_dag.py
[2025-06-18T12:48:00.542+0000] {logging_mixin.py:188} INFO - [2025-06-18T12:48:00.542+0000] {dag.py:3096} INFO - Sync 1 DAGs
[2025-06-18T12:48:00.566+0000] {logging_mixin.py:188} INFO - [2025-06-18T12:48:00.565+0000] {dag.py:3954} INFO - Setting next_dagrun for process_sales to None, run_after=None
[2025-06-18T12:48:00.598+0000] {processor.py:183} INFO - Processing /opt/airflow/dags/process_sales_dag.py took 0.184 seconds
[2025-06-18T12:48:31.527+0000] {processor.py:161} INFO - Started process (PID=1907) to work on /opt/airflow/dags/process_sales_dag.py
[2025-06-18T12:48:31.533+0000] {processor.py:830} INFO - Processing file /opt/airflow/dags/process_sales_dag.py for tasks to queue
[2025-06-18T12:48:31.540+0000] {logging_mixin.py:188} INFO - [2025-06-18T12:48:31.539+0000] {dagbag.py:545} INFO - Filling up the DagBag from /opt/airflow/dags/process_sales_dag.py
[2025-06-18T12:48:31.626+0000] {processor.py:840} INFO - DAG(s) 'process_sales' retrieved from /opt/airflow/dags/process_sales_dag.py
[2025-06-18T12:48:31.747+0000] {logging_mixin.py:188} INFO - [2025-06-18T12:48:31.746+0000] {dag.py:3096} INFO - Sync 1 DAGs
[2025-06-18T12:48:31.794+0000] {logging_mixin.py:188} INFO - [2025-06-18T12:48:31.793+0000] {dag.py:3954} INFO - Setting next_dagrun for process_sales to None, run_after=None
[2025-06-18T12:48:31.881+0000] {processor.py:183} INFO - Processing /opt/airflow/dags/process_sales_dag.py took 0.375 seconds
[2025-06-18T12:49:03.434+0000] {processor.py:161} INFO - Started process (PID=1922) to work on /opt/airflow/dags/process_sales_dag.py
[2025-06-18T12:49:03.439+0000] {processor.py:830} INFO - Processing file /opt/airflow/dags/process_sales_dag.py for tasks to queue
[2025-06-18T12:49:03.450+0000] {logging_mixin.py:188} INFO - [2025-06-18T12:49:03.449+0000] {dagbag.py:545} INFO - Filling up the DagBag from /opt/airflow/dags/process_sales_dag.py
[2025-06-18T12:49:03.528+0000] {processor.py:840} INFO - DAG(s) 'process_sales' retrieved from /opt/airflow/dags/process_sales_dag.py
[2025-06-18T12:49:03.618+0000] {logging_mixin.py:188} INFO - [2025-06-18T12:49:03.618+0000] {dag.py:3096} INFO - Sync 1 DAGs
[2025-06-18T12:49:03.656+0000] {logging_mixin.py:188} INFO - [2025-06-18T12:49:03.655+0000] {dag.py:3954} INFO - Setting next_dagrun for process_sales to None, run_after=None
[2025-06-18T12:49:03.708+0000] {processor.py:183} INFO - Processing /opt/airflow/dags/process_sales_dag.py took 0.305 seconds
[2025-06-18T12:49:34.244+0000] {processor.py:161} INFO - Started process (PID=1937) to work on /opt/airflow/dags/process_sales_dag.py
[2025-06-18T12:49:34.248+0000] {processor.py:830} INFO - Processing file /opt/airflow/dags/process_sales_dag.py for tasks to queue
[2025-06-18T12:49:34.254+0000] {logging_mixin.py:188} INFO - [2025-06-18T12:49:34.253+0000] {dagbag.py:545} INFO - Filling up the DagBag from /opt/airflow/dags/process_sales_dag.py
[2025-06-18T12:49:34.320+0000] {processor.py:840} INFO - DAG(s) 'process_sales' retrieved from /opt/airflow/dags/process_sales_dag.py
[2025-06-18T12:49:34.447+0000] {logging_mixin.py:188} INFO - [2025-06-18T12:49:34.446+0000] {dag.py:3096} INFO - Sync 1 DAGs
[2025-06-18T12:49:34.485+0000] {logging_mixin.py:188} INFO - [2025-06-18T12:49:34.485+0000] {dag.py:3954} INFO - Setting next_dagrun for process_sales to None, run_after=None
[2025-06-18T12:49:34.541+0000] {processor.py:183} INFO - Processing /opt/airflow/dags/process_sales_dag.py took 0.322 seconds
[2025-06-18T12:50:06.604+0000] {processor.py:161} INFO - Started process (PID=1952) to work on /opt/airflow/dags/process_sales_dag.py
[2025-06-18T12:50:06.607+0000] {processor.py:830} INFO - Processing file /opt/airflow/dags/process_sales_dag.py for tasks to queue
[2025-06-18T12:50:06.613+0000] {logging_mixin.py:188} INFO - [2025-06-18T12:50:06.612+0000] {dagbag.py:545} INFO - Filling up the DagBag from /opt/airflow/dags/process_sales_dag.py
[2025-06-18T12:50:06.662+0000] {processor.py:840} INFO - DAG(s) 'process_sales' retrieved from /opt/airflow/dags/process_sales_dag.py
[2025-06-18T12:50:06.718+0000] {logging_mixin.py:188} INFO - [2025-06-18T12:50:06.718+0000] {dag.py:3096} INFO - Sync 1 DAGs
[2025-06-18T12:50:06.763+0000] {logging_mixin.py:188} INFO - [2025-06-18T12:50:06.758+0000] {dag.py:3954} INFO - Setting next_dagrun for process_sales to None, run_after=None
[2025-06-18T12:50:06.878+0000] {processor.py:183} INFO - Processing /opt/airflow/dags/process_sales_dag.py took 0.292 seconds
[2025-06-18T12:50:37.966+0000] {processor.py:161} INFO - Started process (PID=1967) to work on /opt/airflow/dags/process_sales_dag.py
[2025-06-18T12:50:37.971+0000] {processor.py:830} INFO - Processing file /opt/airflow/dags/process_sales_dag.py for tasks to queue
[2025-06-18T12:50:37.978+0000] {logging_mixin.py:188} INFO - [2025-06-18T12:50:37.977+0000] {dagbag.py:545} INFO - Filling up the DagBag from /opt/airflow/dags/process_sales_dag.py
[2025-06-18T12:50:38.043+0000] {processor.py:840} INFO - DAG(s) 'process_sales' retrieved from /opt/airflow/dags/process_sales_dag.py
[2025-06-18T12:50:38.086+0000] {logging_mixin.py:188} INFO - [2025-06-18T12:50:38.086+0000] {dag.py:3096} INFO - Sync 1 DAGs
[2025-06-18T12:50:38.106+0000] {logging_mixin.py:188} INFO - [2025-06-18T12:50:38.106+0000] {dag.py:3954} INFO - Setting next_dagrun for process_sales to None, run_after=None
[2025-06-18T12:50:38.138+0000] {processor.py:183} INFO - Processing /opt/airflow/dags/process_sales_dag.py took 0.214 seconds
[2025-06-18T12:51:09.149+0000] {processor.py:161} INFO - Started process (PID=1982) to work on /opt/airflow/dags/process_sales_dag.py
[2025-06-18T12:51:09.152+0000] {processor.py:830} INFO - Processing file /opt/airflow/dags/process_sales_dag.py for tasks to queue
[2025-06-18T12:51:09.157+0000] {logging_mixin.py:188} INFO - [2025-06-18T12:51:09.157+0000] {dagbag.py:545} INFO - Filling up the DagBag from /opt/airflow/dags/process_sales_dag.py
[2025-06-18T12:51:09.203+0000] {processor.py:840} INFO - DAG(s) 'process_sales' retrieved from /opt/airflow/dags/process_sales_dag.py
[2025-06-18T12:51:09.280+0000] {logging_mixin.py:188} INFO - [2025-06-18T12:51:09.280+0000] {dag.py:3096} INFO - Sync 1 DAGs
[2025-06-18T12:51:09.313+0000] {logging_mixin.py:188} INFO - [2025-06-18T12:51:09.312+0000] {dag.py:3954} INFO - Setting next_dagrun for process_sales to None, run_after=None
[2025-06-18T12:51:09.354+0000] {processor.py:183} INFO - Processing /opt/airflow/dags/process_sales_dag.py took 0.223 seconds
[2025-06-18T12:51:40.293+0000] {processor.py:161} INFO - Started process (PID=1997) to work on /opt/airflow/dags/process_sales_dag.py
[2025-06-18T12:51:40.298+0000] {processor.py:830} INFO - Processing file /opt/airflow/dags/process_sales_dag.py for tasks to queue
[2025-06-18T12:51:40.307+0000] {logging_mixin.py:188} INFO - [2025-06-18T12:51:40.306+0000] {dagbag.py:545} INFO - Filling up the DagBag from /opt/airflow/dags/process_sales_dag.py
[2025-06-18T12:51:40.356+0000] {processor.py:840} INFO - DAG(s) 'process_sales' retrieved from /opt/airflow/dags/process_sales_dag.py
[2025-06-18T12:51:40.438+0000] {logging_mixin.py:188} INFO - [2025-06-18T12:51:40.437+0000] {dag.py:3096} INFO - Sync 1 DAGs
[2025-06-18T12:51:40.475+0000] {logging_mixin.py:188} INFO - [2025-06-18T12:51:40.474+0000] {dag.py:3954} INFO - Setting next_dagrun for process_sales to None, run_after=None
[2025-06-18T12:51:40.529+0000] {processor.py:183} INFO - Processing /opt/airflow/dags/process_sales_dag.py took 0.255 seconds
[2025-06-18T12:52:11.520+0000] {processor.py:161} INFO - Started process (PID=2012) to work on /opt/airflow/dags/process_sales_dag.py
[2025-06-18T12:52:11.522+0000] {processor.py:830} INFO - Processing file /opt/airflow/dags/process_sales_dag.py for tasks to queue
[2025-06-18T12:52:11.528+0000] {logging_mixin.py:188} INFO - [2025-06-18T12:52:11.526+0000] {dagbag.py:545} INFO - Filling up the DagBag from /opt/airflow/dags/process_sales_dag.py
[2025-06-18T12:52:11.566+0000] {processor.py:840} INFO - DAG(s) 'process_sales' retrieved from /opt/airflow/dags/process_sales_dag.py
[2025-06-18T12:52:11.664+0000] {logging_mixin.py:188} INFO - [2025-06-18T12:52:11.663+0000] {dag.py:3096} INFO - Sync 1 DAGs
[2025-06-18T12:52:11.730+0000] {logging_mixin.py:188} INFO - [2025-06-18T12:52:11.730+0000] {dag.py:3954} INFO - Setting next_dagrun for process_sales to None, run_after=None
[2025-06-18T12:52:11.781+0000] {processor.py:183} INFO - Processing /opt/airflow/dags/process_sales_dag.py took 0.272 seconds
[2025-06-18T12:52:42.831+0000] {processor.py:161} INFO - Started process (PID=2027) to work on /opt/airflow/dags/process_sales_dag.py
[2025-06-18T12:52:42.847+0000] {processor.py:830} INFO - Processing file /opt/airflow/dags/process_sales_dag.py for tasks to queue
[2025-06-18T12:52:42.864+0000] {logging_mixin.py:188} INFO - [2025-06-18T12:52:42.862+0000] {dagbag.py:545} INFO - Filling up the DagBag from /opt/airflow/dags/process_sales_dag.py
[2025-06-18T12:52:42.990+0000] {processor.py:840} INFO - DAG(s) 'process_sales' retrieved from /opt/airflow/dags/process_sales_dag.py
[2025-06-18T12:52:43.271+0000] {logging_mixin.py:188} INFO - [2025-06-18T12:52:43.269+0000] {dag.py:3096} INFO - Sync 1 DAGs
[2025-06-18T12:52:43.314+0000] {logging_mixin.py:188} INFO - [2025-06-18T12:52:43.313+0000] {dag.py:3954} INFO - Setting next_dagrun for process_sales to None, run_after=None
[2025-06-18T12:52:43.403+0000] {processor.py:183} INFO - Processing /opt/airflow/dags/process_sales_dag.py took 0.668 seconds
[2025-06-18T12:53:13.531+0000] {processor.py:161} INFO - Started process (PID=2042) to work on /opt/airflow/dags/process_sales_dag.py
[2025-06-18T12:53:13.533+0000] {processor.py:830} INFO - Processing file /opt/airflow/dags/process_sales_dag.py for tasks to queue
[2025-06-18T12:53:13.536+0000] {logging_mixin.py:188} INFO - [2025-06-18T12:53:13.536+0000] {dagbag.py:545} INFO - Filling up the DagBag from /opt/airflow/dags/process_sales_dag.py
[2025-06-18T12:53:13.562+0000] {processor.py:840} INFO - DAG(s) 'process_sales' retrieved from /opt/airflow/dags/process_sales_dag.py
[2025-06-18T12:53:13.600+0000] {logging_mixin.py:188} INFO - [2025-06-18T12:53:13.600+0000] {dag.py:3096} INFO - Sync 1 DAGs
[2025-06-18T12:53:13.620+0000] {logging_mixin.py:188} INFO - [2025-06-18T12:53:13.620+0000] {dag.py:3954} INFO - Setting next_dagrun for process_sales to None, run_after=None
[2025-06-18T12:53:13.661+0000] {processor.py:183} INFO - Processing /opt/airflow/dags/process_sales_dag.py took 0.140 seconds
[2025-06-18T12:53:44.045+0000] {processor.py:161} INFO - Started process (PID=2057) to work on /opt/airflow/dags/process_sales_dag.py
[2025-06-18T12:53:44.048+0000] {processor.py:830} INFO - Processing file /opt/airflow/dags/process_sales_dag.py for tasks to queue
[2025-06-18T12:53:44.054+0000] {logging_mixin.py:188} INFO - [2025-06-18T12:53:44.053+0000] {dagbag.py:545} INFO - Filling up the DagBag from /opt/airflow/dags/process_sales_dag.py
[2025-06-18T12:53:44.113+0000] {processor.py:840} INFO - DAG(s) 'process_sales' retrieved from /opt/airflow/dags/process_sales_dag.py
[2025-06-18T12:53:44.207+0000] {logging_mixin.py:188} INFO - [2025-06-18T12:53:44.207+0000] {dag.py:3096} INFO - Sync 1 DAGs
[2025-06-18T12:53:44.254+0000] {logging_mixin.py:188} INFO - [2025-06-18T12:53:44.253+0000] {dag.py:3954} INFO - Setting next_dagrun for process_sales to None, run_after=None
[2025-06-18T12:53:44.338+0000] {processor.py:183} INFO - Processing /opt/airflow/dags/process_sales_dag.py took 0.318 seconds
[2025-06-18T12:54:15.276+0000] {processor.py:161} INFO - Started process (PID=2072) to work on /opt/airflow/dags/process_sales_dag.py
[2025-06-18T12:54:15.277+0000] {processor.py:830} INFO - Processing file /opt/airflow/dags/process_sales_dag.py for tasks to queue
[2025-06-18T12:54:15.280+0000] {logging_mixin.py:188} INFO - [2025-06-18T12:54:15.280+0000] {dagbag.py:545} INFO - Filling up the DagBag from /opt/airflow/dags/process_sales_dag.py
[2025-06-18T12:54:15.314+0000] {processor.py:840} INFO - DAG(s) 'process_sales' retrieved from /opt/airflow/dags/process_sales_dag.py
[2025-06-18T12:54:15.355+0000] {logging_mixin.py:188} INFO - [2025-06-18T12:54:15.355+0000] {dag.py:3096} INFO - Sync 1 DAGs
[2025-06-18T12:54:15.373+0000] {logging_mixin.py:188} INFO - [2025-06-18T12:54:15.373+0000] {dag.py:3954} INFO - Setting next_dagrun for process_sales to None, run_after=None
[2025-06-18T12:54:15.403+0000] {processor.py:183} INFO - Processing /opt/airflow/dags/process_sales_dag.py took 0.139 seconds
[2025-06-18T12:54:46.881+0000] {processor.py:161} INFO - Started process (PID=2087) to work on /opt/airflow/dags/process_sales_dag.py
[2025-06-18T12:54:46.896+0000] {processor.py:830} INFO - Processing file /opt/airflow/dags/process_sales_dag.py for tasks to queue
[2025-06-18T12:54:46.915+0000] {logging_mixin.py:188} INFO - [2025-06-18T12:54:46.913+0000] {dagbag.py:545} INFO - Filling up the DagBag from /opt/airflow/dags/process_sales_dag.py
[2025-06-18T12:54:47.020+0000] {processor.py:840} INFO - DAG(s) 'process_sales' retrieved from /opt/airflow/dags/process_sales_dag.py
[2025-06-18T12:54:47.103+0000] {logging_mixin.py:188} INFO - [2025-06-18T12:54:47.103+0000] {dag.py:3096} INFO - Sync 1 DAGs
[2025-06-18T12:54:47.145+0000] {logging_mixin.py:188} INFO - [2025-06-18T12:54:47.145+0000] {dag.py:3954} INFO - Setting next_dagrun for process_sales to None, run_after=None
[2025-06-18T12:54:47.206+0000] {processor.py:183} INFO - Processing /opt/airflow/dags/process_sales_dag.py took 0.459 seconds
[2025-06-18T12:55:17.804+0000] {processor.py:161} INFO - Started process (PID=2102) to work on /opt/airflow/dags/process_sales_dag.py
[2025-06-18T12:55:17.806+0000] {processor.py:830} INFO - Processing file /opt/airflow/dags/process_sales_dag.py for tasks to queue
[2025-06-18T12:55:17.814+0000] {logging_mixin.py:188} INFO - [2025-06-18T12:55:17.813+0000] {dagbag.py:545} INFO - Filling up the DagBag from /opt/airflow/dags/process_sales_dag.py
[2025-06-18T12:55:17.841+0000] {processor.py:840} INFO - DAG(s) 'process_sales' retrieved from /opt/airflow/dags/process_sales_dag.py
[2025-06-18T12:55:17.891+0000] {logging_mixin.py:188} INFO - [2025-06-18T12:55:17.890+0000] {dag.py:3096} INFO - Sync 1 DAGs
[2025-06-18T12:55:17.912+0000] {logging_mixin.py:188} INFO - [2025-06-18T12:55:17.912+0000] {dag.py:3954} INFO - Setting next_dagrun for process_sales to None, run_after=None
[2025-06-18T12:55:17.942+0000] {processor.py:183} INFO - Processing /opt/airflow/dags/process_sales_dag.py took 0.148 seconds
[2025-06-18T12:55:48.224+0000] {processor.py:161} INFO - Started process (PID=2117) to work on /opt/airflow/dags/process_sales_dag.py
[2025-06-18T12:55:48.225+0000] {processor.py:830} INFO - Processing file /opt/airflow/dags/process_sales_dag.py for tasks to queue
[2025-06-18T12:55:48.228+0000] {logging_mixin.py:188} INFO - [2025-06-18T12:55:48.228+0000] {dagbag.py:545} INFO - Filling up the DagBag from /opt/airflow/dags/process_sales_dag.py
[2025-06-18T12:55:48.250+0000] {processor.py:840} INFO - DAG(s) 'process_sales' retrieved from /opt/airflow/dags/process_sales_dag.py
[2025-06-18T12:55:48.286+0000] {logging_mixin.py:188} INFO - [2025-06-18T12:55:48.286+0000] {dag.py:3096} INFO - Sync 1 DAGs
[2025-06-18T12:55:48.302+0000] {logging_mixin.py:188} INFO - [2025-06-18T12:55:48.302+0000] {dag.py:3954} INFO - Setting next_dagrun for process_sales to None, run_after=None
[2025-06-18T12:55:48.331+0000] {processor.py:183} INFO - Processing /opt/airflow/dags/process_sales_dag.py took 0.117 seconds
[2025-06-18T12:56:19.311+0000] {processor.py:161} INFO - Started process (PID=2132) to work on /opt/airflow/dags/process_sales_dag.py
[2025-06-18T12:56:19.324+0000] {processor.py:830} INFO - Processing file /opt/airflow/dags/process_sales_dag.py for tasks to queue
[2025-06-18T12:56:19.345+0000] {logging_mixin.py:188} INFO - [2025-06-18T12:56:19.341+0000] {dagbag.py:545} INFO - Filling up the DagBag from /opt/airflow/dags/process_sales_dag.py
[2025-06-18T12:56:19.440+0000] {processor.py:840} INFO - DAG(s) 'process_sales' retrieved from /opt/airflow/dags/process_sales_dag.py
[2025-06-18T12:56:19.494+0000] {logging_mixin.py:188} INFO - [2025-06-18T12:56:19.494+0000] {dag.py:3096} INFO - Sync 1 DAGs
[2025-06-18T12:56:19.522+0000] {logging_mixin.py:188} INFO - [2025-06-18T12:56:19.521+0000] {dag.py:3954} INFO - Setting next_dagrun for process_sales to None, run_after=None
[2025-06-18T12:56:19.581+0000] {processor.py:183} INFO - Processing /opt/airflow/dags/process_sales_dag.py took 0.387 seconds
[2025-06-18T12:56:50.073+0000] {processor.py:161} INFO - Started process (PID=2147) to work on /opt/airflow/dags/process_sales_dag.py
[2025-06-18T12:56:50.075+0000] {processor.py:830} INFO - Processing file /opt/airflow/dags/process_sales_dag.py for tasks to queue
[2025-06-18T12:56:50.079+0000] {logging_mixin.py:188} INFO - [2025-06-18T12:56:50.078+0000] {dagbag.py:545} INFO - Filling up the DagBag from /opt/airflow/dags/process_sales_dag.py
[2025-06-18T12:56:50.113+0000] {processor.py:840} INFO - DAG(s) 'process_sales' retrieved from /opt/airflow/dags/process_sales_dag.py
[2025-06-18T12:56:50.159+0000] {logging_mixin.py:188} INFO - [2025-06-18T12:56:50.159+0000] {dag.py:3096} INFO - Sync 1 DAGs
[2025-06-18T12:56:50.180+0000] {logging_mixin.py:188} INFO - [2025-06-18T12:56:50.180+0000] {dag.py:3954} INFO - Setting next_dagrun for process_sales to None, run_after=None
[2025-06-18T12:56:50.219+0000] {processor.py:183} INFO - Processing /opt/airflow/dags/process_sales_dag.py took 0.157 seconds
[2025-06-18T12:57:20.689+0000] {processor.py:161} INFO - Started process (PID=2162) to work on /opt/airflow/dags/process_sales_dag.py
[2025-06-18T12:57:20.692+0000] {processor.py:830} INFO - Processing file /opt/airflow/dags/process_sales_dag.py for tasks to queue
[2025-06-18T12:57:20.700+0000] {logging_mixin.py:188} INFO - [2025-06-18T12:57:20.700+0000] {dagbag.py:545} INFO - Filling up the DagBag from /opt/airflow/dags/process_sales_dag.py
[2025-06-18T12:57:20.854+0000] {processor.py:840} INFO - DAG(s) 'process_sales' retrieved from /opt/airflow/dags/process_sales_dag.py
[2025-06-18T12:57:21.715+0000] {logging_mixin.py:188} INFO - [2025-06-18T12:57:21.711+0000] {dag.py:3096} INFO - Sync 1 DAGs
[2025-06-18T12:57:21.901+0000] {logging_mixin.py:188} INFO - [2025-06-18T12:57:21.901+0000] {dag.py:3954} INFO - Setting next_dagrun for process_sales to None, run_after=None
[2025-06-18T12:57:22.109+0000] {processor.py:183} INFO - Processing /opt/airflow/dags/process_sales_dag.py took 1.440 seconds
[2025-06-18T12:57:53.017+0000] {processor.py:161} INFO - Started process (PID=2177) to work on /opt/airflow/dags/process_sales_dag.py
[2025-06-18T12:57:53.021+0000] {processor.py:830} INFO - Processing file /opt/airflow/dags/process_sales_dag.py for tasks to queue
[2025-06-18T12:57:53.028+0000] {logging_mixin.py:188} INFO - [2025-06-18T12:57:53.027+0000] {dagbag.py:545} INFO - Filling up the DagBag from /opt/airflow/dags/process_sales_dag.py
[2025-06-18T12:57:53.120+0000] {processor.py:840} INFO - DAG(s) 'process_sales' retrieved from /opt/airflow/dags/process_sales_dag.py
[2025-06-18T12:57:53.240+0000] {logging_mixin.py:188} INFO - [2025-06-18T12:57:53.239+0000] {dag.py:3096} INFO - Sync 1 DAGs
[2025-06-18T12:57:53.280+0000] {logging_mixin.py:188} INFO - [2025-06-18T12:57:53.280+0000] {dag.py:3954} INFO - Setting next_dagrun for process_sales to None, run_after=None
[2025-06-18T12:57:53.334+0000] {processor.py:183} INFO - Processing /opt/airflow/dags/process_sales_dag.py took 0.353 seconds
[2025-06-18T12:58:24.543+0000] {processor.py:161} INFO - Started process (PID=2192) to work on /opt/airflow/dags/process_sales_dag.py
[2025-06-18T12:58:24.555+0000] {processor.py:830} INFO - Processing file /opt/airflow/dags/process_sales_dag.py for tasks to queue
[2025-06-18T12:58:24.577+0000] {logging_mixin.py:188} INFO - [2025-06-18T12:58:24.576+0000] {dagbag.py:545} INFO - Filling up the DagBag from /opt/airflow/dags/process_sales_dag.py
[2025-06-18T12:58:24.693+0000] {processor.py:840} INFO - DAG(s) 'process_sales' retrieved from /opt/airflow/dags/process_sales_dag.py
[2025-06-18T12:58:24.738+0000] {logging_mixin.py:188} INFO - [2025-06-18T12:58:24.737+0000] {dag.py:3096} INFO - Sync 1 DAGs
[2025-06-18T12:58:24.757+0000] {logging_mixin.py:188} INFO - [2025-06-18T12:58:24.757+0000] {dag.py:3954} INFO - Setting next_dagrun for process_sales to None, run_after=None
[2025-06-18T12:58:24.787+0000] {processor.py:183} INFO - Processing /opt/airflow/dags/process_sales_dag.py took 0.355 seconds
[2025-06-18T12:58:54.996+0000] {processor.py:161} INFO - Started process (PID=2207) to work on /opt/airflow/dags/process_sales_dag.py
[2025-06-18T12:58:54.999+0000] {processor.py:830} INFO - Processing file /opt/airflow/dags/process_sales_dag.py for tasks to queue
[2025-06-18T12:58:55.004+0000] {logging_mixin.py:188} INFO - [2025-06-18T12:58:55.003+0000] {dagbag.py:545} INFO - Filling up the DagBag from /opt/airflow/dags/process_sales_dag.py
[2025-06-18T12:58:55.047+0000] {processor.py:840} INFO - DAG(s) 'process_sales' retrieved from /opt/airflow/dags/process_sales_dag.py
[2025-06-18T12:58:55.130+0000] {logging_mixin.py:188} INFO - [2025-06-18T12:58:55.130+0000] {dag.py:3096} INFO - Sync 1 DAGs
[2025-06-18T12:58:55.192+0000] {logging_mixin.py:188} INFO - [2025-06-18T12:58:55.191+0000] {dag.py:3954} INFO - Setting next_dagrun for process_sales to None, run_after=None
[2025-06-18T12:58:55.300+0000] {processor.py:183} INFO - Processing /opt/airflow/dags/process_sales_dag.py took 0.320 seconds
[2025-06-18T12:59:25.821+0000] {processor.py:161} INFO - Started process (PID=2222) to work on /opt/airflow/dags/process_sales_dag.py
[2025-06-18T12:59:25.823+0000] {processor.py:830} INFO - Processing file /opt/airflow/dags/process_sales_dag.py for tasks to queue
[2025-06-18T12:59:25.828+0000] {logging_mixin.py:188} INFO - [2025-06-18T12:59:25.827+0000] {dagbag.py:545} INFO - Filling up the DagBag from /opt/airflow/dags/process_sales_dag.py
[2025-06-18T12:59:25.865+0000] {processor.py:840} INFO - DAG(s) 'process_sales' retrieved from /opt/airflow/dags/process_sales_dag.py
[2025-06-18T12:59:25.913+0000] {logging_mixin.py:188} INFO - [2025-06-18T12:59:25.913+0000] {dag.py:3096} INFO - Sync 1 DAGs
[2025-06-18T12:59:25.933+0000] {logging_mixin.py:188} INFO - [2025-06-18T12:59:25.933+0000] {dag.py:3954} INFO - Setting next_dagrun for process_sales to None, run_after=None
[2025-06-18T12:59:25.980+0000] {processor.py:183} INFO - Processing /opt/airflow/dags/process_sales_dag.py took 0.174 seconds
[2025-06-18T12:59:56.852+0000] {processor.py:161} INFO - Started process (PID=2237) to work on /opt/airflow/dags/process_sales_dag.py
[2025-06-18T12:59:56.854+0000] {processor.py:830} INFO - Processing file /opt/airflow/dags/process_sales_dag.py for tasks to queue
[2025-06-18T12:59:56.858+0000] {logging_mixin.py:188} INFO - [2025-06-18T12:59:56.857+0000] {dagbag.py:545} INFO - Filling up the DagBag from /opt/airflow/dags/process_sales_dag.py
[2025-06-18T12:59:56.915+0000] {processor.py:840} INFO - DAG(s) 'process_sales' retrieved from /opt/airflow/dags/process_sales_dag.py
[2025-06-18T12:59:56.996+0000] {logging_mixin.py:188} INFO - [2025-06-18T12:59:56.995+0000] {dag.py:3096} INFO - Sync 1 DAGs
[2025-06-18T12:59:57.043+0000] {logging_mixin.py:188} INFO - [2025-06-18T12:59:57.042+0000] {dag.py:3954} INFO - Setting next_dagrun for process_sales to None, run_after=None
[2025-06-18T12:59:57.182+0000] {processor.py:183} INFO - Processing /opt/airflow/dags/process_sales_dag.py took 0.340 seconds
[2025-06-18T13:00:29.363+0000] {processor.py:161} INFO - Started process (PID=2252) to work on /opt/airflow/dags/process_sales_dag.py
[2025-06-18T13:00:29.369+0000] {processor.py:830} INFO - Processing file /opt/airflow/dags/process_sales_dag.py for tasks to queue
[2025-06-18T13:00:29.374+0000] {logging_mixin.py:188} INFO - [2025-06-18T13:00:29.374+0000] {dagbag.py:545} INFO - Filling up the DagBag from /opt/airflow/dags/process_sales_dag.py
[2025-06-18T13:00:29.441+0000] {processor.py:840} INFO - DAG(s) 'process_sales' retrieved from /opt/airflow/dags/process_sales_dag.py
[2025-06-18T13:00:29.577+0000] {logging_mixin.py:188} INFO - [2025-06-18T13:00:29.577+0000] {dag.py:3096} INFO - Sync 1 DAGs
[2025-06-18T13:00:29.626+0000] {logging_mixin.py:188} INFO - [2025-06-18T13:00:29.625+0000] {dag.py:3954} INFO - Setting next_dagrun for process_sales to None, run_after=None
[2025-06-18T13:00:29.718+0000] {processor.py:183} INFO - Processing /opt/airflow/dags/process_sales_dag.py took 0.385 seconds
[2025-06-18T13:00:59.892+0000] {processor.py:161} INFO - Started process (PID=2267) to work on /opt/airflow/dags/process_sales_dag.py
[2025-06-18T13:00:59.894+0000] {processor.py:830} INFO - Processing file /opt/airflow/dags/process_sales_dag.py for tasks to queue
[2025-06-18T13:00:59.898+0000] {logging_mixin.py:188} INFO - [2025-06-18T13:00:59.897+0000] {dagbag.py:545} INFO - Filling up the DagBag from /opt/airflow/dags/process_sales_dag.py
[2025-06-18T13:00:59.937+0000] {processor.py:840} INFO - DAG(s) 'process_sales' retrieved from /opt/airflow/dags/process_sales_dag.py
[2025-06-18T13:00:59.980+0000] {logging_mixin.py:188} INFO - [2025-06-18T13:00:59.980+0000] {dag.py:3096} INFO - Sync 1 DAGs
[2025-06-18T13:01:00.000+0000] {logging_mixin.py:188} INFO - [2025-06-18T13:01:00.000+0000] {dag.py:3954} INFO - Setting next_dagrun for process_sales to None, run_after=None
[2025-06-18T13:01:00.032+0000] {processor.py:183} INFO - Processing /opt/airflow/dags/process_sales_dag.py took 0.149 seconds
[2025-06-18T13:01:30.624+0000] {processor.py:161} INFO - Started process (PID=2282) to work on /opt/airflow/dags/process_sales_dag.py
[2025-06-18T13:01:30.626+0000] {processor.py:830} INFO - Processing file /opt/airflow/dags/process_sales_dag.py for tasks to queue
[2025-06-18T13:01:30.631+0000] {logging_mixin.py:188} INFO - [2025-06-18T13:01:30.630+0000] {dagbag.py:545} INFO - Filling up the DagBag from /opt/airflow/dags/process_sales_dag.py
[2025-06-18T13:01:30.680+0000] {processor.py:840} INFO - DAG(s) 'process_sales' retrieved from /opt/airflow/dags/process_sales_dag.py
[2025-06-18T13:01:30.764+0000] {logging_mixin.py:188} INFO - [2025-06-18T13:01:30.763+0000] {dag.py:3096} INFO - Sync 1 DAGs
[2025-06-18T13:01:30.799+0000] {logging_mixin.py:188} INFO - [2025-06-18T13:01:30.798+0000] {dag.py:3954} INFO - Setting next_dagrun for process_sales to None, run_after=None
[2025-06-18T13:01:30.874+0000] {processor.py:183} INFO - Processing /opt/airflow/dags/process_sales_dag.py took 0.267 seconds
[2025-06-18T13:02:01.927+0000] {processor.py:161} INFO - Started process (PID=2297) to work on /opt/airflow/dags/process_sales_dag.py
[2025-06-18T13:02:01.984+0000] {processor.py:830} INFO - Processing file /opt/airflow/dags/process_sales_dag.py for tasks to queue
[2025-06-18T13:02:02.018+0000] {logging_mixin.py:188} INFO - [2025-06-18T13:02:02.015+0000] {dagbag.py:545} INFO - Filling up the DagBag from /opt/airflow/dags/process_sales_dag.py
[2025-06-18T13:02:02.132+0000] {processor.py:840} INFO - DAG(s) 'process_sales' retrieved from /opt/airflow/dags/process_sales_dag.py
[2025-06-18T13:02:02.279+0000] {logging_mixin.py:188} INFO - [2025-06-18T13:02:02.278+0000] {dag.py:3096} INFO - Sync 1 DAGs
[2025-06-18T13:02:02.321+0000] {logging_mixin.py:188} INFO - [2025-06-18T13:02:02.320+0000] {dag.py:3954} INFO - Setting next_dagrun for process_sales to None, run_after=None
[2025-06-18T13:02:02.375+0000] {processor.py:183} INFO - Processing /opt/airflow/dags/process_sales_dag.py took 0.564 seconds
[2025-06-18T13:02:33.842+0000] {processor.py:161} INFO - Started process (PID=2312) to work on /opt/airflow/dags/process_sales_dag.py
[2025-06-18T13:02:33.850+0000] {processor.py:830} INFO - Processing file /opt/airflow/dags/process_sales_dag.py for tasks to queue
[2025-06-18T13:02:33.858+0000] {logging_mixin.py:188} INFO - [2025-06-18T13:02:33.857+0000] {dagbag.py:545} INFO - Filling up the DagBag from /opt/airflow/dags/process_sales_dag.py
[2025-06-18T13:02:33.970+0000] {processor.py:840} INFO - DAG(s) 'process_sales' retrieved from /opt/airflow/dags/process_sales_dag.py
[2025-06-18T13:02:34.101+0000] {logging_mixin.py:188} INFO - [2025-06-18T13:02:34.100+0000] {dag.py:3096} INFO - Sync 1 DAGs
[2025-06-18T13:02:34.153+0000] {logging_mixin.py:188} INFO - [2025-06-18T13:02:34.152+0000] {dag.py:3954} INFO - Setting next_dagrun for process_sales to None, run_after=None
[2025-06-18T13:02:34.231+0000] {processor.py:183} INFO - Processing /opt/airflow/dags/process_sales_dag.py took 0.575 seconds
[2025-06-18T13:03:04.582+0000] {processor.py:161} INFO - Started process (PID=2327) to work on /opt/airflow/dags/process_sales_dag.py
[2025-06-18T13:03:04.585+0000] {processor.py:830} INFO - Processing file /opt/airflow/dags/process_sales_dag.py for tasks to queue
[2025-06-18T13:03:04.590+0000] {logging_mixin.py:188} INFO - [2025-06-18T13:03:04.589+0000] {dagbag.py:545} INFO - Filling up the DagBag from /opt/airflow/dags/process_sales_dag.py
[2025-06-18T13:03:04.645+0000] {processor.py:840} INFO - DAG(s) 'process_sales' retrieved from /opt/airflow/dags/process_sales_dag.py
[2025-06-18T13:03:04.749+0000] {logging_mixin.py:188} INFO - [2025-06-18T13:03:04.748+0000] {dag.py:3096} INFO - Sync 1 DAGs
[2025-06-18T13:03:04.806+0000] {logging_mixin.py:188} INFO - [2025-06-18T13:03:04.805+0000] {dag.py:3954} INFO - Setting next_dagrun for process_sales to None, run_after=None
[2025-06-18T13:03:04.950+0000] {processor.py:183} INFO - Processing /opt/airflow/dags/process_sales_dag.py took 0.382 seconds
[2025-06-18T13:03:35.276+0000] {processor.py:161} INFO - Started process (PID=2342) to work on /opt/airflow/dags/process_sales_dag.py
[2025-06-18T13:03:35.278+0000] {processor.py:830} INFO - Processing file /opt/airflow/dags/process_sales_dag.py for tasks to queue
[2025-06-18T13:03:35.282+0000] {logging_mixin.py:188} INFO - [2025-06-18T13:03:35.281+0000] {dagbag.py:545} INFO - Filling up the DagBag from /opt/airflow/dags/process_sales_dag.py
[2025-06-18T13:03:35.310+0000] {processor.py:840} INFO - DAG(s) 'process_sales' retrieved from /opt/airflow/dags/process_sales_dag.py
[2025-06-18T13:03:35.370+0000] {logging_mixin.py:188} INFO - [2025-06-18T13:03:35.369+0000] {dag.py:3096} INFO - Sync 1 DAGs
[2025-06-18T13:03:35.392+0000] {logging_mixin.py:188} INFO - [2025-06-18T13:03:35.392+0000] {dag.py:3954} INFO - Setting next_dagrun for process_sales to None, run_after=None
[2025-06-18T13:03:35.433+0000] {processor.py:183} INFO - Processing /opt/airflow/dags/process_sales_dag.py took 0.167 seconds
[2025-06-18T13:04:06.177+0000] {processor.py:161} INFO - Started process (PID=2357) to work on /opt/airflow/dags/process_sales_dag.py
[2025-06-18T13:04:06.205+0000] {processor.py:830} INFO - Processing file /opt/airflow/dags/process_sales_dag.py for tasks to queue
[2025-06-18T13:04:06.308+0000] {logging_mixin.py:188} INFO - [2025-06-18T13:04:06.278+0000] {dagbag.py:545} INFO - Filling up the DagBag from /opt/airflow/dags/process_sales_dag.py
[2025-06-18T13:04:06.843+0000] {processor.py:840} INFO - DAG(s) 'process_sales' retrieved from /opt/airflow/dags/process_sales_dag.py
[2025-06-18T13:04:06.936+0000] {logging_mixin.py:188} INFO - [2025-06-18T13:04:06.936+0000] {dag.py:3096} INFO - Sync 1 DAGs
[2025-06-18T13:04:06.974+0000] {logging_mixin.py:188} INFO - [2025-06-18T13:04:06.973+0000] {dag.py:3954} INFO - Setting next_dagrun for process_sales to None, run_after=None
[2025-06-18T13:04:07.024+0000] {processor.py:183} INFO - Processing /opt/airflow/dags/process_sales_dag.py took 0.898 seconds
[2025-06-18T13:04:37.956+0000] {processor.py:161} INFO - Started process (PID=2372) to work on /opt/airflow/dags/process_sales_dag.py
[2025-06-18T13:04:37.962+0000] {processor.py:830} INFO - Processing file /opt/airflow/dags/process_sales_dag.py for tasks to queue
[2025-06-18T13:04:37.969+0000] {logging_mixin.py:188} INFO - [2025-06-18T13:04:37.968+0000] {dagbag.py:545} INFO - Filling up the DagBag from /opt/airflow/dags/process_sales_dag.py
[2025-06-18T13:04:38.034+0000] {processor.py:840} INFO - DAG(s) 'process_sales' retrieved from /opt/airflow/dags/process_sales_dag.py
[2025-06-18T13:04:38.213+0000] {logging_mixin.py:188} INFO - [2025-06-18T13:04:38.212+0000] {dag.py:3096} INFO - Sync 1 DAGs
[2025-06-18T13:04:38.307+0000] {logging_mixin.py:188} INFO - [2025-06-18T13:04:38.306+0000] {dag.py:3954} INFO - Setting next_dagrun for process_sales to None, run_after=None
[2025-06-18T13:04:38.494+0000] {processor.py:183} INFO - Processing /opt/airflow/dags/process_sales_dag.py took 0.561 seconds
[2025-06-18T13:05:08.886+0000] {processor.py:161} INFO - Started process (PID=2387) to work on /opt/airflow/dags/process_sales_dag.py
[2025-06-18T13:05:08.888+0000] {processor.py:830} INFO - Processing file /opt/airflow/dags/process_sales_dag.py for tasks to queue
[2025-06-18T13:05:08.891+0000] {logging_mixin.py:188} INFO - [2025-06-18T13:05:08.890+0000] {dagbag.py:545} INFO - Filling up the DagBag from /opt/airflow/dags/process_sales_dag.py
[2025-06-18T13:05:08.937+0000] {processor.py:840} INFO - DAG(s) 'process_sales' retrieved from /opt/airflow/dags/process_sales_dag.py
[2025-06-18T13:05:08.979+0000] {logging_mixin.py:188} INFO - [2025-06-18T13:05:08.979+0000] {dag.py:3096} INFO - Sync 1 DAGs
[2025-06-18T13:05:08.998+0000] {logging_mixin.py:188} INFO - [2025-06-18T13:05:08.997+0000] {dag.py:3954} INFO - Setting next_dagrun for process_sales to None, run_after=None
[2025-06-18T13:05:09.025+0000] {processor.py:183} INFO - Processing /opt/airflow/dags/process_sales_dag.py took 0.149 seconds
[2025-06-18T13:05:39.922+0000] {processor.py:161} INFO - Started process (PID=2402) to work on /opt/airflow/dags/process_sales_dag.py
[2025-06-18T13:05:39.925+0000] {processor.py:830} INFO - Processing file /opt/airflow/dags/process_sales_dag.py for tasks to queue
[2025-06-18T13:05:39.928+0000] {logging_mixin.py:188} INFO - [2025-06-18T13:05:39.928+0000] {dagbag.py:545} INFO - Filling up the DagBag from /opt/airflow/dags/process_sales_dag.py
[2025-06-18T13:05:39.965+0000] {processor.py:840} INFO - DAG(s) 'process_sales' retrieved from /opt/airflow/dags/process_sales_dag.py
[2025-06-18T13:05:40.017+0000] {logging_mixin.py:188} INFO - [2025-06-18T13:05:40.016+0000] {dag.py:3096} INFO - Sync 1 DAGs
[2025-06-18T13:05:40.042+0000] {logging_mixin.py:188} INFO - [2025-06-18T13:05:40.042+0000] {dag.py:3954} INFO - Setting next_dagrun for process_sales to None, run_after=None
[2025-06-18T13:05:40.082+0000] {processor.py:183} INFO - Processing /opt/airflow/dags/process_sales_dag.py took 0.170 seconds
[2025-06-18T13:06:10.250+0000] {processor.py:161} INFO - Started process (PID=2417) to work on /opt/airflow/dags/process_sales_dag.py
[2025-06-18T13:06:10.252+0000] {processor.py:830} INFO - Processing file /opt/airflow/dags/process_sales_dag.py for tasks to queue
[2025-06-18T13:06:10.256+0000] {logging_mixin.py:188} INFO - [2025-06-18T13:06:10.255+0000] {dagbag.py:545} INFO - Filling up the DagBag from /opt/airflow/dags/process_sales_dag.py
[2025-06-18T13:06:10.281+0000] {processor.py:840} INFO - DAG(s) 'process_sales' retrieved from /opt/airflow/dags/process_sales_dag.py
[2025-06-18T13:06:10.327+0000] {logging_mixin.py:188} INFO - [2025-06-18T13:06:10.326+0000] {dag.py:3096} INFO - Sync 1 DAGs
[2025-06-18T13:06:10.349+0000] {logging_mixin.py:188} INFO - [2025-06-18T13:06:10.349+0000] {dag.py:3954} INFO - Setting next_dagrun for process_sales to None, run_after=None
[2025-06-18T13:06:10.384+0000] {processor.py:183} INFO - Processing /opt/airflow/dags/process_sales_dag.py took 0.143 seconds
[2025-06-18T13:06:40.958+0000] {processor.py:161} INFO - Started process (PID=2432) to work on /opt/airflow/dags/process_sales_dag.py
[2025-06-18T13:06:40.979+0000] {processor.py:830} INFO - Processing file /opt/airflow/dags/process_sales_dag.py for tasks to queue
[2025-06-18T13:06:41.021+0000] {logging_mixin.py:188} INFO - [2025-06-18T13:06:41.011+0000] {dagbag.py:545} INFO - Filling up the DagBag from /opt/airflow/dags/process_sales_dag.py
[2025-06-18T13:06:41.541+0000] {processor.py:840} INFO - DAG(s) 'process_sales' retrieved from /opt/airflow/dags/process_sales_dag.py
[2025-06-18T13:06:41.885+0000] {logging_mixin.py:188} INFO - [2025-06-18T13:06:41.885+0000] {dag.py:3096} INFO - Sync 1 DAGs
[2025-06-18T13:06:41.928+0000] {logging_mixin.py:188} INFO - [2025-06-18T13:06:41.928+0000] {dag.py:3954} INFO - Setting next_dagrun for process_sales to None, run_after=None
[2025-06-18T13:06:41.964+0000] {processor.py:183} INFO - Processing /opt/airflow/dags/process_sales_dag.py took 1.049 seconds
[2025-06-18T13:07:12.486+0000] {processor.py:161} INFO - Started process (PID=2447) to work on /opt/airflow/dags/process_sales_dag.py
[2025-06-18T13:07:12.500+0000] {processor.py:830} INFO - Processing file /opt/airflow/dags/process_sales_dag.py for tasks to queue
[2025-06-18T13:07:12.523+0000] {logging_mixin.py:188} INFO - [2025-06-18T13:07:12.520+0000] {dagbag.py:545} INFO - Filling up the DagBag from /opt/airflow/dags/process_sales_dag.py
[2025-06-18T13:07:12.796+0000] {processor.py:840} INFO - DAG(s) 'process_sales' retrieved from /opt/airflow/dags/process_sales_dag.py
[2025-06-18T13:07:12.947+0000] {logging_mixin.py:188} INFO - [2025-06-18T13:07:12.946+0000] {dag.py:3096} INFO - Sync 1 DAGs
[2025-06-18T13:07:12.989+0000] {logging_mixin.py:188} INFO - [2025-06-18T13:07:12.988+0000] {dag.py:3954} INFO - Setting next_dagrun for process_sales to None, run_after=None
[2025-06-18T13:07:13.046+0000] {processor.py:183} INFO - Processing /opt/airflow/dags/process_sales_dag.py took 0.646 seconds
[2025-06-18T13:07:43.345+0000] {processor.py:161} INFO - Started process (PID=2462) to work on /opt/airflow/dags/process_sales_dag.py
[2025-06-18T13:07:43.348+0000] {processor.py:830} INFO - Processing file /opt/airflow/dags/process_sales_dag.py for tasks to queue
[2025-06-18T13:07:43.353+0000] {logging_mixin.py:188} INFO - [2025-06-18T13:07:43.352+0000] {dagbag.py:545} INFO - Filling up the DagBag from /opt/airflow/dags/process_sales_dag.py
[2025-06-18T13:07:43.400+0000] {processor.py:840} INFO - DAG(s) 'process_sales' retrieved from /opt/airflow/dags/process_sales_dag.py
[2025-06-18T13:07:43.475+0000] {logging_mixin.py:188} INFO - [2025-06-18T13:07:43.474+0000] {dag.py:3096} INFO - Sync 1 DAGs
[2025-06-18T13:07:43.516+0000] {logging_mixin.py:188} INFO - [2025-06-18T13:07:43.515+0000] {dag.py:3954} INFO - Setting next_dagrun for process_sales to None, run_after=None
[2025-06-18T13:07:43.662+0000] {processor.py:183} INFO - Processing /opt/airflow/dags/process_sales_dag.py took 0.336 seconds
[2025-06-18T13:08:14.024+0000] {processor.py:161} INFO - Started process (PID=2477) to work on /opt/airflow/dags/process_sales_dag.py
[2025-06-18T13:08:14.026+0000] {processor.py:830} INFO - Processing file /opt/airflow/dags/process_sales_dag.py for tasks to queue
[2025-06-18T13:08:14.029+0000] {logging_mixin.py:188} INFO - [2025-06-18T13:08:14.029+0000] {dagbag.py:545} INFO - Filling up the DagBag from /opt/airflow/dags/process_sales_dag.py
[2025-06-18T13:08:14.052+0000] {processor.py:840} INFO - DAG(s) 'process_sales' retrieved from /opt/airflow/dags/process_sales_dag.py
[2025-06-18T13:08:14.088+0000] {logging_mixin.py:188} INFO - [2025-06-18T13:08:14.088+0000] {dag.py:3096} INFO - Sync 1 DAGs
[2025-06-18T13:08:14.105+0000] {logging_mixin.py:188} INFO - [2025-06-18T13:08:14.104+0000] {dag.py:3954} INFO - Setting next_dagrun for process_sales to None, run_after=None
[2025-06-18T13:08:14.132+0000] {processor.py:183} INFO - Processing /opt/airflow/dags/process_sales_dag.py took 0.119 seconds
[2025-06-18T13:08:44.792+0000] {processor.py:161} INFO - Started process (PID=2492) to work on /opt/airflow/dags/process_sales_dag.py
[2025-06-18T13:08:44.795+0000] {processor.py:830} INFO - Processing file /opt/airflow/dags/process_sales_dag.py for tasks to queue
[2025-06-18T13:08:44.800+0000] {logging_mixin.py:188} INFO - [2025-06-18T13:08:44.799+0000] {dagbag.py:545} INFO - Filling up the DagBag from /opt/airflow/dags/process_sales_dag.py
[2025-06-18T13:08:44.847+0000] {processor.py:840} INFO - DAG(s) 'process_sales' retrieved from /opt/airflow/dags/process_sales_dag.py
[2025-06-18T13:08:44.928+0000] {logging_mixin.py:188} INFO - [2025-06-18T13:08:44.927+0000] {dag.py:3096} INFO - Sync 1 DAGs
[2025-06-18T13:08:44.957+0000] {logging_mixin.py:188} INFO - [2025-06-18T13:08:44.957+0000] {dag.py:3954} INFO - Setting next_dagrun for process_sales to None, run_after=None
[2025-06-18T13:08:44.996+0000] {processor.py:183} INFO - Processing /opt/airflow/dags/process_sales_dag.py took 0.219 seconds
[2025-06-18T13:09:16.002+0000] {processor.py:161} INFO - Started process (PID=2507) to work on /opt/airflow/dags/process_sales_dag.py
[2025-06-18T13:09:16.004+0000] {processor.py:830} INFO - Processing file /opt/airflow/dags/process_sales_dag.py for tasks to queue
[2025-06-18T13:09:16.008+0000] {logging_mixin.py:188} INFO - [2025-06-18T13:09:16.007+0000] {dagbag.py:545} INFO - Filling up the DagBag from /opt/airflow/dags/process_sales_dag.py
[2025-06-18T13:09:16.044+0000] {processor.py:840} INFO - DAG(s) 'process_sales' retrieved from /opt/airflow/dags/process_sales_dag.py
[2025-06-18T13:09:16.087+0000] {logging_mixin.py:188} INFO - [2025-06-18T13:09:16.087+0000] {dag.py:3096} INFO - Sync 1 DAGs
[2025-06-18T13:09:16.105+0000] {logging_mixin.py:188} INFO - [2025-06-18T13:09:16.104+0000] {dag.py:3954} INFO - Setting next_dagrun for process_sales to None, run_after=None
[2025-06-18T13:09:16.134+0000] {processor.py:183} INFO - Processing /opt/airflow/dags/process_sales_dag.py took 0.142 seconds
[2025-06-18T13:09:46.335+0000] {processor.py:161} INFO - Started process (PID=2522) to work on /opt/airflow/dags/process_sales_dag.py
[2025-06-18T13:09:46.345+0000] {processor.py:830} INFO - Processing file /opt/airflow/dags/process_sales_dag.py for tasks to queue
[2025-06-18T13:09:46.351+0000] {logging_mixin.py:188} INFO - [2025-06-18T13:09:46.350+0000] {dagbag.py:545} INFO - Filling up the DagBag from /opt/airflow/dags/process_sales_dag.py
[2025-06-18T13:09:46.412+0000] {processor.py:840} INFO - DAG(s) 'process_sales' retrieved from /opt/airflow/dags/process_sales_dag.py
[2025-06-18T13:09:46.492+0000] {logging_mixin.py:188} INFO - [2025-06-18T13:09:46.491+0000] {dag.py:3096} INFO - Sync 1 DAGs
[2025-06-18T13:09:46.535+0000] {logging_mixin.py:188} INFO - [2025-06-18T13:09:46.535+0000] {dag.py:3954} INFO - Setting next_dagrun for process_sales to None, run_after=None
[2025-06-18T13:09:46.597+0000] {processor.py:183} INFO - Processing /opt/airflow/dags/process_sales_dag.py took 0.285 seconds
[2025-06-18T13:10:17.567+0000] {processor.py:161} INFO - Started process (PID=2537) to work on /opt/airflow/dags/process_sales_dag.py
[2025-06-18T13:10:17.570+0000] {processor.py:830} INFO - Processing file /opt/airflow/dags/process_sales_dag.py for tasks to queue
[2025-06-18T13:10:17.576+0000] {logging_mixin.py:188} INFO - [2025-06-18T13:10:17.575+0000] {dagbag.py:545} INFO - Filling up the DagBag from /opt/airflow/dags/process_sales_dag.py
[2025-06-18T13:10:17.630+0000] {processor.py:840} INFO - DAG(s) 'process_sales' retrieved from /opt/airflow/dags/process_sales_dag.py
[2025-06-18T13:10:17.671+0000] {logging_mixin.py:188} INFO - [2025-06-18T13:10:17.671+0000] {dag.py:3096} INFO - Sync 1 DAGs
[2025-06-18T13:10:17.696+0000] {logging_mixin.py:188} INFO - [2025-06-18T13:10:17.696+0000] {dag.py:3954} INFO - Setting next_dagrun for process_sales to None, run_after=None
[2025-06-18T13:10:17.820+0000] {processor.py:183} INFO - Processing /opt/airflow/dags/process_sales_dag.py took 0.270 seconds
[2025-06-18T13:10:48.271+0000] {processor.py:161} INFO - Started process (PID=2552) to work on /opt/airflow/dags/process_sales_dag.py
[2025-06-18T13:10:48.274+0000] {processor.py:830} INFO - Processing file /opt/airflow/dags/process_sales_dag.py for tasks to queue
[2025-06-18T13:10:48.278+0000] {logging_mixin.py:188} INFO - [2025-06-18T13:10:48.278+0000] {dagbag.py:545} INFO - Filling up the DagBag from /opt/airflow/dags/process_sales_dag.py
[2025-06-18T13:10:48.331+0000] {processor.py:840} INFO - DAG(s) 'process_sales' retrieved from /opt/airflow/dags/process_sales_dag.py
[2025-06-18T13:10:48.407+0000] {logging_mixin.py:188} INFO - [2025-06-18T13:10:48.406+0000] {dag.py:3096} INFO - Sync 1 DAGs
[2025-06-18T13:10:48.446+0000] {logging_mixin.py:188} INFO - [2025-06-18T13:10:48.446+0000] {dag.py:3954} INFO - Setting next_dagrun for process_sales to None, run_after=None
[2025-06-18T13:10:48.489+0000] {processor.py:183} INFO - Processing /opt/airflow/dags/process_sales_dag.py took 0.236 seconds
[2025-06-18T13:11:19.041+0000] {processor.py:161} INFO - Started process (PID=2567) to work on /opt/airflow/dags/process_sales_dag.py
[2025-06-18T13:11:19.043+0000] {processor.py:830} INFO - Processing file /opt/airflow/dags/process_sales_dag.py for tasks to queue
[2025-06-18T13:11:19.047+0000] {logging_mixin.py:188} INFO - [2025-06-18T13:11:19.047+0000] {dagbag.py:545} INFO - Filling up the DagBag from /opt/airflow/dags/process_sales_dag.py
[2025-06-18T13:11:19.072+0000] {processor.py:840} INFO - DAG(s) 'process_sales' retrieved from /opt/airflow/dags/process_sales_dag.py
[2025-06-18T13:11:19.112+0000] {logging_mixin.py:188} INFO - [2025-06-18T13:11:19.112+0000] {dag.py:3096} INFO - Sync 1 DAGs
[2025-06-18T13:11:19.130+0000] {logging_mixin.py:188} INFO - [2025-06-18T13:11:19.129+0000] {dag.py:3954} INFO - Setting next_dagrun for process_sales to None, run_after=None
[2025-06-18T13:11:19.158+0000] {processor.py:183} INFO - Processing /opt/airflow/dags/process_sales_dag.py took 0.127 seconds
[2025-06-18T13:11:49.315+0000] {processor.py:161} INFO - Started process (PID=2582) to work on /opt/airflow/dags/process_sales_dag.py
[2025-06-18T13:11:49.317+0000] {processor.py:830} INFO - Processing file /opt/airflow/dags/process_sales_dag.py for tasks to queue
[2025-06-18T13:11:49.322+0000] {logging_mixin.py:188} INFO - [2025-06-18T13:11:49.321+0000] {dagbag.py:545} INFO - Filling up the DagBag from /opt/airflow/dags/process_sales_dag.py
[2025-06-18T13:11:49.364+0000] {processor.py:840} INFO - DAG(s) 'process_sales' retrieved from /opt/airflow/dags/process_sales_dag.py
[2025-06-18T13:11:49.430+0000] {logging_mixin.py:188} INFO - [2025-06-18T13:11:49.429+0000] {dag.py:3096} INFO - Sync 1 DAGs
[2025-06-18T13:11:49.458+0000] {logging_mixin.py:188} INFO - [2025-06-18T13:11:49.457+0000] {dag.py:3954} INFO - Setting next_dagrun for process_sales to None, run_after=None
[2025-06-18T13:11:49.495+0000] {processor.py:183} INFO - Processing /opt/airflow/dags/process_sales_dag.py took 0.194 seconds
[2025-06-18T13:12:19.715+0000] {processor.py:161} INFO - Started process (PID=2597) to work on /opt/airflow/dags/process_sales_dag.py
[2025-06-18T13:12:19.718+0000] {processor.py:830} INFO - Processing file /opt/airflow/dags/process_sales_dag.py for tasks to queue
[2025-06-18T13:12:19.725+0000] {logging_mixin.py:188} INFO - [2025-06-18T13:12:19.724+0000] {dagbag.py:545} INFO - Filling up the DagBag from /opt/airflow/dags/process_sales_dag.py
[2025-06-18T13:12:19.776+0000] {processor.py:840} INFO - DAG(s) 'process_sales' retrieved from /opt/airflow/dags/process_sales_dag.py
[2025-06-18T13:12:19.858+0000] {logging_mixin.py:188} INFO - [2025-06-18T13:12:19.858+0000] {dag.py:3096} INFO - Sync 1 DAGs
[2025-06-18T13:12:19.897+0000] {logging_mixin.py:188} INFO - [2025-06-18T13:12:19.896+0000] {dag.py:3954} INFO - Setting next_dagrun for process_sales to None, run_after=None
[2025-06-18T13:12:19.963+0000] {processor.py:183} INFO - Processing /opt/airflow/dags/process_sales_dag.py took 0.269 seconds
[2025-06-18T13:12:50.584+0000] {processor.py:161} INFO - Started process (PID=2612) to work on /opt/airflow/dags/process_sales_dag.py
[2025-06-18T13:12:50.585+0000] {processor.py:830} INFO - Processing file /opt/airflow/dags/process_sales_dag.py for tasks to queue
[2025-06-18T13:12:50.589+0000] {logging_mixin.py:188} INFO - [2025-06-18T13:12:50.589+0000] {dagbag.py:545} INFO - Filling up the DagBag from /opt/airflow/dags/process_sales_dag.py
[2025-06-18T13:12:50.615+0000] {processor.py:840} INFO - DAG(s) 'process_sales' retrieved from /opt/airflow/dags/process_sales_dag.py
[2025-06-18T13:12:50.653+0000] {logging_mixin.py:188} INFO - [2025-06-18T13:12:50.653+0000] {dag.py:3096} INFO - Sync 1 DAGs
[2025-06-18T13:12:50.673+0000] {logging_mixin.py:188} INFO - [2025-06-18T13:12:50.672+0000] {dag.py:3954} INFO - Setting next_dagrun for process_sales to None, run_after=None
[2025-06-18T13:12:50.715+0000] {processor.py:183} INFO - Processing /opt/airflow/dags/process_sales_dag.py took 0.142 seconds
[2025-06-18T13:13:20.889+0000] {processor.py:161} INFO - Started process (PID=2627) to work on /opt/airflow/dags/process_sales_dag.py
[2025-06-18T13:13:20.893+0000] {processor.py:830} INFO - Processing file /opt/airflow/dags/process_sales_dag.py for tasks to queue
[2025-06-18T13:13:20.904+0000] {logging_mixin.py:188} INFO - [2025-06-18T13:13:20.902+0000] {dagbag.py:545} INFO - Filling up the DagBag from /opt/airflow/dags/process_sales_dag.py
[2025-06-18T13:13:20.972+0000] {processor.py:840} INFO - DAG(s) 'process_sales' retrieved from /opt/airflow/dags/process_sales_dag.py
[2025-06-18T13:13:21.070+0000] {logging_mixin.py:188} INFO - [2025-06-18T13:13:21.069+0000] {dag.py:3096} INFO - Sync 1 DAGs
[2025-06-18T13:13:21.110+0000] {logging_mixin.py:188} INFO - [2025-06-18T13:13:21.110+0000] {dag.py:3954} INFO - Setting next_dagrun for process_sales to None, run_after=None
[2025-06-18T13:13:21.171+0000] {processor.py:183} INFO - Processing /opt/airflow/dags/process_sales_dag.py took 0.307 seconds
[2025-06-18T13:13:51.311+0000] {processor.py:161} INFO - Started process (PID=2642) to work on /opt/airflow/dags/process_sales_dag.py
[2025-06-18T13:13:51.313+0000] {processor.py:830} INFO - Processing file /opt/airflow/dags/process_sales_dag.py for tasks to queue
[2025-06-18T13:13:51.316+0000] {logging_mixin.py:188} INFO - [2025-06-18T13:13:51.316+0000] {dagbag.py:545} INFO - Filling up the DagBag from /opt/airflow/dags/process_sales_dag.py
[2025-06-18T13:13:51.341+0000] {processor.py:840} INFO - DAG(s) 'process_sales' retrieved from /opt/airflow/dags/process_sales_dag.py
[2025-06-18T13:13:51.382+0000] {logging_mixin.py:188} INFO - [2025-06-18T13:13:51.382+0000] {dag.py:3096} INFO - Sync 1 DAGs
[2025-06-18T13:13:51.400+0000] {logging_mixin.py:188} INFO - [2025-06-18T13:13:51.400+0000] {dag.py:3954} INFO - Setting next_dagrun for process_sales to None, run_after=None
[2025-06-18T13:13:51.432+0000] {processor.py:183} INFO - Processing /opt/airflow/dags/process_sales_dag.py took 0.134 seconds
[2025-06-18T13:14:22.202+0000] {processor.py:161} INFO - Started process (PID=2657) to work on /opt/airflow/dags/process_sales_dag.py
[2025-06-18T13:14:22.210+0000] {processor.py:830} INFO - Processing file /opt/airflow/dags/process_sales_dag.py for tasks to queue
[2025-06-18T13:14:22.226+0000] {logging_mixin.py:188} INFO - [2025-06-18T13:14:22.226+0000] {dagbag.py:545} INFO - Filling up the DagBag from /opt/airflow/dags/process_sales_dag.py
[2025-06-18T13:14:22.320+0000] {processor.py:840} INFO - DAG(s) 'process_sales' retrieved from /opt/airflow/dags/process_sales_dag.py
[2025-06-18T13:14:22.411+0000] {logging_mixin.py:188} INFO - [2025-06-18T13:14:22.410+0000] {dag.py:3096} INFO - Sync 1 DAGs
[2025-06-18T13:14:22.455+0000] {logging_mixin.py:188} INFO - [2025-06-18T13:14:22.455+0000] {dag.py:3954} INFO - Setting next_dagrun for process_sales to None, run_after=None
[2025-06-18T13:14:22.532+0000] {processor.py:183} INFO - Processing /opt/airflow/dags/process_sales_dag.py took 0.354 seconds
[2025-06-18T13:14:53.668+0000] {processor.py:161} INFO - Started process (PID=2672) to work on /opt/airflow/dags/process_sales_dag.py
[2025-06-18T13:14:53.671+0000] {processor.py:830} INFO - Processing file /opt/airflow/dags/process_sales_dag.py for tasks to queue
[2025-06-18T13:14:53.678+0000] {logging_mixin.py:188} INFO - [2025-06-18T13:14:53.677+0000] {dagbag.py:545} INFO - Filling up the DagBag from /opt/airflow/dags/process_sales_dag.py
[2025-06-18T13:14:53.725+0000] {processor.py:840} INFO - DAG(s) 'process_sales' retrieved from /opt/airflow/dags/process_sales_dag.py
[2025-06-18T13:14:53.799+0000] {logging_mixin.py:188} INFO - [2025-06-18T13:14:53.798+0000] {dag.py:3096} INFO - Sync 1 DAGs
[2025-06-18T13:14:53.831+0000] {logging_mixin.py:188} INFO - [2025-06-18T13:14:53.830+0000] {dag.py:3954} INFO - Setting next_dagrun for process_sales to None, run_after=None
[2025-06-18T13:14:53.867+0000] {processor.py:183} INFO - Processing /opt/airflow/dags/process_sales_dag.py took 0.217 seconds
[2025-06-18T13:15:24.595+0000] {processor.py:161} INFO - Started process (PID=2687) to work on /opt/airflow/dags/process_sales_dag.py
[2025-06-18T13:15:24.602+0000] {processor.py:830} INFO - Processing file /opt/airflow/dags/process_sales_dag.py for tasks to queue
[2025-06-18T13:15:24.627+0000] {logging_mixin.py:188} INFO - [2025-06-18T13:15:24.624+0000] {dagbag.py:545} INFO - Filling up the DagBag from /opt/airflow/dags/process_sales_dag.py
[2025-06-18T13:15:24.988+0000] {processor.py:840} INFO - DAG(s) 'process_sales' retrieved from /opt/airflow/dags/process_sales_dag.py
[2025-06-18T13:15:25.362+0000] {logging_mixin.py:188} INFO - [2025-06-18T13:15:25.360+0000] {dag.py:3096} INFO - Sync 1 DAGs
[2025-06-18T13:15:25.404+0000] {logging_mixin.py:188} INFO - [2025-06-18T13:15:25.404+0000] {dag.py:3954} INFO - Setting next_dagrun for process_sales to None, run_after=None
[2025-06-18T13:15:25.457+0000] {processor.py:183} INFO - Processing /opt/airflow/dags/process_sales_dag.py took 0.897 seconds
[2025-06-18T13:15:56.332+0000] {processor.py:161} INFO - Started process (PID=2702) to work on /opt/airflow/dags/process_sales_dag.py
[2025-06-18T13:15:56.334+0000] {processor.py:830} INFO - Processing file /opt/airflow/dags/process_sales_dag.py for tasks to queue
[2025-06-18T13:15:56.341+0000] {logging_mixin.py:188} INFO - [2025-06-18T13:15:56.340+0000] {dagbag.py:545} INFO - Filling up the DagBag from /opt/airflow/dags/process_sales_dag.py
[2025-06-18T13:15:56.389+0000] {processor.py:840} INFO - DAG(s) 'process_sales' retrieved from /opt/airflow/dags/process_sales_dag.py
[2025-06-18T13:15:56.468+0000] {logging_mixin.py:188} INFO - [2025-06-18T13:15:56.467+0000] {dag.py:3096} INFO - Sync 1 DAGs
[2025-06-18T13:15:56.509+0000] {logging_mixin.py:188} INFO - [2025-06-18T13:15:56.508+0000] {dag.py:3954} INFO - Setting next_dagrun for process_sales to None, run_after=None
[2025-06-18T13:15:56.563+0000] {processor.py:183} INFO - Processing /opt/airflow/dags/process_sales_dag.py took 0.249 seconds
[2025-06-18T13:16:26.900+0000] {processor.py:161} INFO - Started process (PID=2717) to work on /opt/airflow/dags/process_sales_dag.py
[2025-06-18T13:16:26.902+0000] {processor.py:830} INFO - Processing file /opt/airflow/dags/process_sales_dag.py for tasks to queue
[2025-06-18T13:16:26.906+0000] {logging_mixin.py:188} INFO - [2025-06-18T13:16:26.906+0000] {dagbag.py:545} INFO - Filling up the DagBag from /opt/airflow/dags/process_sales_dag.py
[2025-06-18T13:16:26.934+0000] {processor.py:840} INFO - DAG(s) 'process_sales' retrieved from /opt/airflow/dags/process_sales_dag.py
[2025-06-18T13:16:26.977+0000] {logging_mixin.py:188} INFO - [2025-06-18T13:16:26.976+0000] {dag.py:3096} INFO - Sync 1 DAGs
[2025-06-18T13:16:26.997+0000] {logging_mixin.py:188} INFO - [2025-06-18T13:16:26.997+0000] {dag.py:3954} INFO - Setting next_dagrun for process_sales to None, run_after=None
[2025-06-18T13:16:27.031+0000] {processor.py:183} INFO - Processing /opt/airflow/dags/process_sales_dag.py took 0.145 seconds
[2025-06-18T13:16:57.371+0000] {processor.py:161} INFO - Started process (PID=2732) to work on /opt/airflow/dags/process_sales_dag.py
[2025-06-18T13:16:57.373+0000] {processor.py:830} INFO - Processing file /opt/airflow/dags/process_sales_dag.py for tasks to queue
[2025-06-18T13:16:57.376+0000] {logging_mixin.py:188} INFO - [2025-06-18T13:16:57.376+0000] {dagbag.py:545} INFO - Filling up the DagBag from /opt/airflow/dags/process_sales_dag.py
[2025-06-18T13:16:57.411+0000] {processor.py:840} INFO - DAG(s) 'process_sales' retrieved from /opt/airflow/dags/process_sales_dag.py
[2025-06-18T13:16:57.460+0000] {logging_mixin.py:188} INFO - [2025-06-18T13:16:57.460+0000] {dag.py:3096} INFO - Sync 1 DAGs
[2025-06-18T13:16:57.485+0000] {logging_mixin.py:188} INFO - [2025-06-18T13:16:57.485+0000] {dag.py:3954} INFO - Setting next_dagrun for process_sales to None, run_after=None
[2025-06-18T13:16:57.528+0000] {processor.py:183} INFO - Processing /opt/airflow/dags/process_sales_dag.py took 0.170 seconds
[2025-06-18T13:17:28.317+0000] {processor.py:161} INFO - Started process (PID=2747) to work on /opt/airflow/dags/process_sales_dag.py
[2025-06-18T13:17:28.318+0000] {processor.py:830} INFO - Processing file /opt/airflow/dags/process_sales_dag.py for tasks to queue
[2025-06-18T13:17:28.321+0000] {logging_mixin.py:188} INFO - [2025-06-18T13:17:28.321+0000] {dagbag.py:545} INFO - Filling up the DagBag from /opt/airflow/dags/process_sales_dag.py
[2025-06-18T13:17:28.349+0000] {processor.py:840} INFO - DAG(s) 'process_sales' retrieved from /opt/airflow/dags/process_sales_dag.py
[2025-06-18T13:17:28.388+0000] {logging_mixin.py:188} INFO - [2025-06-18T13:17:28.388+0000] {dag.py:3096} INFO - Sync 1 DAGs
[2025-06-18T13:17:28.408+0000] {logging_mixin.py:188} INFO - [2025-06-18T13:17:28.408+0000] {dag.py:3954} INFO - Setting next_dagrun for process_sales to None, run_after=None
[2025-06-18T13:17:28.440+0000] {processor.py:183} INFO - Processing /opt/airflow/dags/process_sales_dag.py took 0.137 seconds
[2025-06-18T13:17:58.603+0000] {processor.py:161} INFO - Started process (PID=2762) to work on /opt/airflow/dags/process_sales_dag.py
[2025-06-18T13:17:58.605+0000] {processor.py:830} INFO - Processing file /opt/airflow/dags/process_sales_dag.py for tasks to queue
[2025-06-18T13:17:58.610+0000] {logging_mixin.py:188} INFO - [2025-06-18T13:17:58.609+0000] {dagbag.py:545} INFO - Filling up the DagBag from /opt/airflow/dags/process_sales_dag.py
[2025-06-18T13:17:58.640+0000] {processor.py:840} INFO - DAG(s) 'process_sales' retrieved from /opt/airflow/dags/process_sales_dag.py
[2025-06-18T13:17:58.685+0000] {logging_mixin.py:188} INFO - [2025-06-18T13:17:58.685+0000] {dag.py:3096} INFO - Sync 1 DAGs
[2025-06-18T13:17:58.704+0000] {logging_mixin.py:188} INFO - [2025-06-18T13:17:58.704+0000] {dag.py:3954} INFO - Setting next_dagrun for process_sales to None, run_after=None
[2025-06-18T13:17:58.748+0000] {processor.py:183} INFO - Processing /opt/airflow/dags/process_sales_dag.py took 0.163 seconds
[2025-06-18T13:18:30.185+0000] {processor.py:161} INFO - Started process (PID=2775) to work on /opt/airflow/dags/process_sales_dag.py
[2025-06-18T13:18:30.189+0000] {processor.py:830} INFO - Processing file /opt/airflow/dags/process_sales_dag.py for tasks to queue
[2025-06-18T13:18:30.195+0000] {logging_mixin.py:188} INFO - [2025-06-18T13:18:30.194+0000] {dagbag.py:545} INFO - Filling up the DagBag from /opt/airflow/dags/process_sales_dag.py
[2025-06-18T13:18:30.272+0000] {processor.py:840} INFO - DAG(s) 'process_sales' retrieved from /opt/airflow/dags/process_sales_dag.py
[2025-06-18T13:18:30.350+0000] {logging_mixin.py:188} INFO - [2025-06-18T13:18:30.350+0000] {dag.py:3096} INFO - Sync 1 DAGs
[2025-06-18T13:18:30.405+0000] {logging_mixin.py:188} INFO - [2025-06-18T13:18:30.404+0000] {dag.py:3954} INFO - Setting next_dagrun for process_sales to None, run_after=None
[2025-06-18T13:18:30.493+0000] {processor.py:183} INFO - Processing /opt/airflow/dags/process_sales_dag.py took 0.340 seconds
[2025-06-18T13:19:00.671+0000] {processor.py:161} INFO - Started process (PID=2790) to work on /opt/airflow/dags/process_sales_dag.py
[2025-06-18T13:19:00.674+0000] {processor.py:830} INFO - Processing file /opt/airflow/dags/process_sales_dag.py for tasks to queue
[2025-06-18T13:19:00.678+0000] {logging_mixin.py:188} INFO - [2025-06-18T13:19:00.677+0000] {dagbag.py:545} INFO - Filling up the DagBag from /opt/airflow/dags/process_sales_dag.py
[2025-06-18T13:19:00.708+0000] {processor.py:840} INFO - DAG(s) 'process_sales' retrieved from /opt/airflow/dags/process_sales_dag.py
[2025-06-18T13:19:00.773+0000] {logging_mixin.py:188} INFO - [2025-06-18T13:19:00.773+0000] {dag.py:3096} INFO - Sync 1 DAGs
[2025-06-18T13:19:00.795+0000] {logging_mixin.py:188} INFO - [2025-06-18T13:19:00.794+0000] {dag.py:3954} INFO - Setting next_dagrun for process_sales to None, run_after=None
[2025-06-18T13:19:00.848+0000] {processor.py:183} INFO - Processing /opt/airflow/dags/process_sales_dag.py took 0.194 seconds
[2025-06-18T13:19:31.215+0000] {processor.py:161} INFO - Started process (PID=2805) to work on /opt/airflow/dags/process_sales_dag.py
[2025-06-18T13:19:31.221+0000] {processor.py:830} INFO - Processing file /opt/airflow/dags/process_sales_dag.py for tasks to queue
[2025-06-18T13:19:31.233+0000] {logging_mixin.py:188} INFO - [2025-06-18T13:19:31.229+0000] {dagbag.py:545} INFO - Filling up the DagBag from /opt/airflow/dags/process_sales_dag.py
[2025-06-18T13:19:31.375+0000] {processor.py:840} INFO - DAG(s) 'process_sales' retrieved from /opt/airflow/dags/process_sales_dag.py
[2025-06-18T13:19:31.664+0000] {logging_mixin.py:188} INFO - [2025-06-18T13:19:31.662+0000] {dag.py:3096} INFO - Sync 1 DAGs
[2025-06-18T13:19:31.772+0000] {logging_mixin.py:188} INFO - [2025-06-18T13:19:31.771+0000] {dag.py:3954} INFO - Setting next_dagrun for process_sales to None, run_after=None
[2025-06-18T13:19:31.836+0000] {processor.py:183} INFO - Processing /opt/airflow/dags/process_sales_dag.py took 0.649 seconds
[2025-06-18T13:20:03.394+0000] {processor.py:161} INFO - Started process (PID=2820) to work on /opt/airflow/dags/process_sales_dag.py
[2025-06-18T13:20:03.404+0000] {processor.py:830} INFO - Processing file /opt/airflow/dags/process_sales_dag.py for tasks to queue
[2025-06-18T13:20:03.415+0000] {logging_mixin.py:188} INFO - [2025-06-18T13:20:03.413+0000] {dagbag.py:545} INFO - Filling up the DagBag from /opt/airflow/dags/process_sales_dag.py
[2025-06-18T13:20:03.496+0000] {processor.py:840} INFO - DAG(s) 'process_sales' retrieved from /opt/airflow/dags/process_sales_dag.py
[2025-06-18T13:20:03.667+0000] {logging_mixin.py:188} INFO - [2025-06-18T13:20:03.666+0000] {dag.py:3096} INFO - Sync 1 DAGs
[2025-06-18T13:20:03.695+0000] {logging_mixin.py:188} INFO - [2025-06-18T13:20:03.694+0000] {dag.py:3954} INFO - Setting next_dagrun for process_sales to None, run_after=None
[2025-06-18T13:20:03.735+0000] {processor.py:183} INFO - Processing /opt/airflow/dags/process_sales_dag.py took 0.427 seconds
[2025-06-18T13:20:34.577+0000] {processor.py:161} INFO - Started process (PID=2835) to work on /opt/airflow/dags/process_sales_dag.py
[2025-06-18T13:20:34.579+0000] {processor.py:830} INFO - Processing file /opt/airflow/dags/process_sales_dag.py for tasks to queue
[2025-06-18T13:20:34.582+0000] {logging_mixin.py:188} INFO - [2025-06-18T13:20:34.581+0000] {dagbag.py:545} INFO - Filling up the DagBag from /opt/airflow/dags/process_sales_dag.py
[2025-06-18T13:20:34.618+0000] {processor.py:840} INFO - DAG(s) 'process_sales' retrieved from /opt/airflow/dags/process_sales_dag.py
[2025-06-18T13:20:34.679+0000] {logging_mixin.py:188} INFO - [2025-06-18T13:20:34.679+0000] {dag.py:3096} INFO - Sync 1 DAGs
[2025-06-18T13:20:34.701+0000] {logging_mixin.py:188} INFO - [2025-06-18T13:20:34.701+0000] {dag.py:3954} INFO - Setting next_dagrun for process_sales to None, run_after=None
[2025-06-18T13:20:34.752+0000] {processor.py:183} INFO - Processing /opt/airflow/dags/process_sales_dag.py took 0.187 seconds
[2025-06-18T13:21:06.134+0000] {processor.py:161} INFO - Started process (PID=2850) to work on /opt/airflow/dags/process_sales_dag.py
[2025-06-18T13:21:06.146+0000] {processor.py:830} INFO - Processing file /opt/airflow/dags/process_sales_dag.py for tasks to queue
[2025-06-18T13:21:06.163+0000] {logging_mixin.py:188} INFO - [2025-06-18T13:21:06.156+0000] {dagbag.py:545} INFO - Filling up the DagBag from /opt/airflow/dags/process_sales_dag.py
[2025-06-18T13:21:06.279+0000] {processor.py:840} INFO - DAG(s) 'process_sales' retrieved from /opt/airflow/dags/process_sales_dag.py
[2025-06-18T13:21:06.413+0000] {logging_mixin.py:188} INFO - [2025-06-18T13:21:06.412+0000] {dag.py:3096} INFO - Sync 1 DAGs
[2025-06-18T13:21:06.439+0000] {logging_mixin.py:188} INFO - [2025-06-18T13:21:06.438+0000] {dag.py:3954} INFO - Setting next_dagrun for process_sales to None, run_after=None
[2025-06-18T13:21:06.498+0000] {processor.py:183} INFO - Processing /opt/airflow/dags/process_sales_dag.py took 0.416 seconds
[2025-06-18T13:21:37.159+0000] {processor.py:161} INFO - Started process (PID=2865) to work on /opt/airflow/dags/process_sales_dag.py
[2025-06-18T13:21:37.164+0000] {processor.py:830} INFO - Processing file /opt/airflow/dags/process_sales_dag.py for tasks to queue
[2025-06-18T13:21:37.182+0000] {logging_mixin.py:188} INFO - [2025-06-18T13:21:37.180+0000] {dagbag.py:545} INFO - Filling up the DagBag from /opt/airflow/dags/process_sales_dag.py
[2025-06-18T13:21:37.895+0000] {processor.py:840} INFO - DAG(s) 'process_sales' retrieved from /opt/airflow/dags/process_sales_dag.py
[2025-06-18T13:21:38.156+0000] {logging_mixin.py:188} INFO - [2025-06-18T13:21:38.155+0000] {dag.py:3096} INFO - Sync 1 DAGs
[2025-06-18T13:21:38.208+0000] {logging_mixin.py:188} INFO - [2025-06-18T13:21:38.207+0000] {dag.py:3954} INFO - Setting next_dagrun for process_sales to None, run_after=None
[2025-06-18T13:21:38.281+0000] {processor.py:183} INFO - Processing /opt/airflow/dags/process_sales_dag.py took 1.162 seconds
[2025-06-18T13:22:08.958+0000] {processor.py:161} INFO - Started process (PID=2880) to work on /opt/airflow/dags/process_sales_dag.py
[2025-06-18T13:22:08.962+0000] {processor.py:830} INFO - Processing file /opt/airflow/dags/process_sales_dag.py for tasks to queue
[2025-06-18T13:22:08.966+0000] {logging_mixin.py:188} INFO - [2025-06-18T13:22:08.965+0000] {dagbag.py:545} INFO - Filling up the DagBag from /opt/airflow/dags/process_sales_dag.py
[2025-06-18T13:22:09.041+0000] {processor.py:840} INFO - DAG(s) 'process_sales' retrieved from /opt/airflow/dags/process_sales_dag.py
[2025-06-18T13:22:09.227+0000] {logging_mixin.py:188} INFO - [2025-06-18T13:22:09.223+0000] {dag.py:3096} INFO - Sync 1 DAGs
[2025-06-18T13:22:09.446+0000] {logging_mixin.py:188} INFO - [2025-06-18T13:22:09.445+0000] {dag.py:3954} INFO - Setting next_dagrun for process_sales to None, run_after=None
[2025-06-18T13:22:09.594+0000] {processor.py:183} INFO - Processing /opt/airflow/dags/process_sales_dag.py took 0.650 seconds
[2025-06-18T13:22:40.405+0000] {processor.py:161} INFO - Started process (PID=2895) to work on /opt/airflow/dags/process_sales_dag.py
[2025-06-18T13:22:40.409+0000] {processor.py:830} INFO - Processing file /opt/airflow/dags/process_sales_dag.py for tasks to queue
[2025-06-18T13:22:40.416+0000] {logging_mixin.py:188} INFO - [2025-06-18T13:22:40.416+0000] {dagbag.py:545} INFO - Filling up the DagBag from /opt/airflow/dags/process_sales_dag.py
[2025-06-18T13:22:40.475+0000] {processor.py:840} INFO - DAG(s) 'process_sales' retrieved from /opt/airflow/dags/process_sales_dag.py
[2025-06-18T13:22:40.538+0000] {logging_mixin.py:188} INFO - [2025-06-18T13:22:40.538+0000] {dag.py:3096} INFO - Sync 1 DAGs
[2025-06-18T13:22:40.569+0000] {logging_mixin.py:188} INFO - [2025-06-18T13:22:40.568+0000] {dag.py:3954} INFO - Setting next_dagrun for process_sales to None, run_after=None
[2025-06-18T13:22:40.637+0000] {processor.py:183} INFO - Processing /opt/airflow/dags/process_sales_dag.py took 0.254 seconds
[2025-06-18T13:23:10.893+0000] {processor.py:161} INFO - Started process (PID=2910) to work on /opt/airflow/dags/process_sales_dag.py
[2025-06-18T13:23:10.897+0000] {processor.py:830} INFO - Processing file /opt/airflow/dags/process_sales_dag.py for tasks to queue
[2025-06-18T13:23:10.907+0000] {logging_mixin.py:188} INFO - [2025-06-18T13:23:10.906+0000] {dagbag.py:545} INFO - Filling up the DagBag from /opt/airflow/dags/process_sales_dag.py
[2025-06-18T13:23:10.977+0000] {processor.py:840} INFO - DAG(s) 'process_sales' retrieved from /opt/airflow/dags/process_sales_dag.py
[2025-06-18T13:23:11.059+0000] {logging_mixin.py:188} INFO - [2025-06-18T13:23:11.059+0000] {dag.py:3096} INFO - Sync 1 DAGs
[2025-06-18T13:23:11.098+0000] {logging_mixin.py:188} INFO - [2025-06-18T13:23:11.098+0000] {dag.py:3954} INFO - Setting next_dagrun for process_sales to None, run_after=None
[2025-06-18T13:23:11.167+0000] {processor.py:183} INFO - Processing /opt/airflow/dags/process_sales_dag.py took 0.296 seconds
[2025-06-18T13:23:42.682+0000] {processor.py:161} INFO - Started process (PID=2925) to work on /opt/airflow/dags/process_sales_dag.py
[2025-06-18T13:23:42.701+0000] {processor.py:830} INFO - Processing file /opt/airflow/dags/process_sales_dag.py for tasks to queue
[2025-06-18T13:23:42.723+0000] {logging_mixin.py:188} INFO - [2025-06-18T13:23:42.722+0000] {dagbag.py:545} INFO - Filling up the DagBag from /opt/airflow/dags/process_sales_dag.py
[2025-06-18T13:23:43.079+0000] {processor.py:840} INFO - DAG(s) 'process_sales' retrieved from /opt/airflow/dags/process_sales_dag.py
[2025-06-18T13:23:43.200+0000] {logging_mixin.py:188} INFO - [2025-06-18T13:23:43.200+0000] {dag.py:3096} INFO - Sync 1 DAGs
[2025-06-18T13:23:43.234+0000] {logging_mixin.py:188} INFO - [2025-06-18T13:23:43.234+0000] {dag.py:3954} INFO - Setting next_dagrun for process_sales to None, run_after=None
[2025-06-18T13:23:43.294+0000] {processor.py:183} INFO - Processing /opt/airflow/dags/process_sales_dag.py took 0.637 seconds
[2025-06-18T13:24:14.162+0000] {processor.py:161} INFO - Started process (PID=2940) to work on /opt/airflow/dags/process_sales_dag.py
[2025-06-18T13:24:14.172+0000] {processor.py:830} INFO - Processing file /opt/airflow/dags/process_sales_dag.py for tasks to queue
[2025-06-18T13:24:14.178+0000] {logging_mixin.py:188} INFO - [2025-06-18T13:24:14.177+0000] {dagbag.py:545} INFO - Filling up the DagBag from /opt/airflow/dags/process_sales_dag.py
[2025-06-18T13:24:14.233+0000] {processor.py:840} INFO - DAG(s) 'process_sales' retrieved from /opt/airflow/dags/process_sales_dag.py
[2025-06-18T13:24:14.440+0000] {logging_mixin.py:188} INFO - [2025-06-18T13:24:14.433+0000] {dag.py:3096} INFO - Sync 1 DAGs
[2025-06-18T13:24:14.838+0000] {logging_mixin.py:188} INFO - [2025-06-18T13:24:14.835+0000] {dag.py:3954} INFO - Setting next_dagrun for process_sales to None, run_after=None
[2025-06-18T13:24:15.178+0000] {processor.py:183} INFO - Processing /opt/airflow/dags/process_sales_dag.py took 1.032 seconds
[2025-06-18T13:24:45.965+0000] {processor.py:161} INFO - Started process (PID=2955) to work on /opt/airflow/dags/process_sales_dag.py
[2025-06-18T13:24:45.967+0000] {processor.py:830} INFO - Processing file /opt/airflow/dags/process_sales_dag.py for tasks to queue
[2025-06-18T13:24:45.971+0000] {logging_mixin.py:188} INFO - [2025-06-18T13:24:45.970+0000] {dagbag.py:545} INFO - Filling up the DagBag from /opt/airflow/dags/process_sales_dag.py
[2025-06-18T13:24:46.003+0000] {processor.py:840} INFO - DAG(s) 'process_sales' retrieved from /opt/airflow/dags/process_sales_dag.py
[2025-06-18T13:24:46.062+0000] {logging_mixin.py:188} INFO - [2025-06-18T13:24:46.061+0000] {dag.py:3096} INFO - Sync 1 DAGs
[2025-06-18T13:24:46.090+0000] {logging_mixin.py:188} INFO - [2025-06-18T13:24:46.089+0000] {dag.py:3954} INFO - Setting next_dagrun for process_sales to None, run_after=None
[2025-06-18T13:24:46.127+0000] {processor.py:183} INFO - Processing /opt/airflow/dags/process_sales_dag.py took 0.174 seconds
[2025-06-18T13:25:16.703+0000] {processor.py:161} INFO - Started process (PID=2970) to work on /opt/airflow/dags/process_sales_dag.py
[2025-06-18T13:25:16.705+0000] {processor.py:830} INFO - Processing file /opt/airflow/dags/process_sales_dag.py for tasks to queue
[2025-06-18T13:25:16.717+0000] {logging_mixin.py:188} INFO - [2025-06-18T13:25:16.716+0000] {dagbag.py:545} INFO - Filling up the DagBag from /opt/airflow/dags/process_sales_dag.py
[2025-06-18T13:25:16.792+0000] {processor.py:840} INFO - DAG(s) 'process_sales' retrieved from /opt/airflow/dags/process_sales_dag.py
[2025-06-18T13:25:16.876+0000] {logging_mixin.py:188} INFO - [2025-06-18T13:25:16.875+0000] {dag.py:3096} INFO - Sync 1 DAGs
[2025-06-18T13:25:16.922+0000] {logging_mixin.py:188} INFO - [2025-06-18T13:25:16.921+0000] {dag.py:3954} INFO - Setting next_dagrun for process_sales to None, run_after=None
[2025-06-18T13:25:17.090+0000] {processor.py:183} INFO - Processing /opt/airflow/dags/process_sales_dag.py took 0.397 seconds
[2025-06-18T13:25:47.627+0000] {processor.py:161} INFO - Started process (PID=2985) to work on /opt/airflow/dags/process_sales_dag.py
[2025-06-18T13:25:47.630+0000] {processor.py:830} INFO - Processing file /opt/airflow/dags/process_sales_dag.py for tasks to queue
[2025-06-18T13:25:47.635+0000] {logging_mixin.py:188} INFO - [2025-06-18T13:25:47.634+0000] {dagbag.py:545} INFO - Filling up the DagBag from /opt/airflow/dags/process_sales_dag.py
[2025-06-18T13:25:47.686+0000] {processor.py:840} INFO - DAG(s) 'process_sales' retrieved from /opt/airflow/dags/process_sales_dag.py
[2025-06-18T13:25:47.807+0000] {logging_mixin.py:188} INFO - [2025-06-18T13:25:47.807+0000] {dag.py:3096} INFO - Sync 1 DAGs
[2025-06-18T13:25:47.873+0000] {logging_mixin.py:188} INFO - [2025-06-18T13:25:47.873+0000] {dag.py:3954} INFO - Setting next_dagrun for process_sales to None, run_after=None
[2025-06-18T13:25:47.942+0000] {processor.py:183} INFO - Processing /opt/airflow/dags/process_sales_dag.py took 0.331 seconds
[2025-06-18T13:26:18.456+0000] {processor.py:161} INFO - Started process (PID=3000) to work on /opt/airflow/dags/process_sales_dag.py
[2025-06-18T13:26:18.458+0000] {processor.py:830} INFO - Processing file /opt/airflow/dags/process_sales_dag.py for tasks to queue
[2025-06-18T13:26:18.462+0000] {logging_mixin.py:188} INFO - [2025-06-18T13:26:18.461+0000] {dagbag.py:545} INFO - Filling up the DagBag from /opt/airflow/dags/process_sales_dag.py
[2025-06-18T13:26:18.506+0000] {processor.py:840} INFO - DAG(s) 'process_sales' retrieved from /opt/airflow/dags/process_sales_dag.py
[2025-06-18T13:26:18.559+0000] {logging_mixin.py:188} INFO - [2025-06-18T13:26:18.558+0000] {dag.py:3096} INFO - Sync 1 DAGs
[2025-06-18T13:26:18.579+0000] {logging_mixin.py:188} INFO - [2025-06-18T13:26:18.579+0000] {dag.py:3954} INFO - Setting next_dagrun for process_sales to None, run_after=None
[2025-06-18T13:26:18.615+0000] {processor.py:183} INFO - Processing /opt/airflow/dags/process_sales_dag.py took 0.174 seconds
[2025-06-18T13:26:49.082+0000] {processor.py:161} INFO - Started process (PID=3015) to work on /opt/airflow/dags/process_sales_dag.py
[2025-06-18T13:26:49.088+0000] {processor.py:830} INFO - Processing file /opt/airflow/dags/process_sales_dag.py for tasks to queue
[2025-06-18T13:26:49.096+0000] {logging_mixin.py:188} INFO - [2025-06-18T13:26:49.095+0000] {dagbag.py:545} INFO - Filling up the DagBag from /opt/airflow/dags/process_sales_dag.py
[2025-06-18T13:26:49.175+0000] {processor.py:840} INFO - DAG(s) 'process_sales' retrieved from /opt/airflow/dags/process_sales_dag.py
[2025-06-18T13:26:49.354+0000] {logging_mixin.py:188} INFO - [2025-06-18T13:26:49.352+0000] {dag.py:3096} INFO - Sync 1 DAGs
[2025-06-18T13:26:49.784+0000] {logging_mixin.py:188} INFO - [2025-06-18T13:26:49.781+0000] {dag.py:3954} INFO - Setting next_dagrun for process_sales to None, run_after=None
[2025-06-18T13:26:50.062+0000] {processor.py:183} INFO - Processing /opt/airflow/dags/process_sales_dag.py took 1.027 seconds
[2025-06-18T13:27:20.255+0000] {processor.py:161} INFO - Started process (PID=3030) to work on /opt/airflow/dags/process_sales_dag.py
[2025-06-18T13:27:20.257+0000] {processor.py:830} INFO - Processing file /opt/airflow/dags/process_sales_dag.py for tasks to queue
[2025-06-18T13:27:20.261+0000] {logging_mixin.py:188} INFO - [2025-06-18T13:27:20.260+0000] {dagbag.py:545} INFO - Filling up the DagBag from /opt/airflow/dags/process_sales_dag.py
[2025-06-18T13:27:20.297+0000] {processor.py:840} INFO - DAG(s) 'process_sales' retrieved from /opt/airflow/dags/process_sales_dag.py
[2025-06-18T13:27:20.347+0000] {logging_mixin.py:188} INFO - [2025-06-18T13:27:20.346+0000] {dag.py:3096} INFO - Sync 1 DAGs
[2025-06-18T13:27:20.372+0000] {logging_mixin.py:188} INFO - [2025-06-18T13:27:20.372+0000] {dag.py:3954} INFO - Setting next_dagrun for process_sales to None, run_after=None
[2025-06-18T13:27:20.415+0000] {processor.py:183} INFO - Processing /opt/airflow/dags/process_sales_dag.py took 0.175 seconds
[2025-06-18T13:27:51.271+0000] {processor.py:161} INFO - Started process (PID=3045) to work on /opt/airflow/dags/process_sales_dag.py
[2025-06-18T13:27:51.277+0000] {processor.py:830} INFO - Processing file /opt/airflow/dags/process_sales_dag.py for tasks to queue
[2025-06-18T13:27:51.287+0000] {logging_mixin.py:188} INFO - [2025-06-18T13:27:51.286+0000] {dagbag.py:545} INFO - Filling up the DagBag from /opt/airflow/dags/process_sales_dag.py
[2025-06-18T13:27:51.335+0000] {processor.py:840} INFO - DAG(s) 'process_sales' retrieved from /opt/airflow/dags/process_sales_dag.py
[2025-06-18T13:27:51.399+0000] {logging_mixin.py:188} INFO - [2025-06-18T13:27:51.399+0000] {dag.py:3096} INFO - Sync 1 DAGs
[2025-06-18T13:27:51.426+0000] {logging_mixin.py:188} INFO - [2025-06-18T13:27:51.425+0000] {dag.py:3954} INFO - Setting next_dagrun for process_sales to None, run_after=None
[2025-06-18T13:27:51.476+0000] {processor.py:183} INFO - Processing /opt/airflow/dags/process_sales_dag.py took 0.237 seconds
[2025-06-18T13:28:22.251+0000] {processor.py:161} INFO - Started process (PID=3060) to work on /opt/airflow/dags/process_sales_dag.py
[2025-06-18T13:28:22.267+0000] {processor.py:830} INFO - Processing file /opt/airflow/dags/process_sales_dag.py for tasks to queue
[2025-06-18T13:28:22.274+0000] {logging_mixin.py:188} INFO - [2025-06-18T13:28:22.273+0000] {dagbag.py:545} INFO - Filling up the DagBag from /opt/airflow/dags/process_sales_dag.py
[2025-06-18T13:28:22.390+0000] {processor.py:840} INFO - DAG(s) 'process_sales' retrieved from /opt/airflow/dags/process_sales_dag.py
[2025-06-18T13:28:22.544+0000] {logging_mixin.py:188} INFO - [2025-06-18T13:28:22.543+0000] {dag.py:3096} INFO - Sync 1 DAGs
[2025-06-18T13:28:22.631+0000] {logging_mixin.py:188} INFO - [2025-06-18T13:28:22.630+0000] {dag.py:3954} INFO - Setting next_dagrun for process_sales to None, run_after=None
[2025-06-18T13:28:22.765+0000] {processor.py:183} INFO - Processing /opt/airflow/dags/process_sales_dag.py took 0.634 seconds
[2025-06-18T13:28:53.977+0000] {processor.py:161} INFO - Started process (PID=3075) to work on /opt/airflow/dags/process_sales_dag.py
[2025-06-18T13:28:53.988+0000] {processor.py:830} INFO - Processing file /opt/airflow/dags/process_sales_dag.py for tasks to queue
[2025-06-18T13:28:54.004+0000] {logging_mixin.py:188} INFO - [2025-06-18T13:28:54.002+0000] {dagbag.py:545} INFO - Filling up the DagBag from /opt/airflow/dags/process_sales_dag.py
[2025-06-18T13:28:54.088+0000] {processor.py:840} INFO - DAG(s) 'process_sales' retrieved from /opt/airflow/dags/process_sales_dag.py
[2025-06-18T13:28:54.166+0000] {logging_mixin.py:188} INFO - [2025-06-18T13:28:54.165+0000] {dag.py:3096} INFO - Sync 1 DAGs
[2025-06-18T13:28:54.205+0000] {logging_mixin.py:188} INFO - [2025-06-18T13:28:54.204+0000] {dag.py:3954} INFO - Setting next_dagrun for process_sales to None, run_after=None
[2025-06-18T13:28:54.271+0000] {processor.py:183} INFO - Processing /opt/airflow/dags/process_sales_dag.py took 0.390 seconds
[2025-06-18T13:29:25.041+0000] {processor.py:161} INFO - Started process (PID=3090) to work on /opt/airflow/dags/process_sales_dag.py
[2025-06-18T13:29:25.043+0000] {processor.py:830} INFO - Processing file /opt/airflow/dags/process_sales_dag.py for tasks to queue
[2025-06-18T13:29:25.046+0000] {logging_mixin.py:188} INFO - [2025-06-18T13:29:25.046+0000] {dagbag.py:545} INFO - Filling up the DagBag from /opt/airflow/dags/process_sales_dag.py
[2025-06-18T13:29:25.079+0000] {processor.py:840} INFO - DAG(s) 'process_sales' retrieved from /opt/airflow/dags/process_sales_dag.py
[2025-06-18T13:29:25.126+0000] {logging_mixin.py:188} INFO - [2025-06-18T13:29:25.125+0000] {dag.py:3096} INFO - Sync 1 DAGs
[2025-06-18T13:29:25.149+0000] {logging_mixin.py:188} INFO - [2025-06-18T13:29:25.149+0000] {dag.py:3954} INFO - Setting next_dagrun for process_sales to None, run_after=None
[2025-06-18T13:29:25.189+0000] {processor.py:183} INFO - Processing /opt/airflow/dags/process_sales_dag.py took 0.158 seconds
[2025-06-18T13:29:55.962+0000] {processor.py:161} INFO - Started process (PID=3105) to work on /opt/airflow/dags/process_sales_dag.py
[2025-06-18T13:29:55.966+0000] {processor.py:830} INFO - Processing file /opt/airflow/dags/process_sales_dag.py for tasks to queue
[2025-06-18T13:29:55.972+0000] {logging_mixin.py:188} INFO - [2025-06-18T13:29:55.971+0000] {dagbag.py:545} INFO - Filling up the DagBag from /opt/airflow/dags/process_sales_dag.py
[2025-06-18T13:29:56.008+0000] {processor.py:840} INFO - DAG(s) 'process_sales' retrieved from /opt/airflow/dags/process_sales_dag.py
[2025-06-18T13:29:56.096+0000] {logging_mixin.py:188} INFO - [2025-06-18T13:29:56.096+0000] {dag.py:3096} INFO - Sync 1 DAGs
[2025-06-18T13:29:56.133+0000] {logging_mixin.py:188} INFO - [2025-06-18T13:29:56.133+0000] {dag.py:3954} INFO - Setting next_dagrun for process_sales to None, run_after=None
[2025-06-18T13:29:56.185+0000] {processor.py:183} INFO - Processing /opt/airflow/dags/process_sales_dag.py took 0.255 seconds
[2025-06-18T13:30:26.830+0000] {processor.py:161} INFO - Started process (PID=3120) to work on /opt/airflow/dags/process_sales_dag.py
[2025-06-18T13:30:26.835+0000] {processor.py:830} INFO - Processing file /opt/airflow/dags/process_sales_dag.py for tasks to queue
[2025-06-18T13:30:26.843+0000] {logging_mixin.py:188} INFO - [2025-06-18T13:30:26.842+0000] {dagbag.py:545} INFO - Filling up the DagBag from /opt/airflow/dags/process_sales_dag.py
[2025-06-18T13:30:26.958+0000] {processor.py:840} INFO - DAG(s) 'process_sales' retrieved from /opt/airflow/dags/process_sales_dag.py
[2025-06-18T13:30:27.101+0000] {logging_mixin.py:188} INFO - [2025-06-18T13:30:27.100+0000] {dag.py:3096} INFO - Sync 1 DAGs
[2025-06-18T13:30:27.153+0000] {logging_mixin.py:188} INFO - [2025-06-18T13:30:27.152+0000] {dag.py:3954} INFO - Setting next_dagrun for process_sales to None, run_after=None
[2025-06-18T13:30:27.236+0000] {processor.py:183} INFO - Processing /opt/airflow/dags/process_sales_dag.py took 0.428 seconds
[2025-06-18T13:30:57.705+0000] {processor.py:161} INFO - Started process (PID=3135) to work on /opt/airflow/dags/process_sales_dag.py
[2025-06-18T13:30:57.713+0000] {processor.py:830} INFO - Processing file /opt/airflow/dags/process_sales_dag.py for tasks to queue
[2025-06-18T13:30:57.721+0000] {logging_mixin.py:188} INFO - [2025-06-18T13:30:57.720+0000] {dagbag.py:545} INFO - Filling up the DagBag from /opt/airflow/dags/process_sales_dag.py
[2025-06-18T13:30:57.805+0000] {processor.py:840} INFO - DAG(s) 'process_sales' retrieved from /opt/airflow/dags/process_sales_dag.py
[2025-06-18T13:30:57.899+0000] {logging_mixin.py:188} INFO - [2025-06-18T13:30:57.899+0000] {dag.py:3096} INFO - Sync 1 DAGs
[2025-06-18T13:30:57.942+0000] {logging_mixin.py:188} INFO - [2025-06-18T13:30:57.942+0000] {dag.py:3954} INFO - Setting next_dagrun for process_sales to None, run_after=None
[2025-06-18T13:30:57.988+0000] {processor.py:183} INFO - Processing /opt/airflow/dags/process_sales_dag.py took 0.318 seconds
[2025-06-18T13:31:28.212+0000] {processor.py:161} INFO - Started process (PID=3150) to work on /opt/airflow/dags/process_sales_dag.py
[2025-06-18T13:31:28.219+0000] {processor.py:830} INFO - Processing file /opt/airflow/dags/process_sales_dag.py for tasks to queue
[2025-06-18T13:31:28.223+0000] {logging_mixin.py:188} INFO - [2025-06-18T13:31:28.223+0000] {dagbag.py:545} INFO - Filling up the DagBag from /opt/airflow/dags/process_sales_dag.py
[2025-06-18T13:31:28.267+0000] {processor.py:840} INFO - DAG(s) 'process_sales' retrieved from /opt/airflow/dags/process_sales_dag.py
[2025-06-18T13:31:28.311+0000] {logging_mixin.py:188} INFO - [2025-06-18T13:31:28.310+0000] {dag.py:3096} INFO - Sync 1 DAGs
[2025-06-18T13:31:28.342+0000] {logging_mixin.py:188} INFO - [2025-06-18T13:31:28.342+0000] {dag.py:3954} INFO - Setting next_dagrun for process_sales to None, run_after=None
[2025-06-18T13:31:28.394+0000] {processor.py:183} INFO - Processing /opt/airflow/dags/process_sales_dag.py took 0.197 seconds
[2025-06-18T13:31:59.158+0000] {processor.py:161} INFO - Started process (PID=3165) to work on /opt/airflow/dags/process_sales_dag.py
[2025-06-18T13:31:59.160+0000] {processor.py:830} INFO - Processing file /opt/airflow/dags/process_sales_dag.py for tasks to queue
[2025-06-18T13:31:59.163+0000] {logging_mixin.py:188} INFO - [2025-06-18T13:31:59.163+0000] {dagbag.py:545} INFO - Filling up the DagBag from /opt/airflow/dags/process_sales_dag.py
[2025-06-18T13:31:59.191+0000] {processor.py:840} INFO - DAG(s) 'process_sales' retrieved from /opt/airflow/dags/process_sales_dag.py
[2025-06-18T13:31:59.241+0000] {logging_mixin.py:188} INFO - [2025-06-18T13:31:59.240+0000] {dag.py:3096} INFO - Sync 1 DAGs
[2025-06-18T13:31:59.265+0000] {logging_mixin.py:188} INFO - [2025-06-18T13:31:59.264+0000] {dag.py:3954} INFO - Setting next_dagrun for process_sales to None, run_after=None
[2025-06-18T13:31:59.309+0000] {processor.py:183} INFO - Processing /opt/airflow/dags/process_sales_dag.py took 0.164 seconds
[2025-06-18T13:32:30.032+0000] {processor.py:161} INFO - Started process (PID=3180) to work on /opt/airflow/dags/process_sales_dag.py
[2025-06-18T13:32:30.035+0000] {processor.py:830} INFO - Processing file /opt/airflow/dags/process_sales_dag.py for tasks to queue
[2025-06-18T13:32:30.040+0000] {logging_mixin.py:188} INFO - [2025-06-18T13:32:30.039+0000] {dagbag.py:545} INFO - Filling up the DagBag from /opt/airflow/dags/process_sales_dag.py
[2025-06-18T13:32:30.081+0000] {processor.py:840} INFO - DAG(s) 'process_sales' retrieved from /opt/airflow/dags/process_sales_dag.py
[2025-06-18T13:32:30.133+0000] {logging_mixin.py:188} INFO - [2025-06-18T13:32:30.133+0000] {dag.py:3096} INFO - Sync 1 DAGs
[2025-06-18T13:32:30.159+0000] {logging_mixin.py:188} INFO - [2025-06-18T13:32:30.159+0000] {dag.py:3954} INFO - Setting next_dagrun for process_sales to None, run_after=None
[2025-06-18T13:32:30.186+0000] {processor.py:183} INFO - Processing /opt/airflow/dags/process_sales_dag.py took 0.177 seconds
[2025-06-18T13:33:00.802+0000] {processor.py:161} INFO - Started process (PID=3195) to work on /opt/airflow/dags/process_sales_dag.py
[2025-06-18T13:33:00.805+0000] {processor.py:830} INFO - Processing file /opt/airflow/dags/process_sales_dag.py for tasks to queue
[2025-06-18T13:33:00.810+0000] {logging_mixin.py:188} INFO - [2025-06-18T13:33:00.809+0000] {dagbag.py:545} INFO - Filling up the DagBag from /opt/airflow/dags/process_sales_dag.py
[2025-06-18T13:33:00.900+0000] {processor.py:840} INFO - DAG(s) 'process_sales' retrieved from /opt/airflow/dags/process_sales_dag.py
[2025-06-18T13:33:01.037+0000] {logging_mixin.py:188} INFO - [2025-06-18T13:33:01.036+0000] {dag.py:3096} INFO - Sync 1 DAGs
[2025-06-18T13:33:01.256+0000] {logging_mixin.py:188} INFO - [2025-06-18T13:33:01.232+0000] {dag.py:3954} INFO - Setting next_dagrun for process_sales to None, run_after=None
[2025-06-18T13:33:01.695+0000] {processor.py:183} INFO - Processing /opt/airflow/dags/process_sales_dag.py took 0.912 seconds
[2025-06-18T13:33:32.178+0000] {processor.py:161} INFO - Started process (PID=3210) to work on /opt/airflow/dags/process_sales_dag.py
[2025-06-18T13:33:32.181+0000] {processor.py:830} INFO - Processing file /opt/airflow/dags/process_sales_dag.py for tasks to queue
[2025-06-18T13:33:32.184+0000] {logging_mixin.py:188} INFO - [2025-06-18T13:33:32.184+0000] {dagbag.py:545} INFO - Filling up the DagBag from /opt/airflow/dags/process_sales_dag.py
[2025-06-18T13:33:32.215+0000] {processor.py:840} INFO - DAG(s) 'process_sales' retrieved from /opt/airflow/dags/process_sales_dag.py
[2025-06-18T13:33:32.262+0000] {logging_mixin.py:188} INFO - [2025-06-18T13:33:32.262+0000] {dag.py:3096} INFO - Sync 1 DAGs
[2025-06-18T13:33:32.290+0000] {logging_mixin.py:188} INFO - [2025-06-18T13:33:32.289+0000] {dag.py:3954} INFO - Setting next_dagrun for process_sales to None, run_after=None
[2025-06-18T13:33:32.355+0000] {processor.py:183} INFO - Processing /opt/airflow/dags/process_sales_dag.py took 0.191 seconds
[2025-06-18T13:34:03.155+0000] {processor.py:161} INFO - Started process (PID=3225) to work on /opt/airflow/dags/process_sales_dag.py
[2025-06-18T13:34:03.157+0000] {processor.py:830} INFO - Processing file /opt/airflow/dags/process_sales_dag.py for tasks to queue
[2025-06-18T13:34:03.164+0000] {logging_mixin.py:188} INFO - [2025-06-18T13:34:03.163+0000] {dagbag.py:545} INFO - Filling up the DagBag from /opt/airflow/dags/process_sales_dag.py
[2025-06-18T13:34:03.195+0000] {processor.py:840} INFO - DAG(s) 'process_sales' retrieved from /opt/airflow/dags/process_sales_dag.py
[2025-06-18T13:34:03.249+0000] {logging_mixin.py:188} INFO - [2025-06-18T13:34:03.249+0000] {dag.py:3096} INFO - Sync 1 DAGs
[2025-06-18T13:34:03.286+0000] {logging_mixin.py:188} INFO - [2025-06-18T13:34:03.286+0000] {dag.py:3954} INFO - Setting next_dagrun for process_sales to None, run_after=None
[2025-06-18T13:34:03.330+0000] {processor.py:183} INFO - Processing /opt/airflow/dags/process_sales_dag.py took 0.189 seconds
[2025-06-18T13:34:34.100+0000] {processor.py:161} INFO - Started process (PID=3240) to work on /opt/airflow/dags/process_sales_dag.py
[2025-06-18T13:34:34.103+0000] {processor.py:830} INFO - Processing file /opt/airflow/dags/process_sales_dag.py for tasks to queue
[2025-06-18T13:34:34.111+0000] {logging_mixin.py:188} INFO - [2025-06-18T13:34:34.110+0000] {dagbag.py:545} INFO - Filling up the DagBag from /opt/airflow/dags/process_sales_dag.py
[2025-06-18T13:34:34.150+0000] {processor.py:840} INFO - DAG(s) 'process_sales' retrieved from /opt/airflow/dags/process_sales_dag.py
[2025-06-18T13:34:34.230+0000] {logging_mixin.py:188} INFO - [2025-06-18T13:34:34.229+0000] {dag.py:3096} INFO - Sync 1 DAGs
[2025-06-18T13:34:34.266+0000] {logging_mixin.py:188} INFO - [2025-06-18T13:34:34.265+0000] {dag.py:3954} INFO - Setting next_dagrun for process_sales to None, run_after=None
[2025-06-18T13:34:34.373+0000] {processor.py:183} INFO - Processing /opt/airflow/dags/process_sales_dag.py took 0.287 seconds
[2025-06-18T13:35:05.927+0000] {processor.py:161} INFO - Started process (PID=3255) to work on /opt/airflow/dags/process_sales_dag.py
[2025-06-18T13:35:05.930+0000] {processor.py:830} INFO - Processing file /opt/airflow/dags/process_sales_dag.py for tasks to queue
[2025-06-18T13:35:05.945+0000] {logging_mixin.py:188} INFO - [2025-06-18T13:35:05.944+0000] {dagbag.py:545} INFO - Filling up the DagBag from /opt/airflow/dags/process_sales_dag.py
[2025-06-18T13:35:06.240+0000] {processor.py:840} INFO - DAG(s) 'process_sales' retrieved from /opt/airflow/dags/process_sales_dag.py
[2025-06-18T13:35:06.398+0000] {logging_mixin.py:188} INFO - [2025-06-18T13:35:06.397+0000] {dag.py:3096} INFO - Sync 1 DAGs
[2025-06-18T13:35:06.467+0000] {logging_mixin.py:188} INFO - [2025-06-18T13:35:06.467+0000] {dag.py:3954} INFO - Setting next_dagrun for process_sales to None, run_after=None
[2025-06-18T13:35:06.537+0000] {processor.py:183} INFO - Processing /opt/airflow/dags/process_sales_dag.py took 0.670 seconds
[2025-06-18T13:35:36.862+0000] {processor.py:161} INFO - Started process (PID=3270) to work on /opt/airflow/dags/process_sales_dag.py
[2025-06-18T13:35:36.870+0000] {processor.py:830} INFO - Processing file /opt/airflow/dags/process_sales_dag.py for tasks to queue
[2025-06-18T13:35:36.874+0000] {logging_mixin.py:188} INFO - [2025-06-18T13:35:36.873+0000] {dagbag.py:545} INFO - Filling up the DagBag from /opt/airflow/dags/process_sales_dag.py
[2025-06-18T13:35:36.950+0000] {processor.py:840} INFO - DAG(s) 'process_sales' retrieved from /opt/airflow/dags/process_sales_dag.py
[2025-06-18T13:35:37.205+0000] {logging_mixin.py:188} INFO - [2025-06-18T13:35:37.204+0000] {dag.py:3096} INFO - Sync 1 DAGs
[2025-06-18T13:35:37.253+0000] {logging_mixin.py:188} INFO - [2025-06-18T13:35:37.252+0000] {dag.py:3954} INFO - Setting next_dagrun for process_sales to None, run_after=None
[2025-06-18T13:35:37.305+0000] {processor.py:183} INFO - Processing /opt/airflow/dags/process_sales_dag.py took 0.463 seconds
[2025-06-18T13:36:08.036+0000] {processor.py:161} INFO - Started process (PID=3285) to work on /opt/airflow/dags/process_sales_dag.py
[2025-06-18T13:36:08.041+0000] {processor.py:830} INFO - Processing file /opt/airflow/dags/process_sales_dag.py for tasks to queue
[2025-06-18T13:36:08.049+0000] {logging_mixin.py:188} INFO - [2025-06-18T13:36:08.048+0000] {dagbag.py:545} INFO - Filling up the DagBag from /opt/airflow/dags/process_sales_dag.py
[2025-06-18T13:36:08.117+0000] {processor.py:840} INFO - DAG(s) 'process_sales' retrieved from /opt/airflow/dags/process_sales_dag.py
[2025-06-18T13:36:08.221+0000] {logging_mixin.py:188} INFO - [2025-06-18T13:36:08.221+0000] {dag.py:3096} INFO - Sync 1 DAGs
[2025-06-18T13:36:08.308+0000] {logging_mixin.py:188} INFO - [2025-06-18T13:36:08.308+0000] {dag.py:3954} INFO - Setting next_dagrun for process_sales to None, run_after=None
[2025-06-18T13:36:08.340+0000] {processor.py:183} INFO - Processing /opt/airflow/dags/process_sales_dag.py took 0.338 seconds
[2025-06-18T13:36:39.215+0000] {processor.py:161} INFO - Started process (PID=3300) to work on /opt/airflow/dags/process_sales_dag.py
[2025-06-18T13:36:39.222+0000] {processor.py:830} INFO - Processing file /opt/airflow/dags/process_sales_dag.py for tasks to queue
[2025-06-18T13:36:39.234+0000] {logging_mixin.py:188} INFO - [2025-06-18T13:36:39.233+0000] {dagbag.py:545} INFO - Filling up the DagBag from /opt/airflow/dags/process_sales_dag.py
[2025-06-18T13:36:39.303+0000] {processor.py:840} INFO - DAG(s) 'process_sales' retrieved from /opt/airflow/dags/process_sales_dag.py
[2025-06-18T13:36:39.437+0000] {logging_mixin.py:188} INFO - [2025-06-18T13:36:39.436+0000] {dag.py:3096} INFO - Sync 1 DAGs
[2025-06-18T13:36:39.491+0000] {logging_mixin.py:188} INFO - [2025-06-18T13:36:39.490+0000] {dag.py:3954} INFO - Setting next_dagrun for process_sales to None, run_after=None
[2025-06-18T13:36:39.572+0000] {processor.py:183} INFO - Processing /opt/airflow/dags/process_sales_dag.py took 0.382 seconds
[2025-06-18T13:37:10.115+0000] {processor.py:161} INFO - Started process (PID=3315) to work on /opt/airflow/dags/process_sales_dag.py
[2025-06-18T13:37:10.117+0000] {processor.py:830} INFO - Processing file /opt/airflow/dags/process_sales_dag.py for tasks to queue
[2025-06-18T13:37:10.120+0000] {logging_mixin.py:188} INFO - [2025-06-18T13:37:10.120+0000] {dagbag.py:545} INFO - Filling up the DagBag from /opt/airflow/dags/process_sales_dag.py
[2025-06-18T13:37:10.162+0000] {processor.py:840} INFO - DAG(s) 'process_sales' retrieved from /opt/airflow/dags/process_sales_dag.py
[2025-06-18T13:37:10.205+0000] {logging_mixin.py:188} INFO - [2025-06-18T13:37:10.205+0000] {dag.py:3096} INFO - Sync 1 DAGs
[2025-06-18T13:37:10.235+0000] {logging_mixin.py:188} INFO - [2025-06-18T13:37:10.235+0000] {dag.py:3954} INFO - Setting next_dagrun for process_sales to None, run_after=None
[2025-06-18T13:37:10.321+0000] {processor.py:183} INFO - Processing /opt/airflow/dags/process_sales_dag.py took 0.217 seconds
[2025-06-18T13:37:40.943+0000] {processor.py:161} INFO - Started process (PID=3330) to work on /opt/airflow/dags/process_sales_dag.py
[2025-06-18T13:37:40.945+0000] {processor.py:830} INFO - Processing file /opt/airflow/dags/process_sales_dag.py for tasks to queue
[2025-06-18T13:37:40.949+0000] {logging_mixin.py:188} INFO - [2025-06-18T13:37:40.948+0000] {dagbag.py:545} INFO - Filling up the DagBag from /opt/airflow/dags/process_sales_dag.py
[2025-06-18T13:37:41.004+0000] {processor.py:840} INFO - DAG(s) 'process_sales' retrieved from /opt/airflow/dags/process_sales_dag.py
[2025-06-18T13:37:41.070+0000] {logging_mixin.py:188} INFO - [2025-06-18T13:37:41.070+0000] {dag.py:3096} INFO - Sync 1 DAGs
[2025-06-18T13:37:41.125+0000] {logging_mixin.py:188} INFO - [2025-06-18T13:37:41.124+0000] {dag.py:3954} INFO - Setting next_dagrun for process_sales to None, run_after=None
[2025-06-18T13:37:41.283+0000] {processor.py:183} INFO - Processing /opt/airflow/dags/process_sales_dag.py took 0.352 seconds
[2025-06-18T13:38:11.536+0000] {processor.py:161} INFO - Started process (PID=3345) to work on /opt/airflow/dags/process_sales_dag.py
[2025-06-18T13:38:11.538+0000] {processor.py:830} INFO - Processing file /opt/airflow/dags/process_sales_dag.py for tasks to queue
[2025-06-18T13:38:11.542+0000] {logging_mixin.py:188} INFO - [2025-06-18T13:38:11.541+0000] {dagbag.py:545} INFO - Filling up the DagBag from /opt/airflow/dags/process_sales_dag.py
[2025-06-18T13:38:11.574+0000] {processor.py:840} INFO - DAG(s) 'process_sales' retrieved from /opt/airflow/dags/process_sales_dag.py
[2025-06-18T13:38:11.638+0000] {logging_mixin.py:188} INFO - [2025-06-18T13:38:11.637+0000] {dag.py:3096} INFO - Sync 1 DAGs
[2025-06-18T13:38:11.666+0000] {logging_mixin.py:188} INFO - [2025-06-18T13:38:11.666+0000] {dag.py:3954} INFO - Setting next_dagrun for process_sales to None, run_after=None
[2025-06-18T13:38:11.719+0000] {processor.py:183} INFO - Processing /opt/airflow/dags/process_sales_dag.py took 0.195 seconds
[2025-06-18T13:38:42.483+0000] {processor.py:161} INFO - Started process (PID=3360) to work on /opt/airflow/dags/process_sales_dag.py
[2025-06-18T13:38:42.487+0000] {processor.py:830} INFO - Processing file /opt/airflow/dags/process_sales_dag.py for tasks to queue
[2025-06-18T13:38:42.493+0000] {logging_mixin.py:188} INFO - [2025-06-18T13:38:42.492+0000] {dagbag.py:545} INFO - Filling up the DagBag from /opt/airflow/dags/process_sales_dag.py
[2025-06-18T13:38:42.582+0000] {processor.py:840} INFO - DAG(s) 'process_sales' retrieved from /opt/airflow/dags/process_sales_dag.py
[2025-06-18T13:38:42.695+0000] {logging_mixin.py:188} INFO - [2025-06-18T13:38:42.694+0000] {dag.py:3096} INFO - Sync 1 DAGs
[2025-06-18T13:38:42.731+0000] {logging_mixin.py:188} INFO - [2025-06-18T13:38:42.731+0000] {dag.py:3954} INFO - Setting next_dagrun for process_sales to None, run_after=None
[2025-06-18T13:38:42.817+0000] {processor.py:183} INFO - Processing /opt/airflow/dags/process_sales_dag.py took 0.358 seconds
[2025-06-18T13:39:13.560+0000] {processor.py:161} INFO - Started process (PID=3375) to work on /opt/airflow/dags/process_sales_dag.py
[2025-06-18T13:39:13.562+0000] {processor.py:830} INFO - Processing file /opt/airflow/dags/process_sales_dag.py for tasks to queue
[2025-06-18T13:39:13.566+0000] {logging_mixin.py:188} INFO - [2025-06-18T13:39:13.565+0000] {dagbag.py:545} INFO - Filling up the DagBag from /opt/airflow/dags/process_sales_dag.py
[2025-06-18T13:39:13.613+0000] {processor.py:840} INFO - DAG(s) 'process_sales' retrieved from /opt/airflow/dags/process_sales_dag.py
[2025-06-18T13:39:13.676+0000] {logging_mixin.py:188} INFO - [2025-06-18T13:39:13.676+0000] {dag.py:3096} INFO - Sync 1 DAGs
[2025-06-18T13:39:13.709+0000] {logging_mixin.py:188} INFO - [2025-06-18T13:39:13.709+0000] {dag.py:3954} INFO - Setting next_dagrun for process_sales to None, run_after=None
[2025-06-18T13:39:13.809+0000] {processor.py:183} INFO - Processing /opt/airflow/dags/process_sales_dag.py took 0.260 seconds
[2025-06-18T13:39:44.369+0000] {processor.py:161} INFO - Started process (PID=3390) to work on /opt/airflow/dags/process_sales_dag.py
[2025-06-18T13:39:44.372+0000] {processor.py:830} INFO - Processing file /opt/airflow/dags/process_sales_dag.py for tasks to queue
[2025-06-18T13:39:44.376+0000] {logging_mixin.py:188} INFO - [2025-06-18T13:39:44.375+0000] {dagbag.py:545} INFO - Filling up the DagBag from /opt/airflow/dags/process_sales_dag.py
[2025-06-18T13:39:44.446+0000] {processor.py:840} INFO - DAG(s) 'process_sales' retrieved from /opt/airflow/dags/process_sales_dag.py
[2025-06-18T13:39:44.503+0000] {logging_mixin.py:188} INFO - [2025-06-18T13:39:44.502+0000] {dag.py:3096} INFO - Sync 1 DAGs
[2025-06-18T13:39:44.527+0000] {logging_mixin.py:188} INFO - [2025-06-18T13:39:44.527+0000] {dag.py:3954} INFO - Setting next_dagrun for process_sales to None, run_after=None
[2025-06-18T13:39:44.583+0000] {processor.py:183} INFO - Processing /opt/airflow/dags/process_sales_dag.py took 0.225 seconds
[2025-06-18T13:40:15.175+0000] {processor.py:161} INFO - Started process (PID=3405) to work on /opt/airflow/dags/process_sales_dag.py
[2025-06-18T13:40:15.179+0000] {processor.py:830} INFO - Processing file /opt/airflow/dags/process_sales_dag.py for tasks to queue
[2025-06-18T13:40:15.188+0000] {logging_mixin.py:188} INFO - [2025-06-18T13:40:15.187+0000] {dagbag.py:545} INFO - Filling up the DagBag from /opt/airflow/dags/process_sales_dag.py
[2025-06-18T13:40:15.281+0000] {processor.py:840} INFO - DAG(s) 'process_sales' retrieved from /opt/airflow/dags/process_sales_dag.py
[2025-06-18T13:40:15.574+0000] {logging_mixin.py:188} INFO - [2025-06-18T13:40:15.574+0000] {dag.py:3096} INFO - Sync 1 DAGs
[2025-06-18T13:40:15.669+0000] {logging_mixin.py:188} INFO - [2025-06-18T13:40:15.668+0000] {dag.py:3954} INFO - Setting next_dagrun for process_sales to None, run_after=None
[2025-06-18T13:40:15.769+0000] {processor.py:183} INFO - Processing /opt/airflow/dags/process_sales_dag.py took 0.640 seconds
[2025-06-18T13:40:46.379+0000] {processor.py:161} INFO - Started process (PID=3420) to work on /opt/airflow/dags/process_sales_dag.py
[2025-06-18T13:40:46.438+0000] {processor.py:830} INFO - Processing file /opt/airflow/dags/process_sales_dag.py for tasks to queue
[2025-06-18T13:40:46.537+0000] {logging_mixin.py:188} INFO - [2025-06-18T13:40:46.529+0000] {dagbag.py:545} INFO - Filling up the DagBag from /opt/airflow/dags/process_sales_dag.py
[2025-06-18T13:40:46.765+0000] {processor.py:840} INFO - DAG(s) 'process_sales' retrieved from /opt/airflow/dags/process_sales_dag.py
[2025-06-18T13:40:46.914+0000] {logging_mixin.py:188} INFO - [2025-06-18T13:40:46.911+0000] {dag.py:3096} INFO - Sync 1 DAGs
[2025-06-18T13:40:46.966+0000] {logging_mixin.py:188} INFO - [2025-06-18T13:40:46.965+0000] {dag.py:3954} INFO - Setting next_dagrun for process_sales to None, run_after=None
[2025-06-18T13:40:47.018+0000] {processor.py:183} INFO - Processing /opt/airflow/dags/process_sales_dag.py took 0.714 seconds
[2025-06-18T13:41:17.310+0000] {processor.py:161} INFO - Started process (PID=3437) to work on /opt/airflow/dags/process_sales_dag.py
[2025-06-18T13:41:17.312+0000] {processor.py:830} INFO - Processing file /opt/airflow/dags/process_sales_dag.py for tasks to queue
[2025-06-18T13:41:17.314+0000] {logging_mixin.py:188} INFO - [2025-06-18T13:41:17.314+0000] {dagbag.py:545} INFO - Filling up the DagBag from /opt/airflow/dags/process_sales_dag.py
[2025-06-18T13:41:17.341+0000] {processor.py:840} INFO - DAG(s) 'process_sales' retrieved from /opt/airflow/dags/process_sales_dag.py
[2025-06-18T13:41:17.382+0000] {logging_mixin.py:188} INFO - [2025-06-18T13:41:17.382+0000] {dag.py:3096} INFO - Sync 1 DAGs
[2025-06-18T13:41:17.399+0000] {logging_mixin.py:188} INFO - [2025-06-18T13:41:17.398+0000] {dag.py:3954} INFO - Setting next_dagrun for process_sales to None, run_after=None
[2025-06-18T13:41:17.430+0000] {processor.py:183} INFO - Processing /opt/airflow/dags/process_sales_dag.py took 0.131 seconds
[2025-06-18T13:41:48.050+0000] {processor.py:161} INFO - Started process (PID=3450) to work on /opt/airflow/dags/process_sales_dag.py
[2025-06-18T13:41:48.054+0000] {processor.py:830} INFO - Processing file /opt/airflow/dags/process_sales_dag.py for tasks to queue
[2025-06-18T13:41:48.064+0000] {logging_mixin.py:188} INFO - [2025-06-18T13:41:48.063+0000] {dagbag.py:545} INFO - Filling up the DagBag from /opt/airflow/dags/process_sales_dag.py
[2025-06-18T13:41:48.121+0000] {processor.py:840} INFO - DAG(s) 'process_sales' retrieved from /opt/airflow/dags/process_sales_dag.py
[2025-06-18T13:41:48.191+0000] {logging_mixin.py:188} INFO - [2025-06-18T13:41:48.191+0000] {dag.py:3096} INFO - Sync 1 DAGs
[2025-06-18T13:41:48.216+0000] {logging_mixin.py:188} INFO - [2025-06-18T13:41:48.216+0000] {dag.py:3954} INFO - Setting next_dagrun for process_sales to None, run_after=None
[2025-06-18T13:41:48.263+0000] {processor.py:183} INFO - Processing /opt/airflow/dags/process_sales_dag.py took 0.245 seconds
[2025-06-18T13:42:19.037+0000] {processor.py:161} INFO - Started process (PID=3465) to work on /opt/airflow/dags/process_sales_dag.py
[2025-06-18T13:42:19.041+0000] {processor.py:830} INFO - Processing file /opt/airflow/dags/process_sales_dag.py for tasks to queue
[2025-06-18T13:42:19.053+0000] {logging_mixin.py:188} INFO - [2025-06-18T13:42:19.051+0000] {dagbag.py:545} INFO - Filling up the DagBag from /opt/airflow/dags/process_sales_dag.py
[2025-06-18T13:42:19.112+0000] {processor.py:840} INFO - DAG(s) 'process_sales' retrieved from /opt/airflow/dags/process_sales_dag.py
[2025-06-18T13:42:19.174+0000] {logging_mixin.py:188} INFO - [2025-06-18T13:42:19.173+0000] {dag.py:3096} INFO - Sync 1 DAGs
[2025-06-18T13:42:19.196+0000] {logging_mixin.py:188} INFO - [2025-06-18T13:42:19.196+0000] {dag.py:3954} INFO - Setting next_dagrun for process_sales to None, run_after=None
[2025-06-18T13:42:19.253+0000] {processor.py:183} INFO - Processing /opt/airflow/dags/process_sales_dag.py took 0.243 seconds
[2025-06-18T13:42:49.918+0000] {processor.py:161} INFO - Started process (PID=3480) to work on /opt/airflow/dags/process_sales_dag.py
[2025-06-18T13:42:49.923+0000] {processor.py:830} INFO - Processing file /opt/airflow/dags/process_sales_dag.py for tasks to queue
[2025-06-18T13:42:49.933+0000] {logging_mixin.py:188} INFO - [2025-06-18T13:42:49.933+0000] {dagbag.py:545} INFO - Filling up the DagBag from /opt/airflow/dags/process_sales_dag.py
[2025-06-18T13:42:50.000+0000] {processor.py:840} INFO - DAG(s) 'process_sales' retrieved from /opt/airflow/dags/process_sales_dag.py
[2025-06-18T13:42:50.079+0000] {logging_mixin.py:188} INFO - [2025-06-18T13:42:50.078+0000] {dag.py:3096} INFO - Sync 1 DAGs
[2025-06-18T13:42:50.131+0000] {logging_mixin.py:188} INFO - [2025-06-18T13:42:50.130+0000] {dag.py:3954} INFO - Setting next_dagrun for process_sales to None, run_after=None
[2025-06-18T13:42:50.223+0000] {processor.py:183} INFO - Processing /opt/airflow/dags/process_sales_dag.py took 0.319 seconds
[2025-06-18T13:43:20.646+0000] {processor.py:161} INFO - Started process (PID=3495) to work on /opt/airflow/dags/process_sales_dag.py
[2025-06-18T13:43:20.650+0000] {processor.py:830} INFO - Processing file /opt/airflow/dags/process_sales_dag.py for tasks to queue
[2025-06-18T13:43:20.656+0000] {logging_mixin.py:188} INFO - [2025-06-18T13:43:20.655+0000] {dagbag.py:545} INFO - Filling up the DagBag from /opt/airflow/dags/process_sales_dag.py
[2025-06-18T13:43:20.722+0000] {processor.py:840} INFO - DAG(s) 'process_sales' retrieved from /opt/airflow/dags/process_sales_dag.py
[2025-06-18T13:43:20.821+0000] {logging_mixin.py:188} INFO - [2025-06-18T13:43:20.821+0000] {dag.py:3096} INFO - Sync 1 DAGs
[2025-06-18T13:43:20.857+0000] {logging_mixin.py:188} INFO - [2025-06-18T13:43:20.857+0000] {dag.py:3954} INFO - Setting next_dagrun for process_sales to None, run_after=None
[2025-06-18T13:43:20.904+0000] {processor.py:183} INFO - Processing /opt/airflow/dags/process_sales_dag.py took 0.288 seconds
[2025-06-18T13:43:51.545+0000] {processor.py:161} INFO - Started process (PID=3510) to work on /opt/airflow/dags/process_sales_dag.py
[2025-06-18T13:43:51.549+0000] {processor.py:830} INFO - Processing file /opt/airflow/dags/process_sales_dag.py for tasks to queue
[2025-06-18T13:43:51.557+0000] {logging_mixin.py:188} INFO - [2025-06-18T13:43:51.556+0000] {dagbag.py:545} INFO - Filling up the DagBag from /opt/airflow/dags/process_sales_dag.py
[2025-06-18T13:43:51.626+0000] {processor.py:840} INFO - DAG(s) 'process_sales' retrieved from /opt/airflow/dags/process_sales_dag.py
[2025-06-18T13:43:51.730+0000] {logging_mixin.py:188} INFO - [2025-06-18T13:43:51.729+0000] {dag.py:3096} INFO - Sync 1 DAGs
[2025-06-18T13:43:51.754+0000] {logging_mixin.py:188} INFO - [2025-06-18T13:43:51.753+0000] {dag.py:3954} INFO - Setting next_dagrun for process_sales to None, run_after=None
[2025-06-18T13:43:51.786+0000] {processor.py:183} INFO - Processing /opt/airflow/dags/process_sales_dag.py took 0.265 seconds
[2025-06-18T13:44:22.236+0000] {processor.py:161} INFO - Started process (PID=3525) to work on /opt/airflow/dags/process_sales_dag.py
[2025-06-18T13:44:22.239+0000] {processor.py:830} INFO - Processing file /opt/airflow/dags/process_sales_dag.py for tasks to queue
[2025-06-18T13:44:22.251+0000] {logging_mixin.py:188} INFO - [2025-06-18T13:44:22.248+0000] {dagbag.py:545} INFO - Filling up the DagBag from /opt/airflow/dags/process_sales_dag.py
[2025-06-18T13:44:22.291+0000] {processor.py:840} INFO - DAG(s) 'process_sales' retrieved from /opt/airflow/dags/process_sales_dag.py
[2025-06-18T13:44:22.355+0000] {logging_mixin.py:188} INFO - [2025-06-18T13:44:22.354+0000] {dag.py:3096} INFO - Sync 1 DAGs
[2025-06-18T13:44:22.379+0000] {logging_mixin.py:188} INFO - [2025-06-18T13:44:22.378+0000] {dag.py:3954} INFO - Setting next_dagrun for process_sales to None, run_after=None
[2025-06-18T13:44:22.415+0000] {processor.py:183} INFO - Processing /opt/airflow/dags/process_sales_dag.py took 0.193 seconds
[2025-06-18T13:44:53.258+0000] {processor.py:161} INFO - Started process (PID=3540) to work on /opt/airflow/dags/process_sales_dag.py
[2025-06-18T13:44:53.261+0000] {processor.py:830} INFO - Processing file /opt/airflow/dags/process_sales_dag.py for tasks to queue
[2025-06-18T13:44:53.266+0000] {logging_mixin.py:188} INFO - [2025-06-18T13:44:53.265+0000] {dagbag.py:545} INFO - Filling up the DagBag from /opt/airflow/dags/process_sales_dag.py
[2025-06-18T13:44:53.324+0000] {processor.py:840} INFO - DAG(s) 'process_sales' retrieved from /opt/airflow/dags/process_sales_dag.py
[2025-06-18T13:44:53.459+0000] {logging_mixin.py:188} INFO - [2025-06-18T13:44:53.458+0000] {dag.py:3096} INFO - Sync 1 DAGs
[2025-06-18T13:44:53.516+0000] {logging_mixin.py:188} INFO - [2025-06-18T13:44:53.515+0000] {dag.py:3954} INFO - Setting next_dagrun for process_sales to None, run_after=None
[2025-06-18T13:44:53.617+0000] {processor.py:183} INFO - Processing /opt/airflow/dags/process_sales_dag.py took 0.382 seconds
[2025-06-18T13:45:24.394+0000] {processor.py:161} INFO - Started process (PID=3555) to work on /opt/airflow/dags/process_sales_dag.py
[2025-06-18T13:45:24.396+0000] {processor.py:830} INFO - Processing file /opt/airflow/dags/process_sales_dag.py for tasks to queue
[2025-06-18T13:45:24.401+0000] {logging_mixin.py:188} INFO - [2025-06-18T13:45:24.400+0000] {dagbag.py:545} INFO - Filling up the DagBag from /opt/airflow/dags/process_sales_dag.py
[2025-06-18T13:45:24.443+0000] {processor.py:840} INFO - DAG(s) 'process_sales' retrieved from /opt/airflow/dags/process_sales_dag.py
[2025-06-18T13:45:24.553+0000] {logging_mixin.py:188} INFO - [2025-06-18T13:45:24.552+0000] {dag.py:3096} INFO - Sync 1 DAGs
[2025-06-18T13:45:24.577+0000] {logging_mixin.py:188} INFO - [2025-06-18T13:45:24.576+0000] {dag.py:3954} INFO - Setting next_dagrun for process_sales to None, run_after=None
[2025-06-18T13:45:24.629+0000] {processor.py:183} INFO - Processing /opt/airflow/dags/process_sales_dag.py took 0.254 seconds
[2025-06-18T13:45:55.058+0000] {processor.py:161} INFO - Started process (PID=3570) to work on /opt/airflow/dags/process_sales_dag.py
[2025-06-18T13:45:55.060+0000] {processor.py:830} INFO - Processing file /opt/airflow/dags/process_sales_dag.py for tasks to queue
[2025-06-18T13:45:55.063+0000] {logging_mixin.py:188} INFO - [2025-06-18T13:45:55.063+0000] {dagbag.py:545} INFO - Filling up the DagBag from /opt/airflow/dags/process_sales_dag.py
[2025-06-18T13:45:55.101+0000] {processor.py:840} INFO - DAG(s) 'process_sales' retrieved from /opt/airflow/dags/process_sales_dag.py
[2025-06-18T13:45:55.153+0000] {logging_mixin.py:188} INFO - [2025-06-18T13:45:55.153+0000] {dag.py:3096} INFO - Sync 1 DAGs
[2025-06-18T13:45:55.181+0000] {logging_mixin.py:188} INFO - [2025-06-18T13:45:55.181+0000] {dag.py:3954} INFO - Setting next_dagrun for process_sales to None, run_after=None
[2025-06-18T13:45:55.216+0000] {processor.py:183} INFO - Processing /opt/airflow/dags/process_sales_dag.py took 0.171 seconds
[2025-06-18T13:46:25.851+0000] {processor.py:161} INFO - Started process (PID=3585) to work on /opt/airflow/dags/process_sales_dag.py
[2025-06-18T13:46:25.860+0000] {processor.py:830} INFO - Processing file /opt/airflow/dags/process_sales_dag.py for tasks to queue
[2025-06-18T13:46:25.881+0000] {logging_mixin.py:188} INFO - [2025-06-18T13:46:25.878+0000] {dagbag.py:545} INFO - Filling up the DagBag from /opt/airflow/dags/process_sales_dag.py
[2025-06-18T13:46:26.050+0000] {processor.py:840} INFO - DAG(s) 'process_sales' retrieved from /opt/airflow/dags/process_sales_dag.py
[2025-06-18T13:46:26.207+0000] {logging_mixin.py:188} INFO - [2025-06-18T13:46:26.207+0000] {dag.py:3096} INFO - Sync 1 DAGs
[2025-06-18T13:46:26.261+0000] {logging_mixin.py:188} INFO - [2025-06-18T13:46:26.256+0000] {dag.py:3954} INFO - Setting next_dagrun for process_sales to None, run_after=None
[2025-06-18T13:46:26.319+0000] {processor.py:183} INFO - Processing /opt/airflow/dags/process_sales_dag.py took 0.557 seconds
[2025-06-18T13:46:56.985+0000] {processor.py:161} INFO - Started process (PID=3600) to work on /opt/airflow/dags/process_sales_dag.py
[2025-06-18T13:46:56.988+0000] {processor.py:830} INFO - Processing file /opt/airflow/dags/process_sales_dag.py for tasks to queue
[2025-06-18T13:46:56.993+0000] {logging_mixin.py:188} INFO - [2025-06-18T13:46:56.992+0000] {dagbag.py:545} INFO - Filling up the DagBag from /opt/airflow/dags/process_sales_dag.py
[2025-06-18T13:46:57.034+0000] {processor.py:840} INFO - DAG(s) 'process_sales' retrieved from /opt/airflow/dags/process_sales_dag.py
[2025-06-18T13:46:57.129+0000] {logging_mixin.py:188} INFO - [2025-06-18T13:46:57.128+0000] {dag.py:3096} INFO - Sync 1 DAGs
[2025-06-18T13:46:57.196+0000] {logging_mixin.py:188} INFO - [2025-06-18T13:46:57.195+0000] {dag.py:3954} INFO - Setting next_dagrun for process_sales to None, run_after=None
[2025-06-18T13:46:57.292+0000] {processor.py:183} INFO - Processing /opt/airflow/dags/process_sales_dag.py took 0.319 seconds
[2025-06-18T13:47:27.947+0000] {processor.py:161} INFO - Started process (PID=3615) to work on /opt/airflow/dags/process_sales_dag.py
[2025-06-18T13:47:27.949+0000] {processor.py:830} INFO - Processing file /opt/airflow/dags/process_sales_dag.py for tasks to queue
[2025-06-18T13:47:27.954+0000] {logging_mixin.py:188} INFO - [2025-06-18T13:47:27.953+0000] {dagbag.py:545} INFO - Filling up the DagBag from /opt/airflow/dags/process_sales_dag.py
[2025-06-18T13:47:27.991+0000] {processor.py:840} INFO - DAG(s) 'process_sales' retrieved from /opt/airflow/dags/process_sales_dag.py
[2025-06-18T13:47:28.036+0000] {logging_mixin.py:188} INFO - [2025-06-18T13:47:28.035+0000] {dag.py:3096} INFO - Sync 1 DAGs
[2025-06-18T13:47:28.059+0000] {logging_mixin.py:188} INFO - [2025-06-18T13:47:28.059+0000] {dag.py:3954} INFO - Setting next_dagrun for process_sales to None, run_after=None
[2025-06-18T13:47:28.092+0000] {processor.py:183} INFO - Processing /opt/airflow/dags/process_sales_dag.py took 0.157 seconds
[2025-06-18T13:47:58.600+0000] {processor.py:161} INFO - Started process (PID=3630) to work on /opt/airflow/dags/process_sales_dag.py
[2025-06-18T13:47:58.604+0000] {processor.py:830} INFO - Processing file /opt/airflow/dags/process_sales_dag.py for tasks to queue
[2025-06-18T13:47:58.610+0000] {logging_mixin.py:188} INFO - [2025-06-18T13:47:58.609+0000] {dagbag.py:545} INFO - Filling up the DagBag from /opt/airflow/dags/process_sales_dag.py
[2025-06-18T13:47:58.668+0000] {processor.py:840} INFO - DAG(s) 'process_sales' retrieved from /opt/airflow/dags/process_sales_dag.py
[2025-06-18T13:47:58.728+0000] {logging_mixin.py:188} INFO - [2025-06-18T13:47:58.727+0000] {dag.py:3096} INFO - Sync 1 DAGs
[2025-06-18T13:47:58.749+0000] {logging_mixin.py:188} INFO - [2025-06-18T13:47:58.749+0000] {dag.py:3954} INFO - Setting next_dagrun for process_sales to None, run_after=None
[2025-06-18T13:47:58.800+0000] {processor.py:183} INFO - Processing /opt/airflow/dags/process_sales_dag.py took 0.222 seconds
[2025-06-18T13:48:29.216+0000] {processor.py:161} INFO - Started process (PID=3645) to work on /opt/airflow/dags/process_sales_dag.py
[2025-06-18T13:48:29.220+0000] {processor.py:830} INFO - Processing file /opt/airflow/dags/process_sales_dag.py for tasks to queue
[2025-06-18T13:48:29.227+0000] {logging_mixin.py:188} INFO - [2025-06-18T13:48:29.226+0000] {dagbag.py:545} INFO - Filling up the DagBag from /opt/airflow/dags/process_sales_dag.py
[2025-06-18T13:48:29.271+0000] {processor.py:840} INFO - DAG(s) 'process_sales' retrieved from /opt/airflow/dags/process_sales_dag.py
[2025-06-18T13:48:29.356+0000] {logging_mixin.py:188} INFO - [2025-06-18T13:48:29.356+0000] {dag.py:3096} INFO - Sync 1 DAGs
[2025-06-18T13:48:29.394+0000] {logging_mixin.py:188} INFO - [2025-06-18T13:48:29.393+0000] {dag.py:3954} INFO - Setting next_dagrun for process_sales to None, run_after=None
[2025-06-18T13:48:29.468+0000] {processor.py:183} INFO - Processing /opt/airflow/dags/process_sales_dag.py took 0.276 seconds
[2025-06-18T13:49:00.167+0000] {processor.py:161} INFO - Started process (PID=3660) to work on /opt/airflow/dags/process_sales_dag.py
[2025-06-18T13:49:00.170+0000] {processor.py:830} INFO - Processing file /opt/airflow/dags/process_sales_dag.py for tasks to queue
[2025-06-18T13:49:00.176+0000] {logging_mixin.py:188} INFO - [2025-06-18T13:49:00.175+0000] {dagbag.py:545} INFO - Filling up the DagBag from /opt/airflow/dags/process_sales_dag.py
[2025-06-18T13:49:00.273+0000] {processor.py:840} INFO - DAG(s) 'process_sales' retrieved from /opt/airflow/dags/process_sales_dag.py
[2025-06-18T13:49:00.427+0000] {logging_mixin.py:188} INFO - [2025-06-18T13:49:00.426+0000] {dag.py:3096} INFO - Sync 1 DAGs
[2025-06-18T13:49:00.544+0000] {logging_mixin.py:188} INFO - [2025-06-18T13:49:00.543+0000] {dag.py:3954} INFO - Setting next_dagrun for process_sales to None, run_after=None
[2025-06-18T13:49:00.663+0000] {processor.py:183} INFO - Processing /opt/airflow/dags/process_sales_dag.py took 0.529 seconds
[2025-06-18T13:49:31.318+0000] {processor.py:161} INFO - Started process (PID=3675) to work on /opt/airflow/dags/process_sales_dag.py
[2025-06-18T13:49:31.324+0000] {processor.py:830} INFO - Processing file /opt/airflow/dags/process_sales_dag.py for tasks to queue
[2025-06-18T13:49:31.338+0000] {logging_mixin.py:188} INFO - [2025-06-18T13:49:31.336+0000] {dagbag.py:545} INFO - Filling up the DagBag from /opt/airflow/dags/process_sales_dag.py
[2025-06-18T13:49:31.523+0000] {processor.py:840} INFO - DAG(s) 'process_sales' retrieved from /opt/airflow/dags/process_sales_dag.py
[2025-06-18T13:49:31.765+0000] {logging_mixin.py:188} INFO - [2025-06-18T13:49:31.764+0000] {dag.py:3096} INFO - Sync 1 DAGs
[2025-06-18T13:49:31.820+0000] {logging_mixin.py:188} INFO - [2025-06-18T13:49:31.819+0000] {dag.py:3954} INFO - Setting next_dagrun for process_sales to None, run_after=None
[2025-06-18T13:49:31.934+0000] {processor.py:183} INFO - Processing /opt/airflow/dags/process_sales_dag.py took 0.649 seconds
[2025-06-18T13:50:02.573+0000] {processor.py:161} INFO - Started process (PID=3690) to work on /opt/airflow/dags/process_sales_dag.py
[2025-06-18T13:50:02.575+0000] {processor.py:830} INFO - Processing file /opt/airflow/dags/process_sales_dag.py for tasks to queue
[2025-06-18T13:50:02.579+0000] {logging_mixin.py:188} INFO - [2025-06-18T13:50:02.578+0000] {dagbag.py:545} INFO - Filling up the DagBag from /opt/airflow/dags/process_sales_dag.py
[2025-06-18T13:50:02.612+0000] {processor.py:840} INFO - DAG(s) 'process_sales' retrieved from /opt/airflow/dags/process_sales_dag.py
[2025-06-18T13:50:02.667+0000] {logging_mixin.py:188} INFO - [2025-06-18T13:50:02.666+0000] {dag.py:3096} INFO - Sync 1 DAGs
[2025-06-18T13:50:02.690+0000] {logging_mixin.py:188} INFO - [2025-06-18T13:50:02.690+0000] {dag.py:3954} INFO - Setting next_dagrun for process_sales to None, run_after=None
[2025-06-18T13:50:02.752+0000] {processor.py:183} INFO - Processing /opt/airflow/dags/process_sales_dag.py took 0.193 seconds
[2025-06-18T13:50:33.310+0000] {processor.py:161} INFO - Started process (PID=3705) to work on /opt/airflow/dags/process_sales_dag.py
[2025-06-18T13:50:33.312+0000] {processor.py:830} INFO - Processing file /opt/airflow/dags/process_sales_dag.py for tasks to queue
[2025-06-18T13:50:33.316+0000] {logging_mixin.py:188} INFO - [2025-06-18T13:50:33.316+0000] {dagbag.py:545} INFO - Filling up the DagBag from /opt/airflow/dags/process_sales_dag.py
[2025-06-18T13:50:33.363+0000] {processor.py:840} INFO - DAG(s) 'process_sales' retrieved from /opt/airflow/dags/process_sales_dag.py
[2025-06-18T13:50:33.419+0000] {logging_mixin.py:188} INFO - [2025-06-18T13:50:33.418+0000] {dag.py:3096} INFO - Sync 1 DAGs
[2025-06-18T13:50:33.447+0000] {logging_mixin.py:188} INFO - [2025-06-18T13:50:33.447+0000] {dag.py:3954} INFO - Setting next_dagrun for process_sales to None, run_after=None
[2025-06-18T13:50:33.517+0000] {processor.py:183} INFO - Processing /opt/airflow/dags/process_sales_dag.py took 0.221 seconds
[2025-06-18T13:51:04.005+0000] {processor.py:161} INFO - Started process (PID=3720) to work on /opt/airflow/dags/process_sales_dag.py
[2025-06-18T13:51:04.007+0000] {processor.py:830} INFO - Processing file /opt/airflow/dags/process_sales_dag.py for tasks to queue
[2025-06-18T13:51:04.013+0000] {logging_mixin.py:188} INFO - [2025-06-18T13:51:04.013+0000] {dagbag.py:545} INFO - Filling up the DagBag from /opt/airflow/dags/process_sales_dag.py
[2025-06-18T13:51:04.041+0000] {processor.py:840} INFO - DAG(s) 'process_sales' retrieved from /opt/airflow/dags/process_sales_dag.py
[2025-06-18T13:51:04.090+0000] {logging_mixin.py:188} INFO - [2025-06-18T13:51:04.090+0000] {dag.py:3096} INFO - Sync 1 DAGs
[2025-06-18T13:51:04.116+0000] {logging_mixin.py:188} INFO - [2025-06-18T13:51:04.116+0000] {dag.py:3954} INFO - Setting next_dagrun for process_sales to None, run_after=None
[2025-06-18T13:51:04.153+0000] {processor.py:183} INFO - Processing /opt/airflow/dags/process_sales_dag.py took 0.160 seconds
[2025-06-18T13:51:34.926+0000] {processor.py:161} INFO - Started process (PID=3735) to work on /opt/airflow/dags/process_sales_dag.py
[2025-06-18T13:51:34.928+0000] {processor.py:830} INFO - Processing file /opt/airflow/dags/process_sales_dag.py for tasks to queue
[2025-06-18T13:51:34.932+0000] {logging_mixin.py:188} INFO - [2025-06-18T13:51:34.931+0000] {dagbag.py:545} INFO - Filling up the DagBag from /opt/airflow/dags/process_sales_dag.py
[2025-06-18T13:51:34.985+0000] {processor.py:840} INFO - DAG(s) 'process_sales' retrieved from /opt/airflow/dags/process_sales_dag.py
[2025-06-18T13:51:35.077+0000] {logging_mixin.py:188} INFO - [2025-06-18T13:51:35.076+0000] {dag.py:3096} INFO - Sync 1 DAGs
[2025-06-18T13:51:35.116+0000] {logging_mixin.py:188} INFO - [2025-06-18T13:51:35.116+0000] {dag.py:3954} INFO - Setting next_dagrun for process_sales to None, run_after=None
[2025-06-18T13:51:35.186+0000] {processor.py:183} INFO - Processing /opt/airflow/dags/process_sales_dag.py took 0.272 seconds
[2025-06-18T13:52:05.919+0000] {processor.py:161} INFO - Started process (PID=3750) to work on /opt/airflow/dags/process_sales_dag.py
[2025-06-18T13:52:05.929+0000] {processor.py:830} INFO - Processing file /opt/airflow/dags/process_sales_dag.py for tasks to queue
[2025-06-18T13:52:05.932+0000] {logging_mixin.py:188} INFO - [2025-06-18T13:52:05.932+0000] {dagbag.py:545} INFO - Filling up the DagBag from /opt/airflow/dags/process_sales_dag.py
[2025-06-18T13:52:05.983+0000] {processor.py:840} INFO - DAG(s) 'process_sales' retrieved from /opt/airflow/dags/process_sales_dag.py
[2025-06-18T13:52:06.028+0000] {logging_mixin.py:188} INFO - [2025-06-18T13:52:06.027+0000] {dag.py:3096} INFO - Sync 1 DAGs
[2025-06-18T13:52:06.054+0000] {logging_mixin.py:188} INFO - [2025-06-18T13:52:06.054+0000] {dag.py:3954} INFO - Setting next_dagrun for process_sales to None, run_after=None
[2025-06-18T13:52:06.085+0000] {processor.py:183} INFO - Processing /opt/airflow/dags/process_sales_dag.py took 0.177 seconds
[2025-06-18T13:52:36.198+0000] {processor.py:161} INFO - Started process (PID=3765) to work on /opt/airflow/dags/process_sales_dag.py
[2025-06-18T13:52:36.200+0000] {processor.py:830} INFO - Processing file /opt/airflow/dags/process_sales_dag.py for tasks to queue
[2025-06-18T13:52:36.203+0000] {logging_mixin.py:188} INFO - [2025-06-18T13:52:36.203+0000] {dagbag.py:545} INFO - Filling up the DagBag from /opt/airflow/dags/process_sales_dag.py
[2025-06-18T13:52:36.245+0000] {processor.py:840} INFO - DAG(s) 'process_sales' retrieved from /opt/airflow/dags/process_sales_dag.py
[2025-06-18T13:52:36.339+0000] {logging_mixin.py:188} INFO - [2025-06-18T13:52:36.338+0000] {dag.py:3096} INFO - Sync 1 DAGs
[2025-06-18T13:52:36.367+0000] {logging_mixin.py:188} INFO - [2025-06-18T13:52:36.366+0000] {dag.py:3954} INFO - Setting next_dagrun for process_sales to None, run_after=None
[2025-06-18T13:52:36.420+0000] {processor.py:183} INFO - Processing /opt/airflow/dags/process_sales_dag.py took 0.237 seconds
[2025-06-18T13:53:07.177+0000] {processor.py:161} INFO - Started process (PID=3780) to work on /opt/airflow/dags/process_sales_dag.py
[2025-06-18T13:53:07.182+0000] {processor.py:830} INFO - Processing file /opt/airflow/dags/process_sales_dag.py for tasks to queue
[2025-06-18T13:53:07.204+0000] {logging_mixin.py:188} INFO - [2025-06-18T13:53:07.201+0000] {dagbag.py:545} INFO - Filling up the DagBag from /opt/airflow/dags/process_sales_dag.py
[2025-06-18T13:53:07.271+0000] {processor.py:840} INFO - DAG(s) 'process_sales' retrieved from /opt/airflow/dags/process_sales_dag.py
[2025-06-18T13:53:07.373+0000] {logging_mixin.py:188} INFO - [2025-06-18T13:53:07.373+0000] {dag.py:3096} INFO - Sync 1 DAGs
[2025-06-18T13:53:07.434+0000] {logging_mixin.py:188} INFO - [2025-06-18T13:53:07.433+0000] {dag.py:3954} INFO - Setting next_dagrun for process_sales to None, run_after=None
[2025-06-18T13:53:07.511+0000] {processor.py:183} INFO - Processing /opt/airflow/dags/process_sales_dag.py took 0.360 seconds
[2025-06-18T13:53:38.192+0000] {processor.py:161} INFO - Started process (PID=3795) to work on /opt/airflow/dags/process_sales_dag.py
[2025-06-18T13:53:38.196+0000] {processor.py:830} INFO - Processing file /opt/airflow/dags/process_sales_dag.py for tasks to queue
[2025-06-18T13:53:38.204+0000] {logging_mixin.py:188} INFO - [2025-06-18T13:53:38.202+0000] {dagbag.py:545} INFO - Filling up the DagBag from /opt/airflow/dags/process_sales_dag.py
[2025-06-18T13:53:38.277+0000] {processor.py:840} INFO - DAG(s) 'process_sales' retrieved from /opt/airflow/dags/process_sales_dag.py
[2025-06-18T13:53:38.352+0000] {logging_mixin.py:188} INFO - [2025-06-18T13:53:38.352+0000] {dag.py:3096} INFO - Sync 1 DAGs
[2025-06-18T13:53:38.388+0000] {logging_mixin.py:188} INFO - [2025-06-18T13:53:38.387+0000] {dag.py:3954} INFO - Setting next_dagrun for process_sales to None, run_after=None
[2025-06-18T13:53:38.450+0000] {processor.py:183} INFO - Processing /opt/airflow/dags/process_sales_dag.py took 0.281 seconds
[2025-06-18T13:54:08.826+0000] {processor.py:161} INFO - Started process (PID=3810) to work on /opt/airflow/dags/process_sales_dag.py
[2025-06-18T13:54:08.829+0000] {processor.py:830} INFO - Processing file /opt/airflow/dags/process_sales_dag.py for tasks to queue
[2025-06-18T13:54:08.834+0000] {logging_mixin.py:188} INFO - [2025-06-18T13:54:08.833+0000] {dagbag.py:545} INFO - Filling up the DagBag from /opt/airflow/dags/process_sales_dag.py
[2025-06-18T13:54:08.868+0000] {processor.py:840} INFO - DAG(s) 'process_sales' retrieved from /opt/airflow/dags/process_sales_dag.py
[2025-06-18T13:54:08.926+0000] {logging_mixin.py:188} INFO - [2025-06-18T13:54:08.926+0000] {dag.py:3096} INFO - Sync 1 DAGs
[2025-06-18T13:54:08.947+0000] {logging_mixin.py:188} INFO - [2025-06-18T13:54:08.947+0000] {dag.py:3954} INFO - Setting next_dagrun for process_sales to None, run_after=None
[2025-06-18T13:54:08.992+0000] {processor.py:183} INFO - Processing /opt/airflow/dags/process_sales_dag.py took 0.183 seconds
[2025-06-18T13:54:39.769+0000] {processor.py:161} INFO - Started process (PID=3825) to work on /opt/airflow/dags/process_sales_dag.py
[2025-06-18T13:54:39.777+0000] {processor.py:830} INFO - Processing file /opt/airflow/dags/process_sales_dag.py for tasks to queue
[2025-06-18T13:54:39.782+0000] {logging_mixin.py:188} INFO - [2025-06-18T13:54:39.781+0000] {dagbag.py:545} INFO - Filling up the DagBag from /opt/airflow/dags/process_sales_dag.py
[2025-06-18T13:54:39.832+0000] {processor.py:840} INFO - DAG(s) 'process_sales' retrieved from /opt/airflow/dags/process_sales_dag.py
[2025-06-18T13:54:39.916+0000] {logging_mixin.py:188} INFO - [2025-06-18T13:54:39.916+0000] {dag.py:3096} INFO - Sync 1 DAGs
[2025-06-18T13:54:39.970+0000] {logging_mixin.py:188} INFO - [2025-06-18T13:54:39.969+0000] {dag.py:3954} INFO - Setting next_dagrun for process_sales to None, run_after=None
[2025-06-18T13:54:40.172+0000] {processor.py:183} INFO - Processing /opt/airflow/dags/process_sales_dag.py took 0.417 seconds
[2025-06-18T13:55:11.186+0000] {processor.py:161} INFO - Started process (PID=3840) to work on /opt/airflow/dags/process_sales_dag.py
[2025-06-18T13:55:11.188+0000] {processor.py:830} INFO - Processing file /opt/airflow/dags/process_sales_dag.py for tasks to queue
[2025-06-18T13:55:11.191+0000] {logging_mixin.py:188} INFO - [2025-06-18T13:55:11.191+0000] {dagbag.py:545} INFO - Filling up the DagBag from /opt/airflow/dags/process_sales_dag.py
[2025-06-18T13:55:11.220+0000] {processor.py:840} INFO - DAG(s) 'process_sales' retrieved from /opt/airflow/dags/process_sales_dag.py
[2025-06-18T13:55:11.262+0000] {logging_mixin.py:188} INFO - [2025-06-18T13:55:11.261+0000] {dag.py:3096} INFO - Sync 1 DAGs
[2025-06-18T13:55:11.282+0000] {logging_mixin.py:188} INFO - [2025-06-18T13:55:11.282+0000] {dag.py:3954} INFO - Setting next_dagrun for process_sales to None, run_after=None
[2025-06-18T13:55:11.321+0000] {processor.py:183} INFO - Processing /opt/airflow/dags/process_sales_dag.py took 0.146 seconds
[2025-06-18T13:55:42.159+0000] {processor.py:161} INFO - Started process (PID=3855) to work on /opt/airflow/dags/process_sales_dag.py
[2025-06-18T13:55:42.166+0000] {processor.py:830} INFO - Processing file /opt/airflow/dags/process_sales_dag.py for tasks to queue
[2025-06-18T13:55:42.187+0000] {logging_mixin.py:188} INFO - [2025-06-18T13:55:42.186+0000] {dagbag.py:545} INFO - Filling up the DagBag from /opt/airflow/dags/process_sales_dag.py
[2025-06-18T13:55:42.466+0000] {processor.py:840} INFO - DAG(s) 'process_sales' retrieved from /opt/airflow/dags/process_sales_dag.py
[2025-06-18T13:55:42.913+0000] {logging_mixin.py:188} INFO - [2025-06-18T13:55:42.912+0000] {dag.py:3096} INFO - Sync 1 DAGs
[2025-06-18T13:55:42.956+0000] {logging_mixin.py:188} INFO - [2025-06-18T13:55:42.955+0000] {dag.py:3954} INFO - Setting next_dagrun for process_sales to None, run_after=None
[2025-06-18T13:55:43.014+0000] {processor.py:183} INFO - Processing /opt/airflow/dags/process_sales_dag.py took 0.890 seconds
[2025-06-18T13:56:13.579+0000] {processor.py:161} INFO - Started process (PID=3870) to work on /opt/airflow/dags/process_sales_dag.py
[2025-06-18T13:56:13.581+0000] {processor.py:830} INFO - Processing file /opt/airflow/dags/process_sales_dag.py for tasks to queue
[2025-06-18T13:56:13.585+0000] {logging_mixin.py:188} INFO - [2025-06-18T13:56:13.584+0000] {dagbag.py:545} INFO - Filling up the DagBag from /opt/airflow/dags/process_sales_dag.py
[2025-06-18T13:56:13.617+0000] {processor.py:840} INFO - DAG(s) 'process_sales' retrieved from /opt/airflow/dags/process_sales_dag.py
[2025-06-18T13:56:13.663+0000] {logging_mixin.py:188} INFO - [2025-06-18T13:56:13.662+0000] {dag.py:3096} INFO - Sync 1 DAGs
[2025-06-18T13:56:13.680+0000] {logging_mixin.py:188} INFO - [2025-06-18T13:56:13.680+0000] {dag.py:3954} INFO - Setting next_dagrun for process_sales to None, run_after=None
[2025-06-18T13:56:13.718+0000] {processor.py:183} INFO - Processing /opt/airflow/dags/process_sales_dag.py took 0.154 seconds
[2025-06-18T13:56:44.279+0000] {processor.py:161} INFO - Started process (PID=3885) to work on /opt/airflow/dags/process_sales_dag.py
[2025-06-18T13:56:44.284+0000] {processor.py:830} INFO - Processing file /opt/airflow/dags/process_sales_dag.py for tasks to queue
[2025-06-18T13:56:44.292+0000] {logging_mixin.py:188} INFO - [2025-06-18T13:56:44.291+0000] {dagbag.py:545} INFO - Filling up the DagBag from /opt/airflow/dags/process_sales_dag.py
[2025-06-18T13:56:44.365+0000] {processor.py:840} INFO - DAG(s) 'process_sales' retrieved from /opt/airflow/dags/process_sales_dag.py
[2025-06-18T13:56:44.500+0000] {logging_mixin.py:188} INFO - [2025-06-18T13:56:44.499+0000] {dag.py:3096} INFO - Sync 1 DAGs
[2025-06-18T13:56:44.571+0000] {logging_mixin.py:188} INFO - [2025-06-18T13:56:44.571+0000] {dag.py:3954} INFO - Setting next_dagrun for process_sales to None, run_after=None
[2025-06-18T13:56:44.669+0000] {processor.py:183} INFO - Processing /opt/airflow/dags/process_sales_dag.py took 0.422 seconds
[2025-06-18T13:57:15.263+0000] {processor.py:161} INFO - Started process (PID=3900) to work on /opt/airflow/dags/process_sales_dag.py
[2025-06-18T13:57:15.265+0000] {processor.py:830} INFO - Processing file /opt/airflow/dags/process_sales_dag.py for tasks to queue
[2025-06-18T13:57:15.269+0000] {logging_mixin.py:188} INFO - [2025-06-18T13:57:15.268+0000] {dagbag.py:545} INFO - Filling up the DagBag from /opt/airflow/dags/process_sales_dag.py
[2025-06-18T13:57:15.313+0000] {processor.py:840} INFO - DAG(s) 'process_sales' retrieved from /opt/airflow/dags/process_sales_dag.py
[2025-06-18T13:57:15.378+0000] {logging_mixin.py:188} INFO - [2025-06-18T13:57:15.378+0000] {dag.py:3096} INFO - Sync 1 DAGs
[2025-06-18T13:57:15.395+0000] {logging_mixin.py:188} INFO - [2025-06-18T13:57:15.395+0000] {dag.py:3954} INFO - Setting next_dagrun for process_sales to None, run_after=None
[2025-06-18T13:57:15.425+0000] {processor.py:183} INFO - Processing /opt/airflow/dags/process_sales_dag.py took 0.177 seconds
[2025-06-18T13:57:45.941+0000] {processor.py:161} INFO - Started process (PID=3915) to work on /opt/airflow/dags/process_sales_dag.py
[2025-06-18T13:57:45.944+0000] {processor.py:830} INFO - Processing file /opt/airflow/dags/process_sales_dag.py for tasks to queue
[2025-06-18T13:57:45.950+0000] {logging_mixin.py:188} INFO - [2025-06-18T13:57:45.949+0000] {dagbag.py:545} INFO - Filling up the DagBag from /opt/airflow/dags/process_sales_dag.py
[2025-06-18T13:57:46.013+0000] {processor.py:840} INFO - DAG(s) 'process_sales' retrieved from /opt/airflow/dags/process_sales_dag.py
[2025-06-18T13:57:46.392+0000] {logging_mixin.py:188} INFO - [2025-06-18T13:57:46.373+0000] {dag.py:3096} INFO - Sync 1 DAGs
[2025-06-18T13:57:46.879+0000] {logging_mixin.py:188} INFO - [2025-06-18T13:57:46.876+0000] {dag.py:3954} INFO - Setting next_dagrun for process_sales to None, run_after=None
[2025-06-18T13:57:46.953+0000] {processor.py:183} INFO - Processing /opt/airflow/dags/process_sales_dag.py took 1.028 seconds
[2025-06-18T13:58:17.784+0000] {processor.py:161} INFO - Started process (PID=3930) to work on /opt/airflow/dags/process_sales_dag.py
[2025-06-18T13:58:17.787+0000] {processor.py:830} INFO - Processing file /opt/airflow/dags/process_sales_dag.py for tasks to queue
[2025-06-18T13:58:17.795+0000] {logging_mixin.py:188} INFO - [2025-06-18T13:58:17.794+0000] {dagbag.py:545} INFO - Filling up the DagBag from /opt/airflow/dags/process_sales_dag.py
[2025-06-18T13:58:17.848+0000] {processor.py:840} INFO - DAG(s) 'process_sales' retrieved from /opt/airflow/dags/process_sales_dag.py
[2025-06-18T13:58:17.958+0000] {logging_mixin.py:188} INFO - [2025-06-18T13:58:17.957+0000] {dag.py:3096} INFO - Sync 1 DAGs
[2025-06-18T13:58:18.251+0000] {logging_mixin.py:188} INFO - [2025-06-18T13:58:18.240+0000] {dag.py:3954} INFO - Setting next_dagrun for process_sales to None, run_after=None
[2025-06-18T13:58:18.657+0000] {processor.py:183} INFO - Processing /opt/airflow/dags/process_sales_dag.py took 0.888 seconds
[2025-06-18T13:58:49.308+0000] {processor.py:161} INFO - Started process (PID=3945) to work on /opt/airflow/dags/process_sales_dag.py
[2025-06-18T13:58:49.312+0000] {processor.py:830} INFO - Processing file /opt/airflow/dags/process_sales_dag.py for tasks to queue
[2025-06-18T13:58:49.316+0000] {logging_mixin.py:188} INFO - [2025-06-18T13:58:49.316+0000] {dagbag.py:545} INFO - Filling up the DagBag from /opt/airflow/dags/process_sales_dag.py
[2025-06-18T13:58:49.348+0000] {processor.py:840} INFO - DAG(s) 'process_sales' retrieved from /opt/airflow/dags/process_sales_dag.py
[2025-06-18T13:58:49.403+0000] {logging_mixin.py:188} INFO - [2025-06-18T13:58:49.403+0000] {dag.py:3096} INFO - Sync 1 DAGs
[2025-06-18T13:58:49.421+0000] {logging_mixin.py:188} INFO - [2025-06-18T13:58:49.421+0000] {dag.py:3954} INFO - Setting next_dagrun for process_sales to None, run_after=None
[2025-06-18T13:58:49.463+0000] {processor.py:183} INFO - Processing /opt/airflow/dags/process_sales_dag.py took 0.175 seconds
[2025-06-18T13:59:20.066+0000] {processor.py:161} INFO - Started process (PID=3960) to work on /opt/airflow/dags/process_sales_dag.py
[2025-06-18T13:59:20.070+0000] {processor.py:830} INFO - Processing file /opt/airflow/dags/process_sales_dag.py for tasks to queue
[2025-06-18T13:59:20.076+0000] {logging_mixin.py:188} INFO - [2025-06-18T13:59:20.075+0000] {dagbag.py:545} INFO - Filling up the DagBag from /opt/airflow/dags/process_sales_dag.py
[2025-06-18T13:59:20.127+0000] {processor.py:840} INFO - DAG(s) 'process_sales' retrieved from /opt/airflow/dags/process_sales_dag.py
[2025-06-18T13:59:20.260+0000] {logging_mixin.py:188} INFO - [2025-06-18T13:59:20.259+0000] {dag.py:3096} INFO - Sync 1 DAGs
[2025-06-18T13:59:20.469+0000] {logging_mixin.py:188} INFO - [2025-06-18T13:59:20.464+0000] {dag.py:3954} INFO - Setting next_dagrun for process_sales to None, run_after=None
[2025-06-18T13:59:20.822+0000] {processor.py:183} INFO - Processing /opt/airflow/dags/process_sales_dag.py took 0.782 seconds
[2025-06-18T13:59:51.406+0000] {processor.py:161} INFO - Started process (PID=3975) to work on /opt/airflow/dags/process_sales_dag.py
[2025-06-18T13:59:51.408+0000] {processor.py:830} INFO - Processing file /opt/airflow/dags/process_sales_dag.py for tasks to queue
[2025-06-18T13:59:51.411+0000] {logging_mixin.py:188} INFO - [2025-06-18T13:59:51.411+0000] {dagbag.py:545} INFO - Filling up the DagBag from /opt/airflow/dags/process_sales_dag.py
[2025-06-18T13:59:51.447+0000] {processor.py:840} INFO - DAG(s) 'process_sales' retrieved from /opt/airflow/dags/process_sales_dag.py
[2025-06-18T13:59:51.496+0000] {logging_mixin.py:188} INFO - [2025-06-18T13:59:51.495+0000] {dag.py:3096} INFO - Sync 1 DAGs
[2025-06-18T13:59:51.517+0000] {logging_mixin.py:188} INFO - [2025-06-18T13:59:51.516+0000] {dag.py:3954} INFO - Setting next_dagrun for process_sales to None, run_after=None
[2025-06-18T13:59:51.551+0000] {processor.py:183} INFO - Processing /opt/airflow/dags/process_sales_dag.py took 0.161 seconds
[2025-06-18T14:00:22.146+0000] {processor.py:161} INFO - Started process (PID=3990) to work on /opt/airflow/dags/process_sales_dag.py
[2025-06-18T14:00:22.148+0000] {processor.py:830} INFO - Processing file /opt/airflow/dags/process_sales_dag.py for tasks to queue
[2025-06-18T14:00:22.157+0000] {logging_mixin.py:188} INFO - [2025-06-18T14:00:22.156+0000] {dagbag.py:545} INFO - Filling up the DagBag from /opt/airflow/dags/process_sales_dag.py
[2025-06-18T14:00:22.210+0000] {processor.py:840} INFO - DAG(s) 'process_sales' retrieved from /opt/airflow/dags/process_sales_dag.py
[2025-06-18T14:00:22.285+0000] {logging_mixin.py:188} INFO - [2025-06-18T14:00:22.285+0000] {dag.py:3096} INFO - Sync 1 DAGs
[2025-06-18T14:00:22.316+0000] {logging_mixin.py:188} INFO - [2025-06-18T14:00:22.314+0000] {dag.py:3954} INFO - Setting next_dagrun for process_sales to None, run_after=None
[2025-06-18T14:00:22.405+0000] {processor.py:183} INFO - Processing /opt/airflow/dags/process_sales_dag.py took 0.272 seconds
[2025-06-18T14:00:52.738+0000] {processor.py:161} INFO - Started process (PID=4005) to work on /opt/airflow/dags/process_sales_dag.py
[2025-06-18T14:00:52.741+0000] {processor.py:830} INFO - Processing file /opt/airflow/dags/process_sales_dag.py for tasks to queue
[2025-06-18T14:00:52.750+0000] {logging_mixin.py:188} INFO - [2025-06-18T14:00:52.748+0000] {dagbag.py:545} INFO - Filling up the DagBag from /opt/airflow/dags/process_sales_dag.py
[2025-06-18T14:00:52.805+0000] {processor.py:840} INFO - DAG(s) 'process_sales' retrieved from /opt/airflow/dags/process_sales_dag.py
[2025-06-18T14:00:52.896+0000] {logging_mixin.py:188} INFO - [2025-06-18T14:00:52.895+0000] {dag.py:3096} INFO - Sync 1 DAGs
[2025-06-18T14:00:52.932+0000] {logging_mixin.py:188} INFO - [2025-06-18T14:00:52.931+0000] {dag.py:3954} INFO - Setting next_dagrun for process_sales to None, run_after=None
[2025-06-18T14:00:52.984+0000] {processor.py:183} INFO - Processing /opt/airflow/dags/process_sales_dag.py took 0.275 seconds
[2025-06-18T14:01:23.192+0000] {processor.py:161} INFO - Started process (PID=4020) to work on /opt/airflow/dags/process_sales_dag.py
[2025-06-18T14:01:23.194+0000] {processor.py:830} INFO - Processing file /opt/airflow/dags/process_sales_dag.py for tasks to queue
[2025-06-18T14:01:23.198+0000] {logging_mixin.py:188} INFO - [2025-06-18T14:01:23.197+0000] {dagbag.py:545} INFO - Filling up the DagBag from /opt/airflow/dags/process_sales_dag.py
[2025-06-18T14:01:23.231+0000] {processor.py:840} INFO - DAG(s) 'process_sales' retrieved from /opt/airflow/dags/process_sales_dag.py
[2025-06-18T14:01:23.290+0000] {logging_mixin.py:188} INFO - [2025-06-18T14:01:23.290+0000] {dag.py:3096} INFO - Sync 1 DAGs
[2025-06-18T14:01:23.307+0000] {logging_mixin.py:188} INFO - [2025-06-18T14:01:23.307+0000] {dag.py:3954} INFO - Setting next_dagrun for process_sales to None, run_after=None
[2025-06-18T14:01:23.357+0000] {processor.py:183} INFO - Processing /opt/airflow/dags/process_sales_dag.py took 0.176 seconds
[2025-06-18T14:01:53.913+0000] {processor.py:161} INFO - Started process (PID=4035) to work on /opt/airflow/dags/process_sales_dag.py
[2025-06-18T14:01:53.915+0000] {processor.py:830} INFO - Processing file /opt/airflow/dags/process_sales_dag.py for tasks to queue
[2025-06-18T14:01:53.918+0000] {logging_mixin.py:188} INFO - [2025-06-18T14:01:53.917+0000] {dagbag.py:545} INFO - Filling up the DagBag from /opt/airflow/dags/process_sales_dag.py
[2025-06-18T14:01:53.957+0000] {processor.py:840} INFO - DAG(s) 'process_sales' retrieved from /opt/airflow/dags/process_sales_dag.py
[2025-06-18T14:01:54.006+0000] {logging_mixin.py:188} INFO - [2025-06-18T14:01:54.005+0000] {dag.py:3096} INFO - Sync 1 DAGs
[2025-06-18T14:01:54.025+0000] {logging_mixin.py:188} INFO - [2025-06-18T14:01:54.024+0000] {dag.py:3954} INFO - Setting next_dagrun for process_sales to None, run_after=None
[2025-06-18T14:01:54.071+0000] {processor.py:183} INFO - Processing /opt/airflow/dags/process_sales_dag.py took 0.170 seconds
[2025-06-18T14:02:24.664+0000] {processor.py:161} INFO - Started process (PID=4050) to work on /opt/airflow/dags/process_sales_dag.py
[2025-06-18T14:02:24.666+0000] {processor.py:830} INFO - Processing file /opt/airflow/dags/process_sales_dag.py for tasks to queue
[2025-06-18T14:02:24.670+0000] {logging_mixin.py:188} INFO - [2025-06-18T14:02:24.669+0000] {dagbag.py:545} INFO - Filling up the DagBag from /opt/airflow/dags/process_sales_dag.py
[2025-06-18T14:02:24.704+0000] {processor.py:840} INFO - DAG(s) 'process_sales' retrieved from /opt/airflow/dags/process_sales_dag.py
[2025-06-18T14:02:24.776+0000] {logging_mixin.py:188} INFO - [2025-06-18T14:02:24.776+0000] {dag.py:3096} INFO - Sync 1 DAGs
[2025-06-18T14:02:24.807+0000] {logging_mixin.py:188} INFO - [2025-06-18T14:02:24.807+0000] {dag.py:3954} INFO - Setting next_dagrun for process_sales to None, run_after=None
[2025-06-18T14:02:24.873+0000] {processor.py:183} INFO - Processing /opt/airflow/dags/process_sales_dag.py took 0.223 seconds
[2025-06-18T14:02:55.348+0000] {processor.py:161} INFO - Started process (PID=4065) to work on /opt/airflow/dags/process_sales_dag.py
[2025-06-18T14:02:55.357+0000] {processor.py:830} INFO - Processing file /opt/airflow/dags/process_sales_dag.py for tasks to queue
[2025-06-18T14:02:55.372+0000] {logging_mixin.py:188} INFO - [2025-06-18T14:02:55.369+0000] {dagbag.py:545} INFO - Filling up the DagBag from /opt/airflow/dags/process_sales_dag.py
[2025-06-18T14:02:55.468+0000] {processor.py:840} INFO - DAG(s) 'process_sales' retrieved from /opt/airflow/dags/process_sales_dag.py
[2025-06-18T14:02:55.561+0000] {logging_mixin.py:188} INFO - [2025-06-18T14:02:55.560+0000] {dag.py:3096} INFO - Sync 1 DAGs
[2025-06-18T14:02:55.599+0000] {logging_mixin.py:188} INFO - [2025-06-18T14:02:55.599+0000] {dag.py:3954} INFO - Setting next_dagrun for process_sales to None, run_after=None
[2025-06-18T14:02:55.656+0000] {processor.py:183} INFO - Processing /opt/airflow/dags/process_sales_dag.py took 0.376 seconds
[2025-06-18T14:03:26.012+0000] {processor.py:161} INFO - Started process (PID=4080) to work on /opt/airflow/dags/process_sales_dag.py
[2025-06-18T14:03:26.016+0000] {processor.py:830} INFO - Processing file /opt/airflow/dags/process_sales_dag.py for tasks to queue
[2025-06-18T14:03:26.021+0000] {logging_mixin.py:188} INFO - [2025-06-18T14:03:26.020+0000] {dagbag.py:545} INFO - Filling up the DagBag from /opt/airflow/dags/process_sales_dag.py
[2025-06-18T14:03:26.108+0000] {processor.py:840} INFO - DAG(s) 'process_sales' retrieved from /opt/airflow/dags/process_sales_dag.py
[2025-06-18T14:03:26.195+0000] {logging_mixin.py:188} INFO - [2025-06-18T14:03:26.194+0000] {dag.py:3096} INFO - Sync 1 DAGs
[2025-06-18T14:03:26.242+0000] {logging_mixin.py:188} INFO - [2025-06-18T14:03:26.241+0000] {dag.py:3954} INFO - Setting next_dagrun for process_sales to None, run_after=None
[2025-06-18T14:03:26.416+0000] {processor.py:183} INFO - Processing /opt/airflow/dags/process_sales_dag.py took 0.420 seconds
[2025-06-18T14:03:57.048+0000] {processor.py:161} INFO - Started process (PID=4095) to work on /opt/airflow/dags/process_sales_dag.py
[2025-06-18T14:03:57.052+0000] {processor.py:830} INFO - Processing file /opt/airflow/dags/process_sales_dag.py for tasks to queue
[2025-06-18T14:03:57.058+0000] {logging_mixin.py:188} INFO - [2025-06-18T14:03:57.057+0000] {dagbag.py:545} INFO - Filling up the DagBag from /opt/airflow/dags/process_sales_dag.py
[2025-06-18T14:03:57.094+0000] {processor.py:840} INFO - DAG(s) 'process_sales' retrieved from /opt/airflow/dags/process_sales_dag.py
[2025-06-18T14:03:57.143+0000] {logging_mixin.py:188} INFO - [2025-06-18T14:03:57.142+0000] {dag.py:3096} INFO - Sync 1 DAGs
[2025-06-18T14:03:57.164+0000] {logging_mixin.py:188} INFO - [2025-06-18T14:03:57.163+0000] {dag.py:3954} INFO - Setting next_dagrun for process_sales to None, run_after=None
[2025-06-18T14:03:57.198+0000] {processor.py:183} INFO - Processing /opt/airflow/dags/process_sales_dag.py took 0.161 seconds
[2025-06-18T14:04:27.394+0000] {processor.py:161} INFO - Started process (PID=4110) to work on /opt/airflow/dags/process_sales_dag.py
[2025-06-18T14:04:27.399+0000] {processor.py:830} INFO - Processing file /opt/airflow/dags/process_sales_dag.py for tasks to queue
[2025-06-18T14:04:27.403+0000] {logging_mixin.py:188} INFO - [2025-06-18T14:04:27.402+0000] {dagbag.py:545} INFO - Filling up the DagBag from /opt/airflow/dags/process_sales_dag.py
[2025-06-18T14:04:27.433+0000] {processor.py:840} INFO - DAG(s) 'process_sales' retrieved from /opt/airflow/dags/process_sales_dag.py
[2025-06-18T14:04:27.503+0000] {logging_mixin.py:188} INFO - [2025-06-18T14:04:27.501+0000] {dag.py:3096} INFO - Sync 1 DAGs
[2025-06-18T14:04:27.565+0000] {logging_mixin.py:188} INFO - [2025-06-18T14:04:27.564+0000] {dag.py:3954} INFO - Setting next_dagrun for process_sales to None, run_after=None
[2025-06-18T14:04:27.670+0000] {processor.py:183} INFO - Processing /opt/airflow/dags/process_sales_dag.py took 0.293 seconds
[2025-06-18T14:04:58.086+0000] {processor.py:161} INFO - Started process (PID=4125) to work on /opt/airflow/dags/process_sales_dag.py
[2025-06-18T14:04:58.090+0000] {processor.py:830} INFO - Processing file /opt/airflow/dags/process_sales_dag.py for tasks to queue
[2025-06-18T14:04:58.097+0000] {logging_mixin.py:188} INFO - [2025-06-18T14:04:58.096+0000] {dagbag.py:545} INFO - Filling up the DagBag from /opt/airflow/dags/process_sales_dag.py
[2025-06-18T14:04:58.151+0000] {processor.py:840} INFO - DAG(s) 'process_sales' retrieved from /opt/airflow/dags/process_sales_dag.py
[2025-06-18T14:04:58.206+0000] {logging_mixin.py:188} INFO - [2025-06-18T14:04:58.206+0000] {dag.py:3096} INFO - Sync 1 DAGs
[2025-06-18T14:04:58.230+0000] {logging_mixin.py:188} INFO - [2025-06-18T14:04:58.229+0000] {dag.py:3954} INFO - Setting next_dagrun for process_sales to None, run_after=None
[2025-06-18T14:04:58.265+0000] {processor.py:183} INFO - Processing /opt/airflow/dags/process_sales_dag.py took 0.202 seconds
[2025-06-18T14:05:28.994+0000] {processor.py:161} INFO - Started process (PID=4140) to work on /opt/airflow/dags/process_sales_dag.py
[2025-06-18T14:05:28.999+0000] {processor.py:830} INFO - Processing file /opt/airflow/dags/process_sales_dag.py for tasks to queue
[2025-06-18T14:05:29.006+0000] {logging_mixin.py:188} INFO - [2025-06-18T14:05:29.004+0000] {dagbag.py:545} INFO - Filling up the DagBag from /opt/airflow/dags/process_sales_dag.py
[2025-06-18T14:05:29.072+0000] {processor.py:840} INFO - DAG(s) 'process_sales' retrieved from /opt/airflow/dags/process_sales_dag.py
[2025-06-18T14:05:29.124+0000] {logging_mixin.py:188} INFO - [2025-06-18T14:05:29.124+0000] {dag.py:3096} INFO - Sync 1 DAGs
[2025-06-18T14:05:29.151+0000] {logging_mixin.py:188} INFO - [2025-06-18T14:05:29.151+0000] {dag.py:3954} INFO - Setting next_dagrun for process_sales to None, run_after=None
[2025-06-18T14:05:29.220+0000] {processor.py:183} INFO - Processing /opt/airflow/dags/process_sales_dag.py took 0.251 seconds
[2025-06-18T14:05:59.601+0000] {processor.py:161} INFO - Started process (PID=4155) to work on /opt/airflow/dags/process_sales_dag.py
[2025-06-18T14:05:59.616+0000] {processor.py:830} INFO - Processing file /opt/airflow/dags/process_sales_dag.py for tasks to queue
[2025-06-18T14:05:59.649+0000] {logging_mixin.py:188} INFO - [2025-06-18T14:05:59.648+0000] {dagbag.py:545} INFO - Filling up the DagBag from /opt/airflow/dags/process_sales_dag.py
[2025-06-18T14:05:59.735+0000] {processor.py:840} INFO - DAG(s) 'process_sales' retrieved from /opt/airflow/dags/process_sales_dag.py
[2025-06-18T14:05:59.817+0000] {logging_mixin.py:188} INFO - [2025-06-18T14:05:59.816+0000] {dag.py:3096} INFO - Sync 1 DAGs
[2025-06-18T14:05:59.861+0000] {logging_mixin.py:188} INFO - [2025-06-18T14:05:59.860+0000] {dag.py:3954} INFO - Setting next_dagrun for process_sales to None, run_after=None
[2025-06-18T14:05:59.948+0000] {processor.py:183} INFO - Processing /opt/airflow/dags/process_sales_dag.py took 0.373 seconds
[2025-06-18T14:06:30.789+0000] {processor.py:161} INFO - Started process (PID=4170) to work on /opt/airflow/dags/process_sales_dag.py
[2025-06-18T14:06:30.796+0000] {processor.py:830} INFO - Processing file /opt/airflow/dags/process_sales_dag.py for tasks to queue
[2025-06-18T14:06:30.804+0000] {logging_mixin.py:188} INFO - [2025-06-18T14:06:30.803+0000] {dagbag.py:545} INFO - Filling up the DagBag from /opt/airflow/dags/process_sales_dag.py
[2025-06-18T14:06:30.900+0000] {processor.py:840} INFO - DAG(s) 'process_sales' retrieved from /opt/airflow/dags/process_sales_dag.py
[2025-06-18T14:06:31.135+0000] {logging_mixin.py:188} INFO - [2025-06-18T14:06:31.122+0000] {dag.py:3096} INFO - Sync 1 DAGs
[2025-06-18T14:06:31.653+0000] {logging_mixin.py:188} INFO - [2025-06-18T14:06:31.652+0000] {dag.py:3954} INFO - Setting next_dagrun for process_sales to None, run_after=None
[2025-06-18T14:06:31.888+0000] {processor.py:183} INFO - Processing /opt/airflow/dags/process_sales_dag.py took 1.124 seconds
[2025-06-18T14:07:02.472+0000] {processor.py:161} INFO - Started process (PID=4185) to work on /opt/airflow/dags/process_sales_dag.py
[2025-06-18T14:07:02.476+0000] {processor.py:830} INFO - Processing file /opt/airflow/dags/process_sales_dag.py for tasks to queue
[2025-06-18T14:07:02.483+0000] {logging_mixin.py:188} INFO - [2025-06-18T14:07:02.482+0000] {dagbag.py:545} INFO - Filling up the DagBag from /opt/airflow/dags/process_sales_dag.py
[2025-06-18T14:07:02.530+0000] {processor.py:840} INFO - DAG(s) 'process_sales' retrieved from /opt/airflow/dags/process_sales_dag.py
[2025-06-18T14:07:02.600+0000] {logging_mixin.py:188} INFO - [2025-06-18T14:07:02.600+0000] {dag.py:3096} INFO - Sync 1 DAGs
[2025-06-18T14:07:02.668+0000] {logging_mixin.py:188} INFO - [2025-06-18T14:07:02.667+0000] {dag.py:3954} INFO - Setting next_dagrun for process_sales to None, run_after=None
[2025-06-18T14:07:02.766+0000] {processor.py:183} INFO - Processing /opt/airflow/dags/process_sales_dag.py took 0.322 seconds
[2025-06-18T14:07:33.446+0000] {processor.py:161} INFO - Started process (PID=4200) to work on /opt/airflow/dags/process_sales_dag.py
[2025-06-18T14:07:33.452+0000] {processor.py:830} INFO - Processing file /opt/airflow/dags/process_sales_dag.py for tasks to queue
[2025-06-18T14:07:33.467+0000] {logging_mixin.py:188} INFO - [2025-06-18T14:07:33.465+0000] {dagbag.py:545} INFO - Filling up the DagBag from /opt/airflow/dags/process_sales_dag.py
[2025-06-18T14:07:33.538+0000] {processor.py:840} INFO - DAG(s) 'process_sales' retrieved from /opt/airflow/dags/process_sales_dag.py
[2025-06-18T14:07:33.612+0000] {logging_mixin.py:188} INFO - [2025-06-18T14:07:33.612+0000] {dag.py:3096} INFO - Sync 1 DAGs
[2025-06-18T14:07:33.651+0000] {logging_mixin.py:188} INFO - [2025-06-18T14:07:33.650+0000] {dag.py:3954} INFO - Setting next_dagrun for process_sales to None, run_after=None
[2025-06-18T14:07:33.713+0000] {processor.py:183} INFO - Processing /opt/airflow/dags/process_sales_dag.py took 0.359 seconds
[2025-06-18T14:08:04.639+0000] {processor.py:161} INFO - Started process (PID=4215) to work on /opt/airflow/dags/process_sales_dag.py
[2025-06-18T14:08:04.642+0000] {processor.py:830} INFO - Processing file /opt/airflow/dags/process_sales_dag.py for tasks to queue
[2025-06-18T14:08:04.646+0000] {logging_mixin.py:188} INFO - [2025-06-18T14:08:04.645+0000] {dagbag.py:545} INFO - Filling up the DagBag from /opt/airflow/dags/process_sales_dag.py
[2025-06-18T14:08:04.685+0000] {processor.py:840} INFO - DAG(s) 'process_sales' retrieved from /opt/airflow/dags/process_sales_dag.py
[2025-06-18T14:08:04.735+0000] {logging_mixin.py:188} INFO - [2025-06-18T14:08:04.735+0000] {dag.py:3096} INFO - Sync 1 DAGs
[2025-06-18T14:08:04.756+0000] {logging_mixin.py:188} INFO - [2025-06-18T14:08:04.755+0000] {dag.py:3954} INFO - Setting next_dagrun for process_sales to None, run_after=None
[2025-06-18T14:08:04.800+0000] {processor.py:183} INFO - Processing /opt/airflow/dags/process_sales_dag.py took 0.187 seconds
[2025-06-18T14:08:35.669+0000] {processor.py:161} INFO - Started process (PID=4230) to work on /opt/airflow/dags/process_sales_dag.py
[2025-06-18T14:08:35.671+0000] {processor.py:830} INFO - Processing file /opt/airflow/dags/process_sales_dag.py for tasks to queue
[2025-06-18T14:08:35.674+0000] {logging_mixin.py:188} INFO - [2025-06-18T14:08:35.673+0000] {dagbag.py:545} INFO - Filling up the DagBag from /opt/airflow/dags/process_sales_dag.py
[2025-06-18T14:08:35.706+0000] {processor.py:840} INFO - DAG(s) 'process_sales' retrieved from /opt/airflow/dags/process_sales_dag.py
[2025-06-18T14:08:35.749+0000] {logging_mixin.py:188} INFO - [2025-06-18T14:08:35.749+0000] {dag.py:3096} INFO - Sync 1 DAGs
[2025-06-18T14:08:35.774+0000] {logging_mixin.py:188} INFO - [2025-06-18T14:08:35.774+0000] {dag.py:3954} INFO - Setting next_dagrun for process_sales to None, run_after=None
[2025-06-18T14:08:35.811+0000] {processor.py:183} INFO - Processing /opt/airflow/dags/process_sales_dag.py took 0.155 seconds
[2025-06-18T14:09:07.138+0000] {processor.py:161} INFO - Started process (PID=4245) to work on /opt/airflow/dags/process_sales_dag.py
[2025-06-18T14:09:07.170+0000] {processor.py:830} INFO - Processing file /opt/airflow/dags/process_sales_dag.py for tasks to queue
[2025-06-18T14:09:07.189+0000] {logging_mixin.py:188} INFO - [2025-06-18T14:09:07.188+0000] {dagbag.py:545} INFO - Filling up the DagBag from /opt/airflow/dags/process_sales_dag.py
[2025-06-18T14:09:07.459+0000] {processor.py:840} INFO - DAG(s) 'process_sales' retrieved from /opt/airflow/dags/process_sales_dag.py
[2025-06-18T14:09:07.637+0000] {logging_mixin.py:188} INFO - [2025-06-18T14:09:07.636+0000] {dag.py:3096} INFO - Sync 1 DAGs
[2025-06-18T14:09:07.671+0000] {logging_mixin.py:188} INFO - [2025-06-18T14:09:07.668+0000] {dag.py:3954} INFO - Setting next_dagrun for process_sales to None, run_after=None
[2025-06-18T14:09:07.723+0000] {processor.py:183} INFO - Processing /opt/airflow/dags/process_sales_dag.py took 0.663 seconds
[2025-06-18T14:09:38.229+0000] {processor.py:161} INFO - Started process (PID=4260) to work on /opt/airflow/dags/process_sales_dag.py
[2025-06-18T14:09:38.231+0000] {processor.py:830} INFO - Processing file /opt/airflow/dags/process_sales_dag.py for tasks to queue
[2025-06-18T14:09:38.236+0000] {logging_mixin.py:188} INFO - [2025-06-18T14:09:38.235+0000] {dagbag.py:545} INFO - Filling up the DagBag from /opt/airflow/dags/process_sales_dag.py
[2025-06-18T14:09:38.274+0000] {processor.py:840} INFO - DAG(s) 'process_sales' retrieved from /opt/airflow/dags/process_sales_dag.py
[2025-06-18T14:09:38.339+0000] {logging_mixin.py:188} INFO - [2025-06-18T14:09:38.339+0000] {dag.py:3096} INFO - Sync 1 DAGs
[2025-06-18T14:09:38.365+0000] {logging_mixin.py:188} INFO - [2025-06-18T14:09:38.364+0000] {dag.py:3954} INFO - Setting next_dagrun for process_sales to None, run_after=None
[2025-06-18T14:09:38.417+0000] {processor.py:183} INFO - Processing /opt/airflow/dags/process_sales_dag.py took 0.203 seconds
[2025-06-18T14:10:09.339+0000] {processor.py:161} INFO - Started process (PID=4275) to work on /opt/airflow/dags/process_sales_dag.py
[2025-06-18T14:10:09.347+0000] {processor.py:830} INFO - Processing file /opt/airflow/dags/process_sales_dag.py for tasks to queue
[2025-06-18T14:10:09.355+0000] {logging_mixin.py:188} INFO - [2025-06-18T14:10:09.354+0000] {dagbag.py:545} INFO - Filling up the DagBag from /opt/airflow/dags/process_sales_dag.py
[2025-06-18T14:10:09.425+0000] {processor.py:840} INFO - DAG(s) 'process_sales' retrieved from /opt/airflow/dags/process_sales_dag.py
[2025-06-18T14:10:09.833+0000] {logging_mixin.py:188} INFO - [2025-06-18T14:10:09.830+0000] {dag.py:3096} INFO - Sync 1 DAGs
[2025-06-18T14:10:10.064+0000] {logging_mixin.py:188} INFO - [2025-06-18T14:10:10.062+0000] {dag.py:3954} INFO - Setting next_dagrun for process_sales to None, run_after=None
[2025-06-18T14:10:10.247+0000] {processor.py:183} INFO - Processing /opt/airflow/dags/process_sales_dag.py took 0.935 seconds
[2025-06-18T14:10:41.062+0000] {processor.py:161} INFO - Started process (PID=4290) to work on /opt/airflow/dags/process_sales_dag.py
[2025-06-18T14:10:41.068+0000] {processor.py:830} INFO - Processing file /opt/airflow/dags/process_sales_dag.py for tasks to queue
[2025-06-18T14:10:41.082+0000] {logging_mixin.py:188} INFO - [2025-06-18T14:10:41.081+0000] {dagbag.py:545} INFO - Filling up the DagBag from /opt/airflow/dags/process_sales_dag.py
[2025-06-18T14:10:41.232+0000] {processor.py:840} INFO - DAG(s) 'process_sales' retrieved from /opt/airflow/dags/process_sales_dag.py
[2025-06-18T14:10:41.459+0000] {logging_mixin.py:188} INFO - [2025-06-18T14:10:41.458+0000] {dag.py:3096} INFO - Sync 1 DAGs
[2025-06-18T14:10:41.635+0000] {logging_mixin.py:188} INFO - [2025-06-18T14:10:41.635+0000] {dag.py:3954} INFO - Setting next_dagrun for process_sales to None, run_after=None
[2025-06-18T14:10:41.997+0000] {processor.py:183} INFO - Processing /opt/airflow/dags/process_sales_dag.py took 0.983 seconds
[2025-06-18T14:11:12.711+0000] {processor.py:161} INFO - Started process (PID=4305) to work on /opt/airflow/dags/process_sales_dag.py
[2025-06-18T14:11:12.713+0000] {processor.py:830} INFO - Processing file /opt/airflow/dags/process_sales_dag.py for tasks to queue
[2025-06-18T14:11:12.717+0000] {logging_mixin.py:188} INFO - [2025-06-18T14:11:12.716+0000] {dagbag.py:545} INFO - Filling up the DagBag from /opt/airflow/dags/process_sales_dag.py
[2025-06-18T14:11:12.759+0000] {processor.py:840} INFO - DAG(s) 'process_sales' retrieved from /opt/airflow/dags/process_sales_dag.py
[2025-06-18T14:11:12.831+0000] {logging_mixin.py:188} INFO - [2025-06-18T14:11:12.831+0000] {dag.py:3096} INFO - Sync 1 DAGs
[2025-06-18T14:11:12.872+0000] {logging_mixin.py:188} INFO - [2025-06-18T14:11:12.872+0000] {dag.py:3954} INFO - Setting next_dagrun for process_sales to None, run_after=None
[2025-06-18T14:11:12.948+0000] {processor.py:183} INFO - Processing /opt/airflow/dags/process_sales_dag.py took 0.251 seconds
[2025-06-18T14:12:32.921+0000] {processor.py:161} INFO - Started process (PID=171) to work on /opt/airflow/dags/process_sales_dag.py
[2025-06-18T14:12:32.923+0000] {processor.py:830} INFO - Processing file /opt/airflow/dags/process_sales_dag.py for tasks to queue
[2025-06-18T14:12:32.929+0000] {logging_mixin.py:188} INFO - [2025-06-18T14:12:32.928+0000] {dagbag.py:545} INFO - Filling up the DagBag from /opt/airflow/dags/process_sales_dag.py
[2025-06-18T14:12:33.004+0000] {processor.py:840} INFO - DAG(s) 'process_sales' retrieved from /opt/airflow/dags/process_sales_dag.py
[2025-06-18T14:12:33.158+0000] {logging_mixin.py:188} INFO - [2025-06-18T14:12:33.157+0000] {dag.py:3096} INFO - Sync 1 DAGs
[2025-06-18T14:12:33.230+0000] {logging_mixin.py:188} INFO - [2025-06-18T14:12:33.230+0000] {dag.py:3954} INFO - Setting next_dagrun for process_sales to None, run_after=None
[2025-06-18T14:12:33.380+0000] {processor.py:183} INFO - Processing /opt/airflow/dags/process_sales_dag.py took 0.483 seconds
[2025-06-18T14:13:04.984+0000] {processor.py:161} INFO - Started process (PID=193) to work on /opt/airflow/dags/process_sales_dag.py
[2025-06-18T14:13:04.986+0000] {processor.py:830} INFO - Processing file /opt/airflow/dags/process_sales_dag.py for tasks to queue
[2025-06-18T14:13:04.990+0000] {logging_mixin.py:188} INFO - [2025-06-18T14:13:04.989+0000] {dagbag.py:545} INFO - Filling up the DagBag from /opt/airflow/dags/process_sales_dag.py
[2025-06-18T14:13:05.018+0000] {processor.py:840} INFO - DAG(s) 'process_sales' retrieved from /opt/airflow/dags/process_sales_dag.py
[2025-06-18T14:13:05.065+0000] {logging_mixin.py:188} INFO - [2025-06-18T14:13:05.065+0000] {dag.py:3096} INFO - Sync 1 DAGs
[2025-06-18T14:13:05.087+0000] {logging_mixin.py:188} INFO - [2025-06-18T14:13:05.087+0000] {dag.py:3954} INFO - Setting next_dagrun for process_sales to None, run_after=None
[2025-06-18T14:13:05.118+0000] {processor.py:183} INFO - Processing /opt/airflow/dags/process_sales_dag.py took 0.144 seconds
[2025-06-18T14:13:38.770+0000] {processor.py:161} INFO - Started process (PID=211) to work on /opt/airflow/dags/process_sales_dag.py
[2025-06-18T14:13:38.781+0000] {processor.py:830} INFO - Processing file /opt/airflow/dags/process_sales_dag.py for tasks to queue
[2025-06-18T14:13:38.803+0000] {logging_mixin.py:188} INFO - [2025-06-18T14:13:38.801+0000] {dagbag.py:545} INFO - Filling up the DagBag from /opt/airflow/dags/process_sales_dag.py
[2025-06-18T14:13:38.969+0000] {processor.py:840} INFO - DAG(s) 'process_sales' retrieved from /opt/airflow/dags/process_sales_dag.py
[2025-06-18T14:13:39.060+0000] {logging_mixin.py:188} INFO - [2025-06-18T14:13:39.060+0000] {dag.py:3096} INFO - Sync 1 DAGs
[2025-06-18T14:13:39.110+0000] {logging_mixin.py:188} INFO - [2025-06-18T14:13:39.110+0000] {dag.py:3954} INFO - Setting next_dagrun for process_sales to None, run_after=None
[2025-06-18T14:13:39.163+0000] {processor.py:183} INFO - Processing /opt/airflow/dags/process_sales_dag.py took 0.446 seconds
[2025-06-18T14:14:11.928+0000] {processor.py:161} INFO - Started process (PID=231) to work on /opt/airflow/dags/process_sales_dag.py
[2025-06-18T14:14:11.932+0000] {processor.py:830} INFO - Processing file /opt/airflow/dags/process_sales_dag.py for tasks to queue
[2025-06-18T14:14:11.947+0000] {logging_mixin.py:188} INFO - [2025-06-18T14:14:11.946+0000] {dagbag.py:545} INFO - Filling up the DagBag from /opt/airflow/dags/process_sales_dag.py
[2025-06-18T14:14:12.202+0000] {processor.py:840} INFO - DAG(s) 'process_sales' retrieved from /opt/airflow/dags/process_sales_dag.py
[2025-06-18T14:14:12.595+0000] {logging_mixin.py:188} INFO - [2025-06-18T14:14:12.594+0000] {dag.py:3096} INFO - Sync 1 DAGs
[2025-06-18T14:14:12.808+0000] {logging_mixin.py:188} INFO - [2025-06-18T14:14:12.807+0000] {dag.py:3954} INFO - Setting next_dagrun for process_sales to None, run_after=None
[2025-06-18T14:14:13.538+0000] {processor.py:183} INFO - Processing /opt/airflow/dags/process_sales_dag.py took 1.631 seconds
[2025-06-18T14:14:45.046+0000] {processor.py:161} INFO - Started process (PID=253) to work on /opt/airflow/dags/process_sales_dag.py
[2025-06-18T14:14:45.048+0000] {processor.py:830} INFO - Processing file /opt/airflow/dags/process_sales_dag.py for tasks to queue
[2025-06-18T14:14:45.052+0000] {logging_mixin.py:188} INFO - [2025-06-18T14:14:45.052+0000] {dagbag.py:545} INFO - Filling up the DagBag from /opt/airflow/dags/process_sales_dag.py
[2025-06-18T14:14:45.084+0000] {processor.py:840} INFO - DAG(s) 'process_sales' retrieved from /opt/airflow/dags/process_sales_dag.py
[2025-06-18T14:14:45.124+0000] {logging_mixin.py:188} INFO - [2025-06-18T14:14:45.124+0000] {dag.py:3096} INFO - Sync 1 DAGs
[2025-06-18T14:14:45.147+0000] {logging_mixin.py:188} INFO - [2025-06-18T14:14:45.147+0000] {dag.py:3954} INFO - Setting next_dagrun for process_sales to None, run_after=None
[2025-06-18T14:14:45.189+0000] {processor.py:183} INFO - Processing /opt/airflow/dags/process_sales_dag.py took 0.154 seconds
[2025-06-18T14:15:16.451+0000] {processor.py:161} INFO - Started process (PID=271) to work on /opt/airflow/dags/process_sales_dag.py
[2025-06-18T14:15:16.454+0000] {processor.py:830} INFO - Processing file /opt/airflow/dags/process_sales_dag.py for tasks to queue
[2025-06-18T14:15:16.469+0000] {logging_mixin.py:188} INFO - [2025-06-18T14:15:16.467+0000] {dagbag.py:545} INFO - Filling up the DagBag from /opt/airflow/dags/process_sales_dag.py
[2025-06-18T14:15:16.509+0000] {processor.py:840} INFO - DAG(s) 'process_sales' retrieved from /opt/airflow/dags/process_sales_dag.py
[2025-06-18T14:15:16.565+0000] {logging_mixin.py:188} INFO - [2025-06-18T14:15:16.565+0000] {dag.py:3096} INFO - Sync 1 DAGs
[2025-06-18T14:15:16.586+0000] {logging_mixin.py:188} INFO - [2025-06-18T14:15:16.586+0000] {dag.py:3954} INFO - Setting next_dagrun for process_sales to None, run_after=None
[2025-06-18T14:15:16.628+0000] {processor.py:183} INFO - Processing /opt/airflow/dags/process_sales_dag.py took 0.232 seconds
[2025-06-18T19:08:36.354+0000] {processor.py:161} INFO - Started process (PID=171) to work on /opt/airflow/dags/process_sales_dag.py
[2025-06-18T19:08:36.360+0000] {processor.py:830} INFO - Processing file /opt/airflow/dags/process_sales_dag.py for tasks to queue
[2025-06-18T19:08:36.367+0000] {logging_mixin.py:188} INFO - [2025-06-18T19:08:36.366+0000] {dagbag.py:545} INFO - Filling up the DagBag from /opt/airflow/dags/process_sales_dag.py
[2025-06-18T19:08:36.505+0000] {processor.py:840} INFO - DAG(s) 'process_sales' retrieved from /opt/airflow/dags/process_sales_dag.py
[2025-06-18T19:08:37.372+0000] {logging_mixin.py:188} INFO - [2025-06-18T19:08:37.369+0000] {dag.py:3096} INFO - Sync 1 DAGs
[2025-06-18T19:08:38.158+0000] {logging_mixin.py:188} INFO - [2025-06-18T19:08:38.157+0000] {dag.py:3954} INFO - Setting next_dagrun for process_sales to None, run_after=None
[2025-06-18T19:08:38.486+0000] {processor.py:183} INFO - Processing /opt/airflow/dags/process_sales_dag.py took 2.171 seconds
[2025-06-18T19:09:08.943+0000] {processor.py:161} INFO - Started process (PID=188) to work on /opt/airflow/dags/process_sales_dag.py
[2025-06-18T19:09:08.948+0000] {processor.py:830} INFO - Processing file /opt/airflow/dags/process_sales_dag.py for tasks to queue
[2025-06-18T19:09:08.962+0000] {logging_mixin.py:188} INFO - [2025-06-18T19:09:08.962+0000] {dagbag.py:545} INFO - Filling up the DagBag from /opt/airflow/dags/process_sales_dag.py
[2025-06-18T19:09:09.171+0000] {processor.py:840} INFO - DAG(s) 'process_sales' retrieved from /opt/airflow/dags/process_sales_dag.py
[2025-06-18T19:09:09.566+0000] {logging_mixin.py:188} INFO - [2025-06-18T19:09:09.564+0000] {dag.py:3096} INFO - Sync 1 DAGs
[2025-06-18T19:09:09.695+0000] {logging_mixin.py:188} INFO - [2025-06-18T19:09:09.695+0000] {dag.py:3954} INFO - Setting next_dagrun for process_sales to None, run_after=None
[2025-06-18T19:09:10.153+0000] {processor.py:183} INFO - Processing /opt/airflow/dags/process_sales_dag.py took 1.224 seconds
[2025-06-18T19:09:41.059+0000] {processor.py:161} INFO - Started process (PID=211) to work on /opt/airflow/dags/process_sales_dag.py
[2025-06-18T19:09:41.064+0000] {processor.py:830} INFO - Processing file /opt/airflow/dags/process_sales_dag.py for tasks to queue
[2025-06-18T19:09:41.082+0000] {logging_mixin.py:188} INFO - [2025-06-18T19:09:41.082+0000] {dagbag.py:545} INFO - Filling up the DagBag from /opt/airflow/dags/process_sales_dag.py
[2025-06-18T19:09:41.156+0000] {processor.py:840} INFO - DAG(s) 'process_sales' retrieved from /opt/airflow/dags/process_sales_dag.py
[2025-06-18T19:09:41.538+0000] {logging_mixin.py:188} INFO - [2025-06-18T19:09:41.537+0000] {dag.py:3096} INFO - Sync 1 DAGs
[2025-06-18T19:09:41.676+0000] {logging_mixin.py:188} INFO - [2025-06-18T19:09:41.676+0000] {dag.py:3954} INFO - Setting next_dagrun for process_sales to None, run_after=None
[2025-06-18T19:09:41.781+0000] {processor.py:183} INFO - Processing /opt/airflow/dags/process_sales_dag.py took 0.749 seconds
[2025-06-18T19:10:12.079+0000] {processor.py:161} INFO - Started process (PID=233) to work on /opt/airflow/dags/process_sales_dag.py
[2025-06-18T19:10:12.082+0000] {processor.py:830} INFO - Processing file /opt/airflow/dags/process_sales_dag.py for tasks to queue
[2025-06-18T19:10:12.089+0000] {logging_mixin.py:188} INFO - [2025-06-18T19:10:12.088+0000] {dagbag.py:545} INFO - Filling up the DagBag from /opt/airflow/dags/process_sales_dag.py
[2025-06-18T19:10:12.138+0000] {processor.py:840} INFO - DAG(s) 'process_sales' retrieved from /opt/airflow/dags/process_sales_dag.py
[2025-06-18T19:10:12.203+0000] {logging_mixin.py:188} INFO - [2025-06-18T19:10:12.202+0000] {dag.py:3096} INFO - Sync 1 DAGs
[2025-06-18T19:10:12.233+0000] {logging_mixin.py:188} INFO - [2025-06-18T19:10:12.232+0000] {dag.py:3954} INFO - Setting next_dagrun for process_sales to None, run_after=None
[2025-06-18T19:10:12.281+0000] {processor.py:183} INFO - Processing /opt/airflow/dags/process_sales_dag.py took 0.219 seconds
[2025-06-18T19:10:43.005+0000] {processor.py:161} INFO - Started process (PID=253) to work on /opt/airflow/dags/process_sales_dag.py
[2025-06-18T19:10:43.016+0000] {processor.py:830} INFO - Processing file /opt/airflow/dags/process_sales_dag.py for tasks to queue
[2025-06-18T19:10:43.033+0000] {logging_mixin.py:188} INFO - [2025-06-18T19:10:43.021+0000] {dagbag.py:545} INFO - Filling up the DagBag from /opt/airflow/dags/process_sales_dag.py
[2025-06-18T19:10:43.214+0000] {processor.py:840} INFO - DAG(s) 'process_sales' retrieved from /opt/airflow/dags/process_sales_dag.py
[2025-06-18T19:10:43.360+0000] {logging_mixin.py:188} INFO - [2025-06-18T19:10:43.359+0000] {dag.py:3096} INFO - Sync 1 DAGs
[2025-06-18T19:10:43.435+0000] {logging_mixin.py:188} INFO - [2025-06-18T19:10:43.434+0000] {dag.py:3954} INFO - Setting next_dagrun for process_sales to None, run_after=None
[2025-06-18T19:10:43.534+0000] {processor.py:183} INFO - Processing /opt/airflow/dags/process_sales_dag.py took 0.556 seconds
[2025-06-18T19:11:14.679+0000] {processor.py:161} INFO - Started process (PID=273) to work on /opt/airflow/dags/process_sales_dag.py
[2025-06-18T19:11:14.681+0000] {processor.py:830} INFO - Processing file /opt/airflow/dags/process_sales_dag.py for tasks to queue
[2025-06-18T19:11:14.692+0000] {logging_mixin.py:188} INFO - [2025-06-18T19:11:14.692+0000] {dagbag.py:545} INFO - Filling up the DagBag from /opt/airflow/dags/process_sales_dag.py
[2025-06-18T19:11:14.763+0000] {processor.py:840} INFO - DAG(s) 'process_sales' retrieved from /opt/airflow/dags/process_sales_dag.py
[2025-06-18T19:11:14.840+0000] {logging_mixin.py:188} INFO - [2025-06-18T19:11:14.839+0000] {dag.py:3096} INFO - Sync 1 DAGs
[2025-06-18T19:11:14.871+0000] {logging_mixin.py:188} INFO - [2025-06-18T19:11:14.871+0000] {dag.py:3954} INFO - Setting next_dagrun for process_sales to None, run_after=None
[2025-06-18T19:11:14.978+0000] {processor.py:183} INFO - Processing /opt/airflow/dags/process_sales_dag.py took 0.333 seconds
[2025-06-18T19:11:45.202+0000] {processor.py:161} INFO - Started process (PID=293) to work on /opt/airflow/dags/process_sales_dag.py
[2025-06-18T19:11:45.205+0000] {processor.py:830} INFO - Processing file /opt/airflow/dags/process_sales_dag.py for tasks to queue
[2025-06-18T19:11:45.210+0000] {logging_mixin.py:188} INFO - [2025-06-18T19:11:45.209+0000] {dagbag.py:545} INFO - Filling up the DagBag from /opt/airflow/dags/process_sales_dag.py
[2025-06-18T19:11:45.243+0000] {processor.py:840} INFO - DAG(s) 'process_sales' retrieved from /opt/airflow/dags/process_sales_dag.py
[2025-06-18T19:11:45.297+0000] {logging_mixin.py:188} INFO - [2025-06-18T19:11:45.297+0000] {dag.py:3096} INFO - Sync 1 DAGs
[2025-06-18T19:11:45.314+0000] {logging_mixin.py:188} INFO - [2025-06-18T19:11:45.313+0000] {dag.py:3954} INFO - Setting next_dagrun for process_sales to None, run_after=None
[2025-06-18T19:11:45.368+0000] {processor.py:183} INFO - Processing /opt/airflow/dags/process_sales_dag.py took 0.180 seconds
[2025-06-18T19:12:15.882+0000] {processor.py:161} INFO - Started process (PID=313) to work on /opt/airflow/dags/process_sales_dag.py
[2025-06-18T19:12:15.885+0000] {processor.py:830} INFO - Processing file /opt/airflow/dags/process_sales_dag.py for tasks to queue
[2025-06-18T19:12:15.889+0000] {logging_mixin.py:188} INFO - [2025-06-18T19:12:15.888+0000] {dagbag.py:545} INFO - Filling up the DagBag from /opt/airflow/dags/process_sales_dag.py
[2025-06-18T19:12:15.935+0000] {processor.py:840} INFO - DAG(s) 'process_sales' retrieved from /opt/airflow/dags/process_sales_dag.py
[2025-06-18T19:12:15.981+0000] {logging_mixin.py:188} INFO - [2025-06-18T19:12:15.981+0000] {dag.py:3096} INFO - Sync 1 DAGs
[2025-06-18T19:12:15.999+0000] {logging_mixin.py:188} INFO - [2025-06-18T19:12:15.999+0000] {dag.py:3954} INFO - Setting next_dagrun for process_sales to None, run_after=None
[2025-06-18T19:12:16.026+0000] {processor.py:183} INFO - Processing /opt/airflow/dags/process_sales_dag.py took 0.157 seconds
[2025-06-18T19:12:46.324+0000] {processor.py:161} INFO - Started process (PID=331) to work on /opt/airflow/dags/process_sales_dag.py
[2025-06-18T19:12:46.327+0000] {processor.py:830} INFO - Processing file /opt/airflow/dags/process_sales_dag.py for tasks to queue
[2025-06-18T19:12:46.334+0000] {logging_mixin.py:188} INFO - [2025-06-18T19:12:46.331+0000] {dagbag.py:545} INFO - Filling up the DagBag from /opt/airflow/dags/process_sales_dag.py
[2025-06-18T19:12:46.408+0000] {processor.py:840} INFO - DAG(s) 'process_sales' retrieved from /opt/airflow/dags/process_sales_dag.py
[2025-06-18T19:12:46.493+0000] {logging_mixin.py:188} INFO - [2025-06-18T19:12:46.492+0000] {dag.py:3096} INFO - Sync 1 DAGs
[2025-06-18T19:12:46.523+0000] {logging_mixin.py:188} INFO - [2025-06-18T19:12:46.522+0000] {dag.py:3954} INFO - Setting next_dagrun for process_sales to None, run_after=None
[2025-06-18T19:12:46.559+0000] {processor.py:183} INFO - Processing /opt/airflow/dags/process_sales_dag.py took 0.258 seconds
[2025-06-18T19:13:16.743+0000] {processor.py:161} INFO - Started process (PID=346) to work on /opt/airflow/dags/process_sales_dag.py
[2025-06-18T19:13:16.747+0000] {processor.py:830} INFO - Processing file /opt/airflow/dags/process_sales_dag.py for tasks to queue
[2025-06-18T19:13:16.757+0000] {logging_mixin.py:188} INFO - [2025-06-18T19:13:16.756+0000] {dagbag.py:545} INFO - Filling up the DagBag from /opt/airflow/dags/process_sales_dag.py
[2025-06-18T19:13:16.863+0000] {processor.py:840} INFO - DAG(s) 'process_sales' retrieved from /opt/airflow/dags/process_sales_dag.py
[2025-06-18T19:13:16.937+0000] {logging_mixin.py:188} INFO - [2025-06-18T19:13:16.936+0000] {dag.py:3096} INFO - Sync 1 DAGs
[2025-06-18T19:13:16.966+0000] {logging_mixin.py:188} INFO - [2025-06-18T19:13:16.966+0000] {dag.py:3954} INFO - Setting next_dagrun for process_sales to None, run_after=None
[2025-06-18T19:13:17.010+0000] {processor.py:183} INFO - Processing /opt/airflow/dags/process_sales_dag.py took 0.307 seconds
[2025-06-18T19:13:47.139+0000] {processor.py:161} INFO - Started process (PID=366) to work on /opt/airflow/dags/process_sales_dag.py
[2025-06-18T19:13:47.141+0000] {processor.py:830} INFO - Processing file /opt/airflow/dags/process_sales_dag.py for tasks to queue
[2025-06-18T19:13:47.146+0000] {logging_mixin.py:188} INFO - [2025-06-18T19:13:47.145+0000] {dagbag.py:545} INFO - Filling up the DagBag from /opt/airflow/dags/process_sales_dag.py
[2025-06-18T19:13:47.173+0000] {processor.py:840} INFO - DAG(s) 'process_sales' retrieved from /opt/airflow/dags/process_sales_dag.py
[2025-06-18T19:13:47.217+0000] {logging_mixin.py:188} INFO - [2025-06-18T19:13:47.217+0000] {dag.py:3096} INFO - Sync 1 DAGs
[2025-06-18T19:13:47.242+0000] {logging_mixin.py:188} INFO - [2025-06-18T19:13:47.241+0000] {dag.py:3954} INFO - Setting next_dagrun for process_sales to None, run_after=None
[2025-06-18T19:13:49.946+0000] {processor.py:183} INFO - Processing /opt/airflow/dags/process_sales_dag.py took 2.816 seconds
[2025-06-18T19:14:23.825+0000] {processor.py:161} INFO - Started process (PID=386) to work on /opt/airflow/dags/process_sales_dag.py
[2025-06-18T19:14:23.857+0000] {processor.py:830} INFO - Processing file /opt/airflow/dags/process_sales_dag.py for tasks to queue
[2025-06-18T19:14:23.929+0000] {logging_mixin.py:188} INFO - [2025-06-18T19:14:23.928+0000] {dagbag.py:545} INFO - Filling up the DagBag from /opt/airflow/dags/process_sales_dag.py
[2025-06-18T19:14:25.436+0000] {processor.py:840} INFO - DAG(s) 'process_sales' retrieved from /opt/airflow/dags/process_sales_dag.py
[2025-06-18T19:14:25.740+0000] {logging_mixin.py:188} INFO - [2025-06-18T19:14:25.740+0000] {dag.py:3096} INFO - Sync 1 DAGs
[2025-06-18T19:14:27.362+0000] {logging_mixin.py:188} INFO - [2025-06-18T19:14:27.362+0000] {dag.py:3954} INFO - Setting next_dagrun for process_sales to None, run_after=None
[2025-06-18T19:14:27.483+0000] {processor.py:183} INFO - Processing /opt/airflow/dags/process_sales_dag.py took 3.690 seconds
[2025-06-18T19:14:58.999+0000] {processor.py:161} INFO - Started process (PID=406) to work on /opt/airflow/dags/process_sales_dag.py
[2025-06-18T19:14:59.010+0000] {processor.py:830} INFO - Processing file /opt/airflow/dags/process_sales_dag.py for tasks to queue
[2025-06-18T19:14:59.063+0000] {logging_mixin.py:188} INFO - [2025-06-18T19:14:59.034+0000] {dagbag.py:545} INFO - Filling up the DagBag from /opt/airflow/dags/process_sales_dag.py
[2025-06-18T19:14:59.132+0000] {processor.py:840} INFO - DAG(s) 'process_sales' retrieved from /opt/airflow/dags/process_sales_dag.py
[2025-06-18T19:14:59.924+0000] {logging_mixin.py:188} INFO - [2025-06-18T19:14:59.922+0000] {dag.py:3096} INFO - Sync 1 DAGs
[2025-06-18T19:15:00.270+0000] {logging_mixin.py:188} INFO - [2025-06-18T19:15:00.269+0000] {dag.py:3954} INFO - Setting next_dagrun for process_sales to None, run_after=None
[2025-06-18T19:15:00.372+0000] {processor.py:183} INFO - Processing /opt/airflow/dags/process_sales_dag.py took 1.408 seconds
[2025-06-18T19:15:31.087+0000] {processor.py:161} INFO - Started process (PID=431) to work on /opt/airflow/dags/process_sales_dag.py
[2025-06-18T19:15:31.089+0000] {processor.py:830} INFO - Processing file /opt/airflow/dags/process_sales_dag.py for tasks to queue
[2025-06-18T19:15:31.096+0000] {logging_mixin.py:188} INFO - [2025-06-18T19:15:31.095+0000] {dagbag.py:545} INFO - Filling up the DagBag from /opt/airflow/dags/process_sales_dag.py
[2025-06-18T19:15:31.141+0000] {processor.py:840} INFO - DAG(s) 'process_sales' retrieved from /opt/airflow/dags/process_sales_dag.py
[2025-06-18T19:15:31.199+0000] {logging_mixin.py:188} INFO - [2025-06-18T19:15:31.199+0000] {dag.py:3096} INFO - Sync 1 DAGs
[2025-06-18T19:15:31.223+0000] {logging_mixin.py:188} INFO - [2025-06-18T19:15:31.223+0000] {dag.py:3954} INFO - Setting next_dagrun for process_sales to None, run_after=None
[2025-06-18T19:15:31.261+0000] {processor.py:183} INFO - Processing /opt/airflow/dags/process_sales_dag.py took 0.192 seconds
[2025-06-18T19:16:23.639+0000] {processor.py:161} INFO - Started process (PID=170) to work on /opt/airflow/dags/process_sales_dag.py
[2025-06-18T19:16:23.642+0000] {processor.py:830} INFO - Processing file /opt/airflow/dags/process_sales_dag.py for tasks to queue
[2025-06-18T19:16:23.646+0000] {logging_mixin.py:188} INFO - [2025-06-18T19:16:23.645+0000] {dagbag.py:545} INFO - Filling up the DagBag from /opt/airflow/dags/process_sales_dag.py
[2025-06-18T19:16:23.693+0000] {processor.py:840} INFO - DAG(s) 'process_sales' retrieved from /opt/airflow/dags/process_sales_dag.py
[2025-06-18T19:16:23.750+0000] {logging_mixin.py:188} INFO - [2025-06-18T19:16:23.750+0000] {dag.py:3096} INFO - Sync 1 DAGs
[2025-06-18T19:16:23.770+0000] {logging_mixin.py:188} INFO - [2025-06-18T19:16:23.770+0000] {dag.py:3954} INFO - Setting next_dagrun for process_sales to None, run_after=None
[2025-06-18T19:16:23.816+0000] {processor.py:183} INFO - Processing /opt/airflow/dags/process_sales_dag.py took 0.198 seconds
[2025-06-18T19:16:54.055+0000] {processor.py:161} INFO - Started process (PID=192) to work on /opt/airflow/dags/process_sales_dag.py
[2025-06-18T19:16:54.057+0000] {processor.py:830} INFO - Processing file /opt/airflow/dags/process_sales_dag.py for tasks to queue
[2025-06-18T19:16:54.060+0000] {logging_mixin.py:188} INFO - [2025-06-18T19:16:54.060+0000] {dagbag.py:545} INFO - Filling up the DagBag from /opt/airflow/dags/process_sales_dag.py
[2025-06-18T19:16:54.089+0000] {processor.py:840} INFO - DAG(s) 'process_sales' retrieved from /opt/airflow/dags/process_sales_dag.py
[2025-06-18T19:16:54.131+0000] {logging_mixin.py:188} INFO - [2025-06-18T19:16:54.130+0000] {dag.py:3096} INFO - Sync 1 DAGs
[2025-06-18T19:16:54.155+0000] {logging_mixin.py:188} INFO - [2025-06-18T19:16:54.154+0000] {dag.py:3954} INFO - Setting next_dagrun for process_sales to None, run_after=None
[2025-06-18T19:16:54.207+0000] {processor.py:183} INFO - Processing /opt/airflow/dags/process_sales_dag.py took 0.162 seconds
[2025-06-18T19:17:25.897+0000] {processor.py:161} INFO - Started process (PID=210) to work on /opt/airflow/dags/process_sales_dag.py
[2025-06-18T19:17:25.899+0000] {processor.py:830} INFO - Processing file /opt/airflow/dags/process_sales_dag.py for tasks to queue
[2025-06-18T19:17:25.906+0000] {logging_mixin.py:188} INFO - [2025-06-18T19:17:25.905+0000] {dagbag.py:545} INFO - Filling up the DagBag from /opt/airflow/dags/process_sales_dag.py
[2025-06-18T19:17:25.949+0000] {processor.py:840} INFO - DAG(s) 'process_sales' retrieved from /opt/airflow/dags/process_sales_dag.py
[2025-06-18T19:17:25.997+0000] {logging_mixin.py:188} INFO - [2025-06-18T19:17:25.997+0000] {dag.py:3096} INFO - Sync 1 DAGs
[2025-06-18T19:17:26.016+0000] {logging_mixin.py:188} INFO - [2025-06-18T19:17:26.016+0000] {dag.py:3954} INFO - Setting next_dagrun for process_sales to None, run_after=None
[2025-06-18T19:17:26.058+0000] {processor.py:183} INFO - Processing /opt/airflow/dags/process_sales_dag.py took 0.177 seconds
[2025-06-18T19:17:56.959+0000] {processor.py:161} INFO - Started process (PID=230) to work on /opt/airflow/dags/process_sales_dag.py
[2025-06-18T19:17:56.961+0000] {processor.py:830} INFO - Processing file /opt/airflow/dags/process_sales_dag.py for tasks to queue
[2025-06-18T19:17:56.967+0000] {logging_mixin.py:188} INFO - [2025-06-18T19:17:56.966+0000] {dagbag.py:545} INFO - Filling up the DagBag from /opt/airflow/dags/process_sales_dag.py
[2025-06-18T19:17:57.202+0000] {processor.py:840} INFO - DAG(s) 'process_sales' retrieved from /opt/airflow/dags/process_sales_dag.py
[2025-06-18T19:17:57.373+0000] {logging_mixin.py:188} INFO - [2025-06-18T19:17:57.373+0000] {dag.py:3096} INFO - Sync 1 DAGs
[2025-06-18T19:17:57.431+0000] {logging_mixin.py:188} INFO - [2025-06-18T19:17:57.431+0000] {dag.py:3954} INFO - Setting next_dagrun for process_sales to None, run_after=None
[2025-06-18T19:17:57.476+0000] {processor.py:183} INFO - Processing /opt/airflow/dags/process_sales_dag.py took 0.532 seconds
[2025-06-18T19:18:29.509+0000] {processor.py:161} INFO - Started process (PID=250) to work on /opt/airflow/dags/process_sales_dag.py
[2025-06-18T19:18:29.512+0000] {processor.py:830} INFO - Processing file /opt/airflow/dags/process_sales_dag.py for tasks to queue
[2025-06-18T19:18:29.520+0000] {logging_mixin.py:188} INFO - [2025-06-18T19:18:29.519+0000] {dagbag.py:545} INFO - Filling up the DagBag from /opt/airflow/dags/process_sales_dag.py
[2025-06-18T19:18:29.575+0000] {processor.py:840} INFO - DAG(s) 'process_sales' retrieved from /opt/airflow/dags/process_sales_dag.py
[2025-06-18T19:18:29.629+0000] {logging_mixin.py:188} INFO - [2025-06-18T19:18:29.629+0000] {dag.py:3096} INFO - Sync 1 DAGs
[2025-06-18T19:18:29.655+0000] {logging_mixin.py:188} INFO - [2025-06-18T19:18:29.655+0000] {dag.py:3954} INFO - Setting next_dagrun for process_sales to None, run_after=None
[2025-06-18T19:18:29.716+0000] {processor.py:183} INFO - Processing /opt/airflow/dags/process_sales_dag.py took 0.226 seconds
[2025-06-18T19:19:00.622+0000] {processor.py:161} INFO - Started process (PID=270) to work on /opt/airflow/dags/process_sales_dag.py
[2025-06-18T19:19:00.624+0000] {processor.py:830} INFO - Processing file /opt/airflow/dags/process_sales_dag.py for tasks to queue
[2025-06-18T19:19:00.627+0000] {logging_mixin.py:188} INFO - [2025-06-18T19:19:00.627+0000] {dagbag.py:545} INFO - Filling up the DagBag from /opt/airflow/dags/process_sales_dag.py
[2025-06-18T19:19:00.686+0000] {processor.py:840} INFO - DAG(s) 'process_sales' retrieved from /opt/airflow/dags/process_sales_dag.py
[2025-06-18T19:19:00.746+0000] {logging_mixin.py:188} INFO - [2025-06-18T19:19:00.746+0000] {dag.py:3096} INFO - Sync 1 DAGs
[2025-06-18T19:19:00.766+0000] {logging_mixin.py:188} INFO - [2025-06-18T19:19:00.765+0000] {dag.py:3954} INFO - Setting next_dagrun for process_sales to None, run_after=None
[2025-06-18T19:19:00.803+0000] {processor.py:183} INFO - Processing /opt/airflow/dags/process_sales_dag.py took 0.194 seconds
[2025-06-18T19:19:54.099+0000] {processor.py:161} INFO - Started process (PID=171) to work on /opt/airflow/dags/process_sales_dag.py
[2025-06-18T19:19:54.107+0000] {processor.py:830} INFO - Processing file /opt/airflow/dags/process_sales_dag.py for tasks to queue
[2025-06-18T19:19:54.112+0000] {logging_mixin.py:188} INFO - [2025-06-18T19:19:54.111+0000] {dagbag.py:545} INFO - Filling up the DagBag from /opt/airflow/dags/process_sales_dag.py
[2025-06-18T19:19:54.175+0000] {processor.py:840} INFO - DAG(s) 'process_sales' retrieved from /opt/airflow/dags/process_sales_dag.py
[2025-06-18T19:19:54.362+0000] {logging_mixin.py:188} INFO - [2025-06-18T19:19:54.361+0000] {dag.py:3096} INFO - Sync 1 DAGs
[2025-06-18T19:19:54.520+0000] {logging_mixin.py:188} INFO - [2025-06-18T19:19:54.519+0000] {dag.py:3954} INFO - Setting next_dagrun for process_sales to None, run_after=None
[2025-06-18T19:19:54.766+0000] {processor.py:183} INFO - Processing /opt/airflow/dags/process_sales_dag.py took 0.692 seconds
[2025-06-18T19:20:25.822+0000] {processor.py:161} INFO - Started process (PID=191) to work on /opt/airflow/dags/process_sales_dag.py
[2025-06-18T19:20:25.826+0000] {processor.py:830} INFO - Processing file /opt/airflow/dags/process_sales_dag.py for tasks to queue
[2025-06-18T19:20:25.831+0000] {logging_mixin.py:188} INFO - [2025-06-18T19:20:25.830+0000] {dagbag.py:545} INFO - Filling up the DagBag from /opt/airflow/dags/process_sales_dag.py
[2025-06-18T19:20:25.865+0000] {processor.py:840} INFO - DAG(s) 'process_sales' retrieved from /opt/airflow/dags/process_sales_dag.py
[2025-06-18T19:20:25.911+0000] {logging_mixin.py:188} INFO - [2025-06-18T19:20:25.911+0000] {dag.py:3096} INFO - Sync 1 DAGs
[2025-06-18T19:20:25.931+0000] {logging_mixin.py:188} INFO - [2025-06-18T19:20:25.931+0000] {dag.py:3954} INFO - Setting next_dagrun for process_sales to None, run_after=None
[2025-06-18T19:20:25.966+0000] {processor.py:183} INFO - Processing /opt/airflow/dags/process_sales_dag.py took 0.157 seconds
[2025-06-18T19:20:58.376+0000] {processor.py:161} INFO - Started process (PID=211) to work on /opt/airflow/dags/process_sales_dag.py
[2025-06-18T19:20:58.379+0000] {processor.py:830} INFO - Processing file /opt/airflow/dags/process_sales_dag.py for tasks to queue
[2025-06-18T19:20:58.384+0000] {logging_mixin.py:188} INFO - [2025-06-18T19:20:58.384+0000] {dagbag.py:545} INFO - Filling up the DagBag from /opt/airflow/dags/process_sales_dag.py
[2025-06-18T19:20:58.409+0000] {processor.py:840} INFO - DAG(s) 'process_sales' retrieved from /opt/airflow/dags/process_sales_dag.py
[2025-06-18T19:20:58.457+0000] {logging_mixin.py:188} INFO - [2025-06-18T19:20:58.456+0000] {dag.py:3096} INFO - Sync 1 DAGs
[2025-06-18T19:20:58.473+0000] {logging_mixin.py:188} INFO - [2025-06-18T19:20:58.473+0000] {dag.py:3954} INFO - Setting next_dagrun for process_sales to None, run_after=None
[2025-06-18T19:20:58.502+0000] {processor.py:183} INFO - Processing /opt/airflow/dags/process_sales_dag.py took 0.139 seconds
[2025-06-18T19:21:30.800+0000] {processor.py:161} INFO - Started process (PID=233) to work on /opt/airflow/dags/process_sales_dag.py
[2025-06-18T19:21:30.802+0000] {processor.py:830} INFO - Processing file /opt/airflow/dags/process_sales_dag.py for tasks to queue
[2025-06-18T19:21:30.806+0000] {logging_mixin.py:188} INFO - [2025-06-18T19:21:30.806+0000] {dagbag.py:545} INFO - Filling up the DagBag from /opt/airflow/dags/process_sales_dag.py
[2025-06-18T19:21:30.831+0000] {processor.py:840} INFO - DAG(s) 'process_sales' retrieved from /opt/airflow/dags/process_sales_dag.py
[2025-06-18T19:21:30.872+0000] {logging_mixin.py:188} INFO - [2025-06-18T19:21:30.872+0000] {dag.py:3096} INFO - Sync 1 DAGs
[2025-06-18T19:21:30.890+0000] {logging_mixin.py:188} INFO - [2025-06-18T19:21:30.889+0000] {dag.py:3954} INFO - Setting next_dagrun for process_sales to None, run_after=None
[2025-06-18T19:21:30.920+0000] {processor.py:183} INFO - Processing /opt/airflow/dags/process_sales_dag.py took 0.134 seconds
[2025-06-18T19:22:01.436+0000] {processor.py:161} INFO - Started process (PID=251) to work on /opt/airflow/dags/process_sales_dag.py
[2025-06-18T19:22:01.441+0000] {processor.py:830} INFO - Processing file /opt/airflow/dags/process_sales_dag.py for tasks to queue
[2025-06-18T19:22:01.455+0000] {logging_mixin.py:188} INFO - [2025-06-18T19:22:01.454+0000] {dagbag.py:545} INFO - Filling up the DagBag from /opt/airflow/dags/process_sales_dag.py
[2025-06-18T19:22:01.542+0000] {processor.py:840} INFO - DAG(s) 'process_sales' retrieved from /opt/airflow/dags/process_sales_dag.py
[2025-06-18T19:22:01.635+0000] {logging_mixin.py:188} INFO - [2025-06-18T19:22:01.634+0000] {dag.py:3096} INFO - Sync 1 DAGs
[2025-06-18T19:22:01.670+0000] {logging_mixin.py:188} INFO - [2025-06-18T19:22:01.670+0000] {dag.py:3954} INFO - Setting next_dagrun for process_sales to None, run_after=None
[2025-06-18T19:22:01.719+0000] {processor.py:183} INFO - Processing /opt/airflow/dags/process_sales_dag.py took 0.316 seconds
[2025-06-18T19:22:32.862+0000] {processor.py:161} INFO - Started process (PID=271) to work on /opt/airflow/dags/process_sales_dag.py
[2025-06-18T19:22:32.908+0000] {processor.py:830} INFO - Processing file /opt/airflow/dags/process_sales_dag.py for tasks to queue
[2025-06-18T19:22:33.108+0000] {logging_mixin.py:188} INFO - [2025-06-18T19:22:33.042+0000] {dagbag.py:545} INFO - Filling up the DagBag from /opt/airflow/dags/process_sales_dag.py
[2025-06-18T19:22:33.344+0000] {processor.py:840} INFO - DAG(s) 'process_sales' retrieved from /opt/airflow/dags/process_sales_dag.py
[2025-06-18T19:22:33.440+0000] {logging_mixin.py:188} INFO - [2025-06-18T19:22:33.440+0000] {dag.py:3096} INFO - Sync 1 DAGs
[2025-06-18T19:22:33.464+0000] {logging_mixin.py:188} INFO - [2025-06-18T19:22:33.464+0000] {dag.py:3954} INFO - Setting next_dagrun for process_sales to None, run_after=None
[2025-06-18T19:22:33.505+0000] {processor.py:183} INFO - Processing /opt/airflow/dags/process_sales_dag.py took 0.774 seconds
[2025-06-18T19:23:05.832+0000] {processor.py:161} INFO - Started process (PID=293) to work on /opt/airflow/dags/process_sales_dag.py
[2025-06-18T19:23:05.847+0000] {processor.py:830} INFO - Processing file /opt/airflow/dags/process_sales_dag.py for tasks to queue
[2025-06-18T19:23:05.853+0000] {logging_mixin.py:188} INFO - [2025-06-18T19:23:05.852+0000] {dagbag.py:545} INFO - Filling up the DagBag from /opt/airflow/dags/process_sales_dag.py
[2025-06-18T19:23:06.287+0000] {processor.py:840} INFO - DAG(s) 'process_sales' retrieved from /opt/airflow/dags/process_sales_dag.py
[2025-06-18T19:23:06.543+0000] {logging_mixin.py:188} INFO - [2025-06-18T19:23:06.533+0000] {dag.py:3096} INFO - Sync 1 DAGs
[2025-06-18T19:23:06.606+0000] {logging_mixin.py:188} INFO - [2025-06-18T19:23:06.603+0000] {dag.py:3954} INFO - Setting next_dagrun for process_sales to None, run_after=None
[2025-06-18T19:23:06.854+0000] {processor.py:183} INFO - Processing /opt/airflow/dags/process_sales_dag.py took 1.061 seconds
[2025-06-18T19:23:37.115+0000] {processor.py:161} INFO - Started process (PID=311) to work on /opt/airflow/dags/process_sales_dag.py
[2025-06-18T19:23:37.118+0000] {processor.py:830} INFO - Processing file /opt/airflow/dags/process_sales_dag.py for tasks to queue
[2025-06-18T19:23:37.123+0000] {logging_mixin.py:188} INFO - [2025-06-18T19:23:37.122+0000] {dagbag.py:545} INFO - Filling up the DagBag from /opt/airflow/dags/process_sales_dag.py
[2025-06-18T19:23:37.171+0000] {processor.py:840} INFO - DAG(s) 'process_sales' retrieved from /opt/airflow/dags/process_sales_dag.py
[2025-06-18T19:23:37.238+0000] {logging_mixin.py:188} INFO - [2025-06-18T19:23:37.238+0000] {dag.py:3096} INFO - Sync 1 DAGs
[2025-06-18T19:23:37.265+0000] {logging_mixin.py:188} INFO - [2025-06-18T19:23:37.265+0000] {dag.py:3954} INFO - Setting next_dagrun for process_sales to None, run_after=None
[2025-06-18T19:23:37.333+0000] {processor.py:183} INFO - Processing /opt/airflow/dags/process_sales_dag.py took 0.235 seconds
[2025-06-18T19:24:08.070+0000] {processor.py:161} INFO - Started process (PID=326) to work on /opt/airflow/dags/process_sales_dag.py
[2025-06-18T19:24:08.077+0000] {processor.py:830} INFO - Processing file /opt/airflow/dags/process_sales_dag.py for tasks to queue
[2025-06-18T19:24:08.083+0000] {logging_mixin.py:188} INFO - [2025-06-18T19:24:08.082+0000] {dagbag.py:545} INFO - Filling up the DagBag from /opt/airflow/dags/process_sales_dag.py
[2025-06-18T19:24:08.136+0000] {processor.py:840} INFO - DAG(s) 'process_sales' retrieved from /opt/airflow/dags/process_sales_dag.py
[2025-06-18T19:24:08.201+0000] {logging_mixin.py:188} INFO - [2025-06-18T19:24:08.200+0000] {dag.py:3096} INFO - Sync 1 DAGs
[2025-06-18T19:24:08.236+0000] {logging_mixin.py:188} INFO - [2025-06-18T19:24:08.235+0000] {dag.py:3954} INFO - Setting next_dagrun for process_sales to None, run_after=None
[2025-06-18T19:24:08.281+0000] {processor.py:183} INFO - Processing /opt/airflow/dags/process_sales_dag.py took 0.222 seconds
[2025-06-18T19:24:39.242+0000] {processor.py:161} INFO - Started process (PID=343) to work on /opt/airflow/dags/process_sales_dag.py
[2025-06-18T19:24:39.262+0000] {processor.py:830} INFO - Processing file /opt/airflow/dags/process_sales_dag.py for tasks to queue
[2025-06-18T19:24:39.280+0000] {logging_mixin.py:188} INFO - [2025-06-18T19:24:39.268+0000] {dagbag.py:545} INFO - Filling up the DagBag from /opt/airflow/dags/process_sales_dag.py
[2025-06-18T19:24:39.406+0000] {processor.py:840} INFO - DAG(s) 'process_sales' retrieved from /opt/airflow/dags/process_sales_dag.py
[2025-06-18T19:24:39.494+0000] {logging_mixin.py:188} INFO - [2025-06-18T19:24:39.494+0000] {dag.py:3096} INFO - Sync 1 DAGs
[2025-06-18T19:24:39.554+0000] {logging_mixin.py:188} INFO - [2025-06-18T19:24:39.554+0000] {dag.py:3954} INFO - Setting next_dagrun for process_sales to None, run_after=None
[2025-06-18T19:24:39.604+0000] {processor.py:183} INFO - Processing /opt/airflow/dags/process_sales_dag.py took 0.425 seconds
[2025-06-18T19:25:10.375+0000] {processor.py:161} INFO - Started process (PID=366) to work on /opt/airflow/dags/process_sales_dag.py
[2025-06-18T19:25:10.380+0000] {processor.py:830} INFO - Processing file /opt/airflow/dags/process_sales_dag.py for tasks to queue
[2025-06-18T19:25:10.388+0000] {logging_mixin.py:188} INFO - [2025-06-18T19:25:10.387+0000] {dagbag.py:545} INFO - Filling up the DagBag from /opt/airflow/dags/process_sales_dag.py
[2025-06-18T19:25:10.515+0000] {processor.py:840} INFO - DAG(s) 'process_sales' retrieved from /opt/airflow/dags/process_sales_dag.py
[2025-06-18T19:25:10.613+0000] {logging_mixin.py:188} INFO - [2025-06-18T19:25:10.612+0000] {dag.py:3096} INFO - Sync 1 DAGs
[2025-06-18T19:25:10.645+0000] {logging_mixin.py:188} INFO - [2025-06-18T19:25:10.644+0000] {dag.py:3954} INFO - Setting next_dagrun for process_sales to None, run_after=None
[2025-06-18T19:25:11.986+0000] {processor.py:183} INFO - Processing /opt/airflow/dags/process_sales_dag.py took 1.663 seconds
[2025-06-18T19:25:43.732+0000] {processor.py:161} INFO - Started process (PID=391) to work on /opt/airflow/dags/process_sales_dag.py
[2025-06-18T19:25:43.734+0000] {processor.py:830} INFO - Processing file /opt/airflow/dags/process_sales_dag.py for tasks to queue
[2025-06-18T19:25:43.740+0000] {logging_mixin.py:188} INFO - [2025-06-18T19:25:43.739+0000] {dagbag.py:545} INFO - Filling up the DagBag from /opt/airflow/dags/process_sales_dag.py
[2025-06-18T19:25:43.798+0000] {processor.py:840} INFO - DAG(s) 'process_sales' retrieved from /opt/airflow/dags/process_sales_dag.py
[2025-06-18T19:25:43.884+0000] {logging_mixin.py:188} INFO - [2025-06-18T19:25:43.884+0000] {dag.py:3096} INFO - Sync 1 DAGs
[2025-06-18T19:25:44.263+0000] {logging_mixin.py:188} INFO - [2025-06-18T19:25:44.263+0000] {dag.py:3954} INFO - Setting next_dagrun for process_sales to None, run_after=None
[2025-06-18T19:25:44.365+0000] {processor.py:183} INFO - Processing /opt/airflow/dags/process_sales_dag.py took 0.647 seconds
[2025-06-18T19:26:14.743+0000] {processor.py:161} INFO - Started process (PID=411) to work on /opt/airflow/dags/process_sales_dag.py
[2025-06-18T19:26:14.745+0000] {processor.py:830} INFO - Processing file /opt/airflow/dags/process_sales_dag.py for tasks to queue
[2025-06-18T19:26:14.749+0000] {logging_mixin.py:188} INFO - [2025-06-18T19:26:14.748+0000] {dagbag.py:545} INFO - Filling up the DagBag from /opt/airflow/dags/process_sales_dag.py
[2025-06-18T19:26:14.786+0000] {processor.py:840} INFO - DAG(s) 'process_sales' retrieved from /opt/airflow/dags/process_sales_dag.py
[2025-06-18T19:26:15.665+0000] {logging_mixin.py:188} INFO - [2025-06-18T19:26:15.665+0000] {dag.py:3096} INFO - Sync 1 DAGs
[2025-06-18T19:26:16.531+0000] {logging_mixin.py:188} INFO - [2025-06-18T19:26:16.470+0000] {dag.py:3954} INFO - Setting next_dagrun for process_sales to None, run_after=None
[2025-06-18T19:26:16.752+0000] {processor.py:183} INFO - Processing /opt/airflow/dags/process_sales_dag.py took 2.026 seconds
[2025-06-18T19:26:47.755+0000] {processor.py:161} INFO - Started process (PID=431) to work on /opt/airflow/dags/process_sales_dag.py
[2025-06-18T19:26:47.765+0000] {processor.py:830} INFO - Processing file /opt/airflow/dags/process_sales_dag.py for tasks to queue
[2025-06-18T19:26:47.769+0000] {logging_mixin.py:188} INFO - [2025-06-18T19:26:47.768+0000] {dagbag.py:545} INFO - Filling up the DagBag from /opt/airflow/dags/process_sales_dag.py
[2025-06-18T19:26:47.838+0000] {processor.py:840} INFO - DAG(s) 'process_sales' retrieved from /opt/airflow/dags/process_sales_dag.py
[2025-06-18T19:26:47.894+0000] {logging_mixin.py:188} INFO - [2025-06-18T19:26:47.893+0000] {dag.py:3096} INFO - Sync 1 DAGs
[2025-06-18T19:26:47.918+0000] {logging_mixin.py:188} INFO - [2025-06-18T19:26:47.917+0000] {dag.py:3954} INFO - Setting next_dagrun for process_sales to None, run_after=None
[2025-06-18T19:26:47.954+0000] {processor.py:183} INFO - Processing /opt/airflow/dags/process_sales_dag.py took 0.217 seconds
[2025-06-18T19:27:18.704+0000] {processor.py:161} INFO - Started process (PID=451) to work on /opt/airflow/dags/process_sales_dag.py
[2025-06-18T19:27:18.749+0000] {processor.py:830} INFO - Processing file /opt/airflow/dags/process_sales_dag.py for tasks to queue
[2025-06-18T19:27:18.840+0000] {logging_mixin.py:188} INFO - [2025-06-18T19:27:18.817+0000] {dagbag.py:545} INFO - Filling up the DagBag from /opt/airflow/dags/process_sales_dag.py
[2025-06-18T19:27:19.197+0000] {processor.py:840} INFO - DAG(s) 'process_sales' retrieved from /opt/airflow/dags/process_sales_dag.py
[2025-06-18T19:27:19.314+0000] {logging_mixin.py:188} INFO - [2025-06-18T19:27:19.314+0000] {dag.py:3096} INFO - Sync 1 DAGs
[2025-06-18T19:27:19.353+0000] {logging_mixin.py:188} INFO - [2025-06-18T19:27:19.352+0000] {dag.py:3954} INFO - Setting next_dagrun for process_sales to None, run_after=None
[2025-06-18T19:27:19.401+0000] {processor.py:183} INFO - Processing /opt/airflow/dags/process_sales_dag.py took 1.021 seconds
[2025-06-18T19:27:51.009+0000] {processor.py:161} INFO - Started process (PID=471) to work on /opt/airflow/dags/process_sales_dag.py
[2025-06-18T19:27:51.016+0000] {processor.py:830} INFO - Processing file /opt/airflow/dags/process_sales_dag.py for tasks to queue
[2025-06-18T19:27:51.027+0000] {logging_mixin.py:188} INFO - [2025-06-18T19:27:51.025+0000] {dagbag.py:545} INFO - Filling up the DagBag from /opt/airflow/dags/process_sales_dag.py
[2025-06-18T19:27:51.129+0000] {processor.py:840} INFO - DAG(s) 'process_sales' retrieved from /opt/airflow/dags/process_sales_dag.py
[2025-06-18T19:27:51.214+0000] {logging_mixin.py:188} INFO - [2025-06-18T19:27:51.214+0000] {dag.py:3096} INFO - Sync 1 DAGs
[2025-06-18T19:27:51.237+0000] {logging_mixin.py:188} INFO - [2025-06-18T19:27:51.237+0000] {dag.py:3954} INFO - Setting next_dagrun for process_sales to None, run_after=None
[2025-06-18T19:27:51.285+0000] {processor.py:183} INFO - Processing /opt/airflow/dags/process_sales_dag.py took 0.316 seconds
[2025-06-18T19:28:21.961+0000] {processor.py:161} INFO - Started process (PID=491) to work on /opt/airflow/dags/process_sales_dag.py
[2025-06-18T19:28:21.965+0000] {processor.py:830} INFO - Processing file /opt/airflow/dags/process_sales_dag.py for tasks to queue
[2025-06-18T19:28:21.971+0000] {logging_mixin.py:188} INFO - [2025-06-18T19:28:21.970+0000] {dagbag.py:545} INFO - Filling up the DagBag from /opt/airflow/dags/process_sales_dag.py
[2025-06-18T19:28:22.057+0000] {processor.py:840} INFO - DAG(s) 'process_sales' retrieved from /opt/airflow/dags/process_sales_dag.py
[2025-06-18T19:28:22.188+0000] {logging_mixin.py:188} INFO - [2025-06-18T19:28:22.188+0000] {dag.py:3096} INFO - Sync 1 DAGs
[2025-06-18T19:28:22.238+0000] {logging_mixin.py:188} INFO - [2025-06-18T19:28:22.238+0000] {dag.py:3954} INFO - Setting next_dagrun for process_sales to None, run_after=None
[2025-06-18T19:28:22.312+0000] {processor.py:183} INFO - Processing /opt/airflow/dags/process_sales_dag.py took 0.371 seconds
[2025-06-18T19:28:52.730+0000] {processor.py:161} INFO - Started process (PID=508) to work on /opt/airflow/dags/process_sales_dag.py
[2025-06-18T19:28:52.733+0000] {processor.py:830} INFO - Processing file /opt/airflow/dags/process_sales_dag.py for tasks to queue
[2025-06-18T19:28:52.737+0000] {logging_mixin.py:188} INFO - [2025-06-18T19:28:52.736+0000] {dagbag.py:545} INFO - Filling up the DagBag from /opt/airflow/dags/process_sales_dag.py
[2025-06-18T19:28:52.775+0000] {processor.py:840} INFO - DAG(s) 'process_sales' retrieved from /opt/airflow/dags/process_sales_dag.py
[2025-06-18T19:28:52.841+0000] {logging_mixin.py:188} INFO - [2025-06-18T19:28:52.840+0000] {dag.py:3096} INFO - Sync 1 DAGs
[2025-06-18T19:28:52.880+0000] {logging_mixin.py:188} INFO - [2025-06-18T19:28:52.879+0000] {dag.py:3954} INFO - Setting next_dagrun for process_sales to None, run_after=None
[2025-06-18T19:28:52.940+0000] {processor.py:183} INFO - Processing /opt/airflow/dags/process_sales_dag.py took 0.223 seconds
[2025-06-18T19:29:23.247+0000] {processor.py:161} INFO - Started process (PID=528) to work on /opt/airflow/dags/process_sales_dag.py
[2025-06-18T19:29:23.249+0000] {processor.py:830} INFO - Processing file /opt/airflow/dags/process_sales_dag.py for tasks to queue
[2025-06-18T19:29:23.252+0000] {logging_mixin.py:188} INFO - [2025-06-18T19:29:23.251+0000] {dagbag.py:545} INFO - Filling up the DagBag from /opt/airflow/dags/process_sales_dag.py
[2025-06-18T19:29:23.277+0000] {processor.py:840} INFO - DAG(s) 'process_sales' retrieved from /opt/airflow/dags/process_sales_dag.py
[2025-06-18T19:29:23.326+0000] {logging_mixin.py:188} INFO - [2025-06-18T19:29:23.325+0000] {dag.py:3096} INFO - Sync 1 DAGs
[2025-06-18T19:29:23.343+0000] {logging_mixin.py:188} INFO - [2025-06-18T19:29:23.342+0000] {dag.py:3954} INFO - Setting next_dagrun for process_sales to None, run_after=None
[2025-06-18T19:29:23.369+0000] {processor.py:183} INFO - Processing /opt/airflow/dags/process_sales_dag.py took 0.130 seconds
[2025-06-18T19:29:54.012+0000] {processor.py:161} INFO - Started process (PID=551) to work on /opt/airflow/dags/process_sales_dag.py
[2025-06-18T19:29:54.018+0000] {processor.py:830} INFO - Processing file /opt/airflow/dags/process_sales_dag.py for tasks to queue
[2025-06-18T19:29:54.035+0000] {logging_mixin.py:188} INFO - [2025-06-18T19:29:54.034+0000] {dagbag.py:545} INFO - Filling up the DagBag from /opt/airflow/dags/process_sales_dag.py
[2025-06-18T19:29:54.097+0000] {processor.py:840} INFO - DAG(s) 'process_sales' retrieved from /opt/airflow/dags/process_sales_dag.py
[2025-06-18T19:29:54.175+0000] {logging_mixin.py:188} INFO - [2025-06-18T19:29:54.174+0000] {dag.py:3096} INFO - Sync 1 DAGs
[2025-06-18T19:29:54.204+0000] {logging_mixin.py:188} INFO - [2025-06-18T19:29:54.204+0000] {dag.py:3954} INFO - Setting next_dagrun for process_sales to None, run_after=None
[2025-06-18T19:29:54.244+0000] {processor.py:183} INFO - Processing /opt/airflow/dags/process_sales_dag.py took 0.267 seconds
[2025-06-18T19:30:24.986+0000] {processor.py:161} INFO - Started process (PID=571) to work on /opt/airflow/dags/process_sales_dag.py
[2025-06-18T19:30:24.989+0000] {processor.py:830} INFO - Processing file /opt/airflow/dags/process_sales_dag.py for tasks to queue
[2025-06-18T19:30:25.001+0000] {logging_mixin.py:188} INFO - [2025-06-18T19:30:25.000+0000] {dagbag.py:545} INFO - Filling up the DagBag from /opt/airflow/dags/process_sales_dag.py
[2025-06-18T19:30:25.060+0000] {processor.py:840} INFO - DAG(s) 'process_sales' retrieved from /opt/airflow/dags/process_sales_dag.py
[2025-06-18T19:30:25.190+0000] {logging_mixin.py:188} INFO - [2025-06-18T19:30:25.189+0000] {dag.py:3096} INFO - Sync 1 DAGs
[2025-06-18T19:30:25.246+0000] {logging_mixin.py:188} INFO - [2025-06-18T19:30:25.246+0000] {dag.py:3954} INFO - Setting next_dagrun for process_sales to None, run_after=None
[2025-06-18T19:30:25.347+0000] {processor.py:183} INFO - Processing /opt/airflow/dags/process_sales_dag.py took 0.404 seconds
[2025-06-18T19:30:56.966+0000] {processor.py:161} INFO - Started process (PID=591) to work on /opt/airflow/dags/process_sales_dag.py
[2025-06-18T19:30:56.970+0000] {processor.py:830} INFO - Processing file /opt/airflow/dags/process_sales_dag.py for tasks to queue
[2025-06-18T19:30:56.979+0000] {logging_mixin.py:188} INFO - [2025-06-18T19:30:56.977+0000] {dagbag.py:545} INFO - Filling up the DagBag from /opt/airflow/dags/process_sales_dag.py
[2025-06-18T19:30:57.062+0000] {processor.py:840} INFO - DAG(s) 'process_sales' retrieved from /opt/airflow/dags/process_sales_dag.py
[2025-06-18T19:30:57.153+0000] {logging_mixin.py:188} INFO - [2025-06-18T19:30:57.152+0000] {dag.py:3096} INFO - Sync 1 DAGs
[2025-06-18T19:30:57.187+0000] {logging_mixin.py:188} INFO - [2025-06-18T19:30:57.186+0000] {dag.py:3954} INFO - Setting next_dagrun for process_sales to None, run_after=None
[2025-06-18T19:30:57.250+0000] {processor.py:183} INFO - Processing /opt/airflow/dags/process_sales_dag.py took 0.315 seconds
[2025-06-18T19:31:27.649+0000] {processor.py:161} INFO - Started process (PID=611) to work on /opt/airflow/dags/process_sales_dag.py
[2025-06-18T19:31:27.777+0000] {processor.py:830} INFO - Processing file /opt/airflow/dags/process_sales_dag.py for tasks to queue
[2025-06-18T19:31:27.784+0000] {logging_mixin.py:188} INFO - [2025-06-18T19:31:27.783+0000] {dagbag.py:545} INFO - Filling up the DagBag from /opt/airflow/dags/process_sales_dag.py
[2025-06-18T19:31:27.895+0000] {processor.py:840} INFO - DAG(s) 'process_sales' retrieved from /opt/airflow/dags/process_sales_dag.py
[2025-06-18T19:31:28.076+0000] {logging_mixin.py:188} INFO - [2025-06-18T19:31:28.076+0000] {dag.py:3096} INFO - Sync 1 DAGs
[2025-06-18T19:31:28.166+0000] {logging_mixin.py:188} INFO - [2025-06-18T19:31:28.165+0000] {dag.py:3954} INFO - Setting next_dagrun for process_sales to None, run_after=None
[2025-06-18T19:31:28.295+0000] {processor.py:183} INFO - Processing /opt/airflow/dags/process_sales_dag.py took 0.680 seconds
[2025-06-18T19:31:59.452+0000] {processor.py:161} INFO - Started process (PID=631) to work on /opt/airflow/dags/process_sales_dag.py
[2025-06-18T19:31:59.455+0000] {processor.py:830} INFO - Processing file /opt/airflow/dags/process_sales_dag.py for tasks to queue
[2025-06-18T19:31:59.463+0000] {logging_mixin.py:188} INFO - [2025-06-18T19:31:59.462+0000] {dagbag.py:545} INFO - Filling up the DagBag from /opt/airflow/dags/process_sales_dag.py
[2025-06-18T19:31:59.546+0000] {processor.py:840} INFO - DAG(s) 'process_sales' retrieved from /opt/airflow/dags/process_sales_dag.py
[2025-06-18T19:31:59.709+0000] {logging_mixin.py:188} INFO - [2025-06-18T19:31:59.708+0000] {dag.py:3096} INFO - Sync 1 DAGs
[2025-06-18T19:31:59.734+0000] {logging_mixin.py:188} INFO - [2025-06-18T19:31:59.734+0000] {dag.py:3954} INFO - Setting next_dagrun for process_sales to None, run_after=None
[2025-06-18T19:31:59.772+0000] {processor.py:183} INFO - Processing /opt/airflow/dags/process_sales_dag.py took 0.363 seconds
[2025-06-18T19:32:30.143+0000] {processor.py:161} INFO - Started process (PID=651) to work on /opt/airflow/dags/process_sales_dag.py
[2025-06-18T19:32:30.149+0000] {processor.py:830} INFO - Processing file /opt/airflow/dags/process_sales_dag.py for tasks to queue
[2025-06-18T19:32:30.160+0000] {logging_mixin.py:188} INFO - [2025-06-18T19:32:30.158+0000] {dagbag.py:545} INFO - Filling up the DagBag from /opt/airflow/dags/process_sales_dag.py
[2025-06-18T19:32:30.260+0000] {processor.py:840} INFO - DAG(s) 'process_sales' retrieved from /opt/airflow/dags/process_sales_dag.py
[2025-06-18T19:32:30.450+0000] {logging_mixin.py:188} INFO - [2025-06-18T19:32:30.450+0000] {dag.py:3096} INFO - Sync 1 DAGs
[2025-06-18T19:32:30.520+0000] {logging_mixin.py:188} INFO - [2025-06-18T19:32:30.519+0000] {dag.py:3954} INFO - Setting next_dagrun for process_sales to None, run_after=None
[2025-06-18T19:32:30.618+0000] {processor.py:183} INFO - Processing /opt/airflow/dags/process_sales_dag.py took 0.496 seconds
[2025-06-18T19:33:00.815+0000] {processor.py:161} INFO - Started process (PID=671) to work on /opt/airflow/dags/process_sales_dag.py
[2025-06-18T19:33:00.817+0000] {processor.py:830} INFO - Processing file /opt/airflow/dags/process_sales_dag.py for tasks to queue
[2025-06-18T19:33:00.822+0000] {logging_mixin.py:188} INFO - [2025-06-18T19:33:00.821+0000] {dagbag.py:545} INFO - Filling up the DagBag from /opt/airflow/dags/process_sales_dag.py
[2025-06-18T19:33:00.870+0000] {processor.py:840} INFO - DAG(s) 'process_sales' retrieved from /opt/airflow/dags/process_sales_dag.py
[2025-06-18T19:33:00.969+0000] {logging_mixin.py:188} INFO - [2025-06-18T19:33:00.968+0000] {dag.py:3096} INFO - Sync 1 DAGs
[2025-06-18T19:33:01.020+0000] {logging_mixin.py:188} INFO - [2025-06-18T19:33:01.020+0000] {dag.py:3954} INFO - Setting next_dagrun for process_sales to None, run_after=None
[2025-06-18T19:33:01.078+0000] {processor.py:183} INFO - Processing /opt/airflow/dags/process_sales_dag.py took 0.282 seconds
[2025-06-18T19:33:31.557+0000] {processor.py:161} INFO - Started process (PID=691) to work on /opt/airflow/dags/process_sales_dag.py
[2025-06-18T19:33:31.560+0000] {processor.py:830} INFO - Processing file /opt/airflow/dags/process_sales_dag.py for tasks to queue
[2025-06-18T19:33:31.563+0000] {logging_mixin.py:188} INFO - [2025-06-18T19:33:31.563+0000] {dagbag.py:545} INFO - Filling up the DagBag from /opt/airflow/dags/process_sales_dag.py
[2025-06-18T19:33:31.596+0000] {processor.py:840} INFO - DAG(s) 'process_sales' retrieved from /opt/airflow/dags/process_sales_dag.py
[2025-06-18T19:33:31.658+0000] {logging_mixin.py:188} INFO - [2025-06-18T19:33:31.657+0000] {dag.py:3096} INFO - Sync 1 DAGs
[2025-06-18T19:33:31.684+0000] {logging_mixin.py:188} INFO - [2025-06-18T19:33:31.683+0000] {dag.py:3954} INFO - Setting next_dagrun for process_sales to None, run_after=None
[2025-06-18T19:33:31.726+0000] {processor.py:183} INFO - Processing /opt/airflow/dags/process_sales_dag.py took 0.179 seconds
[2025-06-18T19:34:02.842+0000] {processor.py:161} INFO - Started process (PID=711) to work on /opt/airflow/dags/process_sales_dag.py
[2025-06-18T19:34:02.849+0000] {processor.py:830} INFO - Processing file /opt/airflow/dags/process_sales_dag.py for tasks to queue
[2025-06-18T19:34:02.871+0000] {logging_mixin.py:188} INFO - [2025-06-18T19:34:02.867+0000] {dagbag.py:545} INFO - Filling up the DagBag from /opt/airflow/dags/process_sales_dag.py
[2025-06-18T19:34:02.987+0000] {processor.py:840} INFO - DAG(s) 'process_sales' retrieved from /opt/airflow/dags/process_sales_dag.py
[2025-06-18T19:34:03.070+0000] {logging_mixin.py:188} INFO - [2025-06-18T19:34:03.070+0000] {dag.py:3096} INFO - Sync 1 DAGs
[2025-06-18T19:34:03.105+0000] {logging_mixin.py:188} INFO - [2025-06-18T19:34:03.105+0000] {dag.py:3954} INFO - Setting next_dagrun for process_sales to None, run_after=None
[2025-06-18T19:34:03.172+0000] {processor.py:183} INFO - Processing /opt/airflow/dags/process_sales_dag.py took 0.432 seconds
[2025-06-18T19:34:33.406+0000] {processor.py:161} INFO - Started process (PID=731) to work on /opt/airflow/dags/process_sales_dag.py
[2025-06-18T19:34:33.409+0000] {processor.py:830} INFO - Processing file /opt/airflow/dags/process_sales_dag.py for tasks to queue
[2025-06-18T19:34:33.414+0000] {logging_mixin.py:188} INFO - [2025-06-18T19:34:33.413+0000] {dagbag.py:545} INFO - Filling up the DagBag from /opt/airflow/dags/process_sales_dag.py
[2025-06-18T19:34:33.450+0000] {processor.py:840} INFO - DAG(s) 'process_sales' retrieved from /opt/airflow/dags/process_sales_dag.py
[2025-06-18T19:34:33.500+0000] {logging_mixin.py:188} INFO - [2025-06-18T19:34:33.499+0000] {dag.py:3096} INFO - Sync 1 DAGs
[2025-06-18T19:34:33.525+0000] {logging_mixin.py:188} INFO - [2025-06-18T19:34:33.524+0000] {dag.py:3954} INFO - Setting next_dagrun for process_sales to None, run_after=None
[2025-06-18T19:34:33.558+0000] {processor.py:183} INFO - Processing /opt/airflow/dags/process_sales_dag.py took 0.165 seconds
[2025-06-18T19:35:03.741+0000] {processor.py:161} INFO - Started process (PID=748) to work on /opt/airflow/dags/process_sales_dag.py
[2025-06-18T19:35:03.743+0000] {processor.py:830} INFO - Processing file /opt/airflow/dags/process_sales_dag.py for tasks to queue
[2025-06-18T19:35:03.750+0000] {logging_mixin.py:188} INFO - [2025-06-18T19:35:03.749+0000] {dagbag.py:545} INFO - Filling up the DagBag from /opt/airflow/dags/process_sales_dag.py
[2025-06-18T19:35:03.807+0000] {processor.py:840} INFO - DAG(s) 'process_sales' retrieved from /opt/airflow/dags/process_sales_dag.py
[2025-06-18T19:35:04.022+0000] {logging_mixin.py:188} INFO - [2025-06-18T19:35:04.020+0000] {dag.py:3096} INFO - Sync 1 DAGs
[2025-06-18T19:35:04.556+0000] {logging_mixin.py:188} INFO - [2025-06-18T19:35:04.555+0000] {dag.py:3954} INFO - Setting next_dagrun for process_sales to None, run_after=None
[2025-06-18T19:35:04.685+0000] {processor.py:183} INFO - Processing /opt/airflow/dags/process_sales_dag.py took 0.966 seconds
[2025-06-18T19:35:35.030+0000] {processor.py:161} INFO - Started process (PID=771) to work on /opt/airflow/dags/process_sales_dag.py
[2025-06-18T19:35:35.032+0000] {processor.py:830} INFO - Processing file /opt/airflow/dags/process_sales_dag.py for tasks to queue
[2025-06-18T19:35:35.037+0000] {logging_mixin.py:188} INFO - [2025-06-18T19:35:35.036+0000] {dagbag.py:545} INFO - Filling up the DagBag from /opt/airflow/dags/process_sales_dag.py
[2025-06-18T19:35:35.092+0000] {processor.py:840} INFO - DAG(s) 'process_sales' retrieved from /opt/airflow/dags/process_sales_dag.py
[2025-06-18T19:35:35.160+0000] {logging_mixin.py:188} INFO - [2025-06-18T19:35:35.159+0000] {dag.py:3096} INFO - Sync 1 DAGs
[2025-06-18T19:35:35.195+0000] {logging_mixin.py:188} INFO - [2025-06-18T19:35:35.195+0000] {dag.py:3954} INFO - Setting next_dagrun for process_sales to None, run_after=None
[2025-06-18T19:35:35.255+0000] {processor.py:183} INFO - Processing /opt/airflow/dags/process_sales_dag.py took 0.238 seconds
[2025-06-18T19:36:26.172+0000] {processor.py:161} INFO - Started process (PID=173) to work on /opt/airflow/dags/process_sales_dag.py
[2025-06-18T19:36:26.175+0000] {processor.py:830} INFO - Processing file /opt/airflow/dags/process_sales_dag.py for tasks to queue
[2025-06-18T19:36:26.182+0000] {logging_mixin.py:188} INFO - [2025-06-18T19:36:26.181+0000] {dagbag.py:545} INFO - Filling up the DagBag from /opt/airflow/dags/process_sales_dag.py
[2025-06-18T19:36:26.219+0000] {processor.py:840} INFO - DAG(s) 'process_sales' retrieved from /opt/airflow/dags/process_sales_dag.py
[2025-06-18T19:36:26.280+0000] {logging_mixin.py:188} INFO - [2025-06-18T19:36:26.279+0000] {dag.py:3096} INFO - Sync 1 DAGs
[2025-06-18T19:36:26.304+0000] {logging_mixin.py:188} INFO - [2025-06-18T19:36:26.303+0000] {dag.py:3954} INFO - Setting next_dagrun for process_sales to None, run_after=None
[2025-06-18T19:36:26.345+0000] {processor.py:183} INFO - Processing /opt/airflow/dags/process_sales_dag.py took 0.188 seconds
[2025-06-18T19:36:57.388+0000] {processor.py:161} INFO - Started process (PID=193) to work on /opt/airflow/dags/process_sales_dag.py
[2025-06-18T19:36:57.391+0000] {processor.py:830} INFO - Processing file /opt/airflow/dags/process_sales_dag.py for tasks to queue
[2025-06-18T19:36:57.396+0000] {logging_mixin.py:188} INFO - [2025-06-18T19:36:57.395+0000] {dagbag.py:545} INFO - Filling up the DagBag from /opt/airflow/dags/process_sales_dag.py
[2025-06-18T19:36:57.433+0000] {processor.py:840} INFO - DAG(s) 'process_sales' retrieved from /opt/airflow/dags/process_sales_dag.py
[2025-06-18T19:36:57.502+0000] {logging_mixin.py:188} INFO - [2025-06-18T19:36:57.502+0000] {dag.py:3096} INFO - Sync 1 DAGs
[2025-06-18T19:36:57.532+0000] {logging_mixin.py:188} INFO - [2025-06-18T19:36:57.532+0000] {dag.py:3954} INFO - Setting next_dagrun for process_sales to None, run_after=None
[2025-06-18T19:36:57.578+0000] {processor.py:183} INFO - Processing /opt/airflow/dags/process_sales_dag.py took 0.203 seconds
[2025-06-18T19:37:30.401+0000] {processor.py:161} INFO - Started process (PID=269) to work on /opt/airflow/dags/process_sales_dag.py
[2025-06-18T19:37:30.406+0000] {processor.py:830} INFO - Processing file /opt/airflow/dags/process_sales_dag.py for tasks to queue
[2025-06-18T19:37:30.418+0000] {logging_mixin.py:188} INFO - [2025-06-18T19:37:30.417+0000] {dagbag.py:545} INFO - Filling up the DagBag from /opt/airflow/dags/process_sales_dag.py
[2025-06-18T19:37:30.493+0000] {processor.py:840} INFO - DAG(s) 'process_sales' retrieved from /opt/airflow/dags/process_sales_dag.py
[2025-06-18T19:37:30.593+0000] {logging_mixin.py:188} INFO - [2025-06-18T19:37:30.592+0000] {dag.py:3096} INFO - Sync 1 DAGs
[2025-06-18T19:37:30.621+0000] {logging_mixin.py:188} INFO - [2025-06-18T19:37:30.620+0000] {dag.py:3954} INFO - Setting next_dagrun for process_sales to None, run_after=None
[2025-06-18T19:37:30.665+0000] {processor.py:183} INFO - Processing /opt/airflow/dags/process_sales_dag.py took 0.283 seconds
[2025-06-18T19:38:02.183+0000] {processor.py:161} INFO - Started process (PID=454) to work on /opt/airflow/dags/process_sales_dag.py
[2025-06-18T19:38:02.185+0000] {processor.py:830} INFO - Processing file /opt/airflow/dags/process_sales_dag.py for tasks to queue
[2025-06-18T19:38:02.189+0000] {logging_mixin.py:188} INFO - [2025-06-18T19:38:02.188+0000] {dagbag.py:545} INFO - Filling up the DagBag from /opt/airflow/dags/process_sales_dag.py
[2025-06-18T19:38:02.221+0000] {processor.py:840} INFO - DAG(s) 'process_sales' retrieved from /opt/airflow/dags/process_sales_dag.py
[2025-06-18T19:38:02.270+0000] {logging_mixin.py:188} INFO - [2025-06-18T19:38:02.270+0000] {dag.py:3096} INFO - Sync 1 DAGs
[2025-06-18T19:38:02.290+0000] {logging_mixin.py:188} INFO - [2025-06-18T19:38:02.290+0000] {dag.py:3954} INFO - Setting next_dagrun for process_sales to None, run_after=None
[2025-06-18T19:38:02.340+0000] {processor.py:183} INFO - Processing /opt/airflow/dags/process_sales_dag.py took 0.173 seconds
[2025-06-18T19:38:33.043+0000] {processor.py:161} INFO - Started process (PID=472) to work on /opt/airflow/dags/process_sales_dag.py
[2025-06-18T19:38:33.054+0000] {processor.py:830} INFO - Processing file /opt/airflow/dags/process_sales_dag.py for tasks to queue
[2025-06-18T19:38:33.058+0000] {logging_mixin.py:188} INFO - [2025-06-18T19:38:33.057+0000] {dagbag.py:545} INFO - Filling up the DagBag from /opt/airflow/dags/process_sales_dag.py
[2025-06-18T19:38:33.257+0000] {processor.py:840} INFO - DAG(s) 'process_sales' retrieved from /opt/airflow/dags/process_sales_dag.py
[2025-06-18T19:38:33.664+0000] {logging_mixin.py:188} INFO - [2025-06-18T19:38:33.663+0000] {dag.py:3096} INFO - Sync 1 DAGs
[2025-06-18T19:38:33.757+0000] {logging_mixin.py:188} INFO - [2025-06-18T19:38:33.757+0000] {dag.py:3954} INFO - Setting next_dagrun for process_sales to None, run_after=None
[2025-06-18T19:38:33.885+0000] {processor.py:183} INFO - Processing /opt/airflow/dags/process_sales_dag.py took 0.892 seconds
[2025-06-18T19:39:06.571+0000] {processor.py:161} INFO - Started process (PID=492) to work on /opt/airflow/dags/process_sales_dag.py
[2025-06-18T19:39:06.587+0000] {processor.py:830} INFO - Processing file /opt/airflow/dags/process_sales_dag.py for tasks to queue
[2025-06-18T19:39:06.598+0000] {logging_mixin.py:188} INFO - [2025-06-18T19:39:06.597+0000] {dagbag.py:545} INFO - Filling up the DagBag from /opt/airflow/dags/process_sales_dag.py
[2025-06-18T19:39:06.698+0000] {processor.py:840} INFO - DAG(s) 'process_sales' retrieved from /opt/airflow/dags/process_sales_dag.py
[2025-06-18T19:39:06.922+0000] {logging_mixin.py:188} INFO - [2025-06-18T19:39:06.922+0000] {dag.py:3096} INFO - Sync 1 DAGs
[2025-06-18T19:39:06.976+0000] {logging_mixin.py:188} INFO - [2025-06-18T19:39:06.975+0000] {dag.py:3954} INFO - Setting next_dagrun for process_sales to None, run_after=None
[2025-06-18T19:39:07.044+0000] {processor.py:183} INFO - Processing /opt/airflow/dags/process_sales_dag.py took 0.496 seconds
[2025-06-18T19:39:37.610+0000] {processor.py:161} INFO - Started process (PID=512) to work on /opt/airflow/dags/process_sales_dag.py
[2025-06-18T19:39:37.613+0000] {processor.py:830} INFO - Processing file /opt/airflow/dags/process_sales_dag.py for tasks to queue
[2025-06-18T19:39:37.621+0000] {logging_mixin.py:188} INFO - [2025-06-18T19:39:37.620+0000] {dagbag.py:545} INFO - Filling up the DagBag from /opt/airflow/dags/process_sales_dag.py
[2025-06-18T19:39:37.676+0000] {processor.py:840} INFO - DAG(s) 'process_sales' retrieved from /opt/airflow/dags/process_sales_dag.py
[2025-06-18T19:39:37.813+0000] {logging_mixin.py:188} INFO - [2025-06-18T19:39:37.812+0000] {dag.py:3096} INFO - Sync 1 DAGs
[2025-06-18T19:39:37.916+0000] {logging_mixin.py:188} INFO - [2025-06-18T19:39:37.914+0000] {dag.py:3954} INFO - Setting next_dagrun for process_sales to None, run_after=None
[2025-06-18T19:39:37.972+0000] {processor.py:183} INFO - Processing /opt/airflow/dags/process_sales_dag.py took 0.380 seconds
[2025-06-18T19:40:08.767+0000] {processor.py:161} INFO - Started process (PID=532) to work on /opt/airflow/dags/process_sales_dag.py
[2025-06-18T19:40:08.770+0000] {processor.py:830} INFO - Processing file /opt/airflow/dags/process_sales_dag.py for tasks to queue
[2025-06-18T19:40:08.774+0000] {logging_mixin.py:188} INFO - [2025-06-18T19:40:08.773+0000] {dagbag.py:545} INFO - Filling up the DagBag from /opt/airflow/dags/process_sales_dag.py
[2025-06-18T19:40:08.814+0000] {processor.py:840} INFO - DAG(s) 'process_sales' retrieved from /opt/airflow/dags/process_sales_dag.py
[2025-06-18T19:40:08.876+0000] {logging_mixin.py:188} INFO - [2025-06-18T19:40:08.876+0000] {dag.py:3096} INFO - Sync 1 DAGs
[2025-06-18T19:40:08.899+0000] {logging_mixin.py:188} INFO - [2025-06-18T19:40:08.899+0000] {dag.py:3954} INFO - Setting next_dagrun for process_sales to None, run_after=None
[2025-06-18T19:40:08.959+0000] {processor.py:183} INFO - Processing /opt/airflow/dags/process_sales_dag.py took 0.207 seconds
[2025-06-18T19:40:40.135+0000] {processor.py:161} INFO - Started process (PID=554) to work on /opt/airflow/dags/process_sales_dag.py
[2025-06-18T19:40:40.136+0000] {processor.py:830} INFO - Processing file /opt/airflow/dags/process_sales_dag.py for tasks to queue
[2025-06-18T19:40:40.141+0000] {logging_mixin.py:188} INFO - [2025-06-18T19:40:40.139+0000] {dagbag.py:545} INFO - Filling up the DagBag from /opt/airflow/dags/process_sales_dag.py
[2025-06-18T19:40:40.175+0000] {processor.py:840} INFO - DAG(s) 'process_sales' retrieved from /opt/airflow/dags/process_sales_dag.py
[2025-06-18T19:40:40.229+0000] {logging_mixin.py:188} INFO - [2025-06-18T19:40:40.229+0000] {dag.py:3096} INFO - Sync 1 DAGs
[2025-06-18T19:40:40.252+0000] {logging_mixin.py:188} INFO - [2025-06-18T19:40:40.251+0000] {dag.py:3954} INFO - Setting next_dagrun for process_sales to None, run_after=None
[2025-06-18T19:40:40.288+0000] {processor.py:183} INFO - Processing /opt/airflow/dags/process_sales_dag.py took 0.165 seconds
[2025-06-18T19:41:11.879+0000] {processor.py:161} INFO - Started process (PID=572) to work on /opt/airflow/dags/process_sales_dag.py
[2025-06-18T19:41:11.882+0000] {processor.py:830} INFO - Processing file /opt/airflow/dags/process_sales_dag.py for tasks to queue
[2025-06-18T19:41:11.887+0000] {logging_mixin.py:188} INFO - [2025-06-18T19:41:11.886+0000] {dagbag.py:545} INFO - Filling up the DagBag from /opt/airflow/dags/process_sales_dag.py
[2025-06-18T19:41:11.938+0000] {processor.py:840} INFO - DAG(s) 'process_sales' retrieved from /opt/airflow/dags/process_sales_dag.py
[2025-06-18T19:41:12.113+0000] {logging_mixin.py:188} INFO - [2025-06-18T19:41:12.111+0000] {dag.py:3096} INFO - Sync 1 DAGs
[2025-06-18T19:41:12.141+0000] {logging_mixin.py:188} INFO - [2025-06-18T19:41:12.141+0000] {dag.py:3954} INFO - Setting next_dagrun for process_sales to None, run_after=None
[2025-06-18T19:41:12.220+0000] {processor.py:183} INFO - Processing /opt/airflow/dags/process_sales_dag.py took 0.358 seconds
[2025-06-18T19:42:11.776+0000] {processor.py:161} INFO - Started process (PID=592) to work on /opt/airflow/dags/process_sales_dag.py
[2025-06-18T19:42:11.798+0000] {processor.py:830} INFO - Processing file /opt/airflow/dags/process_sales_dag.py for tasks to queue
[2025-06-18T19:42:11.821+0000] {logging_mixin.py:188} INFO - [2025-06-18T19:42:11.820+0000] {dagbag.py:545} INFO - Filling up the DagBag from /opt/airflow/dags/process_sales_dag.py
[2025-06-18T19:42:11.959+0000] {processor.py:840} INFO - DAG(s) 'process_sales' retrieved from /opt/airflow/dags/process_sales_dag.py
[2025-06-18T19:42:12.171+0000] {logging_mixin.py:188} INFO - [2025-06-18T19:42:12.170+0000] {dag.py:3096} INFO - Sync 1 DAGs
[2025-06-18T19:42:12.918+0000] {logging_mixin.py:188} INFO - [2025-06-18T19:42:12.918+0000] {dag.py:3954} INFO - Setting next_dagrun for process_sales to None, run_after=None
[2025-06-18T19:42:12.967+0000] {processor.py:183} INFO - Processing /opt/airflow/dags/process_sales_dag.py took 1.228 seconds
[2025-06-18T19:42:44.811+0000] {processor.py:161} INFO - Started process (PID=612) to work on /opt/airflow/dags/process_sales_dag.py
[2025-06-18T19:42:44.823+0000] {processor.py:830} INFO - Processing file /opt/airflow/dags/process_sales_dag.py for tasks to queue
[2025-06-18T19:42:44.833+0000] {logging_mixin.py:188} INFO - [2025-06-18T19:42:44.832+0000] {dagbag.py:545} INFO - Filling up the DagBag from /opt/airflow/dags/process_sales_dag.py
[2025-06-18T19:42:45.597+0000] {processor.py:840} INFO - DAG(s) 'process_sales' retrieved from /opt/airflow/dags/process_sales_dag.py
[2025-06-18T19:42:46.746+0000] {logging_mixin.py:188} INFO - [2025-06-18T19:42:46.746+0000] {dag.py:3096} INFO - Sync 1 DAGs
[2025-06-18T19:42:46.770+0000] {logging_mixin.py:188} INFO - [2025-06-18T19:42:46.770+0000] {dag.py:3954} INFO - Setting next_dagrun for process_sales to None, run_after=None
[2025-06-18T19:42:46.855+0000] {processor.py:183} INFO - Processing /opt/airflow/dags/process_sales_dag.py took 2.093 seconds
[2025-06-18T19:43:18.153+0000] {processor.py:161} INFO - Started process (PID=632) to work on /opt/airflow/dags/process_sales_dag.py
[2025-06-18T19:43:18.160+0000] {processor.py:830} INFO - Processing file /opt/airflow/dags/process_sales_dag.py for tasks to queue
[2025-06-18T19:43:18.216+0000] {logging_mixin.py:188} INFO - [2025-06-18T19:43:18.215+0000] {dagbag.py:545} INFO - Filling up the DagBag from /opt/airflow/dags/process_sales_dag.py
[2025-06-18T19:43:21.948+0000] {processor.py:840} INFO - DAG(s) 'process_sales' retrieved from /opt/airflow/dags/process_sales_dag.py
[2025-06-18T19:43:22.145+0000] {logging_mixin.py:188} INFO - [2025-06-18T19:43:22.144+0000] {dag.py:3096} INFO - Sync 1 DAGs
[2025-06-18T19:43:22.288+0000] {logging_mixin.py:188} INFO - [2025-06-18T19:43:22.288+0000] {dag.py:3954} INFO - Setting next_dagrun for process_sales to None, run_after=None
[2025-06-18T19:43:23.275+0000] {processor.py:183} INFO - Processing /opt/airflow/dags/process_sales_dag.py took 5.164 seconds
[2025-06-18T19:43:54.615+0000] {processor.py:161} INFO - Started process (PID=652) to work on /opt/airflow/dags/process_sales_dag.py
[2025-06-18T19:43:54.620+0000] {processor.py:830} INFO - Processing file /opt/airflow/dags/process_sales_dag.py for tasks to queue
[2025-06-18T19:43:54.627+0000] {logging_mixin.py:188} INFO - [2025-06-18T19:43:54.626+0000] {dagbag.py:545} INFO - Filling up the DagBag from /opt/airflow/dags/process_sales_dag.py
[2025-06-18T19:43:54.712+0000] {processor.py:840} INFO - DAG(s) 'process_sales' retrieved from /opt/airflow/dags/process_sales_dag.py
[2025-06-18T19:43:54.815+0000] {logging_mixin.py:188} INFO - [2025-06-18T19:43:54.814+0000] {dag.py:3096} INFO - Sync 1 DAGs
[2025-06-18T19:43:54.856+0000] {logging_mixin.py:188} INFO - [2025-06-18T19:43:54.855+0000] {dag.py:3954} INFO - Setting next_dagrun for process_sales to None, run_after=None
[2025-06-18T19:43:54.909+0000] {processor.py:183} INFO - Processing /opt/airflow/dags/process_sales_dag.py took 0.350 seconds
[2025-06-18T19:44:26.041+0000] {processor.py:161} INFO - Started process (PID=672) to work on /opt/airflow/dags/process_sales_dag.py
[2025-06-18T19:44:26.044+0000] {processor.py:830} INFO - Processing file /opt/airflow/dags/process_sales_dag.py for tasks to queue
[2025-06-18T19:44:26.048+0000] {logging_mixin.py:188} INFO - [2025-06-18T19:44:26.047+0000] {dagbag.py:545} INFO - Filling up the DagBag from /opt/airflow/dags/process_sales_dag.py
[2025-06-18T19:44:26.129+0000] {processor.py:840} INFO - DAG(s) 'process_sales' retrieved from /opt/airflow/dags/process_sales_dag.py
[2025-06-18T19:44:26.233+0000] {logging_mixin.py:188} INFO - [2025-06-18T19:44:26.233+0000] {dag.py:3096} INFO - Sync 1 DAGs
[2025-06-18T19:44:26.268+0000] {logging_mixin.py:188} INFO - [2025-06-18T19:44:26.267+0000] {dag.py:3954} INFO - Setting next_dagrun for process_sales to None, run_after=None
[2025-06-18T19:44:26.316+0000] {processor.py:183} INFO - Processing /opt/airflow/dags/process_sales_dag.py took 0.294 seconds
[2025-06-18T19:44:57.263+0000] {processor.py:161} INFO - Started process (PID=692) to work on /opt/airflow/dags/process_sales_dag.py
[2025-06-18T19:44:57.267+0000] {processor.py:830} INFO - Processing file /opt/airflow/dags/process_sales_dag.py for tasks to queue
[2025-06-18T19:44:57.274+0000] {logging_mixin.py:188} INFO - [2025-06-18T19:44:57.272+0000] {dagbag.py:545} INFO - Filling up the DagBag from /opt/airflow/dags/process_sales_dag.py
[2025-06-18T19:44:57.381+0000] {processor.py:840} INFO - DAG(s) 'process_sales' retrieved from /opt/airflow/dags/process_sales_dag.py
[2025-06-18T19:44:57.470+0000] {logging_mixin.py:188} INFO - [2025-06-18T19:44:57.470+0000] {dag.py:3096} INFO - Sync 1 DAGs
[2025-06-18T19:44:57.516+0000] {logging_mixin.py:188} INFO - [2025-06-18T19:44:57.515+0000] {dag.py:3954} INFO - Setting next_dagrun for process_sales to None, run_after=None
[2025-06-18T19:44:57.597+0000] {processor.py:183} INFO - Processing /opt/airflow/dags/process_sales_dag.py took 0.361 seconds
