[2025-06-18T04:36:15.751+0000] {processor.py:161} INFO - Started process (PID=158) to work on /opt/airflow/dags/process_customers_dag.py
[2025-06-18T04:36:15.754+0000] {processor.py:830} INFO - Processing file /opt/airflow/dags/process_customers_dag.py for tasks to queue
[2025-06-18T04:36:15.760+0000] {logging_mixin.py:188} INFO - [2025-06-18T04:36:15.759+0000] {dagbag.py:545} INFO - Filling up the DagBag from /opt/airflow/dags/process_customers_dag.py
[2025-06-18T04:36:15.974+0000] {processor.py:840} INFO - DAG(s) 'process_customers' retrieved from /opt/airflow/dags/process_customers_dag.py
[2025-06-18T04:36:16.325+0000] {logging_mixin.py:188} INFO - [2025-06-18T04:36:16.325+0000] {dag.py:3096} INFO - Sync 1 DAGs
[2025-06-18T04:36:16.398+0000] {logging_mixin.py:188} INFO - [2025-06-18T04:36:16.398+0000] {dag.py:3954} INFO - Setting next_dagrun for process_customers to None, run_after=None
[2025-06-18T04:36:16.557+0000] {processor.py:183} INFO - Processing /opt/airflow/dags/process_customers_dag.py took 0.825 seconds
[2025-06-18T04:36:46.947+0000] {processor.py:161} INFO - Started process (PID=168) to work on /opt/airflow/dags/process_customers_dag.py
[2025-06-18T04:36:46.950+0000] {processor.py:830} INFO - Processing file /opt/airflow/dags/process_customers_dag.py for tasks to queue
[2025-06-18T04:36:46.959+0000] {logging_mixin.py:188} INFO - [2025-06-18T04:36:46.958+0000] {dagbag.py:545} INFO - Filling up the DagBag from /opt/airflow/dags/process_customers_dag.py
[2025-06-18T04:36:47.017+0000] {processor.py:840} INFO - DAG(s) 'process_customers' retrieved from /opt/airflow/dags/process_customers_dag.py
[2025-06-18T04:36:47.090+0000] {logging_mixin.py:188} INFO - [2025-06-18T04:36:47.086+0000] {dag.py:3096} INFO - Sync 1 DAGs
[2025-06-18T04:36:47.114+0000] {logging_mixin.py:188} INFO - [2025-06-18T04:36:47.114+0000] {dag.py:3954} INFO - Setting next_dagrun for process_customers to None, run_after=None
[2025-06-18T04:36:47.196+0000] {processor.py:183} INFO - Processing /opt/airflow/dags/process_customers_dag.py took 0.283 seconds
[2025-06-18T04:37:18.257+0000] {processor.py:161} INFO - Started process (PID=178) to work on /opt/airflow/dags/process_customers_dag.py
[2025-06-18T04:37:18.266+0000] {processor.py:830} INFO - Processing file /opt/airflow/dags/process_customers_dag.py for tasks to queue
[2025-06-18T04:37:18.471+0000] {logging_mixin.py:188} INFO - [2025-06-18T04:37:18.315+0000] {dagbag.py:545} INFO - Filling up the DagBag from /opt/airflow/dags/process_customers_dag.py
[2025-06-18T04:37:18.643+0000] {processor.py:840} INFO - DAG(s) 'process_customers' retrieved from /opt/airflow/dags/process_customers_dag.py
[2025-06-18T04:37:18.864+0000] {logging_mixin.py:188} INFO - [2025-06-18T04:37:18.864+0000] {dag.py:3096} INFO - Sync 1 DAGs
[2025-06-18T04:37:18.984+0000] {logging_mixin.py:188} INFO - [2025-06-18T04:37:18.984+0000] {dag.py:3954} INFO - Setting next_dagrun for process_customers to None, run_after=None
[2025-06-18T04:37:19.041+0000] {processor.py:183} INFO - Processing /opt/airflow/dags/process_customers_dag.py took 1.017 seconds
[2025-06-18T04:37:49.240+0000] {processor.py:161} INFO - Started process (PID=188) to work on /opt/airflow/dags/process_customers_dag.py
[2025-06-18T04:37:49.243+0000] {processor.py:830} INFO - Processing file /opt/airflow/dags/process_customers_dag.py for tasks to queue
[2025-06-18T04:37:49.248+0000] {logging_mixin.py:188} INFO - [2025-06-18T04:37:49.247+0000] {dagbag.py:545} INFO - Filling up the DagBag from /opt/airflow/dags/process_customers_dag.py
[2025-06-18T04:37:49.313+0000] {processor.py:840} INFO - DAG(s) 'process_customers' retrieved from /opt/airflow/dags/process_customers_dag.py
[2025-06-18T04:37:49.383+0000] {logging_mixin.py:188} INFO - [2025-06-18T04:37:49.382+0000] {dag.py:3096} INFO - Sync 1 DAGs
[2025-06-18T04:37:49.406+0000] {logging_mixin.py:188} INFO - [2025-06-18T04:37:49.406+0000] {dag.py:3954} INFO - Setting next_dagrun for process_customers to None, run_after=None
[2025-06-18T04:37:49.441+0000] {processor.py:183} INFO - Processing /opt/airflow/dags/process_customers_dag.py took 0.229 seconds
[2025-06-18T04:38:19.972+0000] {processor.py:161} INFO - Started process (PID=198) to work on /opt/airflow/dags/process_customers_dag.py
[2025-06-18T04:38:19.980+0000] {processor.py:830} INFO - Processing file /opt/airflow/dags/process_customers_dag.py for tasks to queue
[2025-06-18T04:38:19.985+0000] {logging_mixin.py:188} INFO - [2025-06-18T04:38:19.984+0000] {dagbag.py:545} INFO - Filling up the DagBag from /opt/airflow/dags/process_customers_dag.py
[2025-06-18T04:38:20.079+0000] {processor.py:840} INFO - DAG(s) 'process_customers' retrieved from /opt/airflow/dags/process_customers_dag.py
[2025-06-18T04:38:20.198+0000] {logging_mixin.py:188} INFO - [2025-06-18T04:38:20.197+0000] {dag.py:3096} INFO - Sync 1 DAGs
[2025-06-18T04:38:20.244+0000] {logging_mixin.py:188} INFO - [2025-06-18T04:38:20.244+0000] {dag.py:3954} INFO - Setting next_dagrun for process_customers to None, run_after=None
[2025-06-18T04:38:20.314+0000] {processor.py:183} INFO - Processing /opt/airflow/dags/process_customers_dag.py took 0.358 seconds
[2025-06-18T04:38:52.035+0000] {processor.py:161} INFO - Started process (PID=208) to work on /opt/airflow/dags/process_customers_dag.py
[2025-06-18T04:38:52.040+0000] {processor.py:830} INFO - Processing file /opt/airflow/dags/process_customers_dag.py for tasks to queue
[2025-06-18T04:38:52.046+0000] {logging_mixin.py:188} INFO - [2025-06-18T04:38:52.045+0000] {dagbag.py:545} INFO - Filling up the DagBag from /opt/airflow/dags/process_customers_dag.py
[2025-06-18T04:38:52.204+0000] {processor.py:840} INFO - DAG(s) 'process_customers' retrieved from /opt/airflow/dags/process_customers_dag.py
[2025-06-18T04:38:52.410+0000] {logging_mixin.py:188} INFO - [2025-06-18T04:38:52.410+0000] {dag.py:3096} INFO - Sync 1 DAGs
[2025-06-18T04:38:52.524+0000] {logging_mixin.py:188} INFO - [2025-06-18T04:38:52.524+0000] {dag.py:3954} INFO - Setting next_dagrun for process_customers to None, run_after=None
[2025-06-18T04:38:52.629+0000] {processor.py:183} INFO - Processing /opt/airflow/dags/process_customers_dag.py took 0.659 seconds
[2025-06-18T04:39:22.803+0000] {processor.py:161} INFO - Started process (PID=218) to work on /opt/airflow/dags/process_customers_dag.py
[2025-06-18T04:39:22.806+0000] {processor.py:830} INFO - Processing file /opt/airflow/dags/process_customers_dag.py for tasks to queue
[2025-06-18T04:39:22.811+0000] {logging_mixin.py:188} INFO - [2025-06-18T04:39:22.810+0000] {dagbag.py:545} INFO - Filling up the DagBag from /opt/airflow/dags/process_customers_dag.py
[2025-06-18T04:39:22.854+0000] {processor.py:840} INFO - DAG(s) 'process_customers' retrieved from /opt/airflow/dags/process_customers_dag.py
[2025-06-18T04:39:22.921+0000] {logging_mixin.py:188} INFO - [2025-06-18T04:39:22.920+0000] {dag.py:3096} INFO - Sync 1 DAGs
[2025-06-18T04:39:22.947+0000] {logging_mixin.py:188} INFO - [2025-06-18T04:39:22.947+0000] {dag.py:3954} INFO - Setting next_dagrun for process_customers to None, run_after=None
[2025-06-18T04:39:23.015+0000] {processor.py:183} INFO - Processing /opt/airflow/dags/process_customers_dag.py took 0.228 seconds
[2025-06-18T04:39:53.135+0000] {processor.py:161} INFO - Started process (PID=228) to work on /opt/airflow/dags/process_customers_dag.py
[2025-06-18T04:39:53.138+0000] {processor.py:830} INFO - Processing file /opt/airflow/dags/process_customers_dag.py for tasks to queue
[2025-06-18T04:39:53.142+0000] {logging_mixin.py:188} INFO - [2025-06-18T04:39:53.141+0000] {dagbag.py:545} INFO - Filling up the DagBag from /opt/airflow/dags/process_customers_dag.py
[2025-06-18T04:39:53.187+0000] {processor.py:840} INFO - DAG(s) 'process_customers' retrieved from /opt/airflow/dags/process_customers_dag.py
[2025-06-18T04:39:53.344+0000] {logging_mixin.py:188} INFO - [2025-06-18T04:39:53.343+0000] {dag.py:3096} INFO - Sync 1 DAGs
[2025-06-18T04:39:53.600+0000] {logging_mixin.py:188} INFO - [2025-06-18T04:39:53.599+0000] {dag.py:3954} INFO - Setting next_dagrun for process_customers to None, run_after=None
[2025-06-18T04:39:53.960+0000] {processor.py:183} INFO - Processing /opt/airflow/dags/process_customers_dag.py took 0.838 seconds
[2025-06-18T04:40:24.604+0000] {processor.py:161} INFO - Started process (PID=238) to work on /opt/airflow/dags/process_customers_dag.py
[2025-06-18T04:40:24.610+0000] {processor.py:830} INFO - Processing file /opt/airflow/dags/process_customers_dag.py for tasks to queue
[2025-06-18T04:40:24.618+0000] {logging_mixin.py:188} INFO - [2025-06-18T04:40:24.616+0000] {dagbag.py:545} INFO - Filling up the DagBag from /opt/airflow/dags/process_customers_dag.py
[2025-06-18T04:40:24.685+0000] {processor.py:840} INFO - DAG(s) 'process_customers' retrieved from /opt/airflow/dags/process_customers_dag.py
[2025-06-18T04:40:24.835+0000] {logging_mixin.py:188} INFO - [2025-06-18T04:40:24.826+0000] {dag.py:3096} INFO - Sync 1 DAGs
[2025-06-18T04:40:24.909+0000] {logging_mixin.py:188} INFO - [2025-06-18T04:40:24.908+0000] {dag.py:3954} INFO - Setting next_dagrun for process_customers to None, run_after=None
[2025-06-18T04:40:25.026+0000] {processor.py:183} INFO - Processing /opt/airflow/dags/process_customers_dag.py took 0.440 seconds
[2025-06-18T04:40:55.840+0000] {processor.py:161} INFO - Started process (PID=248) to work on /opt/airflow/dags/process_customers_dag.py
[2025-06-18T04:40:55.843+0000] {processor.py:830} INFO - Processing file /opt/airflow/dags/process_customers_dag.py for tasks to queue
[2025-06-18T04:40:55.848+0000] {logging_mixin.py:188} INFO - [2025-06-18T04:40:55.847+0000] {dagbag.py:545} INFO - Filling up the DagBag from /opt/airflow/dags/process_customers_dag.py
[2025-06-18T04:40:55.883+0000] {processor.py:840} INFO - DAG(s) 'process_customers' retrieved from /opt/airflow/dags/process_customers_dag.py
[2025-06-18T04:40:55.953+0000] {logging_mixin.py:188} INFO - [2025-06-18T04:40:55.953+0000] {dag.py:3096} INFO - Sync 1 DAGs
[2025-06-18T04:40:55.986+0000] {logging_mixin.py:188} INFO - [2025-06-18T04:40:55.985+0000] {dag.py:3954} INFO - Setting next_dagrun for process_customers to None, run_after=None
[2025-06-18T04:40:56.034+0000] {processor.py:183} INFO - Processing /opt/airflow/dags/process_customers_dag.py took 0.206 seconds
[2025-06-18T04:41:26.192+0000] {processor.py:161} INFO - Started process (PID=258) to work on /opt/airflow/dags/process_customers_dag.py
[2025-06-18T04:41:26.193+0000] {processor.py:830} INFO - Processing file /opt/airflow/dags/process_customers_dag.py for tasks to queue
[2025-06-18T04:41:26.197+0000] {logging_mixin.py:188} INFO - [2025-06-18T04:41:26.197+0000] {dagbag.py:545} INFO - Filling up the DagBag from /opt/airflow/dags/process_customers_dag.py
[2025-06-18T04:41:26.223+0000] {processor.py:840} INFO - DAG(s) 'process_customers' retrieved from /opt/airflow/dags/process_customers_dag.py
[2025-06-18T04:41:26.265+0000] {logging_mixin.py:188} INFO - [2025-06-18T04:41:26.265+0000] {dag.py:3096} INFO - Sync 1 DAGs
[2025-06-18T04:41:26.286+0000] {logging_mixin.py:188} INFO - [2025-06-18T04:41:26.285+0000] {dag.py:3954} INFO - Setting next_dagrun for process_customers to None, run_after=None
[2025-06-18T04:41:27.546+0000] {processor.py:183} INFO - Processing /opt/airflow/dags/process_customers_dag.py took 1.364 seconds
[2025-06-18T04:41:57.829+0000] {processor.py:161} INFO - Started process (PID=268) to work on /opt/airflow/dags/process_customers_dag.py
[2025-06-18T04:41:57.831+0000] {processor.py:830} INFO - Processing file /opt/airflow/dags/process_customers_dag.py for tasks to queue
[2025-06-18T04:41:57.835+0000] {logging_mixin.py:188} INFO - [2025-06-18T04:41:57.834+0000] {dagbag.py:545} INFO - Filling up the DagBag from /opt/airflow/dags/process_customers_dag.py
[2025-06-18T04:41:57.885+0000] {processor.py:840} INFO - DAG(s) 'process_customers' retrieved from /opt/airflow/dags/process_customers_dag.py
[2025-06-18T04:41:57.982+0000] {logging_mixin.py:188} INFO - [2025-06-18T04:41:57.981+0000] {dag.py:3096} INFO - Sync 1 DAGs
[2025-06-18T04:41:59.216+0000] {logging_mixin.py:188} INFO - [2025-06-18T04:41:59.215+0000] {dag.py:3954} INFO - Setting next_dagrun for process_customers to None, run_after=None
[2025-06-18T04:41:59.257+0000] {processor.py:183} INFO - Processing /opt/airflow/dags/process_customers_dag.py took 1.440 seconds
[2025-06-18T04:42:30.242+0000] {processor.py:161} INFO - Started process (PID=278) to work on /opt/airflow/dags/process_customers_dag.py
[2025-06-18T04:42:30.249+0000] {processor.py:830} INFO - Processing file /opt/airflow/dags/process_customers_dag.py for tasks to queue
[2025-06-18T04:42:30.254+0000] {logging_mixin.py:188} INFO - [2025-06-18T04:42:30.253+0000] {dagbag.py:545} INFO - Filling up the DagBag from /opt/airflow/dags/process_customers_dag.py
[2025-06-18T04:42:30.313+0000] {processor.py:840} INFO - DAG(s) 'process_customers' retrieved from /opt/airflow/dags/process_customers_dag.py
[2025-06-18T04:42:30.855+0000] {logging_mixin.py:188} INFO - [2025-06-18T04:42:30.855+0000] {dag.py:3096} INFO - Sync 1 DAGs
[2025-06-18T04:42:30.881+0000] {logging_mixin.py:188} INFO - [2025-06-18T04:42:30.881+0000] {dag.py:3954} INFO - Setting next_dagrun for process_customers to None, run_after=None
[2025-06-18T04:42:30.938+0000] {processor.py:183} INFO - Processing /opt/airflow/dags/process_customers_dag.py took 0.720 seconds
[2025-06-18T04:43:01.869+0000] {processor.py:161} INFO - Started process (PID=288) to work on /opt/airflow/dags/process_customers_dag.py
[2025-06-18T04:43:01.875+0000] {processor.py:830} INFO - Processing file /opt/airflow/dags/process_customers_dag.py for tasks to queue
[2025-06-18T04:43:02.101+0000] {logging_mixin.py:188} INFO - [2025-06-18T04:43:02.101+0000] {dagbag.py:545} INFO - Filling up the DagBag from /opt/airflow/dags/process_customers_dag.py
[2025-06-18T04:43:02.121+0000] {processor.py:840} INFO - DAG(s) 'process_customers' retrieved from /opt/airflow/dags/process_customers_dag.py
[2025-06-18T04:43:02.211+0000] {logging_mixin.py:188} INFO - [2025-06-18T04:43:02.210+0000] {dag.py:3096} INFO - Sync 1 DAGs
[2025-06-18T04:43:02.437+0000] {logging_mixin.py:188} INFO - [2025-06-18T04:43:02.436+0000] {dag.py:3954} INFO - Setting next_dagrun for process_customers to None, run_after=None
[2025-06-18T04:43:02.493+0000] {processor.py:183} INFO - Processing /opt/airflow/dags/process_customers_dag.py took 0.643 seconds
[2025-06-18T04:43:33.374+0000] {processor.py:161} INFO - Started process (PID=298) to work on /opt/airflow/dags/process_customers_dag.py
[2025-06-18T04:43:33.378+0000] {processor.py:830} INFO - Processing file /opt/airflow/dags/process_customers_dag.py for tasks to queue
[2025-06-18T04:43:33.384+0000] {logging_mixin.py:188} INFO - [2025-06-18T04:43:33.383+0000] {dagbag.py:545} INFO - Filling up the DagBag from /opt/airflow/dags/process_customers_dag.py
[2025-06-18T04:43:33.441+0000] {processor.py:840} INFO - DAG(s) 'process_customers' retrieved from /opt/airflow/dags/process_customers_dag.py
[2025-06-18T04:43:33.574+0000] {logging_mixin.py:188} INFO - [2025-06-18T04:43:33.573+0000] {dag.py:3096} INFO - Sync 1 DAGs
[2025-06-18T04:43:33.789+0000] {logging_mixin.py:188} INFO - [2025-06-18T04:43:33.788+0000] {dag.py:3954} INFO - Setting next_dagrun for process_customers to None, run_after=None
[2025-06-18T04:43:33.903+0000] {processor.py:183} INFO - Processing /opt/airflow/dags/process_customers_dag.py took 0.551 seconds
[2025-06-18T04:44:04.411+0000] {processor.py:161} INFO - Started process (PID=308) to work on /opt/airflow/dags/process_customers_dag.py
[2025-06-18T04:44:04.413+0000] {processor.py:830} INFO - Processing file /opt/airflow/dags/process_customers_dag.py for tasks to queue
[2025-06-18T04:44:04.420+0000] {logging_mixin.py:188} INFO - [2025-06-18T04:44:04.419+0000] {dagbag.py:545} INFO - Filling up the DagBag from /opt/airflow/dags/process_customers_dag.py
[2025-06-18T04:44:04.465+0000] {processor.py:840} INFO - DAG(s) 'process_customers' retrieved from /opt/airflow/dags/process_customers_dag.py
[2025-06-18T04:44:04.514+0000] {logging_mixin.py:188} INFO - [2025-06-18T04:44:04.514+0000] {dag.py:3096} INFO - Sync 1 DAGs
[2025-06-18T04:44:04.540+0000] {logging_mixin.py:188} INFO - [2025-06-18T04:44:04.540+0000] {dag.py:3954} INFO - Setting next_dagrun for process_customers to None, run_after=None
[2025-06-18T04:44:04.582+0000] {processor.py:183} INFO - Processing /opt/airflow/dags/process_customers_dag.py took 0.194 seconds
[2025-06-18T04:44:35.110+0000] {processor.py:161} INFO - Started process (PID=318) to work on /opt/airflow/dags/process_customers_dag.py
[2025-06-18T04:44:35.112+0000] {processor.py:830} INFO - Processing file /opt/airflow/dags/process_customers_dag.py for tasks to queue
[2025-06-18T04:44:35.116+0000] {logging_mixin.py:188} INFO - [2025-06-18T04:44:35.115+0000] {dagbag.py:545} INFO - Filling up the DagBag from /opt/airflow/dags/process_customers_dag.py
[2025-06-18T04:44:35.146+0000] {processor.py:840} INFO - DAG(s) 'process_customers' retrieved from /opt/airflow/dags/process_customers_dag.py
[2025-06-18T04:44:35.210+0000] {logging_mixin.py:188} INFO - [2025-06-18T04:44:35.209+0000] {dag.py:3096} INFO - Sync 1 DAGs
[2025-06-18T04:44:35.233+0000] {logging_mixin.py:188} INFO - [2025-06-18T04:44:35.233+0000] {dag.py:3954} INFO - Setting next_dagrun for process_customers to None, run_after=None
[2025-06-18T04:44:35.282+0000] {processor.py:183} INFO - Processing /opt/airflow/dags/process_customers_dag.py took 0.185 seconds
[2025-06-18T04:45:06.583+0000] {processor.py:161} INFO - Started process (PID=328) to work on /opt/airflow/dags/process_customers_dag.py
[2025-06-18T04:45:06.588+0000] {processor.py:830} INFO - Processing file /opt/airflow/dags/process_customers_dag.py for tasks to queue
[2025-06-18T04:45:06.599+0000] {logging_mixin.py:188} INFO - [2025-06-18T04:45:06.597+0000] {dagbag.py:545} INFO - Filling up the DagBag from /opt/airflow/dags/process_customers_dag.py
[2025-06-18T04:45:06.680+0000] {processor.py:840} INFO - DAG(s) 'process_customers' retrieved from /opt/airflow/dags/process_customers_dag.py
[2025-06-18T04:45:06.781+0000] {logging_mixin.py:188} INFO - [2025-06-18T04:45:06.781+0000] {dag.py:3096} INFO - Sync 1 DAGs
[2025-06-18T04:45:06.826+0000] {logging_mixin.py:188} INFO - [2025-06-18T04:45:06.826+0000] {dag.py:3954} INFO - Setting next_dagrun for process_customers to None, run_after=None
[2025-06-18T04:45:06.876+0000] {processor.py:183} INFO - Processing /opt/airflow/dags/process_customers_dag.py took 0.387 seconds
[2025-06-18T04:45:37.231+0000] {processor.py:161} INFO - Started process (PID=338) to work on /opt/airflow/dags/process_customers_dag.py
[2025-06-18T04:45:37.235+0000] {processor.py:830} INFO - Processing file /opt/airflow/dags/process_customers_dag.py for tasks to queue
[2025-06-18T04:45:37.241+0000] {logging_mixin.py:188} INFO - [2025-06-18T04:45:37.240+0000] {dagbag.py:545} INFO - Filling up the DagBag from /opt/airflow/dags/process_customers_dag.py
[2025-06-18T04:45:37.278+0000] {processor.py:840} INFO - DAG(s) 'process_customers' retrieved from /opt/airflow/dags/process_customers_dag.py
[2025-06-18T04:45:37.332+0000] {logging_mixin.py:188} INFO - [2025-06-18T04:45:37.331+0000] {dag.py:3096} INFO - Sync 1 DAGs
[2025-06-18T04:45:37.361+0000] {logging_mixin.py:188} INFO - [2025-06-18T04:45:37.361+0000] {dag.py:3954} INFO - Setting next_dagrun for process_customers to None, run_after=None
[2025-06-18T04:45:37.411+0000] {processor.py:183} INFO - Processing /opt/airflow/dags/process_customers_dag.py took 0.195 seconds
[2025-06-18T04:46:07.853+0000] {processor.py:161} INFO - Started process (PID=348) to work on /opt/airflow/dags/process_customers_dag.py
[2025-06-18T04:46:07.855+0000] {processor.py:830} INFO - Processing file /opt/airflow/dags/process_customers_dag.py for tasks to queue
[2025-06-18T04:46:07.860+0000] {logging_mixin.py:188} INFO - [2025-06-18T04:46:07.859+0000] {dagbag.py:545} INFO - Filling up the DagBag from /opt/airflow/dags/process_customers_dag.py
[2025-06-18T04:46:07.908+0000] {processor.py:840} INFO - DAG(s) 'process_customers' retrieved from /opt/airflow/dags/process_customers_dag.py
[2025-06-18T04:46:08.035+0000] {logging_mixin.py:188} INFO - [2025-06-18T04:46:08.034+0000] {dag.py:3096} INFO - Sync 1 DAGs
[2025-06-18T04:46:08.109+0000] {logging_mixin.py:188} INFO - [2025-06-18T04:46:08.108+0000] {dag.py:3954} INFO - Setting next_dagrun for process_customers to None, run_after=None
[2025-06-18T04:46:08.211+0000] {processor.py:183} INFO - Processing /opt/airflow/dags/process_customers_dag.py took 0.374 seconds
[2025-06-18T04:46:39.136+0000] {processor.py:161} INFO - Started process (PID=358) to work on /opt/airflow/dags/process_customers_dag.py
[2025-06-18T04:46:39.139+0000] {processor.py:830} INFO - Processing file /opt/airflow/dags/process_customers_dag.py for tasks to queue
[2025-06-18T04:46:39.143+0000] {logging_mixin.py:188} INFO - [2025-06-18T04:46:39.142+0000] {dagbag.py:545} INFO - Filling up the DagBag from /opt/airflow/dags/process_customers_dag.py
[2025-06-18T04:46:39.189+0000] {processor.py:840} INFO - DAG(s) 'process_customers' retrieved from /opt/airflow/dags/process_customers_dag.py
[2025-06-18T04:46:39.255+0000] {logging_mixin.py:188} INFO - [2025-06-18T04:46:39.255+0000] {dag.py:3096} INFO - Sync 1 DAGs
[2025-06-18T04:46:39.278+0000] {logging_mixin.py:188} INFO - [2025-06-18T04:46:39.277+0000] {dag.py:3954} INFO - Setting next_dagrun for process_customers to None, run_after=None
[2025-06-18T04:46:39.325+0000] {processor.py:183} INFO - Processing /opt/airflow/dags/process_customers_dag.py took 0.203 seconds
[2025-06-18T04:47:09.444+0000] {processor.py:161} INFO - Started process (PID=368) to work on /opt/airflow/dags/process_customers_dag.py
[2025-06-18T04:47:09.447+0000] {processor.py:830} INFO - Processing file /opt/airflow/dags/process_customers_dag.py for tasks to queue
[2025-06-18T04:47:09.452+0000] {logging_mixin.py:188} INFO - [2025-06-18T04:47:09.451+0000] {dagbag.py:545} INFO - Filling up the DagBag from /opt/airflow/dags/process_customers_dag.py
[2025-06-18T04:47:09.480+0000] {processor.py:840} INFO - DAG(s) 'process_customers' retrieved from /opt/airflow/dags/process_customers_dag.py
[2025-06-18T04:47:09.548+0000] {logging_mixin.py:188} INFO - [2025-06-18T04:47:09.547+0000] {dag.py:3096} INFO - Sync 1 DAGs
[2025-06-18T04:47:09.579+0000] {logging_mixin.py:188} INFO - [2025-06-18T04:47:09.578+0000] {dag.py:3954} INFO - Setting next_dagrun for process_customers to None, run_after=None
[2025-06-18T04:47:09.630+0000] {processor.py:183} INFO - Processing /opt/airflow/dags/process_customers_dag.py took 0.201 seconds
[2025-06-18T04:47:40.868+0000] {processor.py:161} INFO - Started process (PID=378) to work on /opt/airflow/dags/process_customers_dag.py
[2025-06-18T04:47:40.872+0000] {processor.py:830} INFO - Processing file /opt/airflow/dags/process_customers_dag.py for tasks to queue
[2025-06-18T04:47:40.881+0000] {logging_mixin.py:188} INFO - [2025-06-18T04:47:40.880+0000] {dagbag.py:545} INFO - Filling up the DagBag from /opt/airflow/dags/process_customers_dag.py
[2025-06-18T04:47:40.944+0000] {processor.py:840} INFO - DAG(s) 'process_customers' retrieved from /opt/airflow/dags/process_customers_dag.py
[2025-06-18T04:47:41.039+0000] {logging_mixin.py:188} INFO - [2025-06-18T04:47:41.039+0000] {dag.py:3096} INFO - Sync 1 DAGs
[2025-06-18T04:47:41.072+0000] {logging_mixin.py:188} INFO - [2025-06-18T04:47:41.072+0000] {dag.py:3954} INFO - Setting next_dagrun for process_customers to None, run_after=None
[2025-06-18T04:47:41.133+0000] {processor.py:183} INFO - Processing /opt/airflow/dags/process_customers_dag.py took 0.330 seconds
[2025-06-18T04:48:11.348+0000] {processor.py:161} INFO - Started process (PID=388) to work on /opt/airflow/dags/process_customers_dag.py
[2025-06-18T04:48:11.351+0000] {processor.py:830} INFO - Processing file /opt/airflow/dags/process_customers_dag.py for tasks to queue
[2025-06-18T04:48:11.355+0000] {logging_mixin.py:188} INFO - [2025-06-18T04:48:11.354+0000] {dagbag.py:545} INFO - Filling up the DagBag from /opt/airflow/dags/process_customers_dag.py
[2025-06-18T04:48:11.402+0000] {processor.py:840} INFO - DAG(s) 'process_customers' retrieved from /opt/airflow/dags/process_customers_dag.py
[2025-06-18T04:48:11.464+0000] {logging_mixin.py:188} INFO - [2025-06-18T04:48:11.463+0000] {dag.py:3096} INFO - Sync 1 DAGs
[2025-06-18T04:48:11.492+0000] {logging_mixin.py:188} INFO - [2025-06-18T04:48:11.492+0000] {dag.py:3954} INFO - Setting next_dagrun for process_customers to None, run_after=None
[2025-06-18T04:48:11.551+0000] {processor.py:183} INFO - Processing /opt/airflow/dags/process_customers_dag.py took 0.220 seconds
[2025-06-18T04:48:43.480+0000] {processor.py:161} INFO - Started process (PID=398) to work on /opt/airflow/dags/process_customers_dag.py
[2025-06-18T04:48:43.485+0000] {processor.py:830} INFO - Processing file /opt/airflow/dags/process_customers_dag.py for tasks to queue
[2025-06-18T04:48:43.501+0000] {logging_mixin.py:188} INFO - [2025-06-18T04:48:43.497+0000] {dagbag.py:545} INFO - Filling up the DagBag from /opt/airflow/dags/process_customers_dag.py
[2025-06-18T04:48:43.572+0000] {processor.py:840} INFO - DAG(s) 'process_customers' retrieved from /opt/airflow/dags/process_customers_dag.py
[2025-06-18T04:48:43.674+0000] {logging_mixin.py:188} INFO - [2025-06-18T04:48:43.673+0000] {dag.py:3096} INFO - Sync 1 DAGs
[2025-06-18T04:48:43.705+0000] {logging_mixin.py:188} INFO - [2025-06-18T04:48:43.704+0000] {dag.py:3954} INFO - Setting next_dagrun for process_customers to None, run_after=None
[2025-06-18T04:48:43.765+0000] {processor.py:183} INFO - Processing /opt/airflow/dags/process_customers_dag.py took 0.496 seconds
[2025-06-18T04:49:14.068+0000] {processor.py:161} INFO - Started process (PID=408) to work on /opt/airflow/dags/process_customers_dag.py
[2025-06-18T04:49:14.071+0000] {processor.py:830} INFO - Processing file /opt/airflow/dags/process_customers_dag.py for tasks to queue
[2025-06-18T04:49:14.076+0000] {logging_mixin.py:188} INFO - [2025-06-18T04:49:14.075+0000] {dagbag.py:545} INFO - Filling up the DagBag from /opt/airflow/dags/process_customers_dag.py
[2025-06-18T04:49:14.129+0000] {processor.py:840} INFO - DAG(s) 'process_customers' retrieved from /opt/airflow/dags/process_customers_dag.py
[2025-06-18T04:49:14.176+0000] {logging_mixin.py:188} INFO - [2025-06-18T04:49:14.176+0000] {dag.py:3096} INFO - Sync 1 DAGs
[2025-06-18T04:49:14.198+0000] {logging_mixin.py:188} INFO - [2025-06-18T04:49:14.197+0000] {dag.py:3954} INFO - Setting next_dagrun for process_customers to None, run_after=None
[2025-06-18T04:49:14.228+0000] {processor.py:183} INFO - Processing /opt/airflow/dags/process_customers_dag.py took 0.182 seconds
[2025-06-18T04:49:44.494+0000] {processor.py:161} INFO - Started process (PID=418) to work on /opt/airflow/dags/process_customers_dag.py
[2025-06-18T04:49:44.497+0000] {processor.py:830} INFO - Processing file /opt/airflow/dags/process_customers_dag.py for tasks to queue
[2025-06-18T04:49:44.502+0000] {logging_mixin.py:188} INFO - [2025-06-18T04:49:44.501+0000] {dagbag.py:545} INFO - Filling up the DagBag from /opt/airflow/dags/process_customers_dag.py
[2025-06-18T04:49:44.562+0000] {processor.py:840} INFO - DAG(s) 'process_customers' retrieved from /opt/airflow/dags/process_customers_dag.py
[2025-06-18T04:49:44.634+0000] {logging_mixin.py:188} INFO - [2025-06-18T04:49:44.633+0000] {dag.py:3096} INFO - Sync 1 DAGs
[2025-06-18T04:49:44.718+0000] {logging_mixin.py:188} INFO - [2025-06-18T04:49:44.718+0000] {dag.py:3954} INFO - Setting next_dagrun for process_customers to None, run_after=None
[2025-06-18T04:49:44.838+0000] {processor.py:183} INFO - Processing /opt/airflow/dags/process_customers_dag.py took 0.362 seconds
[2025-06-18T04:50:15.589+0000] {processor.py:161} INFO - Started process (PID=428) to work on /opt/airflow/dags/process_customers_dag.py
[2025-06-18T04:50:15.774+0000] {processor.py:830} INFO - Processing file /opt/airflow/dags/process_customers_dag.py for tasks to queue
[2025-06-18T04:50:15.896+0000] {logging_mixin.py:188} INFO - [2025-06-18T04:50:15.880+0000] {dagbag.py:545} INFO - Filling up the DagBag from /opt/airflow/dags/process_customers_dag.py
[2025-06-18T04:50:16.153+0000] {processor.py:840} INFO - DAG(s) 'process_customers' retrieved from /opt/airflow/dags/process_customers_dag.py
[2025-06-18T04:50:16.325+0000] {logging_mixin.py:188} INFO - [2025-06-18T04:50:16.323+0000] {dag.py:3096} INFO - Sync 1 DAGs
[2025-06-18T04:50:16.389+0000] {logging_mixin.py:188} INFO - [2025-06-18T04:50:16.389+0000] {dag.py:3954} INFO - Setting next_dagrun for process_customers to None, run_after=None
[2025-06-18T04:50:16.448+0000] {processor.py:183} INFO - Processing /opt/airflow/dags/process_customers_dag.py took 1.031 seconds
[2025-06-18T04:50:46.672+0000] {processor.py:161} INFO - Started process (PID=441) to work on /opt/airflow/dags/process_customers_dag.py
[2025-06-18T04:50:46.678+0000] {processor.py:830} INFO - Processing file /opt/airflow/dags/process_customers_dag.py for tasks to queue
[2025-06-18T04:50:46.682+0000] {logging_mixin.py:188} INFO - [2025-06-18T04:50:46.681+0000] {dagbag.py:545} INFO - Filling up the DagBag from /opt/airflow/dags/process_customers_dag.py
[2025-06-18T04:50:46.731+0000] {processor.py:840} INFO - DAG(s) 'process_customers' retrieved from /opt/airflow/dags/process_customers_dag.py
[2025-06-18T04:50:46.796+0000] {logging_mixin.py:188} INFO - [2025-06-18T04:50:46.796+0000] {dag.py:3096} INFO - Sync 1 DAGs
[2025-06-18T04:50:46.838+0000] {logging_mixin.py:188} INFO - [2025-06-18T04:50:46.838+0000] {dag.py:3954} INFO - Setting next_dagrun for process_customers to None, run_after=None
[2025-06-18T04:50:46.889+0000] {processor.py:183} INFO - Processing /opt/airflow/dags/process_customers_dag.py took 0.235 seconds
[2025-06-18T04:51:18.170+0000] {processor.py:161} INFO - Started process (PID=448) to work on /opt/airflow/dags/process_customers_dag.py
[2025-06-18T04:51:18.194+0000] {processor.py:830} INFO - Processing file /opt/airflow/dags/process_customers_dag.py for tasks to queue
[2025-06-18T04:51:18.206+0000] {logging_mixin.py:188} INFO - [2025-06-18T04:51:18.205+0000] {dagbag.py:545} INFO - Filling up the DagBag from /opt/airflow/dags/process_customers_dag.py
[2025-06-18T04:51:18.318+0000] {processor.py:840} INFO - DAG(s) 'process_customers' retrieved from /opt/airflow/dags/process_customers_dag.py
[2025-06-18T04:51:18.508+0000] {logging_mixin.py:188} INFO - [2025-06-18T04:51:18.508+0000] {dag.py:3096} INFO - Sync 1 DAGs
[2025-06-18T04:51:18.554+0000] {logging_mixin.py:188} INFO - [2025-06-18T04:51:18.554+0000] {dag.py:3954} INFO - Setting next_dagrun for process_customers to None, run_after=None
[2025-06-18T04:51:18.630+0000] {processor.py:183} INFO - Processing /opt/airflow/dags/process_customers_dag.py took 0.488 seconds
[2025-06-18T04:51:49.553+0000] {processor.py:161} INFO - Started process (PID=458) to work on /opt/airflow/dags/process_customers_dag.py
[2025-06-18T04:51:49.555+0000] {processor.py:830} INFO - Processing file /opt/airflow/dags/process_customers_dag.py for tasks to queue
[2025-06-18T04:51:49.559+0000] {logging_mixin.py:188} INFO - [2025-06-18T04:51:49.558+0000] {dagbag.py:545} INFO - Filling up the DagBag from /opt/airflow/dags/process_customers_dag.py
[2025-06-18T04:51:49.590+0000] {processor.py:840} INFO - DAG(s) 'process_customers' retrieved from /opt/airflow/dags/process_customers_dag.py
[2025-06-18T04:51:49.647+0000] {logging_mixin.py:188} INFO - [2025-06-18T04:51:49.647+0000] {dag.py:3096} INFO - Sync 1 DAGs
[2025-06-18T04:51:49.679+0000] {logging_mixin.py:188} INFO - [2025-06-18T04:51:49.679+0000] {dag.py:3954} INFO - Setting next_dagrun for process_customers to None, run_after=None
[2025-06-18T04:51:49.719+0000] {processor.py:183} INFO - Processing /opt/airflow/dags/process_customers_dag.py took 0.175 seconds
[2025-06-18T04:52:20.499+0000] {processor.py:161} INFO - Started process (PID=468) to work on /opt/airflow/dags/process_customers_dag.py
[2025-06-18T04:52:20.501+0000] {processor.py:830} INFO - Processing file /opt/airflow/dags/process_customers_dag.py for tasks to queue
[2025-06-18T04:52:20.507+0000] {logging_mixin.py:188} INFO - [2025-06-18T04:52:20.506+0000] {dagbag.py:545} INFO - Filling up the DagBag from /opt/airflow/dags/process_customers_dag.py
[2025-06-18T04:52:20.557+0000] {processor.py:840} INFO - DAG(s) 'process_customers' retrieved from /opt/airflow/dags/process_customers_dag.py
[2025-06-18T04:52:20.638+0000] {logging_mixin.py:188} INFO - [2025-06-18T04:52:20.637+0000] {dag.py:3096} INFO - Sync 1 DAGs
[2025-06-18T04:52:20.686+0000] {logging_mixin.py:188} INFO - [2025-06-18T04:52:20.685+0000] {dag.py:3954} INFO - Setting next_dagrun for process_customers to None, run_after=None
[2025-06-18T04:52:20.746+0000] {processor.py:183} INFO - Processing /opt/airflow/dags/process_customers_dag.py took 0.268 seconds
[2025-06-18T04:52:51.269+0000] {processor.py:161} INFO - Started process (PID=478) to work on /opt/airflow/dags/process_customers_dag.py
[2025-06-18T04:52:51.272+0000] {processor.py:830} INFO - Processing file /opt/airflow/dags/process_customers_dag.py for tasks to queue
[2025-06-18T04:52:51.280+0000] {logging_mixin.py:188} INFO - [2025-06-18T04:52:51.278+0000] {dagbag.py:545} INFO - Filling up the DagBag from /opt/airflow/dags/process_customers_dag.py
[2025-06-18T04:52:51.337+0000] {processor.py:840} INFO - DAG(s) 'process_customers' retrieved from /opt/airflow/dags/process_customers_dag.py
[2025-06-18T04:52:51.415+0000] {logging_mixin.py:188} INFO - [2025-06-18T04:52:51.415+0000] {dag.py:3096} INFO - Sync 1 DAGs
[2025-06-18T04:52:51.435+0000] {logging_mixin.py:188} INFO - [2025-06-18T04:52:51.434+0000] {dag.py:3954} INFO - Setting next_dagrun for process_customers to None, run_after=None
[2025-06-18T04:52:51.478+0000] {processor.py:183} INFO - Processing /opt/airflow/dags/process_customers_dag.py took 0.230 seconds
[2025-06-18T04:53:22.125+0000] {processor.py:161} INFO - Started process (PID=488) to work on /opt/airflow/dags/process_customers_dag.py
[2025-06-18T04:53:22.127+0000] {processor.py:830} INFO - Processing file /opt/airflow/dags/process_customers_dag.py for tasks to queue
[2025-06-18T04:53:22.140+0000] {logging_mixin.py:188} INFO - [2025-06-18T04:53:22.138+0000] {dagbag.py:545} INFO - Filling up the DagBag from /opt/airflow/dags/process_customers_dag.py
[2025-06-18T04:53:22.246+0000] {processor.py:840} INFO - DAG(s) 'process_customers' retrieved from /opt/airflow/dags/process_customers_dag.py
[2025-06-18T04:53:22.416+0000] {logging_mixin.py:188} INFO - [2025-06-18T04:53:22.416+0000] {dag.py:3096} INFO - Sync 1 DAGs
[2025-06-18T04:53:22.520+0000] {logging_mixin.py:188} INFO - [2025-06-18T04:53:22.520+0000] {dag.py:3954} INFO - Setting next_dagrun for process_customers to None, run_after=None
[2025-06-18T04:53:22.905+0000] {processor.py:183} INFO - Processing /opt/airflow/dags/process_customers_dag.py took 0.813 seconds
[2025-06-18T04:53:54.549+0000] {processor.py:161} INFO - Started process (PID=498) to work on /opt/airflow/dags/process_customers_dag.py
[2025-06-18T04:53:54.566+0000] {processor.py:830} INFO - Processing file /opt/airflow/dags/process_customers_dag.py for tasks to queue
[2025-06-18T04:53:54.574+0000] {logging_mixin.py:188} INFO - [2025-06-18T04:53:54.573+0000] {dagbag.py:545} INFO - Filling up the DagBag from /opt/airflow/dags/process_customers_dag.py
[2025-06-18T04:53:54.699+0000] {processor.py:840} INFO - DAG(s) 'process_customers' retrieved from /opt/airflow/dags/process_customers_dag.py
[2025-06-18T04:53:54.850+0000] {logging_mixin.py:188} INFO - [2025-06-18T04:53:54.848+0000] {dag.py:3096} INFO - Sync 1 DAGs
[2025-06-18T04:53:54.937+0000] {logging_mixin.py:188} INFO - [2025-06-18T04:53:54.937+0000] {dag.py:3954} INFO - Setting next_dagrun for process_customers to None, run_after=None
[2025-06-18T04:53:55.115+0000] {processor.py:183} INFO - Processing /opt/airflow/dags/process_customers_dag.py took 0.579 seconds
[2025-06-18T04:54:26.137+0000] {processor.py:161} INFO - Started process (PID=508) to work on /opt/airflow/dags/process_customers_dag.py
[2025-06-18T04:54:26.141+0000] {processor.py:830} INFO - Processing file /opt/airflow/dags/process_customers_dag.py for tasks to queue
[2025-06-18T04:54:26.150+0000] {logging_mixin.py:188} INFO - [2025-06-18T04:54:26.149+0000] {dagbag.py:545} INFO - Filling up the DagBag from /opt/airflow/dags/process_customers_dag.py
[2025-06-18T04:54:26.205+0000] {processor.py:840} INFO - DAG(s) 'process_customers' retrieved from /opt/airflow/dags/process_customers_dag.py
[2025-06-18T04:54:26.307+0000] {logging_mixin.py:188} INFO - [2025-06-18T04:54:26.306+0000] {dag.py:3096} INFO - Sync 1 DAGs
[2025-06-18T04:54:26.346+0000] {logging_mixin.py:188} INFO - [2025-06-18T04:54:26.345+0000] {dag.py:3954} INFO - Setting next_dagrun for process_customers to None, run_after=None
[2025-06-18T04:54:26.400+0000] {processor.py:183} INFO - Processing /opt/airflow/dags/process_customers_dag.py took 0.284 seconds
[2025-06-18T04:54:57.243+0000] {processor.py:161} INFO - Started process (PID=518) to work on /opt/airflow/dags/process_customers_dag.py
[2025-06-18T04:54:57.247+0000] {processor.py:830} INFO - Processing file /opt/airflow/dags/process_customers_dag.py for tasks to queue
[2025-06-18T04:54:57.262+0000] {logging_mixin.py:188} INFO - [2025-06-18T04:54:57.261+0000] {dagbag.py:545} INFO - Filling up the DagBag from /opt/airflow/dags/process_customers_dag.py
[2025-06-18T04:54:57.391+0000] {processor.py:840} INFO - DAG(s) 'process_customers' retrieved from /opt/airflow/dags/process_customers_dag.py
[2025-06-18T04:54:57.961+0000] {logging_mixin.py:188} INFO - [2025-06-18T04:54:57.960+0000] {dag.py:3096} INFO - Sync 1 DAGs
[2025-06-18T04:54:57.991+0000] {logging_mixin.py:188} INFO - [2025-06-18T04:54:57.990+0000] {dag.py:3954} INFO - Setting next_dagrun for process_customers to None, run_after=None
[2025-06-18T04:54:58.109+0000] {processor.py:183} INFO - Processing /opt/airflow/dags/process_customers_dag.py took 0.896 seconds
[2025-06-18T04:55:28.933+0000] {processor.py:161} INFO - Started process (PID=528) to work on /opt/airflow/dags/process_customers_dag.py
[2025-06-18T04:55:28.936+0000] {processor.py:830} INFO - Processing file /opt/airflow/dags/process_customers_dag.py for tasks to queue
[2025-06-18T04:55:28.942+0000] {logging_mixin.py:188} INFO - [2025-06-18T04:55:28.941+0000] {dagbag.py:545} INFO - Filling up the DagBag from /opt/airflow/dags/process_customers_dag.py
[2025-06-18T04:55:29.017+0000] {processor.py:840} INFO - DAG(s) 'process_customers' retrieved from /opt/airflow/dags/process_customers_dag.py
[2025-06-18T04:55:29.134+0000] {logging_mixin.py:188} INFO - [2025-06-18T04:55:29.134+0000] {dag.py:3096} INFO - Sync 1 DAGs
[2025-06-18T04:55:29.170+0000] {logging_mixin.py:188} INFO - [2025-06-18T04:55:29.170+0000] {dag.py:3954} INFO - Setting next_dagrun for process_customers to None, run_after=None
[2025-06-18T04:55:29.235+0000] {processor.py:183} INFO - Processing /opt/airflow/dags/process_customers_dag.py took 0.317 seconds
[2025-06-18T04:56:00.160+0000] {processor.py:161} INFO - Started process (PID=538) to work on /opt/airflow/dags/process_customers_dag.py
[2025-06-18T04:56:00.163+0000] {processor.py:830} INFO - Processing file /opt/airflow/dags/process_customers_dag.py for tasks to queue
[2025-06-18T04:56:00.173+0000] {logging_mixin.py:188} INFO - [2025-06-18T04:56:00.171+0000] {dagbag.py:545} INFO - Filling up the DagBag from /opt/airflow/dags/process_customers_dag.py
[2025-06-18T04:56:00.226+0000] {processor.py:840} INFO - DAG(s) 'process_customers' retrieved from /opt/airflow/dags/process_customers_dag.py
[2025-06-18T04:56:00.366+0000] {logging_mixin.py:188} INFO - [2025-06-18T04:56:00.364+0000] {dag.py:3096} INFO - Sync 1 DAGs
[2025-06-18T04:56:00.435+0000] {logging_mixin.py:188} INFO - [2025-06-18T04:56:00.434+0000] {dag.py:3954} INFO - Setting next_dagrun for process_customers to None, run_after=None
[2025-06-18T04:56:00.498+0000] {processor.py:183} INFO - Processing /opt/airflow/dags/process_customers_dag.py took 0.358 seconds
[2025-06-18T04:56:30.672+0000] {processor.py:161} INFO - Started process (PID=548) to work on /opt/airflow/dags/process_customers_dag.py
[2025-06-18T04:56:30.674+0000] {processor.py:830} INFO - Processing file /opt/airflow/dags/process_customers_dag.py for tasks to queue
[2025-06-18T04:56:30.679+0000] {logging_mixin.py:188} INFO - [2025-06-18T04:56:30.678+0000] {dagbag.py:545} INFO - Filling up the DagBag from /opt/airflow/dags/process_customers_dag.py
[2025-06-18T04:56:30.731+0000] {processor.py:840} INFO - DAG(s) 'process_customers' retrieved from /opt/airflow/dags/process_customers_dag.py
[2025-06-18T04:56:30.846+0000] {logging_mixin.py:188} INFO - [2025-06-18T04:56:30.846+0000] {dag.py:3096} INFO - Sync 1 DAGs
[2025-06-18T04:56:30.893+0000] {logging_mixin.py:188} INFO - [2025-06-18T04:56:30.893+0000] {dag.py:3954} INFO - Setting next_dagrun for process_customers to None, run_after=None
[2025-06-18T04:56:30.963+0000] {processor.py:183} INFO - Processing /opt/airflow/dags/process_customers_dag.py took 0.305 seconds
[2025-06-18T04:57:01.725+0000] {processor.py:161} INFO - Started process (PID=558) to work on /opt/airflow/dags/process_customers_dag.py
[2025-06-18T04:57:01.732+0000] {processor.py:830} INFO - Processing file /opt/airflow/dags/process_customers_dag.py for tasks to queue
[2025-06-18T04:57:01.743+0000] {logging_mixin.py:188} INFO - [2025-06-18T04:57:01.741+0000] {dagbag.py:545} INFO - Filling up the DagBag from /opt/airflow/dags/process_customers_dag.py
[2025-06-18T04:57:01.836+0000] {processor.py:840} INFO - DAG(s) 'process_customers' retrieved from /opt/airflow/dags/process_customers_dag.py
[2025-06-18T04:57:01.948+0000] {logging_mixin.py:188} INFO - [2025-06-18T04:57:01.948+0000] {dag.py:3096} INFO - Sync 1 DAGs
[2025-06-18T04:57:01.988+0000] {logging_mixin.py:188} INFO - [2025-06-18T04:57:01.988+0000] {dag.py:3954} INFO - Setting next_dagrun for process_customers to None, run_after=None
[2025-06-18T04:57:02.044+0000] {processor.py:183} INFO - Processing /opt/airflow/dags/process_customers_dag.py took 0.388 seconds
[2025-06-18T04:57:32.438+0000] {processor.py:161} INFO - Started process (PID=568) to work on /opt/airflow/dags/process_customers_dag.py
[2025-06-18T04:57:32.440+0000] {processor.py:830} INFO - Processing file /opt/airflow/dags/process_customers_dag.py for tasks to queue
[2025-06-18T04:57:32.444+0000] {logging_mixin.py:188} INFO - [2025-06-18T04:57:32.444+0000] {dagbag.py:545} INFO - Filling up the DagBag from /opt/airflow/dags/process_customers_dag.py
[2025-06-18T04:57:32.498+0000] {processor.py:840} INFO - DAG(s) 'process_customers' retrieved from /opt/airflow/dags/process_customers_dag.py
[2025-06-18T04:57:32.583+0000] {logging_mixin.py:188} INFO - [2025-06-18T04:57:32.582+0000] {dag.py:3096} INFO - Sync 1 DAGs
[2025-06-18T04:57:32.622+0000] {logging_mixin.py:188} INFO - [2025-06-18T04:57:32.621+0000] {dag.py:3954} INFO - Setting next_dagrun for process_customers to None, run_after=None
[2025-06-18T04:57:32.715+0000] {processor.py:183} INFO - Processing /opt/airflow/dags/process_customers_dag.py took 0.290 seconds
[2025-06-18T04:58:03.063+0000] {processor.py:161} INFO - Started process (PID=578) to work on /opt/airflow/dags/process_customers_dag.py
[2025-06-18T04:58:03.066+0000] {processor.py:830} INFO - Processing file /opt/airflow/dags/process_customers_dag.py for tasks to queue
[2025-06-18T04:58:03.071+0000] {logging_mixin.py:188} INFO - [2025-06-18T04:58:03.070+0000] {dagbag.py:545} INFO - Filling up the DagBag from /opt/airflow/dags/process_customers_dag.py
[2025-06-18T04:58:03.125+0000] {processor.py:840} INFO - DAG(s) 'process_customers' retrieved from /opt/airflow/dags/process_customers_dag.py
[2025-06-18T04:58:03.212+0000] {logging_mixin.py:188} INFO - [2025-06-18T04:58:03.211+0000] {dag.py:3096} INFO - Sync 1 DAGs
[2025-06-18T04:58:03.249+0000] {logging_mixin.py:188} INFO - [2025-06-18T04:58:03.249+0000] {dag.py:3954} INFO - Setting next_dagrun for process_customers to None, run_after=None
[2025-06-18T04:58:03.335+0000] {processor.py:183} INFO - Processing /opt/airflow/dags/process_customers_dag.py took 0.286 seconds
[2025-06-18T04:58:34.049+0000] {processor.py:161} INFO - Started process (PID=588) to work on /opt/airflow/dags/process_customers_dag.py
[2025-06-18T04:58:34.051+0000] {processor.py:830} INFO - Processing file /opt/airflow/dags/process_customers_dag.py for tasks to queue
[2025-06-18T04:58:34.058+0000] {logging_mixin.py:188} INFO - [2025-06-18T04:58:34.057+0000] {dagbag.py:545} INFO - Filling up the DagBag from /opt/airflow/dags/process_customers_dag.py
[2025-06-18T04:58:34.131+0000] {processor.py:840} INFO - DAG(s) 'process_customers' retrieved from /opt/airflow/dags/process_customers_dag.py
[2025-06-18T04:58:34.225+0000] {logging_mixin.py:188} INFO - [2025-06-18T04:58:34.224+0000] {dag.py:3096} INFO - Sync 1 DAGs
[2025-06-18T04:58:34.269+0000] {logging_mixin.py:188} INFO - [2025-06-18T04:58:34.268+0000] {dag.py:3954} INFO - Setting next_dagrun for process_customers to None, run_after=None
[2025-06-18T04:58:34.356+0000] {processor.py:183} INFO - Processing /opt/airflow/dags/process_customers_dag.py took 0.325 seconds
[2025-06-18T04:59:05.863+0000] {processor.py:161} INFO - Started process (PID=598) to work on /opt/airflow/dags/process_customers_dag.py
[2025-06-18T04:59:05.870+0000] {processor.py:830} INFO - Processing file /opt/airflow/dags/process_customers_dag.py for tasks to queue
[2025-06-18T04:59:05.884+0000] {logging_mixin.py:188} INFO - [2025-06-18T04:59:05.883+0000] {dagbag.py:545} INFO - Filling up the DagBag from /opt/airflow/dags/process_customers_dag.py
[2025-06-18T04:59:05.998+0000] {processor.py:840} INFO - DAG(s) 'process_customers' retrieved from /opt/airflow/dags/process_customers_dag.py
[2025-06-18T04:59:06.042+0000] {logging_mixin.py:188} INFO - [2025-06-18T04:59:06.041+0000] {dag.py:3096} INFO - Sync 1 DAGs
[2025-06-18T04:59:06.065+0000] {logging_mixin.py:188} INFO - [2025-06-18T04:59:06.065+0000] {dag.py:3954} INFO - Setting next_dagrun for process_customers to None, run_after=None
[2025-06-18T04:59:06.113+0000] {processor.py:183} INFO - Processing /opt/airflow/dags/process_customers_dag.py took 0.308 seconds
[2025-06-18T04:59:36.958+0000] {processor.py:161} INFO - Started process (PID=608) to work on /opt/airflow/dags/process_customers_dag.py
[2025-06-18T04:59:36.966+0000] {processor.py:830} INFO - Processing file /opt/airflow/dags/process_customers_dag.py for tasks to queue
[2025-06-18T04:59:36.974+0000] {logging_mixin.py:188} INFO - [2025-06-18T04:59:36.973+0000] {dagbag.py:545} INFO - Filling up the DagBag from /opt/airflow/dags/process_customers_dag.py
[2025-06-18T04:59:37.063+0000] {processor.py:840} INFO - DAG(s) 'process_customers' retrieved from /opt/airflow/dags/process_customers_dag.py
[2025-06-18T04:59:37.147+0000] {logging_mixin.py:188} INFO - [2025-06-18T04:59:37.146+0000] {dag.py:3096} INFO - Sync 1 DAGs
[2025-06-18T04:59:37.179+0000] {logging_mixin.py:188} INFO - [2025-06-18T04:59:37.179+0000] {dag.py:3954} INFO - Setting next_dagrun for process_customers to None, run_after=None
[2025-06-18T04:59:37.281+0000] {processor.py:183} INFO - Processing /opt/airflow/dags/process_customers_dag.py took 0.353 seconds
[2025-06-18T05:00:07.885+0000] {processor.py:161} INFO - Started process (PID=618) to work on /opt/airflow/dags/process_customers_dag.py
[2025-06-18T05:00:07.896+0000] {processor.py:830} INFO - Processing file /opt/airflow/dags/process_customers_dag.py for tasks to queue
[2025-06-18T05:00:07.906+0000] {logging_mixin.py:188} INFO - [2025-06-18T05:00:07.905+0000] {dagbag.py:545} INFO - Filling up the DagBag from /opt/airflow/dags/process_customers_dag.py
[2025-06-18T05:00:07.975+0000] {processor.py:840} INFO - DAG(s) 'process_customers' retrieved from /opt/airflow/dags/process_customers_dag.py
[2025-06-18T05:00:08.129+0000] {logging_mixin.py:188} INFO - [2025-06-18T05:00:08.128+0000] {dag.py:3096} INFO - Sync 1 DAGs
[2025-06-18T05:00:08.189+0000] {logging_mixin.py:188} INFO - [2025-06-18T05:00:08.189+0000] {dag.py:3954} INFO - Setting next_dagrun for process_customers to None, run_after=None
[2025-06-18T05:00:08.252+0000] {processor.py:183} INFO - Processing /opt/airflow/dags/process_customers_dag.py took 0.401 seconds
[2025-06-18T05:00:38.550+0000] {processor.py:161} INFO - Started process (PID=628) to work on /opt/airflow/dags/process_customers_dag.py
[2025-06-18T05:00:38.553+0000] {processor.py:830} INFO - Processing file /opt/airflow/dags/process_customers_dag.py for tasks to queue
[2025-06-18T05:00:38.559+0000] {logging_mixin.py:188} INFO - [2025-06-18T05:00:38.557+0000] {dagbag.py:545} INFO - Filling up the DagBag from /opt/airflow/dags/process_customers_dag.py
[2025-06-18T05:00:38.613+0000] {processor.py:840} INFO - DAG(s) 'process_customers' retrieved from /opt/airflow/dags/process_customers_dag.py
[2025-06-18T05:00:38.707+0000] {logging_mixin.py:188} INFO - [2025-06-18T05:00:38.706+0000] {dag.py:3096} INFO - Sync 1 DAGs
[2025-06-18T05:00:38.749+0000] {logging_mixin.py:188} INFO - [2025-06-18T05:00:38.749+0000] {dag.py:3954} INFO - Setting next_dagrun for process_customers to None, run_after=None
[2025-06-18T05:00:38.799+0000] {processor.py:183} INFO - Processing /opt/airflow/dags/process_customers_dag.py took 0.265 seconds
[2025-06-18T05:01:09.277+0000] {processor.py:161} INFO - Started process (PID=638) to work on /opt/airflow/dags/process_customers_dag.py
[2025-06-18T05:01:09.282+0000] {processor.py:830} INFO - Processing file /opt/airflow/dags/process_customers_dag.py for tasks to queue
[2025-06-18T05:01:09.288+0000] {logging_mixin.py:188} INFO - [2025-06-18T05:01:09.287+0000] {dagbag.py:545} INFO - Filling up the DagBag from /opt/airflow/dags/process_customers_dag.py
[2025-06-18T05:01:09.352+0000] {processor.py:840} INFO - DAG(s) 'process_customers' retrieved from /opt/airflow/dags/process_customers_dag.py
[2025-06-18T05:01:09.405+0000] {logging_mixin.py:188} INFO - [2025-06-18T05:01:09.404+0000] {dag.py:3096} INFO - Sync 1 DAGs
[2025-06-18T05:01:09.431+0000] {logging_mixin.py:188} INFO - [2025-06-18T05:01:09.431+0000] {dag.py:3954} INFO - Setting next_dagrun for process_customers to None, run_after=None
[2025-06-18T05:01:09.478+0000] {processor.py:183} INFO - Processing /opt/airflow/dags/process_customers_dag.py took 0.214 seconds
[2025-06-18T05:01:40.048+0000] {processor.py:161} INFO - Started process (PID=648) to work on /opt/airflow/dags/process_customers_dag.py
[2025-06-18T05:01:40.050+0000] {processor.py:830} INFO - Processing file /opt/airflow/dags/process_customers_dag.py for tasks to queue
[2025-06-18T05:01:40.054+0000] {logging_mixin.py:188} INFO - [2025-06-18T05:01:40.054+0000] {dagbag.py:545} INFO - Filling up the DagBag from /opt/airflow/dags/process_customers_dag.py
[2025-06-18T05:01:40.124+0000] {processor.py:840} INFO - DAG(s) 'process_customers' retrieved from /opt/airflow/dags/process_customers_dag.py
[2025-06-18T05:01:40.202+0000] {logging_mixin.py:188} INFO - [2025-06-18T05:01:40.202+0000] {dag.py:3096} INFO - Sync 1 DAGs
[2025-06-18T05:01:40.232+0000] {logging_mixin.py:188} INFO - [2025-06-18T05:01:40.231+0000] {dag.py:3954} INFO - Setting next_dagrun for process_customers to None, run_after=None
[2025-06-18T05:01:40.336+0000] {processor.py:183} INFO - Processing /opt/airflow/dags/process_customers_dag.py took 0.299 seconds
[2025-06-18T05:02:11.285+0000] {processor.py:161} INFO - Started process (PID=658) to work on /opt/airflow/dags/process_customers_dag.py
[2025-06-18T05:02:11.289+0000] {processor.py:830} INFO - Processing file /opt/airflow/dags/process_customers_dag.py for tasks to queue
[2025-06-18T05:02:11.294+0000] {logging_mixin.py:188} INFO - [2025-06-18T05:02:11.293+0000] {dagbag.py:545} INFO - Filling up the DagBag from /opt/airflow/dags/process_customers_dag.py
[2025-06-18T05:02:11.348+0000] {processor.py:840} INFO - DAG(s) 'process_customers' retrieved from /opt/airflow/dags/process_customers_dag.py
[2025-06-18T05:02:11.420+0000] {logging_mixin.py:188} INFO - [2025-06-18T05:02:11.419+0000] {dag.py:3096} INFO - Sync 1 DAGs
[2025-06-18T05:02:11.447+0000] {logging_mixin.py:188} INFO - [2025-06-18T05:02:11.446+0000] {dag.py:3954} INFO - Setting next_dagrun for process_customers to None, run_after=None
[2025-06-18T05:02:11.491+0000] {processor.py:183} INFO - Processing /opt/airflow/dags/process_customers_dag.py took 0.233 seconds
[2025-06-18T05:02:42.565+0000] {processor.py:161} INFO - Started process (PID=668) to work on /opt/airflow/dags/process_customers_dag.py
[2025-06-18T05:02:42.569+0000] {processor.py:830} INFO - Processing file /opt/airflow/dags/process_customers_dag.py for tasks to queue
[2025-06-18T05:02:42.584+0000] {logging_mixin.py:188} INFO - [2025-06-18T05:02:42.582+0000] {dagbag.py:545} INFO - Filling up the DagBag from /opt/airflow/dags/process_customers_dag.py
[2025-06-18T05:02:42.676+0000] {processor.py:840} INFO - DAG(s) 'process_customers' retrieved from /opt/airflow/dags/process_customers_dag.py
[2025-06-18T05:02:42.766+0000] {logging_mixin.py:188} INFO - [2025-06-18T05:02:42.766+0000] {dag.py:3096} INFO - Sync 1 DAGs
[2025-06-18T05:02:42.813+0000] {logging_mixin.py:188} INFO - [2025-06-18T05:02:42.813+0000] {dag.py:3954} INFO - Setting next_dagrun for process_customers to None, run_after=None
[2025-06-18T05:02:43.049+0000] {processor.py:183} INFO - Processing /opt/airflow/dags/process_customers_dag.py took 0.524 seconds
[2025-06-18T05:03:13.934+0000] {processor.py:161} INFO - Started process (PID=678) to work on /opt/airflow/dags/process_customers_dag.py
[2025-06-18T05:03:13.942+0000] {processor.py:830} INFO - Processing file /opt/airflow/dags/process_customers_dag.py for tasks to queue
[2025-06-18T05:03:13.956+0000] {logging_mixin.py:188} INFO - [2025-06-18T05:03:13.954+0000] {dagbag.py:545} INFO - Filling up the DagBag from /opt/airflow/dags/process_customers_dag.py
[2025-06-18T05:03:14.049+0000] {processor.py:840} INFO - DAG(s) 'process_customers' retrieved from /opt/airflow/dags/process_customers_dag.py
[2025-06-18T05:03:14.140+0000] {logging_mixin.py:188} INFO - [2025-06-18T05:03:14.139+0000] {dag.py:3096} INFO - Sync 1 DAGs
[2025-06-18T05:03:14.183+0000] {logging_mixin.py:188} INFO - [2025-06-18T05:03:14.182+0000] {dag.py:3954} INFO - Setting next_dagrun for process_customers to None, run_after=None
[2025-06-18T05:03:14.257+0000] {processor.py:183} INFO - Processing /opt/airflow/dags/process_customers_dag.py took 0.364 seconds
[2025-06-18T05:03:45.266+0000] {processor.py:161} INFO - Started process (PID=688) to work on /opt/airflow/dags/process_customers_dag.py
[2025-06-18T05:03:45.269+0000] {processor.py:830} INFO - Processing file /opt/airflow/dags/process_customers_dag.py for tasks to queue
[2025-06-18T05:03:45.273+0000] {logging_mixin.py:188} INFO - [2025-06-18T05:03:45.272+0000] {dagbag.py:545} INFO - Filling up the DagBag from /opt/airflow/dags/process_customers_dag.py
[2025-06-18T05:03:45.338+0000] {processor.py:840} INFO - DAG(s) 'process_customers' retrieved from /opt/airflow/dags/process_customers_dag.py
[2025-06-18T05:03:45.395+0000] {logging_mixin.py:188} INFO - [2025-06-18T05:03:45.395+0000] {dag.py:3096} INFO - Sync 1 DAGs
[2025-06-18T05:03:45.419+0000] {logging_mixin.py:188} INFO - [2025-06-18T05:03:45.418+0000] {dag.py:3954} INFO - Setting next_dagrun for process_customers to None, run_after=None
[2025-06-18T05:03:45.458+0000] {processor.py:183} INFO - Processing /opt/airflow/dags/process_customers_dag.py took 0.205 seconds
[2025-06-18T05:04:16.499+0000] {processor.py:161} INFO - Started process (PID=698) to work on /opt/airflow/dags/process_customers_dag.py
[2025-06-18T05:04:16.505+0000] {processor.py:830} INFO - Processing file /opt/airflow/dags/process_customers_dag.py for tasks to queue
[2025-06-18T05:04:16.514+0000] {logging_mixin.py:188} INFO - [2025-06-18T05:04:16.512+0000] {dagbag.py:545} INFO - Filling up the DagBag from /opt/airflow/dags/process_customers_dag.py
[2025-06-18T05:04:16.582+0000] {processor.py:840} INFO - DAG(s) 'process_customers' retrieved from /opt/airflow/dags/process_customers_dag.py
[2025-06-18T05:04:16.701+0000] {logging_mixin.py:188} INFO - [2025-06-18T05:04:16.700+0000] {dag.py:3096} INFO - Sync 1 DAGs
[2025-06-18T05:04:16.733+0000] {logging_mixin.py:188} INFO - [2025-06-18T05:04:16.733+0000] {dag.py:3954} INFO - Setting next_dagrun for process_customers to None, run_after=None
[2025-06-18T05:04:16.783+0000] {processor.py:183} INFO - Processing /opt/airflow/dags/process_customers_dag.py took 0.316 seconds
[2025-06-18T05:04:46.949+0000] {processor.py:161} INFO - Started process (PID=708) to work on /opt/airflow/dags/process_customers_dag.py
[2025-06-18T05:04:46.952+0000] {processor.py:830} INFO - Processing file /opt/airflow/dags/process_customers_dag.py for tasks to queue
[2025-06-18T05:04:46.958+0000] {logging_mixin.py:188} INFO - [2025-06-18T05:04:46.957+0000] {dagbag.py:545} INFO - Filling up the DagBag from /opt/airflow/dags/process_customers_dag.py
[2025-06-18T05:04:47.035+0000] {processor.py:840} INFO - DAG(s) 'process_customers' retrieved from /opt/airflow/dags/process_customers_dag.py
[2025-06-18T05:04:47.768+0000] {logging_mixin.py:188} INFO - [2025-06-18T05:04:47.766+0000] {dag.py:3096} INFO - Sync 1 DAGs
[2025-06-18T05:04:47.899+0000] {logging_mixin.py:188} INFO - [2025-06-18T05:04:47.898+0000] {dag.py:3954} INFO - Setting next_dagrun for process_customers to None, run_after=None
[2025-06-18T05:04:48.069+0000] {processor.py:183} INFO - Processing /opt/airflow/dags/process_customers_dag.py took 1.137 seconds
[2025-06-18T05:05:19.741+0000] {processor.py:161} INFO - Started process (PID=718) to work on /opt/airflow/dags/process_customers_dag.py
[2025-06-18T05:05:19.748+0000] {processor.py:830} INFO - Processing file /opt/airflow/dags/process_customers_dag.py for tasks to queue
[2025-06-18T05:05:19.755+0000] {logging_mixin.py:188} INFO - [2025-06-18T05:05:19.754+0000] {dagbag.py:545} INFO - Filling up the DagBag from /opt/airflow/dags/process_customers_dag.py
[2025-06-18T05:05:19.812+0000] {processor.py:840} INFO - DAG(s) 'process_customers' retrieved from /opt/airflow/dags/process_customers_dag.py
[2025-06-18T05:05:19.922+0000] {logging_mixin.py:188} INFO - [2025-06-18T05:05:19.921+0000] {dag.py:3096} INFO - Sync 1 DAGs
[2025-06-18T05:05:19.957+0000] {logging_mixin.py:188} INFO - [2025-06-18T05:05:19.957+0000] {dag.py:3954} INFO - Setting next_dagrun for process_customers to None, run_after=None
[2025-06-18T05:05:20.028+0000] {processor.py:183} INFO - Processing /opt/airflow/dags/process_customers_dag.py took 0.374 seconds
[2025-06-18T05:05:50.584+0000] {processor.py:161} INFO - Started process (PID=728) to work on /opt/airflow/dags/process_customers_dag.py
[2025-06-18T05:05:50.605+0000] {processor.py:830} INFO - Processing file /opt/airflow/dags/process_customers_dag.py for tasks to queue
[2025-06-18T05:05:50.709+0000] {logging_mixin.py:188} INFO - [2025-06-18T05:05:50.698+0000] {dagbag.py:545} INFO - Filling up the DagBag from /opt/airflow/dags/process_customers_dag.py
[2025-06-18T05:05:51.167+0000] {processor.py:840} INFO - DAG(s) 'process_customers' retrieved from /opt/airflow/dags/process_customers_dag.py
[2025-06-18T05:05:51.684+0000] {logging_mixin.py:188} INFO - [2025-06-18T05:05:51.684+0000] {dag.py:3096} INFO - Sync 1 DAGs
[2025-06-18T05:05:51.810+0000] {logging_mixin.py:188} INFO - [2025-06-18T05:05:51.809+0000] {dag.py:3954} INFO - Setting next_dagrun for process_customers to None, run_after=None
[2025-06-18T05:05:51.941+0000] {processor.py:183} INFO - Processing /opt/airflow/dags/process_customers_dag.py took 1.520 seconds
[2025-06-18T05:06:22.146+0000] {processor.py:161} INFO - Started process (PID=738) to work on /opt/airflow/dags/process_customers_dag.py
[2025-06-18T05:06:22.149+0000] {processor.py:830} INFO - Processing file /opt/airflow/dags/process_customers_dag.py for tasks to queue
[2025-06-18T05:06:22.162+0000] {logging_mixin.py:188} INFO - [2025-06-18T05:06:22.158+0000] {dagbag.py:545} INFO - Filling up the DagBag from /opt/airflow/dags/process_customers_dag.py
[2025-06-18T05:06:22.222+0000] {processor.py:840} INFO - DAG(s) 'process_customers' retrieved from /opt/airflow/dags/process_customers_dag.py
[2025-06-18T05:06:22.326+0000] {logging_mixin.py:188} INFO - [2025-06-18T05:06:22.326+0000] {dag.py:3096} INFO - Sync 1 DAGs
[2025-06-18T05:06:22.369+0000] {logging_mixin.py:188} INFO - [2025-06-18T05:06:22.368+0000] {dag.py:3954} INFO - Setting next_dagrun for process_customers to None, run_after=None
[2025-06-18T05:06:22.427+0000] {processor.py:183} INFO - Processing /opt/airflow/dags/process_customers_dag.py took 0.303 seconds
[2025-06-18T05:06:53.011+0000] {processor.py:161} INFO - Started process (PID=748) to work on /opt/airflow/dags/process_customers_dag.py
[2025-06-18T05:06:53.013+0000] {processor.py:830} INFO - Processing file /opt/airflow/dags/process_customers_dag.py for tasks to queue
[2025-06-18T05:06:53.018+0000] {logging_mixin.py:188} INFO - [2025-06-18T05:06:53.017+0000] {dagbag.py:545} INFO - Filling up the DagBag from /opt/airflow/dags/process_customers_dag.py
[2025-06-18T05:06:53.068+0000] {processor.py:840} INFO - DAG(s) 'process_customers' retrieved from /opt/airflow/dags/process_customers_dag.py
[2025-06-18T05:06:53.131+0000] {logging_mixin.py:188} INFO - [2025-06-18T05:06:53.131+0000] {dag.py:3096} INFO - Sync 1 DAGs
[2025-06-18T05:06:53.160+0000] {logging_mixin.py:188} INFO - [2025-06-18T05:06:53.159+0000] {dag.py:3954} INFO - Setting next_dagrun for process_customers to None, run_after=None
[2025-06-18T05:06:53.220+0000] {processor.py:183} INFO - Processing /opt/airflow/dags/process_customers_dag.py took 0.227 seconds
[2025-06-18T05:07:23.887+0000] {processor.py:161} INFO - Started process (PID=758) to work on /opt/airflow/dags/process_customers_dag.py
[2025-06-18T05:07:23.888+0000] {processor.py:830} INFO - Processing file /opt/airflow/dags/process_customers_dag.py for tasks to queue
[2025-06-18T05:07:23.893+0000] {logging_mixin.py:188} INFO - [2025-06-18T05:07:23.892+0000] {dagbag.py:545} INFO - Filling up the DagBag from /opt/airflow/dags/process_customers_dag.py
[2025-06-18T05:07:23.936+0000] {processor.py:840} INFO - DAG(s) 'process_customers' retrieved from /opt/airflow/dags/process_customers_dag.py
[2025-06-18T05:07:23.985+0000] {logging_mixin.py:188} INFO - [2025-06-18T05:07:23.984+0000] {dag.py:3096} INFO - Sync 1 DAGs
[2025-06-18T05:07:24.003+0000] {logging_mixin.py:188} INFO - [2025-06-18T05:07:24.003+0000] {dag.py:3954} INFO - Setting next_dagrun for process_customers to None, run_after=None
[2025-06-18T05:07:24.045+0000] {processor.py:183} INFO - Processing /opt/airflow/dags/process_customers_dag.py took 0.172 seconds
[2025-06-18T05:07:54.644+0000] {processor.py:161} INFO - Started process (PID=768) to work on /opt/airflow/dags/process_customers_dag.py
[2025-06-18T05:07:54.663+0000] {processor.py:830} INFO - Processing file /opt/airflow/dags/process_customers_dag.py for tasks to queue
[2025-06-18T05:07:54.667+0000] {logging_mixin.py:188} INFO - [2025-06-18T05:07:54.666+0000] {dagbag.py:545} INFO - Filling up the DagBag from /opt/airflow/dags/process_customers_dag.py
[2025-06-18T05:07:54.701+0000] {processor.py:840} INFO - DAG(s) 'process_customers' retrieved from /opt/airflow/dags/process_customers_dag.py
[2025-06-18T05:07:54.750+0000] {logging_mixin.py:188} INFO - [2025-06-18T05:07:54.750+0000] {dag.py:3096} INFO - Sync 1 DAGs
[2025-06-18T05:07:54.771+0000] {logging_mixin.py:188} INFO - [2025-06-18T05:07:54.770+0000] {dag.py:3954} INFO - Setting next_dagrun for process_customers to None, run_after=None
[2025-06-18T05:07:54.804+0000] {processor.py:183} INFO - Processing /opt/airflow/dags/process_customers_dag.py took 0.210 seconds
[2025-06-18T05:08:25.042+0000] {processor.py:161} INFO - Started process (PID=778) to work on /opt/airflow/dags/process_customers_dag.py
[2025-06-18T05:08:25.044+0000] {processor.py:830} INFO - Processing file /opt/airflow/dags/process_customers_dag.py for tasks to queue
[2025-06-18T05:08:25.053+0000] {logging_mixin.py:188} INFO - [2025-06-18T05:08:25.052+0000] {dagbag.py:545} INFO - Filling up the DagBag from /opt/airflow/dags/process_customers_dag.py
[2025-06-18T05:08:25.092+0000] {processor.py:840} INFO - DAG(s) 'process_customers' retrieved from /opt/airflow/dags/process_customers_dag.py
[2025-06-18T05:08:25.149+0000] {logging_mixin.py:188} INFO - [2025-06-18T05:08:25.148+0000] {dag.py:3096} INFO - Sync 1 DAGs
[2025-06-18T05:08:25.197+0000] {logging_mixin.py:188} INFO - [2025-06-18T05:08:25.196+0000] {dag.py:3954} INFO - Setting next_dagrun for process_customers to None, run_after=None
[2025-06-18T05:08:25.246+0000] {processor.py:183} INFO - Processing /opt/airflow/dags/process_customers_dag.py took 0.220 seconds
[2025-06-18T05:08:56.317+0000] {processor.py:161} INFO - Started process (PID=788) to work on /opt/airflow/dags/process_customers_dag.py
[2025-06-18T05:08:56.321+0000] {processor.py:830} INFO - Processing file /opt/airflow/dags/process_customers_dag.py for tasks to queue
[2025-06-18T05:08:56.325+0000] {logging_mixin.py:188} INFO - [2025-06-18T05:08:56.324+0000] {dagbag.py:545} INFO - Filling up the DagBag from /opt/airflow/dags/process_customers_dag.py
[2025-06-18T05:08:56.363+0000] {processor.py:840} INFO - DAG(s) 'process_customers' retrieved from /opt/airflow/dags/process_customers_dag.py
[2025-06-18T05:08:56.463+0000] {logging_mixin.py:188} INFO - [2025-06-18T05:08:56.462+0000] {dag.py:3096} INFO - Sync 1 DAGs
[2025-06-18T05:08:56.497+0000] {logging_mixin.py:188} INFO - [2025-06-18T05:08:56.497+0000] {dag.py:3954} INFO - Setting next_dagrun for process_customers to None, run_after=None
[2025-06-18T05:08:56.559+0000] {processor.py:183} INFO - Processing /opt/airflow/dags/process_customers_dag.py took 0.254 seconds
[2025-06-18T05:09:26.835+0000] {processor.py:161} INFO - Started process (PID=798) to work on /opt/airflow/dags/process_customers_dag.py
[2025-06-18T05:09:26.839+0000] {processor.py:830} INFO - Processing file /opt/airflow/dags/process_customers_dag.py for tasks to queue
[2025-06-18T05:09:26.851+0000] {logging_mixin.py:188} INFO - [2025-06-18T05:09:26.846+0000] {dagbag.py:545} INFO - Filling up the DagBag from /opt/airflow/dags/process_customers_dag.py
[2025-06-18T05:09:27.683+0000] {processor.py:840} INFO - DAG(s) 'process_customers' retrieved from /opt/airflow/dags/process_customers_dag.py
[2025-06-18T05:09:27.870+0000] {logging_mixin.py:188} INFO - [2025-06-18T05:09:27.870+0000] {dag.py:3096} INFO - Sync 1 DAGs
[2025-06-18T05:09:27.931+0000] {logging_mixin.py:188} INFO - [2025-06-18T05:09:27.930+0000] {dag.py:3954} INFO - Setting next_dagrun for process_customers to None, run_after=None
[2025-06-18T05:09:28.024+0000] {processor.py:183} INFO - Processing /opt/airflow/dags/process_customers_dag.py took 1.214 seconds
[2025-06-18T05:09:58.351+0000] {processor.py:161} INFO - Started process (PID=808) to work on /opt/airflow/dags/process_customers_dag.py
[2025-06-18T05:09:58.353+0000] {processor.py:830} INFO - Processing file /opt/airflow/dags/process_customers_dag.py for tasks to queue
[2025-06-18T05:09:58.357+0000] {logging_mixin.py:188} INFO - [2025-06-18T05:09:58.357+0000] {dagbag.py:545} INFO - Filling up the DagBag from /opt/airflow/dags/process_customers_dag.py
[2025-06-18T05:09:58.398+0000] {processor.py:840} INFO - DAG(s) 'process_customers' retrieved from /opt/airflow/dags/process_customers_dag.py
[2025-06-18T05:09:58.451+0000] {logging_mixin.py:188} INFO - [2025-06-18T05:09:58.450+0000] {dag.py:3096} INFO - Sync 1 DAGs
[2025-06-18T05:09:58.468+0000] {logging_mixin.py:188} INFO - [2025-06-18T05:09:58.468+0000] {dag.py:3954} INFO - Setting next_dagrun for process_customers to None, run_after=None
[2025-06-18T05:09:58.599+0000] {processor.py:183} INFO - Processing /opt/airflow/dags/process_customers_dag.py took 0.267 seconds
[2025-06-18T05:10:29.491+0000] {processor.py:161} INFO - Started process (PID=818) to work on /opt/airflow/dags/process_customers_dag.py
[2025-06-18T05:10:29.494+0000] {processor.py:830} INFO - Processing file /opt/airflow/dags/process_customers_dag.py for tasks to queue
[2025-06-18T05:10:29.499+0000] {logging_mixin.py:188} INFO - [2025-06-18T05:10:29.498+0000] {dagbag.py:545} INFO - Filling up the DagBag from /opt/airflow/dags/process_customers_dag.py
[2025-06-18T05:10:29.576+0000] {processor.py:840} INFO - DAG(s) 'process_customers' retrieved from /opt/airflow/dags/process_customers_dag.py
[2025-06-18T05:10:29.691+0000] {logging_mixin.py:188} INFO - [2025-06-18T05:10:29.691+0000] {dag.py:3096} INFO - Sync 1 DAGs
[2025-06-18T05:10:29.763+0000] {logging_mixin.py:188} INFO - [2025-06-18T05:10:29.760+0000] {dag.py:3954} INFO - Setting next_dagrun for process_customers to None, run_after=None
[2025-06-18T05:10:29.844+0000] {processor.py:183} INFO - Processing /opt/airflow/dags/process_customers_dag.py took 0.381 seconds
[2025-06-18T05:11:00.532+0000] {processor.py:161} INFO - Started process (PID=828) to work on /opt/airflow/dags/process_customers_dag.py
[2025-06-18T05:11:00.535+0000] {processor.py:830} INFO - Processing file /opt/airflow/dags/process_customers_dag.py for tasks to queue
[2025-06-18T05:11:00.537+0000] {logging_mixin.py:188} INFO - [2025-06-18T05:11:00.537+0000] {dagbag.py:545} INFO - Filling up the DagBag from /opt/airflow/dags/process_customers_dag.py
[2025-06-18T05:11:00.563+0000] {processor.py:840} INFO - DAG(s) 'process_customers' retrieved from /opt/airflow/dags/process_customers_dag.py
[2025-06-18T05:11:00.612+0000] {logging_mixin.py:188} INFO - [2025-06-18T05:11:00.612+0000] {dag.py:3096} INFO - Sync 1 DAGs
[2025-06-18T05:11:00.634+0000] {logging_mixin.py:188} INFO - [2025-06-18T05:11:00.633+0000] {dag.py:3954} INFO - Setting next_dagrun for process_customers to None, run_after=None
[2025-06-18T05:11:00.668+0000] {processor.py:183} INFO - Processing /opt/airflow/dags/process_customers_dag.py took 0.147 seconds
[2025-06-18T05:11:31.294+0000] {processor.py:161} INFO - Started process (PID=838) to work on /opt/airflow/dags/process_customers_dag.py
[2025-06-18T05:11:31.296+0000] {processor.py:830} INFO - Processing file /opt/airflow/dags/process_customers_dag.py for tasks to queue
[2025-06-18T05:11:31.299+0000] {logging_mixin.py:188} INFO - [2025-06-18T05:11:31.299+0000] {dagbag.py:545} INFO - Filling up the DagBag from /opt/airflow/dags/process_customers_dag.py
[2025-06-18T05:11:31.341+0000] {processor.py:840} INFO - DAG(s) 'process_customers' retrieved from /opt/airflow/dags/process_customers_dag.py
[2025-06-18T05:11:31.425+0000] {logging_mixin.py:188} INFO - [2025-06-18T05:11:31.424+0000] {dag.py:3096} INFO - Sync 1 DAGs
[2025-06-18T05:11:31.512+0000] {logging_mixin.py:188} INFO - [2025-06-18T05:11:31.510+0000] {dag.py:3954} INFO - Setting next_dagrun for process_customers to None, run_after=None
[2025-06-18T05:11:31.588+0000] {processor.py:183} INFO - Processing /opt/airflow/dags/process_customers_dag.py took 0.305 seconds
[2025-06-18T05:12:02.101+0000] {processor.py:161} INFO - Started process (PID=848) to work on /opt/airflow/dags/process_customers_dag.py
[2025-06-18T05:12:02.103+0000] {processor.py:830} INFO - Processing file /opt/airflow/dags/process_customers_dag.py for tasks to queue
[2025-06-18T05:12:02.108+0000] {logging_mixin.py:188} INFO - [2025-06-18T05:12:02.107+0000] {dagbag.py:545} INFO - Filling up the DagBag from /opt/airflow/dags/process_customers_dag.py
[2025-06-18T05:12:02.141+0000] {processor.py:840} INFO - DAG(s) 'process_customers' retrieved from /opt/airflow/dags/process_customers_dag.py
[2025-06-18T05:12:02.211+0000] {logging_mixin.py:188} INFO - [2025-06-18T05:12:02.211+0000] {dag.py:3096} INFO - Sync 1 DAGs
[2025-06-18T05:12:02.248+0000] {logging_mixin.py:188} INFO - [2025-06-18T05:12:02.248+0000] {dag.py:3954} INFO - Setting next_dagrun for process_customers to None, run_after=None
[2025-06-18T05:12:02.302+0000] {processor.py:183} INFO - Processing /opt/airflow/dags/process_customers_dag.py took 0.212 seconds
[2025-06-18T05:12:32.964+0000] {processor.py:161} INFO - Started process (PID=858) to work on /opt/airflow/dags/process_customers_dag.py
[2025-06-18T05:12:32.973+0000] {processor.py:830} INFO - Processing file /opt/airflow/dags/process_customers_dag.py for tasks to queue
[2025-06-18T05:12:32.978+0000] {logging_mixin.py:188} INFO - [2025-06-18T05:12:32.977+0000] {dagbag.py:545} INFO - Filling up the DagBag from /opt/airflow/dags/process_customers_dag.py
[2025-06-18T05:12:33.050+0000] {processor.py:840} INFO - DAG(s) 'process_customers' retrieved from /opt/airflow/dags/process_customers_dag.py
[2025-06-18T05:12:33.331+0000] {logging_mixin.py:188} INFO - [2025-06-18T05:12:33.331+0000] {dag.py:3096} INFO - Sync 1 DAGs
[2025-06-18T05:12:33.652+0000] {logging_mixin.py:188} INFO - [2025-06-18T05:12:33.651+0000] {dag.py:3954} INFO - Setting next_dagrun for process_customers to None, run_after=None
[2025-06-18T05:12:33.774+0000] {processor.py:183} INFO - Processing /opt/airflow/dags/process_customers_dag.py took 0.863 seconds
[2025-06-18T05:13:04.300+0000] {processor.py:161} INFO - Started process (PID=868) to work on /opt/airflow/dags/process_customers_dag.py
[2025-06-18T05:13:04.302+0000] {processor.py:830} INFO - Processing file /opt/airflow/dags/process_customers_dag.py for tasks to queue
[2025-06-18T05:13:04.306+0000] {logging_mixin.py:188} INFO - [2025-06-18T05:13:04.305+0000] {dagbag.py:545} INFO - Filling up the DagBag from /opt/airflow/dags/process_customers_dag.py
[2025-06-18T05:13:04.368+0000] {processor.py:840} INFO - DAG(s) 'process_customers' retrieved from /opt/airflow/dags/process_customers_dag.py
[2025-06-18T05:13:04.468+0000] {logging_mixin.py:188} INFO - [2025-06-18T05:13:04.468+0000] {dag.py:3096} INFO - Sync 1 DAGs
[2025-06-18T05:13:04.517+0000] {logging_mixin.py:188} INFO - [2025-06-18T05:13:04.516+0000] {dag.py:3954} INFO - Setting next_dagrun for process_customers to None, run_after=None
[2025-06-18T05:13:04.762+0000] {processor.py:183} INFO - Processing /opt/airflow/dags/process_customers_dag.py took 0.471 seconds
[2025-06-18T05:13:35.356+0000] {processor.py:161} INFO - Started process (PID=878) to work on /opt/airflow/dags/process_customers_dag.py
[2025-06-18T05:13:35.358+0000] {processor.py:830} INFO - Processing file /opt/airflow/dags/process_customers_dag.py for tasks to queue
[2025-06-18T05:13:35.364+0000] {logging_mixin.py:188} INFO - [2025-06-18T05:13:35.363+0000] {dagbag.py:545} INFO - Filling up the DagBag from /opt/airflow/dags/process_customers_dag.py
[2025-06-18T05:13:35.407+0000] {processor.py:840} INFO - DAG(s) 'process_customers' retrieved from /opt/airflow/dags/process_customers_dag.py
[2025-06-18T05:13:35.453+0000] {logging_mixin.py:188} INFO - [2025-06-18T05:13:35.452+0000] {dag.py:3096} INFO - Sync 1 DAGs
[2025-06-18T05:13:35.473+0000] {logging_mixin.py:188} INFO - [2025-06-18T05:13:35.472+0000] {dag.py:3954} INFO - Setting next_dagrun for process_customers to None, run_after=None
[2025-06-18T05:13:35.515+0000] {processor.py:183} INFO - Processing /opt/airflow/dags/process_customers_dag.py took 0.172 seconds
[2025-06-18T05:14:06.080+0000] {processor.py:161} INFO - Started process (PID=888) to work on /opt/airflow/dags/process_customers_dag.py
[2025-06-18T05:14:06.083+0000] {processor.py:830} INFO - Processing file /opt/airflow/dags/process_customers_dag.py for tasks to queue
[2025-06-18T05:14:06.088+0000] {logging_mixin.py:188} INFO - [2025-06-18T05:14:06.087+0000] {dagbag.py:545} INFO - Filling up the DagBag from /opt/airflow/dags/process_customers_dag.py
[2025-06-18T05:14:06.148+0000] {processor.py:840} INFO - DAG(s) 'process_customers' retrieved from /opt/airflow/dags/process_customers_dag.py
[2025-06-18T05:14:06.286+0000] {logging_mixin.py:188} INFO - [2025-06-18T05:14:06.285+0000] {dag.py:3096} INFO - Sync 1 DAGs
[2025-06-18T05:14:06.312+0000] {logging_mixin.py:188} INFO - [2025-06-18T05:14:06.312+0000] {dag.py:3954} INFO - Setting next_dagrun for process_customers to None, run_after=None
[2025-06-18T05:14:06.360+0000] {processor.py:183} INFO - Processing /opt/airflow/dags/process_customers_dag.py took 0.301 seconds
[2025-06-18T05:14:37.613+0000] {processor.py:161} INFO - Started process (PID=898) to work on /opt/airflow/dags/process_customers_dag.py
[2025-06-18T05:14:37.617+0000] {processor.py:830} INFO - Processing file /opt/airflow/dags/process_customers_dag.py for tasks to queue
[2025-06-18T05:14:37.631+0000] {logging_mixin.py:188} INFO - [2025-06-18T05:14:37.630+0000] {dagbag.py:545} INFO - Filling up the DagBag from /opt/airflow/dags/process_customers_dag.py
[2025-06-18T05:14:37.716+0000] {processor.py:840} INFO - DAG(s) 'process_customers' retrieved from /opt/airflow/dags/process_customers_dag.py
[2025-06-18T05:14:37.875+0000] {logging_mixin.py:188} INFO - [2025-06-18T05:14:37.874+0000] {dag.py:3096} INFO - Sync 1 DAGs
[2025-06-18T05:14:37.969+0000] {logging_mixin.py:188} INFO - [2025-06-18T05:14:37.968+0000] {dag.py:3954} INFO - Setting next_dagrun for process_customers to None, run_after=None
[2025-06-18T05:14:38.211+0000] {processor.py:183} INFO - Processing /opt/airflow/dags/process_customers_dag.py took 0.631 seconds
[2025-06-18T05:15:09.387+0000] {processor.py:161} INFO - Started process (PID=908) to work on /opt/airflow/dags/process_customers_dag.py
[2025-06-18T05:15:09.398+0000] {processor.py:830} INFO - Processing file /opt/airflow/dags/process_customers_dag.py for tasks to queue
[2025-06-18T05:15:09.406+0000] {logging_mixin.py:188} INFO - [2025-06-18T05:15:09.404+0000] {dagbag.py:545} INFO - Filling up the DagBag from /opt/airflow/dags/process_customers_dag.py
[2025-06-18T05:15:09.543+0000] {processor.py:840} INFO - DAG(s) 'process_customers' retrieved from /opt/airflow/dags/process_customers_dag.py
[2025-06-18T05:15:09.660+0000] {logging_mixin.py:188} INFO - [2025-06-18T05:15:09.660+0000] {dag.py:3096} INFO - Sync 1 DAGs
[2025-06-18T05:15:09.728+0000] {logging_mixin.py:188} INFO - [2025-06-18T05:15:09.727+0000] {dag.py:3954} INFO - Setting next_dagrun for process_customers to None, run_after=None
[2025-06-18T05:15:09.762+0000] {processor.py:183} INFO - Processing /opt/airflow/dags/process_customers_dag.py took 0.431 seconds
[2025-06-18T05:15:40.576+0000] {processor.py:161} INFO - Started process (PID=918) to work on /opt/airflow/dags/process_customers_dag.py
[2025-06-18T05:15:40.580+0000] {processor.py:830} INFO - Processing file /opt/airflow/dags/process_customers_dag.py for tasks to queue
[2025-06-18T05:15:40.587+0000] {logging_mixin.py:188} INFO - [2025-06-18T05:15:40.586+0000] {dagbag.py:545} INFO - Filling up the DagBag from /opt/airflow/dags/process_customers_dag.py
[2025-06-18T05:15:40.650+0000] {processor.py:840} INFO - DAG(s) 'process_customers' retrieved from /opt/airflow/dags/process_customers_dag.py
[2025-06-18T05:15:40.747+0000] {logging_mixin.py:188} INFO - [2025-06-18T05:15:40.746+0000] {dag.py:3096} INFO - Sync 1 DAGs
[2025-06-18T05:15:40.804+0000] {logging_mixin.py:188} INFO - [2025-06-18T05:15:40.804+0000] {dag.py:3954} INFO - Setting next_dagrun for process_customers to None, run_after=None
[2025-06-18T05:15:40.878+0000] {processor.py:183} INFO - Processing /opt/airflow/dags/process_customers_dag.py took 0.340 seconds
[2025-06-18T05:16:11.686+0000] {processor.py:161} INFO - Started process (PID=928) to work on /opt/airflow/dags/process_customers_dag.py
[2025-06-18T05:16:11.699+0000] {processor.py:830} INFO - Processing file /opt/airflow/dags/process_customers_dag.py for tasks to queue
[2025-06-18T05:16:11.703+0000] {logging_mixin.py:188} INFO - [2025-06-18T05:16:11.702+0000] {dagbag.py:545} INFO - Filling up the DagBag from /opt/airflow/dags/process_customers_dag.py
[2025-06-18T05:16:11.826+0000] {processor.py:840} INFO - DAG(s) 'process_customers' retrieved from /opt/airflow/dags/process_customers_dag.py
[2025-06-18T05:16:11.907+0000] {logging_mixin.py:188} INFO - [2025-06-18T05:16:11.906+0000] {dag.py:3096} INFO - Sync 1 DAGs
[2025-06-18T05:16:11.941+0000] {logging_mixin.py:188} INFO - [2025-06-18T05:16:11.941+0000] {dag.py:3954} INFO - Setting next_dagrun for process_customers to None, run_after=None
[2025-06-18T05:16:11.989+0000] {processor.py:183} INFO - Processing /opt/airflow/dags/process_customers_dag.py took 0.317 seconds
[2025-06-18T05:16:42.523+0000] {processor.py:161} INFO - Started process (PID=938) to work on /opt/airflow/dags/process_customers_dag.py
[2025-06-18T05:16:42.528+0000] {processor.py:830} INFO - Processing file /opt/airflow/dags/process_customers_dag.py for tasks to queue
[2025-06-18T05:16:42.538+0000] {logging_mixin.py:188} INFO - [2025-06-18T05:16:42.536+0000] {dagbag.py:545} INFO - Filling up the DagBag from /opt/airflow/dags/process_customers_dag.py
[2025-06-18T05:16:42.601+0000] {processor.py:840} INFO - DAG(s) 'process_customers' retrieved from /opt/airflow/dags/process_customers_dag.py
[2025-06-18T05:16:42.706+0000] {logging_mixin.py:188} INFO - [2025-06-18T05:16:42.706+0000] {dag.py:3096} INFO - Sync 1 DAGs
[2025-06-18T05:16:42.745+0000] {logging_mixin.py:188} INFO - [2025-06-18T05:16:42.745+0000] {dag.py:3954} INFO - Setting next_dagrun for process_customers to None, run_after=None
[2025-06-18T05:16:42.798+0000] {processor.py:183} INFO - Processing /opt/airflow/dags/process_customers_dag.py took 0.297 seconds
[2025-06-18T05:17:13.398+0000] {processor.py:161} INFO - Started process (PID=948) to work on /opt/airflow/dags/process_customers_dag.py
[2025-06-18T05:17:13.400+0000] {processor.py:830} INFO - Processing file /opt/airflow/dags/process_customers_dag.py for tasks to queue
[2025-06-18T05:17:13.405+0000] {logging_mixin.py:188} INFO - [2025-06-18T05:17:13.404+0000] {dagbag.py:545} INFO - Filling up the DagBag from /opt/airflow/dags/process_customers_dag.py
[2025-06-18T05:17:13.452+0000] {processor.py:840} INFO - DAG(s) 'process_customers' retrieved from /opt/airflow/dags/process_customers_dag.py
[2025-06-18T05:17:13.513+0000] {logging_mixin.py:188} INFO - [2025-06-18T05:17:13.512+0000] {dag.py:3096} INFO - Sync 1 DAGs
[2025-06-18T05:17:13.544+0000] {logging_mixin.py:188} INFO - [2025-06-18T05:17:13.543+0000] {dag.py:3954} INFO - Setting next_dagrun for process_customers to None, run_after=None
[2025-06-18T05:17:13.584+0000] {processor.py:183} INFO - Processing /opt/airflow/dags/process_customers_dag.py took 0.201 seconds
[2025-06-18T05:17:44.304+0000] {processor.py:161} INFO - Started process (PID=958) to work on /opt/airflow/dags/process_customers_dag.py
[2025-06-18T05:17:44.306+0000] {processor.py:830} INFO - Processing file /opt/airflow/dags/process_customers_dag.py for tasks to queue
[2025-06-18T05:17:44.311+0000] {logging_mixin.py:188} INFO - [2025-06-18T05:17:44.310+0000] {dagbag.py:545} INFO - Filling up the DagBag from /opt/airflow/dags/process_customers_dag.py
[2025-06-18T05:17:44.348+0000] {processor.py:840} INFO - DAG(s) 'process_customers' retrieved from /opt/airflow/dags/process_customers_dag.py
[2025-06-18T05:17:44.452+0000] {logging_mixin.py:188} INFO - [2025-06-18T05:17:44.452+0000] {dag.py:3096} INFO - Sync 1 DAGs
[2025-06-18T05:17:44.479+0000] {logging_mixin.py:188} INFO - [2025-06-18T05:17:44.479+0000] {dag.py:3954} INFO - Setting next_dagrun for process_customers to None, run_after=None
[2025-06-18T05:17:44.540+0000] {processor.py:183} INFO - Processing /opt/airflow/dags/process_customers_dag.py took 0.252 seconds
[2025-06-18T05:18:15.239+0000] {processor.py:161} INFO - Started process (PID=968) to work on /opt/airflow/dags/process_customers_dag.py
[2025-06-18T05:18:15.250+0000] {processor.py:830} INFO - Processing file /opt/airflow/dags/process_customers_dag.py for tasks to queue
[2025-06-18T05:18:15.279+0000] {logging_mixin.py:188} INFO - [2025-06-18T05:18:15.274+0000] {dagbag.py:545} INFO - Filling up the DagBag from /opt/airflow/dags/process_customers_dag.py
[2025-06-18T05:18:15.473+0000] {processor.py:840} INFO - DAG(s) 'process_customers' retrieved from /opt/airflow/dags/process_customers_dag.py
[2025-06-18T05:18:15.601+0000] {logging_mixin.py:188} INFO - [2025-06-18T05:18:15.600+0000] {dag.py:3096} INFO - Sync 1 DAGs
[2025-06-18T05:18:15.647+0000] {logging_mixin.py:188} INFO - [2025-06-18T05:18:15.647+0000] {dag.py:3954} INFO - Setting next_dagrun for process_customers to None, run_after=None
[2025-06-18T05:18:15.733+0000] {processor.py:183} INFO - Processing /opt/airflow/dags/process_customers_dag.py took 0.582 seconds
[2025-06-18T05:18:45.969+0000] {processor.py:161} INFO - Started process (PID=978) to work on /opt/airflow/dags/process_customers_dag.py
[2025-06-18T05:18:45.974+0000] {processor.py:830} INFO - Processing file /opt/airflow/dags/process_customers_dag.py for tasks to queue
[2025-06-18T05:18:45.981+0000] {logging_mixin.py:188} INFO - [2025-06-18T05:18:45.979+0000] {dagbag.py:545} INFO - Filling up the DagBag from /opt/airflow/dags/process_customers_dag.py
[2025-06-18T05:18:46.033+0000] {processor.py:840} INFO - DAG(s) 'process_customers' retrieved from /opt/airflow/dags/process_customers_dag.py
[2025-06-18T05:18:46.187+0000] {logging_mixin.py:188} INFO - [2025-06-18T05:18:46.186+0000] {dag.py:3096} INFO - Sync 1 DAGs
[2025-06-18T05:18:46.275+0000] {logging_mixin.py:188} INFO - [2025-06-18T05:18:46.274+0000] {dag.py:3954} INFO - Setting next_dagrun for process_customers to None, run_after=None
[2025-06-18T05:18:46.437+0000] {processor.py:183} INFO - Processing /opt/airflow/dags/process_customers_dag.py took 0.486 seconds
[2025-06-18T05:19:16.648+0000] {processor.py:161} INFO - Started process (PID=988) to work on /opt/airflow/dags/process_customers_dag.py
[2025-06-18T05:19:16.651+0000] {processor.py:830} INFO - Processing file /opt/airflow/dags/process_customers_dag.py for tasks to queue
[2025-06-18T05:19:16.658+0000] {logging_mixin.py:188} INFO - [2025-06-18T05:19:16.657+0000] {dagbag.py:545} INFO - Filling up the DagBag from /opt/airflow/dags/process_customers_dag.py
[2025-06-18T05:19:16.762+0000] {processor.py:840} INFO - DAG(s) 'process_customers' retrieved from /opt/airflow/dags/process_customers_dag.py
[2025-06-18T05:19:16.843+0000] {logging_mixin.py:188} INFO - [2025-06-18T05:19:16.842+0000] {dag.py:3096} INFO - Sync 1 DAGs
[2025-06-18T05:19:16.877+0000] {logging_mixin.py:188} INFO - [2025-06-18T05:19:16.876+0000] {dag.py:3954} INFO - Setting next_dagrun for process_customers to None, run_after=None
[2025-06-18T05:19:16.961+0000] {processor.py:183} INFO - Processing /opt/airflow/dags/process_customers_dag.py took 0.337 seconds
[2025-06-18T05:19:47.166+0000] {processor.py:161} INFO - Started process (PID=998) to work on /opt/airflow/dags/process_customers_dag.py
[2025-06-18T05:19:47.171+0000] {processor.py:830} INFO - Processing file /opt/airflow/dags/process_customers_dag.py for tasks to queue
[2025-06-18T05:19:47.180+0000] {logging_mixin.py:188} INFO - [2025-06-18T05:19:47.179+0000] {dagbag.py:545} INFO - Filling up the DagBag from /opt/airflow/dags/process_customers_dag.py
[2025-06-18T05:19:47.236+0000] {processor.py:840} INFO - DAG(s) 'process_customers' retrieved from /opt/airflow/dags/process_customers_dag.py
[2025-06-18T05:19:47.315+0000] {logging_mixin.py:188} INFO - [2025-06-18T05:19:47.314+0000] {dag.py:3096} INFO - Sync 1 DAGs
[2025-06-18T05:19:47.340+0000] {logging_mixin.py:188} INFO - [2025-06-18T05:19:47.340+0000] {dag.py:3954} INFO - Setting next_dagrun for process_customers to None, run_after=None
[2025-06-18T05:19:47.379+0000] {processor.py:183} INFO - Processing /opt/airflow/dags/process_customers_dag.py took 0.237 seconds
[2025-06-18T05:20:17.796+0000] {processor.py:161} INFO - Started process (PID=1008) to work on /opt/airflow/dags/process_customers_dag.py
[2025-06-18T05:20:17.798+0000] {processor.py:830} INFO - Processing file /opt/airflow/dags/process_customers_dag.py for tasks to queue
[2025-06-18T05:20:17.802+0000] {logging_mixin.py:188} INFO - [2025-06-18T05:20:17.801+0000] {dagbag.py:545} INFO - Filling up the DagBag from /opt/airflow/dags/process_customers_dag.py
[2025-06-18T05:20:17.835+0000] {processor.py:840} INFO - DAG(s) 'process_customers' retrieved from /opt/airflow/dags/process_customers_dag.py
[2025-06-18T05:20:17.881+0000] {logging_mixin.py:188} INFO - [2025-06-18T05:20:17.880+0000] {dag.py:3096} INFO - Sync 1 DAGs
[2025-06-18T05:20:17.906+0000] {logging_mixin.py:188} INFO - [2025-06-18T05:20:17.905+0000] {dag.py:3954} INFO - Setting next_dagrun for process_customers to None, run_after=None
[2025-06-18T05:20:17.969+0000] {processor.py:183} INFO - Processing /opt/airflow/dags/process_customers_dag.py took 0.188 seconds
[2025-06-18T05:20:48.537+0000] {processor.py:161} INFO - Started process (PID=1018) to work on /opt/airflow/dags/process_customers_dag.py
[2025-06-18T05:20:48.541+0000] {processor.py:830} INFO - Processing file /opt/airflow/dags/process_customers_dag.py for tasks to queue
[2025-06-18T05:20:48.550+0000] {logging_mixin.py:188} INFO - [2025-06-18T05:20:48.549+0000] {dagbag.py:545} INFO - Filling up the DagBag from /opt/airflow/dags/process_customers_dag.py
[2025-06-18T05:20:48.721+0000] {processor.py:840} INFO - DAG(s) 'process_customers' retrieved from /opt/airflow/dags/process_customers_dag.py
[2025-06-18T05:20:48.812+0000] {logging_mixin.py:188} INFO - [2025-06-18T05:20:48.811+0000] {dag.py:3096} INFO - Sync 1 DAGs
[2025-06-18T05:20:48.836+0000] {logging_mixin.py:188} INFO - [2025-06-18T05:20:48.835+0000] {dag.py:3954} INFO - Setting next_dagrun for process_customers to None, run_after=None
[2025-06-18T05:20:48.883+0000] {processor.py:183} INFO - Processing /opt/airflow/dags/process_customers_dag.py took 0.405 seconds
[2025-06-18T05:21:19.587+0000] {processor.py:161} INFO - Started process (PID=1028) to work on /opt/airflow/dags/process_customers_dag.py
[2025-06-18T05:21:19.590+0000] {processor.py:830} INFO - Processing file /opt/airflow/dags/process_customers_dag.py for tasks to queue
[2025-06-18T05:21:19.598+0000] {logging_mixin.py:188} INFO - [2025-06-18T05:21:19.597+0000] {dagbag.py:545} INFO - Filling up the DagBag from /opt/airflow/dags/process_customers_dag.py
[2025-06-18T05:21:19.701+0000] {processor.py:840} INFO - DAG(s) 'process_customers' retrieved from /opt/airflow/dags/process_customers_dag.py
[2025-06-18T05:21:19.853+0000] {logging_mixin.py:188} INFO - [2025-06-18T05:21:19.849+0000] {dag.py:3096} INFO - Sync 1 DAGs
[2025-06-18T05:21:19.976+0000] {logging_mixin.py:188} INFO - [2025-06-18T05:21:19.975+0000] {dag.py:3954} INFO - Setting next_dagrun for process_customers to None, run_after=None
[2025-06-18T05:21:20.097+0000] {processor.py:183} INFO - Processing /opt/airflow/dags/process_customers_dag.py took 0.547 seconds
[2025-06-18T05:21:51.256+0000] {processor.py:161} INFO - Started process (PID=1038) to work on /opt/airflow/dags/process_customers_dag.py
[2025-06-18T05:21:51.259+0000] {processor.py:830} INFO - Processing file /opt/airflow/dags/process_customers_dag.py for tasks to queue
[2025-06-18T05:21:51.264+0000] {logging_mixin.py:188} INFO - [2025-06-18T05:21:51.263+0000] {dagbag.py:545} INFO - Filling up the DagBag from /opt/airflow/dags/process_customers_dag.py
[2025-06-18T05:21:51.296+0000] {processor.py:840} INFO - DAG(s) 'process_customers' retrieved from /opt/airflow/dags/process_customers_dag.py
[2025-06-18T05:21:51.353+0000] {logging_mixin.py:188} INFO - [2025-06-18T05:21:51.353+0000] {dag.py:3096} INFO - Sync 1 DAGs
[2025-06-18T05:21:51.382+0000] {logging_mixin.py:188} INFO - [2025-06-18T05:21:51.381+0000] {dag.py:3954} INFO - Setting next_dagrun for process_customers to None, run_after=None
[2025-06-18T05:21:51.422+0000] {processor.py:183} INFO - Processing /opt/airflow/dags/process_customers_dag.py took 0.184 seconds
[2025-06-18T05:22:22.325+0000] {processor.py:161} INFO - Started process (PID=1048) to work on /opt/airflow/dags/process_customers_dag.py
[2025-06-18T05:22:22.326+0000] {processor.py:830} INFO - Processing file /opt/airflow/dags/process_customers_dag.py for tasks to queue
[2025-06-18T05:22:22.329+0000] {logging_mixin.py:188} INFO - [2025-06-18T05:22:22.328+0000] {dagbag.py:545} INFO - Filling up the DagBag from /opt/airflow/dags/process_customers_dag.py
[2025-06-18T05:22:22.359+0000] {processor.py:840} INFO - DAG(s) 'process_customers' retrieved from /opt/airflow/dags/process_customers_dag.py
[2025-06-18T05:22:22.410+0000] {logging_mixin.py:188} INFO - [2025-06-18T05:22:22.410+0000] {dag.py:3096} INFO - Sync 1 DAGs
[2025-06-18T05:22:22.434+0000] {logging_mixin.py:188} INFO - [2025-06-18T05:22:22.433+0000] {dag.py:3954} INFO - Setting next_dagrun for process_customers to None, run_after=None
[2025-06-18T05:22:22.496+0000] {processor.py:183} INFO - Processing /opt/airflow/dags/process_customers_dag.py took 0.184 seconds
[2025-06-18T05:22:52.800+0000] {processor.py:161} INFO - Started process (PID=1058) to work on /opt/airflow/dags/process_customers_dag.py
[2025-06-18T05:22:52.802+0000] {processor.py:830} INFO - Processing file /opt/airflow/dags/process_customers_dag.py for tasks to queue
[2025-06-18T05:22:52.808+0000] {logging_mixin.py:188} INFO - [2025-06-18T05:22:52.806+0000] {dagbag.py:545} INFO - Filling up the DagBag from /opt/airflow/dags/process_customers_dag.py
[2025-06-18T05:22:52.847+0000] {processor.py:840} INFO - DAG(s) 'process_customers' retrieved from /opt/airflow/dags/process_customers_dag.py
[2025-06-18T05:22:52.911+0000] {logging_mixin.py:188} INFO - [2025-06-18T05:22:52.910+0000] {dag.py:3096} INFO - Sync 1 DAGs
[2025-06-18T05:22:52.936+0000] {logging_mixin.py:188} INFO - [2025-06-18T05:22:52.935+0000] {dag.py:3954} INFO - Setting next_dagrun for process_customers to None, run_after=None
[2025-06-18T05:22:52.984+0000] {processor.py:183} INFO - Processing /opt/airflow/dags/process_customers_dag.py took 0.202 seconds
[2025-06-18T05:23:23.759+0000] {processor.py:161} INFO - Started process (PID=1068) to work on /opt/airflow/dags/process_customers_dag.py
[2025-06-18T05:23:23.761+0000] {processor.py:830} INFO - Processing file /opt/airflow/dags/process_customers_dag.py for tasks to queue
[2025-06-18T05:23:23.765+0000] {logging_mixin.py:188} INFO - [2025-06-18T05:23:23.765+0000] {dagbag.py:545} INFO - Filling up the DagBag from /opt/airflow/dags/process_customers_dag.py
[2025-06-18T05:23:23.805+0000] {processor.py:840} INFO - DAG(s) 'process_customers' retrieved from /opt/airflow/dags/process_customers_dag.py
[2025-06-18T05:23:23.863+0000] {logging_mixin.py:188} INFO - [2025-06-18T05:23:23.863+0000] {dag.py:3096} INFO - Sync 1 DAGs
[2025-06-18T05:23:23.885+0000] {logging_mixin.py:188} INFO - [2025-06-18T05:23:23.884+0000] {dag.py:3954} INFO - Setting next_dagrun for process_customers to None, run_after=None
[2025-06-18T05:23:23.944+0000] {processor.py:183} INFO - Processing /opt/airflow/dags/process_customers_dag.py took 0.202 seconds
[2025-06-18T05:23:54.221+0000] {processor.py:161} INFO - Started process (PID=1078) to work on /opt/airflow/dags/process_customers_dag.py
[2025-06-18T05:23:54.233+0000] {processor.py:830} INFO - Processing file /opt/airflow/dags/process_customers_dag.py for tasks to queue
[2025-06-18T05:23:54.253+0000] {logging_mixin.py:188} INFO - [2025-06-18T05:23:54.245+0000] {dagbag.py:545} INFO - Filling up the DagBag from /opt/airflow/dags/process_customers_dag.py
[2025-06-18T05:23:54.781+0000] {processor.py:840} INFO - DAG(s) 'process_customers' retrieved from /opt/airflow/dags/process_customers_dag.py
[2025-06-18T05:23:55.159+0000] {logging_mixin.py:188} INFO - [2025-06-18T05:23:55.158+0000] {dag.py:3096} INFO - Sync 1 DAGs
[2025-06-18T05:23:55.318+0000] {logging_mixin.py:188} INFO - [2025-06-18T05:23:55.317+0000] {dag.py:3954} INFO - Setting next_dagrun for process_customers to None, run_after=None
[2025-06-18T05:23:55.370+0000] {processor.py:183} INFO - Processing /opt/airflow/dags/process_customers_dag.py took 1.242 seconds
[2025-06-18T05:24:25.991+0000] {processor.py:161} INFO - Started process (PID=1088) to work on /opt/airflow/dags/process_customers_dag.py
[2025-06-18T05:24:26.008+0000] {processor.py:830} INFO - Processing file /opt/airflow/dags/process_customers_dag.py for tasks to queue
[2025-06-18T05:24:26.014+0000] {logging_mixin.py:188} INFO - [2025-06-18T05:24:26.013+0000] {dagbag.py:545} INFO - Filling up the DagBag from /opt/airflow/dags/process_customers_dag.py
[2025-06-18T05:24:26.128+0000] {processor.py:840} INFO - DAG(s) 'process_customers' retrieved from /opt/airflow/dags/process_customers_dag.py
[2025-06-18T05:24:27.782+0000] {logging_mixin.py:188} INFO - [2025-06-18T05:24:27.781+0000] {dag.py:3096} INFO - Sync 1 DAGs
[2025-06-18T05:24:28.300+0000] {logging_mixin.py:188} INFO - [2025-06-18T05:24:28.299+0000] {dag.py:3954} INFO - Setting next_dagrun for process_customers to None, run_after=None
[2025-06-18T05:24:28.713+0000] {processor.py:183} INFO - Processing /opt/airflow/dags/process_customers_dag.py took 2.776 seconds
[2025-06-18T05:24:59.323+0000] {processor.py:161} INFO - Started process (PID=1098) to work on /opt/airflow/dags/process_customers_dag.py
[2025-06-18T05:24:59.329+0000] {processor.py:830} INFO - Processing file /opt/airflow/dags/process_customers_dag.py for tasks to queue
[2025-06-18T05:24:59.336+0000] {logging_mixin.py:188} INFO - [2025-06-18T05:24:59.335+0000] {dagbag.py:545} INFO - Filling up the DagBag from /opt/airflow/dags/process_customers_dag.py
[2025-06-18T05:24:59.450+0000] {processor.py:840} INFO - DAG(s) 'process_customers' retrieved from /opt/airflow/dags/process_customers_dag.py
[2025-06-18T05:24:59.642+0000] {logging_mixin.py:188} INFO - [2025-06-18T05:24:59.641+0000] {dag.py:3096} INFO - Sync 1 DAGs
[2025-06-18T05:24:59.687+0000] {logging_mixin.py:188} INFO - [2025-06-18T05:24:59.687+0000] {dag.py:3954} INFO - Setting next_dagrun for process_customers to None, run_after=None
[2025-06-18T05:24:59.723+0000] {processor.py:183} INFO - Processing /opt/airflow/dags/process_customers_dag.py took 0.426 seconds
[2025-06-18T05:25:30.807+0000] {processor.py:161} INFO - Started process (PID=1108) to work on /opt/airflow/dags/process_customers_dag.py
[2025-06-18T05:25:30.813+0000] {processor.py:830} INFO - Processing file /opt/airflow/dags/process_customers_dag.py for tasks to queue
[2025-06-18T05:25:30.825+0000] {logging_mixin.py:188} INFO - [2025-06-18T05:25:30.822+0000] {dagbag.py:545} INFO - Filling up the DagBag from /opt/airflow/dags/process_customers_dag.py
[2025-06-18T05:25:30.903+0000] {processor.py:840} INFO - DAG(s) 'process_customers' retrieved from /opt/airflow/dags/process_customers_dag.py
[2025-06-18T05:25:30.990+0000] {logging_mixin.py:188} INFO - [2025-06-18T05:25:30.989+0000] {dag.py:3096} INFO - Sync 1 DAGs
[2025-06-18T05:25:31.076+0000] {logging_mixin.py:188} INFO - [2025-06-18T05:25:31.076+0000] {dag.py:3954} INFO - Setting next_dagrun for process_customers to None, run_after=None
[2025-06-18T05:25:31.133+0000] {processor.py:183} INFO - Processing /opt/airflow/dags/process_customers_dag.py took 0.382 seconds
[2025-06-18T05:26:01.360+0000] {processor.py:161} INFO - Started process (PID=1118) to work on /opt/airflow/dags/process_customers_dag.py
[2025-06-18T05:26:01.363+0000] {processor.py:830} INFO - Processing file /opt/airflow/dags/process_customers_dag.py for tasks to queue
[2025-06-18T05:26:01.367+0000] {logging_mixin.py:188} INFO - [2025-06-18T05:26:01.366+0000] {dagbag.py:545} INFO - Filling up the DagBag from /opt/airflow/dags/process_customers_dag.py
[2025-06-18T05:26:01.402+0000] {processor.py:840} INFO - DAG(s) 'process_customers' retrieved from /opt/airflow/dags/process_customers_dag.py
[2025-06-18T05:26:01.460+0000] {logging_mixin.py:188} INFO - [2025-06-18T05:26:01.459+0000] {dag.py:3096} INFO - Sync 1 DAGs
[2025-06-18T05:26:01.482+0000] {logging_mixin.py:188} INFO - [2025-06-18T05:26:01.482+0000] {dag.py:3954} INFO - Setting next_dagrun for process_customers to None, run_after=None
[2025-06-18T05:26:01.523+0000] {processor.py:183} INFO - Processing /opt/airflow/dags/process_customers_dag.py took 0.175 seconds
[2025-06-18T05:26:31.706+0000] {processor.py:161} INFO - Started process (PID=1128) to work on /opt/airflow/dags/process_customers_dag.py
[2025-06-18T05:26:31.708+0000] {processor.py:830} INFO - Processing file /opt/airflow/dags/process_customers_dag.py for tasks to queue
[2025-06-18T05:26:31.714+0000] {logging_mixin.py:188} INFO - [2025-06-18T05:26:31.713+0000] {dagbag.py:545} INFO - Filling up the DagBag from /opt/airflow/dags/process_customers_dag.py
[2025-06-18T05:26:31.773+0000] {processor.py:840} INFO - DAG(s) 'process_customers' retrieved from /opt/airflow/dags/process_customers_dag.py
[2025-06-18T05:26:31.883+0000] {logging_mixin.py:188} INFO - [2025-06-18T05:26:31.882+0000] {dag.py:3096} INFO - Sync 1 DAGs
[2025-06-18T05:26:31.929+0000] {logging_mixin.py:188} INFO - [2025-06-18T05:26:31.929+0000] {dag.py:3954} INFO - Setting next_dagrun for process_customers to None, run_after=None
[2025-06-18T05:26:32.033+0000] {processor.py:183} INFO - Processing /opt/airflow/dags/process_customers_dag.py took 0.341 seconds
[2025-06-18T05:27:02.432+0000] {processor.py:161} INFO - Started process (PID=1138) to work on /opt/airflow/dags/process_customers_dag.py
[2025-06-18T05:27:02.434+0000] {processor.py:830} INFO - Processing file /opt/airflow/dags/process_customers_dag.py for tasks to queue
[2025-06-18T05:27:02.438+0000] {logging_mixin.py:188} INFO - [2025-06-18T05:27:02.437+0000] {dagbag.py:545} INFO - Filling up the DagBag from /opt/airflow/dags/process_customers_dag.py
[2025-06-18T05:27:02.480+0000] {processor.py:840} INFO - DAG(s) 'process_customers' retrieved from /opt/airflow/dags/process_customers_dag.py
[2025-06-18T05:27:02.538+0000] {logging_mixin.py:188} INFO - [2025-06-18T05:27:02.538+0000] {dag.py:3096} INFO - Sync 1 DAGs
[2025-06-18T05:27:02.570+0000] {logging_mixin.py:188} INFO - [2025-06-18T05:27:02.570+0000] {dag.py:3954} INFO - Setting next_dagrun for process_customers to None, run_after=None
[2025-06-18T05:27:02.628+0000] {processor.py:183} INFO - Processing /opt/airflow/dags/process_customers_dag.py took 0.208 seconds
[2025-06-18T05:27:33.281+0000] {processor.py:161} INFO - Started process (PID=1148) to work on /opt/airflow/dags/process_customers_dag.py
[2025-06-18T05:27:33.284+0000] {processor.py:830} INFO - Processing file /opt/airflow/dags/process_customers_dag.py for tasks to queue
[2025-06-18T05:27:33.296+0000] {logging_mixin.py:188} INFO - [2025-06-18T05:27:33.294+0000] {dagbag.py:545} INFO - Filling up the DagBag from /opt/airflow/dags/process_customers_dag.py
[2025-06-18T05:27:33.367+0000] {processor.py:840} INFO - DAG(s) 'process_customers' retrieved from /opt/airflow/dags/process_customers_dag.py
[2025-06-18T05:27:33.473+0000] {logging_mixin.py:188} INFO - [2025-06-18T05:27:33.472+0000] {dag.py:3096} INFO - Sync 1 DAGs
[2025-06-18T05:27:33.529+0000] {logging_mixin.py:188} INFO - [2025-06-18T05:27:33.529+0000] {dag.py:3954} INFO - Setting next_dagrun for process_customers to None, run_after=None
[2025-06-18T05:27:33.606+0000] {processor.py:183} INFO - Processing /opt/airflow/dags/process_customers_dag.py took 0.347 seconds
[2025-06-18T05:28:04.206+0000] {processor.py:161} INFO - Started process (PID=1158) to work on /opt/airflow/dags/process_customers_dag.py
[2025-06-18T05:28:04.209+0000] {processor.py:830} INFO - Processing file /opt/airflow/dags/process_customers_dag.py for tasks to queue
[2025-06-18T05:28:04.214+0000] {logging_mixin.py:188} INFO - [2025-06-18T05:28:04.213+0000] {dagbag.py:545} INFO - Filling up the DagBag from /opt/airflow/dags/process_customers_dag.py
[2025-06-18T05:28:04.255+0000] {processor.py:840} INFO - DAG(s) 'process_customers' retrieved from /opt/airflow/dags/process_customers_dag.py
[2025-06-18T05:28:04.313+0000] {logging_mixin.py:188} INFO - [2025-06-18T05:28:04.313+0000] {dag.py:3096} INFO - Sync 1 DAGs
[2025-06-18T05:28:04.333+0000] {logging_mixin.py:188} INFO - [2025-06-18T05:28:04.333+0000] {dag.py:3954} INFO - Setting next_dagrun for process_customers to None, run_after=None
[2025-06-18T05:28:04.366+0000] {processor.py:183} INFO - Processing /opt/airflow/dags/process_customers_dag.py took 0.176 seconds
[2025-06-18T05:28:34.550+0000] {processor.py:161} INFO - Started process (PID=1168) to work on /opt/airflow/dags/process_customers_dag.py
[2025-06-18T05:28:34.554+0000] {processor.py:830} INFO - Processing file /opt/airflow/dags/process_customers_dag.py for tasks to queue
[2025-06-18T05:28:34.563+0000] {logging_mixin.py:188} INFO - [2025-06-18T05:28:34.562+0000] {dagbag.py:545} INFO - Filling up the DagBag from /opt/airflow/dags/process_customers_dag.py
[2025-06-18T05:28:34.631+0000] {processor.py:840} INFO - DAG(s) 'process_customers' retrieved from /opt/airflow/dags/process_customers_dag.py
[2025-06-18T05:28:34.752+0000] {logging_mixin.py:188} INFO - [2025-06-18T05:28:34.751+0000] {dag.py:3096} INFO - Sync 1 DAGs
[2025-06-18T05:28:34.797+0000] {logging_mixin.py:188} INFO - [2025-06-18T05:28:34.796+0000] {dag.py:3954} INFO - Setting next_dagrun for process_customers to None, run_after=None
[2025-06-18T05:28:34.857+0000] {processor.py:183} INFO - Processing /opt/airflow/dags/process_customers_dag.py took 0.334 seconds
[2025-06-18T05:29:05.369+0000] {processor.py:161} INFO - Started process (PID=1178) to work on /opt/airflow/dags/process_customers_dag.py
[2025-06-18T05:29:05.377+0000] {processor.py:830} INFO - Processing file /opt/airflow/dags/process_customers_dag.py for tasks to queue
[2025-06-18T05:29:05.392+0000] {logging_mixin.py:188} INFO - [2025-06-18T05:29:05.391+0000] {dagbag.py:545} INFO - Filling up the DagBag from /opt/airflow/dags/process_customers_dag.py
[2025-06-18T05:29:05.501+0000] {processor.py:840} INFO - DAG(s) 'process_customers' retrieved from /opt/airflow/dags/process_customers_dag.py
[2025-06-18T05:29:05.616+0000] {logging_mixin.py:188} INFO - [2025-06-18T05:29:05.615+0000] {dag.py:3096} INFO - Sync 1 DAGs
[2025-06-18T05:29:05.677+0000] {logging_mixin.py:188} INFO - [2025-06-18T05:29:05.676+0000] {dag.py:3954} INFO - Setting next_dagrun for process_customers to None, run_after=None
[2025-06-18T05:29:05.714+0000] {processor.py:183} INFO - Processing /opt/airflow/dags/process_customers_dag.py took 0.374 seconds
[2025-06-18T05:29:36.460+0000] {processor.py:161} INFO - Started process (PID=1188) to work on /opt/airflow/dags/process_customers_dag.py
[2025-06-18T05:29:36.469+0000] {processor.py:830} INFO - Processing file /opt/airflow/dags/process_customers_dag.py for tasks to queue
[2025-06-18T05:29:36.495+0000] {logging_mixin.py:188} INFO - [2025-06-18T05:29:36.491+0000] {dagbag.py:545} INFO - Filling up the DagBag from /opt/airflow/dags/process_customers_dag.py
[2025-06-18T05:29:36.730+0000] {processor.py:840} INFO - DAG(s) 'process_customers' retrieved from /opt/airflow/dags/process_customers_dag.py
[2025-06-18T05:29:36.963+0000] {logging_mixin.py:188} INFO - [2025-06-18T05:29:36.963+0000] {dag.py:3096} INFO - Sync 1 DAGs
[2025-06-18T05:29:37.033+0000] {logging_mixin.py:188} INFO - [2025-06-18T05:29:37.026+0000] {dag.py:3954} INFO - Setting next_dagrun for process_customers to None, run_after=None
[2025-06-18T05:29:37.102+0000] {processor.py:183} INFO - Processing /opt/airflow/dags/process_customers_dag.py took 0.688 seconds
[2025-06-18T05:30:08.267+0000] {processor.py:161} INFO - Started process (PID=1198) to work on /opt/airflow/dags/process_customers_dag.py
[2025-06-18T05:30:08.272+0000] {processor.py:830} INFO - Processing file /opt/airflow/dags/process_customers_dag.py for tasks to queue
[2025-06-18T05:30:08.283+0000] {logging_mixin.py:188} INFO - [2025-06-18T05:30:08.281+0000] {dagbag.py:545} INFO - Filling up the DagBag from /opt/airflow/dags/process_customers_dag.py
[2025-06-18T05:30:08.377+0000] {processor.py:840} INFO - DAG(s) 'process_customers' retrieved from /opt/airflow/dags/process_customers_dag.py
[2025-06-18T05:30:08.516+0000] {logging_mixin.py:188} INFO - [2025-06-18T05:30:08.516+0000] {dag.py:3096} INFO - Sync 1 DAGs
[2025-06-18T05:30:08.568+0000] {logging_mixin.py:188} INFO - [2025-06-18T05:30:08.567+0000] {dag.py:3954} INFO - Setting next_dagrun for process_customers to None, run_after=None
[2025-06-18T05:30:08.622+0000] {processor.py:183} INFO - Processing /opt/airflow/dags/process_customers_dag.py took 0.394 seconds
[2025-06-18T05:30:39.580+0000] {processor.py:161} INFO - Started process (PID=1208) to work on /opt/airflow/dags/process_customers_dag.py
[2025-06-18T05:30:39.583+0000] {processor.py:830} INFO - Processing file /opt/airflow/dags/process_customers_dag.py for tasks to queue
[2025-06-18T05:30:39.593+0000] {logging_mixin.py:188} INFO - [2025-06-18T05:30:39.592+0000] {dagbag.py:545} INFO - Filling up the DagBag from /opt/airflow/dags/process_customers_dag.py
[2025-06-18T05:30:39.655+0000] {processor.py:840} INFO - DAG(s) 'process_customers' retrieved from /opt/airflow/dags/process_customers_dag.py
[2025-06-18T05:30:39.853+0000] {logging_mixin.py:188} INFO - [2025-06-18T05:30:39.852+0000] {dag.py:3096} INFO - Sync 1 DAGs
[2025-06-18T05:30:39.883+0000] {logging_mixin.py:188} INFO - [2025-06-18T05:30:39.882+0000] {dag.py:3954} INFO - Setting next_dagrun for process_customers to None, run_after=None
[2025-06-18T05:30:39.927+0000] {processor.py:183} INFO - Processing /opt/airflow/dags/process_customers_dag.py took 0.388 seconds
[2025-06-18T05:31:10.493+0000] {processor.py:161} INFO - Started process (PID=1218) to work on /opt/airflow/dags/process_customers_dag.py
[2025-06-18T05:31:10.514+0000] {processor.py:830} INFO - Processing file /opt/airflow/dags/process_customers_dag.py for tasks to queue
[2025-06-18T05:31:10.591+0000] {logging_mixin.py:188} INFO - [2025-06-18T05:31:10.576+0000] {dagbag.py:545} INFO - Filling up the DagBag from /opt/airflow/dags/process_customers_dag.py
[2025-06-18T05:31:11.059+0000] {processor.py:840} INFO - DAG(s) 'process_customers' retrieved from /opt/airflow/dags/process_customers_dag.py
[2025-06-18T05:31:11.225+0000] {logging_mixin.py:188} INFO - [2025-06-18T05:31:11.224+0000] {dag.py:3096} INFO - Sync 1 DAGs
[2025-06-18T05:31:11.271+0000] {logging_mixin.py:188} INFO - [2025-06-18T05:31:11.270+0000] {dag.py:3954} INFO - Setting next_dagrun for process_customers to None, run_after=None
[2025-06-18T05:31:11.367+0000] {processor.py:183} INFO - Processing /opt/airflow/dags/process_customers_dag.py took 1.000 seconds
[2025-06-18T05:31:42.079+0000] {processor.py:161} INFO - Started process (PID=1228) to work on /opt/airflow/dags/process_customers_dag.py
[2025-06-18T05:31:42.083+0000] {processor.py:830} INFO - Processing file /opt/airflow/dags/process_customers_dag.py for tasks to queue
[2025-06-18T05:31:42.110+0000] {logging_mixin.py:188} INFO - [2025-06-18T05:31:42.110+0000] {dagbag.py:545} INFO - Filling up the DagBag from /opt/airflow/dags/process_customers_dag.py
[2025-06-18T05:31:42.181+0000] {processor.py:840} INFO - DAG(s) 'process_customers' retrieved from /opt/airflow/dags/process_customers_dag.py
[2025-06-18T05:31:42.257+0000] {logging_mixin.py:188} INFO - [2025-06-18T05:31:42.257+0000] {dag.py:3096} INFO - Sync 1 DAGs
[2025-06-18T05:31:42.283+0000] {logging_mixin.py:188} INFO - [2025-06-18T05:31:42.283+0000] {dag.py:3954} INFO - Setting next_dagrun for process_customers to None, run_after=None
[2025-06-18T05:31:42.334+0000] {processor.py:183} INFO - Processing /opt/airflow/dags/process_customers_dag.py took 0.279 seconds
[2025-06-18T05:32:13.328+0000] {processor.py:161} INFO - Started process (PID=1238) to work on /opt/airflow/dags/process_customers_dag.py
[2025-06-18T05:32:13.330+0000] {processor.py:830} INFO - Processing file /opt/airflow/dags/process_customers_dag.py for tasks to queue
[2025-06-18T05:32:13.337+0000] {logging_mixin.py:188} INFO - [2025-06-18T05:32:13.336+0000] {dagbag.py:545} INFO - Filling up the DagBag from /opt/airflow/dags/process_customers_dag.py
[2025-06-18T05:32:13.375+0000] {processor.py:840} INFO - DAG(s) 'process_customers' retrieved from /opt/airflow/dags/process_customers_dag.py
[2025-06-18T05:32:13.433+0000] {logging_mixin.py:188} INFO - [2025-06-18T05:32:13.433+0000] {dag.py:3096} INFO - Sync 1 DAGs
[2025-06-18T05:32:13.461+0000] {logging_mixin.py:188} INFO - [2025-06-18T05:32:13.461+0000] {dag.py:3954} INFO - Setting next_dagrun for process_customers to None, run_after=None
[2025-06-18T05:32:13.514+0000] {processor.py:183} INFO - Processing /opt/airflow/dags/process_customers_dag.py took 0.198 seconds
[2025-06-18T05:32:44.197+0000] {processor.py:161} INFO - Started process (PID=1248) to work on /opt/airflow/dags/process_customers_dag.py
[2025-06-18T05:32:44.205+0000] {processor.py:830} INFO - Processing file /opt/airflow/dags/process_customers_dag.py for tasks to queue
[2025-06-18T05:32:44.210+0000] {logging_mixin.py:188} INFO - [2025-06-18T05:32:44.209+0000] {dagbag.py:545} INFO - Filling up the DagBag from /opt/airflow/dags/process_customers_dag.py
[2025-06-18T05:32:44.265+0000] {processor.py:840} INFO - DAG(s) 'process_customers' retrieved from /opt/airflow/dags/process_customers_dag.py
[2025-06-18T05:32:44.355+0000] {logging_mixin.py:188} INFO - [2025-06-18T05:32:44.355+0000] {dag.py:3096} INFO - Sync 1 DAGs
[2025-06-18T05:32:44.399+0000] {logging_mixin.py:188} INFO - [2025-06-18T05:32:44.399+0000] {dag.py:3954} INFO - Setting next_dagrun for process_customers to None, run_after=None
[2025-06-18T05:32:44.456+0000] {processor.py:183} INFO - Processing /opt/airflow/dags/process_customers_dag.py took 0.277 seconds
[2025-06-18T05:33:15.037+0000] {processor.py:161} INFO - Started process (PID=1258) to work on /opt/airflow/dags/process_customers_dag.py
[2025-06-18T05:33:15.048+0000] {processor.py:830} INFO - Processing file /opt/airflow/dags/process_customers_dag.py for tasks to queue
[2025-06-18T05:33:15.061+0000] {logging_mixin.py:188} INFO - [2025-06-18T05:33:15.060+0000] {dagbag.py:545} INFO - Filling up the DagBag from /opt/airflow/dags/process_customers_dag.py
[2025-06-18T05:33:15.135+0000] {processor.py:840} INFO - DAG(s) 'process_customers' retrieved from /opt/airflow/dags/process_customers_dag.py
[2025-06-18T05:33:15.193+0000] {logging_mixin.py:188} INFO - [2025-06-18T05:33:15.193+0000] {dag.py:3096} INFO - Sync 1 DAGs
[2025-06-18T05:33:15.221+0000] {logging_mixin.py:188} INFO - [2025-06-18T05:33:15.221+0000] {dag.py:3954} INFO - Setting next_dagrun for process_customers to None, run_after=None
[2025-06-18T05:33:15.274+0000] {processor.py:183} INFO - Processing /opt/airflow/dags/process_customers_dag.py took 0.297 seconds
[2025-06-18T05:33:46.191+0000] {processor.py:161} INFO - Started process (PID=1268) to work on /opt/airflow/dags/process_customers_dag.py
[2025-06-18T05:33:46.200+0000] {processor.py:830} INFO - Processing file /opt/airflow/dags/process_customers_dag.py for tasks to queue
[2025-06-18T05:33:46.216+0000] {logging_mixin.py:188} INFO - [2025-06-18T05:33:46.214+0000] {dagbag.py:545} INFO - Filling up the DagBag from /opt/airflow/dags/process_customers_dag.py
[2025-06-18T05:33:46.319+0000] {processor.py:840} INFO - DAG(s) 'process_customers' retrieved from /opt/airflow/dags/process_customers_dag.py
[2025-06-18T05:33:46.413+0000] {logging_mixin.py:188} INFO - [2025-06-18T05:33:46.413+0000] {dag.py:3096} INFO - Sync 1 DAGs
[2025-06-18T05:33:46.462+0000] {logging_mixin.py:188} INFO - [2025-06-18T05:33:46.461+0000] {dag.py:3954} INFO - Setting next_dagrun for process_customers to None, run_after=None
[2025-06-18T05:33:46.527+0000] {processor.py:183} INFO - Processing /opt/airflow/dags/process_customers_dag.py took 0.626 seconds
[2025-06-18T05:34:16.664+0000] {processor.py:161} INFO - Started process (PID=1278) to work on /opt/airflow/dags/process_customers_dag.py
[2025-06-18T05:34:16.666+0000] {processor.py:830} INFO - Processing file /opt/airflow/dags/process_customers_dag.py for tasks to queue
[2025-06-18T05:34:16.670+0000] {logging_mixin.py:188} INFO - [2025-06-18T05:34:16.669+0000] {dagbag.py:545} INFO - Filling up the DagBag from /opt/airflow/dags/process_customers_dag.py
[2025-06-18T05:34:16.708+0000] {processor.py:840} INFO - DAG(s) 'process_customers' retrieved from /opt/airflow/dags/process_customers_dag.py
[2025-06-18T05:34:16.762+0000] {logging_mixin.py:188} INFO - [2025-06-18T05:34:16.761+0000] {dag.py:3096} INFO - Sync 1 DAGs
[2025-06-18T05:34:16.784+0000] {logging_mixin.py:188} INFO - [2025-06-18T05:34:16.784+0000] {dag.py:3954} INFO - Setting next_dagrun for process_customers to None, run_after=None
[2025-06-18T05:34:16.829+0000] {processor.py:183} INFO - Processing /opt/airflow/dags/process_customers_dag.py took 0.181 seconds
[2025-06-18T05:34:47.599+0000] {processor.py:161} INFO - Started process (PID=1288) to work on /opt/airflow/dags/process_customers_dag.py
[2025-06-18T05:34:47.602+0000] {processor.py:830} INFO - Processing file /opt/airflow/dags/process_customers_dag.py for tasks to queue
[2025-06-18T05:34:47.607+0000] {logging_mixin.py:188} INFO - [2025-06-18T05:34:47.606+0000] {dagbag.py:545} INFO - Filling up the DagBag from /opt/airflow/dags/process_customers_dag.py
[2025-06-18T05:34:47.663+0000] {processor.py:840} INFO - DAG(s) 'process_customers' retrieved from /opt/airflow/dags/process_customers_dag.py
[2025-06-18T05:34:47.767+0000] {logging_mixin.py:188} INFO - [2025-06-18T05:34:47.767+0000] {dag.py:3096} INFO - Sync 1 DAGs
[2025-06-18T05:34:47.831+0000] {logging_mixin.py:188} INFO - [2025-06-18T05:34:47.830+0000] {dag.py:3954} INFO - Setting next_dagrun for process_customers to None, run_after=None
[2025-06-18T05:34:47.971+0000] {processor.py:183} INFO - Processing /opt/airflow/dags/process_customers_dag.py took 0.390 seconds
[2025-06-18T05:35:18.789+0000] {processor.py:161} INFO - Started process (PID=1298) to work on /opt/airflow/dags/process_customers_dag.py
[2025-06-18T05:35:18.806+0000] {processor.py:830} INFO - Processing file /opt/airflow/dags/process_customers_dag.py for tasks to queue
[2025-06-18T05:35:18.812+0000] {logging_mixin.py:188} INFO - [2025-06-18T05:35:18.811+0000] {dagbag.py:545} INFO - Filling up the DagBag from /opt/airflow/dags/process_customers_dag.py
[2025-06-18T05:35:18.863+0000] {processor.py:840} INFO - DAG(s) 'process_customers' retrieved from /opt/airflow/dags/process_customers_dag.py
[2025-06-18T05:35:18.926+0000] {logging_mixin.py:188} INFO - [2025-06-18T05:35:18.925+0000] {dag.py:3096} INFO - Sync 1 DAGs
[2025-06-18T05:35:18.949+0000] {logging_mixin.py:188} INFO - [2025-06-18T05:35:18.949+0000] {dag.py:3954} INFO - Setting next_dagrun for process_customers to None, run_after=None
[2025-06-18T05:35:19.004+0000] {processor.py:183} INFO - Processing /opt/airflow/dags/process_customers_dag.py took 0.279 seconds
[2025-06-18T05:35:49.511+0000] {processor.py:161} INFO - Started process (PID=1308) to work on /opt/airflow/dags/process_customers_dag.py
[2025-06-18T05:35:49.514+0000] {processor.py:830} INFO - Processing file /opt/airflow/dags/process_customers_dag.py for tasks to queue
[2025-06-18T05:35:49.520+0000] {logging_mixin.py:188} INFO - [2025-06-18T05:35:49.518+0000] {dagbag.py:545} INFO - Filling up the DagBag from /opt/airflow/dags/process_customers_dag.py
[2025-06-18T05:35:49.582+0000] {processor.py:840} INFO - DAG(s) 'process_customers' retrieved from /opt/airflow/dags/process_customers_dag.py
[2025-06-18T05:35:49.708+0000] {logging_mixin.py:188} INFO - [2025-06-18T05:35:49.707+0000] {dag.py:3096} INFO - Sync 1 DAGs
[2025-06-18T05:35:50.006+0000] {logging_mixin.py:188} INFO - [2025-06-18T05:35:49.996+0000] {dag.py:3954} INFO - Setting next_dagrun for process_customers to None, run_after=None
[2025-06-18T05:35:50.486+0000] {processor.py:183} INFO - Processing /opt/airflow/dags/process_customers_dag.py took 0.990 seconds
[2025-06-18T05:36:21.411+0000] {processor.py:161} INFO - Started process (PID=1318) to work on /opt/airflow/dags/process_customers_dag.py
[2025-06-18T05:36:21.414+0000] {processor.py:830} INFO - Processing file /opt/airflow/dags/process_customers_dag.py for tasks to queue
[2025-06-18T05:36:21.418+0000] {logging_mixin.py:188} INFO - [2025-06-18T05:36:21.418+0000] {dagbag.py:545} INFO - Filling up the DagBag from /opt/airflow/dags/process_customers_dag.py
[2025-06-18T05:36:21.484+0000] {processor.py:840} INFO - DAG(s) 'process_customers' retrieved from /opt/airflow/dags/process_customers_dag.py
[2025-06-18T05:36:21.570+0000] {logging_mixin.py:188} INFO - [2025-06-18T05:36:21.569+0000] {dag.py:3096} INFO - Sync 1 DAGs
[2025-06-18T05:36:21.610+0000] {logging_mixin.py:188} INFO - [2025-06-18T05:36:21.609+0000] {dag.py:3954} INFO - Setting next_dagrun for process_customers to None, run_after=None
[2025-06-18T05:36:21.673+0000] {processor.py:183} INFO - Processing /opt/airflow/dags/process_customers_dag.py took 0.281 seconds
[2025-06-18T05:36:52.532+0000] {processor.py:161} INFO - Started process (PID=1328) to work on /opt/airflow/dags/process_customers_dag.py
[2025-06-18T05:36:52.535+0000] {processor.py:830} INFO - Processing file /opt/airflow/dags/process_customers_dag.py for tasks to queue
[2025-06-18T05:36:52.541+0000] {logging_mixin.py:188} INFO - [2025-06-18T05:36:52.540+0000] {dagbag.py:545} INFO - Filling up the DagBag from /opt/airflow/dags/process_customers_dag.py
[2025-06-18T05:36:52.577+0000] {processor.py:840} INFO - DAG(s) 'process_customers' retrieved from /opt/airflow/dags/process_customers_dag.py
[2025-06-18T05:36:52.630+0000] {logging_mixin.py:188} INFO - [2025-06-18T05:36:52.630+0000] {dag.py:3096} INFO - Sync 1 DAGs
[2025-06-18T05:36:52.653+0000] {logging_mixin.py:188} INFO - [2025-06-18T05:36:52.653+0000] {dag.py:3954} INFO - Setting next_dagrun for process_customers to None, run_after=None
[2025-06-18T05:36:52.713+0000] {processor.py:183} INFO - Processing /opt/airflow/dags/process_customers_dag.py took 0.213 seconds
[2025-06-18T05:37:23.716+0000] {processor.py:161} INFO - Started process (PID=1338) to work on /opt/airflow/dags/process_customers_dag.py
[2025-06-18T05:37:23.720+0000] {processor.py:830} INFO - Processing file /opt/airflow/dags/process_customers_dag.py for tasks to queue
[2025-06-18T05:37:23.727+0000] {logging_mixin.py:188} INFO - [2025-06-18T05:37:23.726+0000] {dagbag.py:545} INFO - Filling up the DagBag from /opt/airflow/dags/process_customers_dag.py
[2025-06-18T05:37:23.916+0000] {processor.py:840} INFO - DAG(s) 'process_customers' retrieved from /opt/airflow/dags/process_customers_dag.py
[2025-06-18T05:37:23.977+0000] {logging_mixin.py:188} INFO - [2025-06-18T05:37:23.976+0000] {dag.py:3096} INFO - Sync 1 DAGs
[2025-06-18T05:37:24.008+0000] {logging_mixin.py:188} INFO - [2025-06-18T05:37:24.007+0000] {dag.py:3954} INFO - Setting next_dagrun for process_customers to None, run_after=None
[2025-06-18T05:37:24.059+0000] {processor.py:183} INFO - Processing /opt/airflow/dags/process_customers_dag.py took 0.360 seconds
[2025-06-18T05:37:54.974+0000] {processor.py:161} INFO - Started process (PID=1348) to work on /opt/airflow/dags/process_customers_dag.py
[2025-06-18T05:37:54.982+0000] {processor.py:830} INFO - Processing file /opt/airflow/dags/process_customers_dag.py for tasks to queue
[2025-06-18T05:37:55.004+0000] {logging_mixin.py:188} INFO - [2025-06-18T05:37:55.002+0000] {dagbag.py:545} INFO - Filling up the DagBag from /opt/airflow/dags/process_customers_dag.py
[2025-06-18T05:37:55.385+0000] {processor.py:840} INFO - DAG(s) 'process_customers' retrieved from /opt/airflow/dags/process_customers_dag.py
[2025-06-18T05:37:56.106+0000] {logging_mixin.py:188} INFO - [2025-06-18T05:37:56.105+0000] {dag.py:3096} INFO - Sync 1 DAGs
[2025-06-18T05:37:56.180+0000] {logging_mixin.py:188} INFO - [2025-06-18T05:37:56.179+0000] {dag.py:3954} INFO - Setting next_dagrun for process_customers to None, run_after=None
[2025-06-18T05:37:56.241+0000] {processor.py:183} INFO - Processing /opt/airflow/dags/process_customers_dag.py took 1.310 seconds
[2025-06-18T05:38:26.411+0000] {processor.py:161} INFO - Started process (PID=1358) to work on /opt/airflow/dags/process_customers_dag.py
[2025-06-18T05:38:26.414+0000] {processor.py:830} INFO - Processing file /opt/airflow/dags/process_customers_dag.py for tasks to queue
[2025-06-18T05:38:26.421+0000] {logging_mixin.py:188} INFO - [2025-06-18T05:38:26.419+0000] {dagbag.py:545} INFO - Filling up the DagBag from /opt/airflow/dags/process_customers_dag.py
[2025-06-18T05:38:26.474+0000] {processor.py:840} INFO - DAG(s) 'process_customers' retrieved from /opt/airflow/dags/process_customers_dag.py
[2025-06-18T05:38:26.545+0000] {logging_mixin.py:188} INFO - [2025-06-18T05:38:26.544+0000] {dag.py:3096} INFO - Sync 1 DAGs
[2025-06-18T05:38:26.576+0000] {logging_mixin.py:188} INFO - [2025-06-18T05:38:26.576+0000] {dag.py:3954} INFO - Setting next_dagrun for process_customers to None, run_after=None
[2025-06-18T05:38:26.733+0000] {processor.py:183} INFO - Processing /opt/airflow/dags/process_customers_dag.py took 0.337 seconds
[2025-06-18T05:38:57.481+0000] {processor.py:161} INFO - Started process (PID=1368) to work on /opt/airflow/dags/process_customers_dag.py
[2025-06-18T05:38:57.486+0000] {processor.py:830} INFO - Processing file /opt/airflow/dags/process_customers_dag.py for tasks to queue
[2025-06-18T05:38:57.496+0000] {logging_mixin.py:188} INFO - [2025-06-18T05:38:57.493+0000] {dagbag.py:545} INFO - Filling up the DagBag from /opt/airflow/dags/process_customers_dag.py
[2025-06-18T05:38:57.552+0000] {processor.py:840} INFO - DAG(s) 'process_customers' retrieved from /opt/airflow/dags/process_customers_dag.py
[2025-06-18T05:38:57.624+0000] {logging_mixin.py:188} INFO - [2025-06-18T05:38:57.623+0000] {dag.py:3096} INFO - Sync 1 DAGs
[2025-06-18T05:38:57.652+0000] {logging_mixin.py:188} INFO - [2025-06-18T05:38:57.651+0000] {dag.py:3954} INFO - Setting next_dagrun for process_customers to None, run_after=None
[2025-06-18T05:38:57.699+0000] {processor.py:183} INFO - Processing /opt/airflow/dags/process_customers_dag.py took 0.256 seconds
[2025-06-18T05:39:28.850+0000] {processor.py:161} INFO - Started process (PID=1378) to work on /opt/airflow/dags/process_customers_dag.py
[2025-06-18T05:39:28.855+0000] {processor.py:830} INFO - Processing file /opt/airflow/dags/process_customers_dag.py for tasks to queue
[2025-06-18T05:39:28.862+0000] {logging_mixin.py:188} INFO - [2025-06-18T05:39:28.861+0000] {dagbag.py:545} INFO - Filling up the DagBag from /opt/airflow/dags/process_customers_dag.py
[2025-06-18T05:39:28.935+0000] {processor.py:840} INFO - DAG(s) 'process_customers' retrieved from /opt/airflow/dags/process_customers_dag.py
[2025-06-18T05:39:29.045+0000] {logging_mixin.py:188} INFO - [2025-06-18T05:39:29.044+0000] {dag.py:3096} INFO - Sync 1 DAGs
[2025-06-18T05:39:29.075+0000] {logging_mixin.py:188} INFO - [2025-06-18T05:39:29.075+0000] {dag.py:3954} INFO - Setting next_dagrun for process_customers to None, run_after=None
[2025-06-18T05:39:29.128+0000] {processor.py:183} INFO - Processing /opt/airflow/dags/process_customers_dag.py took 0.319 seconds
[2025-06-18T05:40:00.091+0000] {processor.py:161} INFO - Started process (PID=1388) to work on /opt/airflow/dags/process_customers_dag.py
[2025-06-18T05:40:00.096+0000] {processor.py:830} INFO - Processing file /opt/airflow/dags/process_customers_dag.py for tasks to queue
[2025-06-18T05:40:00.101+0000] {logging_mixin.py:188} INFO - [2025-06-18T05:40:00.100+0000] {dagbag.py:545} INFO - Filling up the DagBag from /opt/airflow/dags/process_customers_dag.py
[2025-06-18T05:40:00.137+0000] {processor.py:840} INFO - DAG(s) 'process_customers' retrieved from /opt/airflow/dags/process_customers_dag.py
[2025-06-18T05:40:00.196+0000] {logging_mixin.py:188} INFO - [2025-06-18T05:40:00.196+0000] {dag.py:3096} INFO - Sync 1 DAGs
[2025-06-18T05:40:00.214+0000] {logging_mixin.py:188} INFO - [2025-06-18T05:40:00.213+0000] {dag.py:3954} INFO - Setting next_dagrun for process_customers to None, run_after=None
[2025-06-18T05:40:00.247+0000] {processor.py:183} INFO - Processing /opt/airflow/dags/process_customers_dag.py took 0.172 seconds
[2025-06-18T05:40:31.128+0000] {processor.py:161} INFO - Started process (PID=1398) to work on /opt/airflow/dags/process_customers_dag.py
[2025-06-18T05:40:31.132+0000] {processor.py:830} INFO - Processing file /opt/airflow/dags/process_customers_dag.py for tasks to queue
[2025-06-18T05:40:31.139+0000] {logging_mixin.py:188} INFO - [2025-06-18T05:40:31.136+0000] {dagbag.py:545} INFO - Filling up the DagBag from /opt/airflow/dags/process_customers_dag.py
[2025-06-18T05:40:31.202+0000] {processor.py:840} INFO - DAG(s) 'process_customers' retrieved from /opt/airflow/dags/process_customers_dag.py
[2025-06-18T05:40:31.296+0000] {logging_mixin.py:188} INFO - [2025-06-18T05:40:31.295+0000] {dag.py:3096} INFO - Sync 1 DAGs
[2025-06-18T05:40:31.352+0000] {logging_mixin.py:188} INFO - [2025-06-18T05:40:31.352+0000] {dag.py:3954} INFO - Setting next_dagrun for process_customers to None, run_after=None
[2025-06-18T05:40:31.428+0000] {processor.py:183} INFO - Processing /opt/airflow/dags/process_customers_dag.py took 0.345 seconds
[2025-06-18T05:41:02.159+0000] {processor.py:161} INFO - Started process (PID=1408) to work on /opt/airflow/dags/process_customers_dag.py
[2025-06-18T05:41:02.171+0000] {processor.py:830} INFO - Processing file /opt/airflow/dags/process_customers_dag.py for tasks to queue
[2025-06-18T05:41:02.179+0000] {logging_mixin.py:188} INFO - [2025-06-18T05:41:02.177+0000] {dagbag.py:545} INFO - Filling up the DagBag from /opt/airflow/dags/process_customers_dag.py
[2025-06-18T05:41:02.255+0000] {processor.py:840} INFO - DAG(s) 'process_customers' retrieved from /opt/airflow/dags/process_customers_dag.py
[2025-06-18T05:41:03.065+0000] {logging_mixin.py:188} INFO - [2025-06-18T05:41:03.063+0000] {dag.py:3096} INFO - Sync 1 DAGs
[2025-06-18T05:41:03.184+0000] {logging_mixin.py:188} INFO - [2025-06-18T05:41:03.183+0000] {dag.py:3954} INFO - Setting next_dagrun for process_customers to None, run_after=None
[2025-06-18T05:41:03.245+0000] {processor.py:183} INFO - Processing /opt/airflow/dags/process_customers_dag.py took 1.124 seconds
[2025-06-18T05:41:34.491+0000] {processor.py:161} INFO - Started process (PID=1418) to work on /opt/airflow/dags/process_customers_dag.py
[2025-06-18T05:41:35.006+0000] {processor.py:830} INFO - Processing file /opt/airflow/dags/process_customers_dag.py for tasks to queue
[2025-06-18T05:41:35.058+0000] {logging_mixin.py:188} INFO - [2025-06-18T05:41:35.056+0000] {dagbag.py:545} INFO - Filling up the DagBag from /opt/airflow/dags/process_customers_dag.py
[2025-06-18T05:41:35.212+0000] {processor.py:840} INFO - DAG(s) 'process_customers' retrieved from /opt/airflow/dags/process_customers_dag.py
[2025-06-18T05:41:35.316+0000] {logging_mixin.py:188} INFO - [2025-06-18T05:41:35.316+0000] {dag.py:3096} INFO - Sync 1 DAGs
[2025-06-18T05:41:35.346+0000] {logging_mixin.py:188} INFO - [2025-06-18T05:41:35.346+0000] {dag.py:3954} INFO - Setting next_dagrun for process_customers to None, run_after=None
[2025-06-18T05:41:35.396+0000] {processor.py:183} INFO - Processing /opt/airflow/dags/process_customers_dag.py took 1.089 seconds
[2025-06-18T05:42:05.906+0000] {processor.py:161} INFO - Started process (PID=1428) to work on /opt/airflow/dags/process_customers_dag.py
[2025-06-18T05:42:05.908+0000] {processor.py:830} INFO - Processing file /opt/airflow/dags/process_customers_dag.py for tasks to queue
[2025-06-18T05:42:05.914+0000] {logging_mixin.py:188} INFO - [2025-06-18T05:42:05.913+0000] {dagbag.py:545} INFO - Filling up the DagBag from /opt/airflow/dags/process_customers_dag.py
[2025-06-18T05:42:06.007+0000] {processor.py:840} INFO - DAG(s) 'process_customers' retrieved from /opt/airflow/dags/process_customers_dag.py
[2025-06-18T05:42:06.749+0000] {logging_mixin.py:188} INFO - [2025-06-18T05:42:06.736+0000] {dag.py:3096} INFO - Sync 1 DAGs
[2025-06-18T05:42:07.101+0000] {logging_mixin.py:188} INFO - [2025-06-18T05:42:07.100+0000] {dag.py:3954} INFO - Setting next_dagrun for process_customers to None, run_after=None
[2025-06-18T05:42:07.254+0000] {processor.py:183} INFO - Processing /opt/airflow/dags/process_customers_dag.py took 1.365 seconds
[2025-06-18T05:42:37.894+0000] {processor.py:161} INFO - Started process (PID=1438) to work on /opt/airflow/dags/process_customers_dag.py
[2025-06-18T05:42:37.900+0000] {processor.py:830} INFO - Processing file /opt/airflow/dags/process_customers_dag.py for tasks to queue
[2025-06-18T05:42:37.910+0000] {logging_mixin.py:188} INFO - [2025-06-18T05:42:37.908+0000] {dagbag.py:545} INFO - Filling up the DagBag from /opt/airflow/dags/process_customers_dag.py
[2025-06-18T05:42:37.993+0000] {processor.py:840} INFO - DAG(s) 'process_customers' retrieved from /opt/airflow/dags/process_customers_dag.py
[2025-06-18T05:42:38.136+0000] {logging_mixin.py:188} INFO - [2025-06-18T05:42:38.135+0000] {dag.py:3096} INFO - Sync 1 DAGs
[2025-06-18T05:42:38.175+0000] {logging_mixin.py:188} INFO - [2025-06-18T05:42:38.175+0000] {dag.py:3954} INFO - Setting next_dagrun for process_customers to None, run_after=None
[2025-06-18T05:42:38.211+0000] {processor.py:183} INFO - Processing /opt/airflow/dags/process_customers_dag.py took 0.352 seconds
[2025-06-18T05:43:09.092+0000] {processor.py:161} INFO - Started process (PID=1448) to work on /opt/airflow/dags/process_customers_dag.py
[2025-06-18T05:43:09.098+0000] {processor.py:830} INFO - Processing file /opt/airflow/dags/process_customers_dag.py for tasks to queue
[2025-06-18T05:43:09.108+0000] {logging_mixin.py:188} INFO - [2025-06-18T05:43:09.107+0000] {dagbag.py:545} INFO - Filling up the DagBag from /opt/airflow/dags/process_customers_dag.py
[2025-06-18T05:43:09.215+0000] {processor.py:840} INFO - DAG(s) 'process_customers' retrieved from /opt/airflow/dags/process_customers_dag.py
[2025-06-18T05:43:09.317+0000] {logging_mixin.py:188} INFO - [2025-06-18T05:43:09.316+0000] {dag.py:3096} INFO - Sync 1 DAGs
[2025-06-18T05:43:09.350+0000] {logging_mixin.py:188} INFO - [2025-06-18T05:43:09.350+0000] {dag.py:3954} INFO - Setting next_dagrun for process_customers to None, run_after=None
[2025-06-18T05:43:09.381+0000] {processor.py:183} INFO - Processing /opt/airflow/dags/process_customers_dag.py took 0.449 seconds
[2025-06-18T05:43:40.112+0000] {processor.py:161} INFO - Started process (PID=1458) to work on /opt/airflow/dags/process_customers_dag.py
[2025-06-18T05:43:40.120+0000] {processor.py:830} INFO - Processing file /opt/airflow/dags/process_customers_dag.py for tasks to queue
[2025-06-18T05:43:40.136+0000] {logging_mixin.py:188} INFO - [2025-06-18T05:43:40.134+0000] {dagbag.py:545} INFO - Filling up the DagBag from /opt/airflow/dags/process_customers_dag.py
[2025-06-18T05:43:40.320+0000] {processor.py:840} INFO - DAG(s) 'process_customers' retrieved from /opt/airflow/dags/process_customers_dag.py
[2025-06-18T05:43:40.488+0000] {logging_mixin.py:188} INFO - [2025-06-18T05:43:40.488+0000] {dag.py:3096} INFO - Sync 1 DAGs
[2025-06-18T05:43:40.540+0000] {logging_mixin.py:188} INFO - [2025-06-18T05:43:40.539+0000] {dag.py:3954} INFO - Setting next_dagrun for process_customers to None, run_after=None
[2025-06-18T05:43:40.612+0000] {processor.py:183} INFO - Processing /opt/airflow/dags/process_customers_dag.py took 0.550 seconds
[2025-06-18T05:44:12.090+0000] {processor.py:161} INFO - Started process (PID=1468) to work on /opt/airflow/dags/process_customers_dag.py
[2025-06-18T05:44:12.099+0000] {processor.py:830} INFO - Processing file /opt/airflow/dags/process_customers_dag.py for tasks to queue
[2025-06-18T05:44:12.106+0000] {logging_mixin.py:188} INFO - [2025-06-18T05:44:12.105+0000] {dagbag.py:545} INFO - Filling up the DagBag from /opt/airflow/dags/process_customers_dag.py
[2025-06-18T05:44:12.193+0000] {processor.py:840} INFO - DAG(s) 'process_customers' retrieved from /opt/airflow/dags/process_customers_dag.py
[2025-06-18T05:44:12.282+0000] {logging_mixin.py:188} INFO - [2025-06-18T05:44:12.282+0000] {dag.py:3096} INFO - Sync 1 DAGs
[2025-06-18T05:44:12.313+0000] {logging_mixin.py:188} INFO - [2025-06-18T05:44:12.311+0000] {dag.py:3954} INFO - Setting next_dagrun for process_customers to None, run_after=None
[2025-06-18T05:44:12.395+0000] {processor.py:183} INFO - Processing /opt/airflow/dags/process_customers_dag.py took 0.624 seconds
[2025-06-18T05:44:43.117+0000] {processor.py:161} INFO - Started process (PID=1478) to work on /opt/airflow/dags/process_customers_dag.py
[2025-06-18T05:44:43.119+0000] {processor.py:830} INFO - Processing file /opt/airflow/dags/process_customers_dag.py for tasks to queue
[2025-06-18T05:44:43.122+0000] {logging_mixin.py:188} INFO - [2025-06-18T05:44:43.122+0000] {dagbag.py:545} INFO - Filling up the DagBag from /opt/airflow/dags/process_customers_dag.py
[2025-06-18T05:44:43.160+0000] {processor.py:840} INFO - DAG(s) 'process_customers' retrieved from /opt/airflow/dags/process_customers_dag.py
[2025-06-18T05:44:43.376+0000] {logging_mixin.py:188} INFO - [2025-06-18T05:44:43.375+0000] {dag.py:3096} INFO - Sync 1 DAGs
[2025-06-18T05:44:43.454+0000] {logging_mixin.py:188} INFO - [2025-06-18T05:44:43.453+0000] {dag.py:3954} INFO - Setting next_dagrun for process_customers to None, run_after=None
[2025-06-18T05:44:43.519+0000] {processor.py:183} INFO - Processing /opt/airflow/dags/process_customers_dag.py took 0.417 seconds
[2025-06-18T05:45:14.163+0000] {processor.py:161} INFO - Started process (PID=1488) to work on /opt/airflow/dags/process_customers_dag.py
[2025-06-18T05:45:14.168+0000] {processor.py:830} INFO - Processing file /opt/airflow/dags/process_customers_dag.py for tasks to queue
[2025-06-18T05:45:14.177+0000] {logging_mixin.py:188} INFO - [2025-06-18T05:45:14.175+0000] {dagbag.py:545} INFO - Filling up the DagBag from /opt/airflow/dags/process_customers_dag.py
[2025-06-18T05:45:14.450+0000] {processor.py:840} INFO - DAG(s) 'process_customers' retrieved from /opt/airflow/dags/process_customers_dag.py
[2025-06-18T05:45:15.045+0000] {logging_mixin.py:188} INFO - [2025-06-18T05:45:15.044+0000] {dag.py:3096} INFO - Sync 1 DAGs
[2025-06-18T05:45:15.092+0000] {logging_mixin.py:188} INFO - [2025-06-18T05:45:15.092+0000] {dag.py:3954} INFO - Setting next_dagrun for process_customers to None, run_after=None
[2025-06-18T05:45:15.153+0000] {processor.py:183} INFO - Processing /opt/airflow/dags/process_customers_dag.py took 1.017 seconds
[2025-06-18T05:45:45.776+0000] {processor.py:161} INFO - Started process (PID=1498) to work on /opt/airflow/dags/process_customers_dag.py
[2025-06-18T05:45:45.780+0000] {processor.py:830} INFO - Processing file /opt/airflow/dags/process_customers_dag.py for tasks to queue
[2025-06-18T05:45:45.787+0000] {logging_mixin.py:188} INFO - [2025-06-18T05:45:45.786+0000] {dagbag.py:545} INFO - Filling up the DagBag from /opt/airflow/dags/process_customers_dag.py
[2025-06-18T05:45:45.858+0000] {processor.py:840} INFO - DAG(s) 'process_customers' retrieved from /opt/airflow/dags/process_customers_dag.py
[2025-06-18T05:45:45.945+0000] {logging_mixin.py:188} INFO - [2025-06-18T05:45:45.945+0000] {dag.py:3096} INFO - Sync 1 DAGs
[2025-06-18T05:45:45.976+0000] {logging_mixin.py:188} INFO - [2025-06-18T05:45:45.976+0000] {dag.py:3954} INFO - Setting next_dagrun for process_customers to None, run_after=None
[2025-06-18T05:45:46.024+0000] {processor.py:183} INFO - Processing /opt/airflow/dags/process_customers_dag.py took 0.284 seconds
[2025-06-18T05:46:16.498+0000] {processor.py:161} INFO - Started process (PID=1508) to work on /opt/airflow/dags/process_customers_dag.py
[2025-06-18T05:46:16.500+0000] {processor.py:830} INFO - Processing file /opt/airflow/dags/process_customers_dag.py for tasks to queue
[2025-06-18T05:46:16.503+0000] {logging_mixin.py:188} INFO - [2025-06-18T05:46:16.503+0000] {dagbag.py:545} INFO - Filling up the DagBag from /opt/airflow/dags/process_customers_dag.py
[2025-06-18T05:46:16.532+0000] {processor.py:840} INFO - DAG(s) 'process_customers' retrieved from /opt/airflow/dags/process_customers_dag.py
[2025-06-18T05:46:16.589+0000] {logging_mixin.py:188} INFO - [2025-06-18T05:46:16.588+0000] {dag.py:3096} INFO - Sync 1 DAGs
[2025-06-18T05:46:16.614+0000] {logging_mixin.py:188} INFO - [2025-06-18T05:46:16.614+0000] {dag.py:3954} INFO - Setting next_dagrun for process_customers to None, run_after=None
[2025-06-18T05:46:16.661+0000] {processor.py:183} INFO - Processing /opt/airflow/dags/process_customers_dag.py took 0.176 seconds
[2025-06-18T05:46:47.399+0000] {processor.py:161} INFO - Started process (PID=1518) to work on /opt/airflow/dags/process_customers_dag.py
[2025-06-18T05:46:47.403+0000] {processor.py:830} INFO - Processing file /opt/airflow/dags/process_customers_dag.py for tasks to queue
[2025-06-18T05:46:47.414+0000] {logging_mixin.py:188} INFO - [2025-06-18T05:46:47.413+0000] {dagbag.py:545} INFO - Filling up the DagBag from /opt/airflow/dags/process_customers_dag.py
[2025-06-18T05:46:47.472+0000] {processor.py:840} INFO - DAG(s) 'process_customers' retrieved from /opt/airflow/dags/process_customers_dag.py
[2025-06-18T05:46:47.585+0000] {logging_mixin.py:188} INFO - [2025-06-18T05:46:47.584+0000] {dag.py:3096} INFO - Sync 1 DAGs
[2025-06-18T05:46:47.637+0000] {logging_mixin.py:188} INFO - [2025-06-18T05:46:47.637+0000] {dag.py:3954} INFO - Setting next_dagrun for process_customers to None, run_after=None
[2025-06-18T05:46:47.727+0000] {processor.py:183} INFO - Processing /opt/airflow/dags/process_customers_dag.py took 0.351 seconds
[2025-06-18T05:47:18.226+0000] {processor.py:161} INFO - Started process (PID=1528) to work on /opt/airflow/dags/process_customers_dag.py
[2025-06-18T05:47:18.228+0000] {processor.py:830} INFO - Processing file /opt/airflow/dags/process_customers_dag.py for tasks to queue
[2025-06-18T05:47:18.233+0000] {logging_mixin.py:188} INFO - [2025-06-18T05:47:18.231+0000] {dagbag.py:545} INFO - Filling up the DagBag from /opt/airflow/dags/process_customers_dag.py
[2025-06-18T05:47:18.276+0000] {processor.py:840} INFO - DAG(s) 'process_customers' retrieved from /opt/airflow/dags/process_customers_dag.py
[2025-06-18T05:47:18.313+0000] {logging_mixin.py:188} INFO - [2025-06-18T05:47:18.313+0000] {dag.py:3096} INFO - Sync 1 DAGs
[2025-06-18T05:47:18.330+0000] {logging_mixin.py:188} INFO - [2025-06-18T05:47:18.330+0000] {dag.py:3954} INFO - Setting next_dagrun for process_customers to None, run_after=None
[2025-06-18T05:47:18.369+0000] {processor.py:183} INFO - Processing /opt/airflow/dags/process_customers_dag.py took 0.157 seconds
[2025-06-18T05:47:49.247+0000] {processor.py:161} INFO - Started process (PID=1538) to work on /opt/airflow/dags/process_customers_dag.py
[2025-06-18T05:47:49.256+0000] {processor.py:830} INFO - Processing file /opt/airflow/dags/process_customers_dag.py for tasks to queue
[2025-06-18T05:47:49.262+0000] {logging_mixin.py:188} INFO - [2025-06-18T05:47:49.261+0000] {dagbag.py:545} INFO - Filling up the DagBag from /opt/airflow/dags/process_customers_dag.py
[2025-06-18T05:47:49.307+0000] {processor.py:840} INFO - DAG(s) 'process_customers' retrieved from /opt/airflow/dags/process_customers_dag.py
[2025-06-18T05:47:49.387+0000] {logging_mixin.py:188} INFO - [2025-06-18T05:47:49.387+0000] {dag.py:3096} INFO - Sync 1 DAGs
[2025-06-18T05:47:49.419+0000] {logging_mixin.py:188} INFO - [2025-06-18T05:47:49.419+0000] {dag.py:3954} INFO - Setting next_dagrun for process_customers to None, run_after=None
[2025-06-18T05:47:49.474+0000] {processor.py:183} INFO - Processing /opt/airflow/dags/process_customers_dag.py took 0.245 seconds
[2025-06-18T05:48:19.783+0000] {processor.py:161} INFO - Started process (PID=1548) to work on /opt/airflow/dags/process_customers_dag.py
[2025-06-18T05:48:19.786+0000] {processor.py:830} INFO - Processing file /opt/airflow/dags/process_customers_dag.py for tasks to queue
[2025-06-18T05:48:19.791+0000] {logging_mixin.py:188} INFO - [2025-06-18T05:48:19.790+0000] {dagbag.py:545} INFO - Filling up the DagBag from /opt/airflow/dags/process_customers_dag.py
[2025-06-18T05:48:19.821+0000] {processor.py:840} INFO - DAG(s) 'process_customers' retrieved from /opt/airflow/dags/process_customers_dag.py
[2025-06-18T05:48:19.875+0000] {logging_mixin.py:188} INFO - [2025-06-18T05:48:19.874+0000] {dag.py:3096} INFO - Sync 1 DAGs
[2025-06-18T05:48:19.900+0000] {logging_mixin.py:188} INFO - [2025-06-18T05:48:19.899+0000] {dag.py:3954} INFO - Setting next_dagrun for process_customers to None, run_after=None
[2025-06-18T05:48:19.934+0000] {processor.py:183} INFO - Processing /opt/airflow/dags/process_customers_dag.py took 0.163 seconds
[2025-06-18T05:48:50.452+0000] {processor.py:161} INFO - Started process (PID=1558) to work on /opt/airflow/dags/process_customers_dag.py
[2025-06-18T05:48:50.455+0000] {processor.py:830} INFO - Processing file /opt/airflow/dags/process_customers_dag.py for tasks to queue
[2025-06-18T05:48:50.461+0000] {logging_mixin.py:188} INFO - [2025-06-18T05:48:50.460+0000] {dagbag.py:545} INFO - Filling up the DagBag from /opt/airflow/dags/process_customers_dag.py
[2025-06-18T05:48:50.512+0000] {processor.py:840} INFO - DAG(s) 'process_customers' retrieved from /opt/airflow/dags/process_customers_dag.py
[2025-06-18T05:48:50.569+0000] {logging_mixin.py:188} INFO - [2025-06-18T05:48:50.568+0000] {dag.py:3096} INFO - Sync 1 DAGs
[2025-06-18T05:48:50.593+0000] {logging_mixin.py:188} INFO - [2025-06-18T05:48:50.593+0000] {dag.py:3954} INFO - Setting next_dagrun for process_customers to None, run_after=None
[2025-06-18T05:48:50.639+0000] {processor.py:183} INFO - Processing /opt/airflow/dags/process_customers_dag.py took 0.214 seconds
[2025-06-18T05:49:21.328+0000] {processor.py:161} INFO - Started process (PID=1568) to work on /opt/airflow/dags/process_customers_dag.py
[2025-06-18T05:49:21.330+0000] {processor.py:830} INFO - Processing file /opt/airflow/dags/process_customers_dag.py for tasks to queue
[2025-06-18T05:49:21.334+0000] {logging_mixin.py:188} INFO - [2025-06-18T05:49:21.333+0000] {dagbag.py:545} INFO - Filling up the DagBag from /opt/airflow/dags/process_customers_dag.py
[2025-06-18T05:49:21.367+0000] {processor.py:840} INFO - DAG(s) 'process_customers' retrieved from /opt/airflow/dags/process_customers_dag.py
[2025-06-18T05:49:21.417+0000] {logging_mixin.py:188} INFO - [2025-06-18T05:49:21.417+0000] {dag.py:3096} INFO - Sync 1 DAGs
[2025-06-18T05:49:21.443+0000] {logging_mixin.py:188} INFO - [2025-06-18T05:49:21.443+0000] {dag.py:3954} INFO - Setting next_dagrun for process_customers to None, run_after=None
[2025-06-18T05:49:21.490+0000] {processor.py:183} INFO - Processing /opt/airflow/dags/process_customers_dag.py took 0.176 seconds
[2025-06-18T05:49:51.969+0000] {processor.py:161} INFO - Started process (PID=1578) to work on /opt/airflow/dags/process_customers_dag.py
[2025-06-18T05:49:51.971+0000] {processor.py:830} INFO - Processing file /opt/airflow/dags/process_customers_dag.py for tasks to queue
[2025-06-18T05:49:51.975+0000] {logging_mixin.py:188} INFO - [2025-06-18T05:49:51.975+0000] {dagbag.py:545} INFO - Filling up the DagBag from /opt/airflow/dags/process_customers_dag.py
[2025-06-18T05:49:52.022+0000] {processor.py:840} INFO - DAG(s) 'process_customers' retrieved from /opt/airflow/dags/process_customers_dag.py
[2025-06-18T05:49:52.096+0000] {logging_mixin.py:188} INFO - [2025-06-18T05:49:52.096+0000] {dag.py:3096} INFO - Sync 1 DAGs
[2025-06-18T05:49:52.134+0000] {logging_mixin.py:188} INFO - [2025-06-18T05:49:52.133+0000] {dag.py:3954} INFO - Setting next_dagrun for process_customers to None, run_after=None
[2025-06-18T05:49:52.179+0000] {processor.py:183} INFO - Processing /opt/airflow/dags/process_customers_dag.py took 0.225 seconds
[2025-06-18T05:50:22.895+0000] {processor.py:161} INFO - Started process (PID=1588) to work on /opt/airflow/dags/process_customers_dag.py
[2025-06-18T05:50:22.906+0000] {processor.py:830} INFO - Processing file /opt/airflow/dags/process_customers_dag.py for tasks to queue
[2025-06-18T05:50:22.914+0000] {logging_mixin.py:188} INFO - [2025-06-18T05:50:22.912+0000] {dagbag.py:545} INFO - Filling up the DagBag from /opt/airflow/dags/process_customers_dag.py
[2025-06-18T05:50:22.979+0000] {processor.py:840} INFO - DAG(s) 'process_customers' retrieved from /opt/airflow/dags/process_customers_dag.py
[2025-06-18T05:50:23.062+0000] {logging_mixin.py:188} INFO - [2025-06-18T05:50:23.062+0000] {dag.py:3096} INFO - Sync 1 DAGs
[2025-06-18T05:50:23.089+0000] {logging_mixin.py:188} INFO - [2025-06-18T05:50:23.088+0000] {dag.py:3954} INFO - Setting next_dagrun for process_customers to None, run_after=None
[2025-06-18T05:50:23.120+0000] {processor.py:183} INFO - Processing /opt/airflow/dags/process_customers_dag.py took 0.247 seconds
[2025-06-18T05:50:54.179+0000] {processor.py:161} INFO - Started process (PID=1598) to work on /opt/airflow/dags/process_customers_dag.py
[2025-06-18T05:50:54.181+0000] {processor.py:830} INFO - Processing file /opt/airflow/dags/process_customers_dag.py for tasks to queue
[2025-06-18T05:50:54.186+0000] {logging_mixin.py:188} INFO - [2025-06-18T05:50:54.185+0000] {dagbag.py:545} INFO - Filling up the DagBag from /opt/airflow/dags/process_customers_dag.py
[2025-06-18T05:50:54.248+0000] {processor.py:840} INFO - DAG(s) 'process_customers' retrieved from /opt/airflow/dags/process_customers_dag.py
[2025-06-18T05:50:54.297+0000] {logging_mixin.py:188} INFO - [2025-06-18T05:50:54.296+0000] {dag.py:3096} INFO - Sync 1 DAGs
[2025-06-18T05:50:54.322+0000] {logging_mixin.py:188} INFO - [2025-06-18T05:50:54.322+0000] {dag.py:3954} INFO - Setting next_dagrun for process_customers to None, run_after=None
[2025-06-18T05:50:54.358+0000] {processor.py:183} INFO - Processing /opt/airflow/dags/process_customers_dag.py took 0.217 seconds
[2025-06-18T05:51:24.651+0000] {processor.py:161} INFO - Started process (PID=1608) to work on /opt/airflow/dags/process_customers_dag.py
[2025-06-18T05:51:24.654+0000] {processor.py:830} INFO - Processing file /opt/airflow/dags/process_customers_dag.py for tasks to queue
[2025-06-18T05:51:24.662+0000] {logging_mixin.py:188} INFO - [2025-06-18T05:51:24.661+0000] {dagbag.py:545} INFO - Filling up the DagBag from /opt/airflow/dags/process_customers_dag.py
[2025-06-18T05:51:24.744+0000] {processor.py:840} INFO - DAG(s) 'process_customers' retrieved from /opt/airflow/dags/process_customers_dag.py
[2025-06-18T05:51:24.843+0000] {logging_mixin.py:188} INFO - [2025-06-18T05:51:24.842+0000] {dag.py:3096} INFO - Sync 1 DAGs
[2025-06-18T05:51:24.890+0000] {logging_mixin.py:188} INFO - [2025-06-18T05:51:24.889+0000] {dag.py:3954} INFO - Setting next_dagrun for process_customers to None, run_after=None
[2025-06-18T05:51:24.956+0000] {processor.py:183} INFO - Processing /opt/airflow/dags/process_customers_dag.py took 0.333 seconds
[2025-06-18T05:51:55.358+0000] {processor.py:161} INFO - Started process (PID=1618) to work on /opt/airflow/dags/process_customers_dag.py
[2025-06-18T05:51:55.360+0000] {processor.py:830} INFO - Processing file /opt/airflow/dags/process_customers_dag.py for tasks to queue
[2025-06-18T05:51:55.363+0000] {logging_mixin.py:188} INFO - [2025-06-18T05:51:55.362+0000] {dagbag.py:545} INFO - Filling up the DagBag from /opt/airflow/dags/process_customers_dag.py
[2025-06-18T05:51:55.398+0000] {processor.py:840} INFO - DAG(s) 'process_customers' retrieved from /opt/airflow/dags/process_customers_dag.py
[2025-06-18T05:51:55.448+0000] {logging_mixin.py:188} INFO - [2025-06-18T05:51:55.447+0000] {dag.py:3096} INFO - Sync 1 DAGs
[2025-06-18T05:51:55.474+0000] {logging_mixin.py:188} INFO - [2025-06-18T05:51:55.473+0000] {dag.py:3954} INFO - Setting next_dagrun for process_customers to None, run_after=None
[2025-06-18T05:51:55.551+0000] {processor.py:183} INFO - Processing /opt/airflow/dags/process_customers_dag.py took 0.203 seconds
[2025-06-18T05:52:25.681+0000] {processor.py:161} INFO - Started process (PID=1628) to work on /opt/airflow/dags/process_customers_dag.py
[2025-06-18T05:52:25.683+0000] {processor.py:830} INFO - Processing file /opt/airflow/dags/process_customers_dag.py for tasks to queue
[2025-06-18T05:52:25.691+0000] {logging_mixin.py:188} INFO - [2025-06-18T05:52:25.691+0000] {dagbag.py:545} INFO - Filling up the DagBag from /opt/airflow/dags/process_customers_dag.py
[2025-06-18T05:52:25.728+0000] {processor.py:840} INFO - DAG(s) 'process_customers' retrieved from /opt/airflow/dags/process_customers_dag.py
[2025-06-18T05:52:25.788+0000] {logging_mixin.py:188} INFO - [2025-06-18T05:52:25.787+0000] {dag.py:3096} INFO - Sync 1 DAGs
[2025-06-18T05:52:25.809+0000] {logging_mixin.py:188} INFO - [2025-06-18T05:52:25.809+0000] {dag.py:3954} INFO - Setting next_dagrun for process_customers to None, run_after=None
[2025-06-18T05:52:25.864+0000] {processor.py:183} INFO - Processing /opt/airflow/dags/process_customers_dag.py took 0.193 seconds
[2025-06-18T05:52:56.361+0000] {processor.py:161} INFO - Started process (PID=1638) to work on /opt/airflow/dags/process_customers_dag.py
[2025-06-18T05:52:56.363+0000] {processor.py:830} INFO - Processing file /opt/airflow/dags/process_customers_dag.py for tasks to queue
[2025-06-18T05:52:56.366+0000] {logging_mixin.py:188} INFO - [2025-06-18T05:52:56.365+0000] {dagbag.py:545} INFO - Filling up the DagBag from /opt/airflow/dags/process_customers_dag.py
[2025-06-18T05:52:56.437+0000] {processor.py:840} INFO - DAG(s) 'process_customers' retrieved from /opt/airflow/dags/process_customers_dag.py
[2025-06-18T05:52:56.500+0000] {logging_mixin.py:188} INFO - [2025-06-18T05:52:56.499+0000] {dag.py:3096} INFO - Sync 1 DAGs
[2025-06-18T05:52:56.525+0000] {logging_mixin.py:188} INFO - [2025-06-18T05:52:56.525+0000] {dag.py:3954} INFO - Setting next_dagrun for process_customers to None, run_after=None
[2025-06-18T05:52:56.582+0000] {processor.py:183} INFO - Processing /opt/airflow/dags/process_customers_dag.py took 0.230 seconds
[2025-06-18T05:53:26.778+0000] {processor.py:161} INFO - Started process (PID=1648) to work on /opt/airflow/dags/process_customers_dag.py
[2025-06-18T05:53:26.780+0000] {processor.py:830} INFO - Processing file /opt/airflow/dags/process_customers_dag.py for tasks to queue
[2025-06-18T05:53:26.784+0000] {logging_mixin.py:188} INFO - [2025-06-18T05:53:26.783+0000] {dagbag.py:545} INFO - Filling up the DagBag from /opt/airflow/dags/process_customers_dag.py
[2025-06-18T05:53:26.813+0000] {processor.py:840} INFO - DAG(s) 'process_customers' retrieved from /opt/airflow/dags/process_customers_dag.py
[2025-06-18T05:53:26.875+0000] {logging_mixin.py:188} INFO - [2025-06-18T05:53:26.875+0000] {dag.py:3096} INFO - Sync 1 DAGs
[2025-06-18T05:53:26.908+0000] {logging_mixin.py:188} INFO - [2025-06-18T05:53:26.908+0000] {dag.py:3954} INFO - Setting next_dagrun for process_customers to None, run_after=None
[2025-06-18T05:53:26.958+0000] {processor.py:183} INFO - Processing /opt/airflow/dags/process_customers_dag.py took 0.192 seconds
[2025-06-18T05:53:57.412+0000] {processor.py:161} INFO - Started process (PID=1658) to work on /opt/airflow/dags/process_customers_dag.py
[2025-06-18T05:53:57.420+0000] {processor.py:830} INFO - Processing file /opt/airflow/dags/process_customers_dag.py for tasks to queue
[2025-06-18T05:53:57.432+0000] {logging_mixin.py:188} INFO - [2025-06-18T05:53:57.430+0000] {dagbag.py:545} INFO - Filling up the DagBag from /opt/airflow/dags/process_customers_dag.py
[2025-06-18T05:53:57.547+0000] {processor.py:840} INFO - DAG(s) 'process_customers' retrieved from /opt/airflow/dags/process_customers_dag.py
[2025-06-18T05:53:57.649+0000] {logging_mixin.py:188} INFO - [2025-06-18T05:53:57.648+0000] {dag.py:3096} INFO - Sync 1 DAGs
[2025-06-18T05:53:57.796+0000] {logging_mixin.py:188} INFO - [2025-06-18T05:53:57.795+0000] {dag.py:3954} INFO - Setting next_dagrun for process_customers to None, run_after=None
[2025-06-18T05:53:57.992+0000] {processor.py:183} INFO - Processing /opt/airflow/dags/process_customers_dag.py took 0.633 seconds
[2025-06-18T05:54:28.812+0000] {processor.py:161} INFO - Started process (PID=1668) to work on /opt/airflow/dags/process_customers_dag.py
[2025-06-18T05:54:28.814+0000] {processor.py:830} INFO - Processing file /opt/airflow/dags/process_customers_dag.py for tasks to queue
[2025-06-18T05:54:28.823+0000] {logging_mixin.py:188} INFO - [2025-06-18T05:54:28.821+0000] {dagbag.py:545} INFO - Filling up the DagBag from /opt/airflow/dags/process_customers_dag.py
[2025-06-18T05:54:28.873+0000] {processor.py:840} INFO - DAG(s) 'process_customers' retrieved from /opt/airflow/dags/process_customers_dag.py
[2025-06-18T05:54:28.936+0000] {logging_mixin.py:188} INFO - [2025-06-18T05:54:28.936+0000] {dag.py:3096} INFO - Sync 1 DAGs
[2025-06-18T05:54:28.968+0000] {logging_mixin.py:188} INFO - [2025-06-18T05:54:28.967+0000] {dag.py:3954} INFO - Setting next_dagrun for process_customers to None, run_after=None
[2025-06-18T05:54:29.038+0000] {processor.py:183} INFO - Processing /opt/airflow/dags/process_customers_dag.py took 0.237 seconds
[2025-06-18T05:54:59.513+0000] {processor.py:161} INFO - Started process (PID=1678) to work on /opt/airflow/dags/process_customers_dag.py
[2025-06-18T05:54:59.515+0000] {processor.py:830} INFO - Processing file /opt/airflow/dags/process_customers_dag.py for tasks to queue
[2025-06-18T05:54:59.517+0000] {logging_mixin.py:188} INFO - [2025-06-18T05:54:59.517+0000] {dagbag.py:545} INFO - Filling up the DagBag from /opt/airflow/dags/process_customers_dag.py
[2025-06-18T05:54:59.546+0000] {processor.py:840} INFO - DAG(s) 'process_customers' retrieved from /opt/airflow/dags/process_customers_dag.py
[2025-06-18T05:54:59.600+0000] {logging_mixin.py:188} INFO - [2025-06-18T05:54:59.600+0000] {dag.py:3096} INFO - Sync 1 DAGs
[2025-06-18T05:54:59.619+0000] {logging_mixin.py:188} INFO - [2025-06-18T05:54:59.619+0000] {dag.py:3954} INFO - Setting next_dagrun for process_customers to None, run_after=None
[2025-06-18T05:54:59.663+0000] {processor.py:183} INFO - Processing /opt/airflow/dags/process_customers_dag.py took 0.160 seconds
[2025-06-18T05:55:30.653+0000] {processor.py:161} INFO - Started process (PID=1688) to work on /opt/airflow/dags/process_customers_dag.py
[2025-06-18T05:55:30.657+0000] {processor.py:830} INFO - Processing file /opt/airflow/dags/process_customers_dag.py for tasks to queue
[2025-06-18T05:55:30.660+0000] {logging_mixin.py:188} INFO - [2025-06-18T05:55:30.660+0000] {dagbag.py:545} INFO - Filling up the DagBag from /opt/airflow/dags/process_customers_dag.py
[2025-06-18T05:55:30.696+0000] {processor.py:840} INFO - DAG(s) 'process_customers' retrieved from /opt/airflow/dags/process_customers_dag.py
[2025-06-18T05:55:30.776+0000] {logging_mixin.py:188} INFO - [2025-06-18T05:55:30.774+0000] {dag.py:3096} INFO - Sync 1 DAGs
[2025-06-18T05:55:30.811+0000] {logging_mixin.py:188} INFO - [2025-06-18T05:55:30.810+0000] {dag.py:3954} INFO - Setting next_dagrun for process_customers to None, run_after=None
[2025-06-18T05:55:30.845+0000] {processor.py:183} INFO - Processing /opt/airflow/dags/process_customers_dag.py took 0.208 seconds
[2025-06-18T05:56:01.976+0000] {processor.py:161} INFO - Started process (PID=1698) to work on /opt/airflow/dags/process_customers_dag.py
[2025-06-18T05:56:01.981+0000] {processor.py:830} INFO - Processing file /opt/airflow/dags/process_customers_dag.py for tasks to queue
[2025-06-18T05:56:01.987+0000] {logging_mixin.py:188} INFO - [2025-06-18T05:56:01.986+0000] {dagbag.py:545} INFO - Filling up the DagBag from /opt/airflow/dags/process_customers_dag.py
[2025-06-18T05:56:02.045+0000] {processor.py:840} INFO - DAG(s) 'process_customers' retrieved from /opt/airflow/dags/process_customers_dag.py
[2025-06-18T05:56:02.154+0000] {logging_mixin.py:188} INFO - [2025-06-18T05:56:02.153+0000] {dag.py:3096} INFO - Sync 1 DAGs
[2025-06-18T05:56:02.188+0000] {logging_mixin.py:188} INFO - [2025-06-18T05:56:02.188+0000] {dag.py:3954} INFO - Setting next_dagrun for process_customers to None, run_after=None
[2025-06-18T05:56:02.230+0000] {processor.py:183} INFO - Processing /opt/airflow/dags/process_customers_dag.py took 0.282 seconds
[2025-06-18T05:56:32.604+0000] {processor.py:161} INFO - Started process (PID=1708) to work on /opt/airflow/dags/process_customers_dag.py
[2025-06-18T05:56:32.607+0000] {processor.py:830} INFO - Processing file /opt/airflow/dags/process_customers_dag.py for tasks to queue
[2025-06-18T05:56:32.614+0000] {logging_mixin.py:188} INFO - [2025-06-18T05:56:32.614+0000] {dagbag.py:545} INFO - Filling up the DagBag from /opt/airflow/dags/process_customers_dag.py
[2025-06-18T05:56:32.694+0000] {processor.py:840} INFO - DAG(s) 'process_customers' retrieved from /opt/airflow/dags/process_customers_dag.py
[2025-06-18T05:56:32.798+0000] {logging_mixin.py:188} INFO - [2025-06-18T05:56:32.798+0000] {dag.py:3096} INFO - Sync 1 DAGs
[2025-06-18T05:56:32.843+0000] {logging_mixin.py:188} INFO - [2025-06-18T05:56:32.843+0000] {dag.py:3954} INFO - Setting next_dagrun for process_customers to None, run_after=None
[2025-06-18T05:56:32.928+0000] {processor.py:183} INFO - Processing /opt/airflow/dags/process_customers_dag.py took 0.346 seconds
[2025-06-18T05:57:03.814+0000] {processor.py:161} INFO - Started process (PID=1718) to work on /opt/airflow/dags/process_customers_dag.py
[2025-06-18T05:57:03.816+0000] {processor.py:830} INFO - Processing file /opt/airflow/dags/process_customers_dag.py for tasks to queue
[2025-06-18T05:57:03.821+0000] {logging_mixin.py:188} INFO - [2025-06-18T05:57:03.820+0000] {dagbag.py:545} INFO - Filling up the DagBag from /opt/airflow/dags/process_customers_dag.py
[2025-06-18T05:57:03.869+0000] {processor.py:840} INFO - DAG(s) 'process_customers' retrieved from /opt/airflow/dags/process_customers_dag.py
[2025-06-18T05:57:03.920+0000] {logging_mixin.py:188} INFO - [2025-06-18T05:57:03.920+0000] {dag.py:3096} INFO - Sync 1 DAGs
[2025-06-18T05:57:03.945+0000] {logging_mixin.py:188} INFO - [2025-06-18T05:57:03.944+0000] {dag.py:3954} INFO - Setting next_dagrun for process_customers to None, run_after=None
[2025-06-18T05:57:03.985+0000] {processor.py:183} INFO - Processing /opt/airflow/dags/process_customers_dag.py took 0.187 seconds
[2025-06-18T05:57:34.459+0000] {processor.py:161} INFO - Started process (PID=1728) to work on /opt/airflow/dags/process_customers_dag.py
[2025-06-18T05:57:34.462+0000] {processor.py:830} INFO - Processing file /opt/airflow/dags/process_customers_dag.py for tasks to queue
[2025-06-18T05:57:34.465+0000] {logging_mixin.py:188} INFO - [2025-06-18T05:57:34.465+0000] {dagbag.py:545} INFO - Filling up the DagBag from /opt/airflow/dags/process_customers_dag.py
[2025-06-18T05:57:34.494+0000] {processor.py:840} INFO - DAG(s) 'process_customers' retrieved from /opt/airflow/dags/process_customers_dag.py
[2025-06-18T05:57:34.545+0000] {logging_mixin.py:188} INFO - [2025-06-18T05:57:34.545+0000] {dag.py:3096} INFO - Sync 1 DAGs
[2025-06-18T05:57:34.577+0000] {logging_mixin.py:188} INFO - [2025-06-18T05:57:34.576+0000] {dag.py:3954} INFO - Setting next_dagrun for process_customers to None, run_after=None
[2025-06-18T05:57:34.629+0000] {processor.py:183} INFO - Processing /opt/airflow/dags/process_customers_dag.py took 0.182 seconds
[2025-06-18T05:58:05.207+0000] {processor.py:161} INFO - Started process (PID=1738) to work on /opt/airflow/dags/process_customers_dag.py
[2025-06-18T05:58:05.210+0000] {processor.py:830} INFO - Processing file /opt/airflow/dags/process_customers_dag.py for tasks to queue
[2025-06-18T05:58:05.215+0000] {logging_mixin.py:188} INFO - [2025-06-18T05:58:05.215+0000] {dagbag.py:545} INFO - Filling up the DagBag from /opt/airflow/dags/process_customers_dag.py
[2025-06-18T05:58:05.288+0000] {processor.py:840} INFO - DAG(s) 'process_customers' retrieved from /opt/airflow/dags/process_customers_dag.py
[2025-06-18T05:58:05.362+0000] {logging_mixin.py:188} INFO - [2025-06-18T05:58:05.362+0000] {dag.py:3096} INFO - Sync 1 DAGs
[2025-06-18T05:58:05.393+0000] {logging_mixin.py:188} INFO - [2025-06-18T05:58:05.393+0000] {dag.py:3954} INFO - Setting next_dagrun for process_customers to None, run_after=None
[2025-06-18T05:58:05.471+0000] {processor.py:183} INFO - Processing /opt/airflow/dags/process_customers_dag.py took 0.285 seconds
[2025-06-18T05:58:36.483+0000] {processor.py:161} INFO - Started process (PID=1748) to work on /opt/airflow/dags/process_customers_dag.py
[2025-06-18T05:58:36.488+0000] {processor.py:830} INFO - Processing file /opt/airflow/dags/process_customers_dag.py for tasks to queue
[2025-06-18T05:58:36.499+0000] {logging_mixin.py:188} INFO - [2025-06-18T05:58:36.496+0000] {dagbag.py:545} INFO - Filling up the DagBag from /opt/airflow/dags/process_customers_dag.py
[2025-06-18T05:58:36.566+0000] {processor.py:840} INFO - DAG(s) 'process_customers' retrieved from /opt/airflow/dags/process_customers_dag.py
[2025-06-18T05:58:36.739+0000] {logging_mixin.py:188} INFO - [2025-06-18T05:58:36.738+0000] {dag.py:3096} INFO - Sync 1 DAGs
[2025-06-18T05:58:36.778+0000] {logging_mixin.py:188} INFO - [2025-06-18T05:58:36.778+0000] {dag.py:3954} INFO - Setting next_dagrun for process_customers to None, run_after=None
[2025-06-18T05:58:36.831+0000] {processor.py:183} INFO - Processing /opt/airflow/dags/process_customers_dag.py took 0.374 seconds
[2025-06-18T05:59:07.278+0000] {processor.py:161} INFO - Started process (PID=1758) to work on /opt/airflow/dags/process_customers_dag.py
[2025-06-18T05:59:07.281+0000] {processor.py:830} INFO - Processing file /opt/airflow/dags/process_customers_dag.py for tasks to queue
[2025-06-18T05:59:07.285+0000] {logging_mixin.py:188} INFO - [2025-06-18T05:59:07.284+0000] {dagbag.py:545} INFO - Filling up the DagBag from /opt/airflow/dags/process_customers_dag.py
[2025-06-18T05:59:07.332+0000] {processor.py:840} INFO - DAG(s) 'process_customers' retrieved from /opt/airflow/dags/process_customers_dag.py
[2025-06-18T05:59:07.415+0000] {logging_mixin.py:188} INFO - [2025-06-18T05:59:07.414+0000] {dag.py:3096} INFO - Sync 1 DAGs
[2025-06-18T05:59:07.450+0000] {logging_mixin.py:188} INFO - [2025-06-18T05:59:07.449+0000] {dag.py:3954} INFO - Setting next_dagrun for process_customers to None, run_after=None
[2025-06-18T05:59:07.489+0000] {processor.py:183} INFO - Processing /opt/airflow/dags/process_customers_dag.py took 0.225 seconds
[2025-06-18T05:59:38.386+0000] {processor.py:161} INFO - Started process (PID=1768) to work on /opt/airflow/dags/process_customers_dag.py
[2025-06-18T05:59:38.388+0000] {processor.py:830} INFO - Processing file /opt/airflow/dags/process_customers_dag.py for tasks to queue
[2025-06-18T05:59:38.394+0000] {logging_mixin.py:188} INFO - [2025-06-18T05:59:38.393+0000] {dagbag.py:545} INFO - Filling up the DagBag from /opt/airflow/dags/process_customers_dag.py
[2025-06-18T05:59:38.427+0000] {processor.py:840} INFO - DAG(s) 'process_customers' retrieved from /opt/airflow/dags/process_customers_dag.py
[2025-06-18T05:59:38.472+0000] {logging_mixin.py:188} INFO - [2025-06-18T05:59:38.472+0000] {dag.py:3096} INFO - Sync 1 DAGs
[2025-06-18T05:59:38.492+0000] {logging_mixin.py:188} INFO - [2025-06-18T05:59:38.491+0000] {dag.py:3954} INFO - Setting next_dagrun for process_customers to None, run_after=None
[2025-06-18T05:59:38.528+0000] {processor.py:183} INFO - Processing /opt/airflow/dags/process_customers_dag.py took 0.161 seconds
[2025-06-18T06:00:09.098+0000] {processor.py:161} INFO - Started process (PID=1778) to work on /opt/airflow/dags/process_customers_dag.py
[2025-06-18T06:00:09.100+0000] {processor.py:830} INFO - Processing file /opt/airflow/dags/process_customers_dag.py for tasks to queue
[2025-06-18T06:00:09.106+0000] {logging_mixin.py:188} INFO - [2025-06-18T06:00:09.105+0000] {dagbag.py:545} INFO - Filling up the DagBag from /opt/airflow/dags/process_customers_dag.py
[2025-06-18T06:00:09.141+0000] {processor.py:840} INFO - DAG(s) 'process_customers' retrieved from /opt/airflow/dags/process_customers_dag.py
[2025-06-18T06:00:09.211+0000] {logging_mixin.py:188} INFO - [2025-06-18T06:00:09.210+0000] {dag.py:3096} INFO - Sync 1 DAGs
[2025-06-18T06:00:09.237+0000] {logging_mixin.py:188} INFO - [2025-06-18T06:00:09.236+0000] {dag.py:3954} INFO - Setting next_dagrun for process_customers to None, run_after=None
[2025-06-18T06:00:09.281+0000] {processor.py:183} INFO - Processing /opt/airflow/dags/process_customers_dag.py took 0.200 seconds
[2025-06-18T06:00:39.995+0000] {processor.py:161} INFO - Started process (PID=1788) to work on /opt/airflow/dags/process_customers_dag.py
[2025-06-18T06:00:39.997+0000] {processor.py:830} INFO - Processing file /opt/airflow/dags/process_customers_dag.py for tasks to queue
[2025-06-18T06:00:40.003+0000] {logging_mixin.py:188} INFO - [2025-06-18T06:00:40.002+0000] {dagbag.py:545} INFO - Filling up the DagBag from /opt/airflow/dags/process_customers_dag.py
[2025-06-18T06:00:40.045+0000] {processor.py:840} INFO - DAG(s) 'process_customers' retrieved from /opt/airflow/dags/process_customers_dag.py
[2025-06-18T06:00:40.088+0000] {logging_mixin.py:188} INFO - [2025-06-18T06:00:40.088+0000] {dag.py:3096} INFO - Sync 1 DAGs
[2025-06-18T06:00:40.110+0000] {logging_mixin.py:188} INFO - [2025-06-18T06:00:40.110+0000] {dag.py:3954} INFO - Setting next_dagrun for process_customers to None, run_after=None
[2025-06-18T06:00:40.142+0000] {processor.py:183} INFO - Processing /opt/airflow/dags/process_customers_dag.py took 0.173 seconds
[2025-06-18T06:01:10.347+0000] {processor.py:161} INFO - Started process (PID=1798) to work on /opt/airflow/dags/process_customers_dag.py
[2025-06-18T06:01:10.349+0000] {processor.py:830} INFO - Processing file /opt/airflow/dags/process_customers_dag.py for tasks to queue
[2025-06-18T06:01:10.354+0000] {logging_mixin.py:188} INFO - [2025-06-18T06:01:10.353+0000] {dagbag.py:545} INFO - Filling up the DagBag from /opt/airflow/dags/process_customers_dag.py
[2025-06-18T06:01:10.422+0000] {processor.py:840} INFO - DAG(s) 'process_customers' retrieved from /opt/airflow/dags/process_customers_dag.py
[2025-06-18T06:01:10.515+0000] {logging_mixin.py:188} INFO - [2025-06-18T06:01:10.514+0000] {dag.py:3096} INFO - Sync 1 DAGs
[2025-06-18T06:01:10.558+0000] {logging_mixin.py:188} INFO - [2025-06-18T06:01:10.557+0000] {dag.py:3954} INFO - Setting next_dagrun for process_customers to None, run_after=None
[2025-06-18T06:01:10.609+0000] {processor.py:183} INFO - Processing /opt/airflow/dags/process_customers_dag.py took 0.278 seconds
[2025-06-18T06:01:41.269+0000] {processor.py:161} INFO - Started process (PID=1808) to work on /opt/airflow/dags/process_customers_dag.py
[2025-06-18T06:01:41.279+0000] {processor.py:830} INFO - Processing file /opt/airflow/dags/process_customers_dag.py for tasks to queue
[2025-06-18T06:01:41.292+0000] {logging_mixin.py:188} INFO - [2025-06-18T06:01:41.291+0000] {dagbag.py:545} INFO - Filling up the DagBag from /opt/airflow/dags/process_customers_dag.py
[2025-06-18T06:01:41.386+0000] {processor.py:840} INFO - DAG(s) 'process_customers' retrieved from /opt/airflow/dags/process_customers_dag.py
[2025-06-18T06:01:41.676+0000] {logging_mixin.py:188} INFO - [2025-06-18T06:01:41.675+0000] {dag.py:3096} INFO - Sync 1 DAGs
[2025-06-18T06:01:42.022+0000] {logging_mixin.py:188} INFO - [2025-06-18T06:01:42.021+0000] {dag.py:3954} INFO - Setting next_dagrun for process_customers to None, run_after=None
[2025-06-18T06:01:42.160+0000] {processor.py:183} INFO - Processing /opt/airflow/dags/process_customers_dag.py took 0.931 seconds
[2025-06-18T06:02:12.823+0000] {processor.py:161} INFO - Started process (PID=1818) to work on /opt/airflow/dags/process_customers_dag.py
[2025-06-18T06:02:12.827+0000] {processor.py:830} INFO - Processing file /opt/airflow/dags/process_customers_dag.py for tasks to queue
[2025-06-18T06:02:12.831+0000] {logging_mixin.py:188} INFO - [2025-06-18T06:02:12.831+0000] {dagbag.py:545} INFO - Filling up the DagBag from /opt/airflow/dags/process_customers_dag.py
[2025-06-18T06:02:12.869+0000] {processor.py:840} INFO - DAG(s) 'process_customers' retrieved from /opt/airflow/dags/process_customers_dag.py
[2025-06-18T06:02:12.956+0000] {logging_mixin.py:188} INFO - [2025-06-18T06:02:12.956+0000] {dag.py:3096} INFO - Sync 1 DAGs
[2025-06-18T06:02:13.001+0000] {logging_mixin.py:188} INFO - [2025-06-18T06:02:13.001+0000] {dag.py:3954} INFO - Setting next_dagrun for process_customers to None, run_after=None
[2025-06-18T06:02:13.059+0000] {processor.py:183} INFO - Processing /opt/airflow/dags/process_customers_dag.py took 0.246 seconds
[2025-06-18T06:02:43.423+0000] {processor.py:161} INFO - Started process (PID=1828) to work on /opt/airflow/dags/process_customers_dag.py
[2025-06-18T06:02:43.438+0000] {processor.py:830} INFO - Processing file /opt/airflow/dags/process_customers_dag.py for tasks to queue
[2025-06-18T06:02:43.455+0000] {logging_mixin.py:188} INFO - [2025-06-18T06:02:43.448+0000] {dagbag.py:545} INFO - Filling up the DagBag from /opt/airflow/dags/process_customers_dag.py
[2025-06-18T06:02:43.533+0000] {processor.py:840} INFO - DAG(s) 'process_customers' retrieved from /opt/airflow/dags/process_customers_dag.py
[2025-06-18T06:02:43.671+0000] {logging_mixin.py:188} INFO - [2025-06-18T06:02:43.671+0000] {dag.py:3096} INFO - Sync 1 DAGs
[2025-06-18T06:02:43.739+0000] {logging_mixin.py:188} INFO - [2025-06-18T06:02:43.739+0000] {dag.py:3954} INFO - Setting next_dagrun for process_customers to None, run_after=None
[2025-06-18T06:02:43.832+0000] {processor.py:183} INFO - Processing /opt/airflow/dags/process_customers_dag.py took 0.454 seconds
[2025-06-18T06:03:14.353+0000] {processor.py:161} INFO - Started process (PID=1838) to work on /opt/airflow/dags/process_customers_dag.py
[2025-06-18T06:03:14.358+0000] {processor.py:830} INFO - Processing file /opt/airflow/dags/process_customers_dag.py for tasks to queue
[2025-06-18T06:03:14.369+0000] {logging_mixin.py:188} INFO - [2025-06-18T06:03:14.367+0000] {dagbag.py:545} INFO - Filling up the DagBag from /opt/airflow/dags/process_customers_dag.py
[2025-06-18T06:03:14.439+0000] {processor.py:840} INFO - DAG(s) 'process_customers' retrieved from /opt/airflow/dags/process_customers_dag.py
[2025-06-18T06:03:14.545+0000] {logging_mixin.py:188} INFO - [2025-06-18T06:03:14.545+0000] {dag.py:3096} INFO - Sync 1 DAGs
[2025-06-18T06:03:14.612+0000] {logging_mixin.py:188} INFO - [2025-06-18T06:03:14.611+0000] {dag.py:3954} INFO - Setting next_dagrun for process_customers to None, run_after=None
[2025-06-18T06:03:14.690+0000] {processor.py:183} INFO - Processing /opt/airflow/dags/process_customers_dag.py took 0.371 seconds
[2025-06-18T06:03:45.368+0000] {processor.py:161} INFO - Started process (PID=1848) to work on /opt/airflow/dags/process_customers_dag.py
[2025-06-18T06:03:45.372+0000] {processor.py:830} INFO - Processing file /opt/airflow/dags/process_customers_dag.py for tasks to queue
[2025-06-18T06:03:45.382+0000] {logging_mixin.py:188} INFO - [2025-06-18T06:03:45.381+0000] {dagbag.py:545} INFO - Filling up the DagBag from /opt/airflow/dags/process_customers_dag.py
[2025-06-18T06:03:45.437+0000] {processor.py:840} INFO - DAG(s) 'process_customers' retrieved from /opt/airflow/dags/process_customers_dag.py
[2025-06-18T06:03:45.543+0000] {logging_mixin.py:188} INFO - [2025-06-18T06:03:45.542+0000] {dag.py:3096} INFO - Sync 1 DAGs
[2025-06-18T06:03:45.601+0000] {logging_mixin.py:188} INFO - [2025-06-18T06:03:45.600+0000] {dag.py:3954} INFO - Setting next_dagrun for process_customers to None, run_after=None
[2025-06-18T06:03:45.690+0000] {processor.py:183} INFO - Processing /opt/airflow/dags/process_customers_dag.py took 0.349 seconds
[2025-06-18T06:04:16.302+0000] {processor.py:161} INFO - Started process (PID=1858) to work on /opt/airflow/dags/process_customers_dag.py
[2025-06-18T06:04:16.305+0000] {processor.py:830} INFO - Processing file /opt/airflow/dags/process_customers_dag.py for tasks to queue
[2025-06-18T06:04:16.309+0000] {logging_mixin.py:188} INFO - [2025-06-18T06:04:16.308+0000] {dagbag.py:545} INFO - Filling up the DagBag from /opt/airflow/dags/process_customers_dag.py
[2025-06-18T06:04:16.354+0000] {processor.py:840} INFO - DAG(s) 'process_customers' retrieved from /opt/airflow/dags/process_customers_dag.py
[2025-06-18T06:04:16.430+0000] {logging_mixin.py:188} INFO - [2025-06-18T06:04:16.430+0000] {dag.py:3096} INFO - Sync 1 DAGs
[2025-06-18T06:04:16.465+0000] {logging_mixin.py:188} INFO - [2025-06-18T06:04:16.464+0000] {dag.py:3954} INFO - Setting next_dagrun for process_customers to None, run_after=None
[2025-06-18T06:04:16.513+0000] {processor.py:183} INFO - Processing /opt/airflow/dags/process_customers_dag.py took 0.223 seconds
[2025-06-18T06:04:47.034+0000] {processor.py:161} INFO - Started process (PID=1868) to work on /opt/airflow/dags/process_customers_dag.py
[2025-06-18T06:04:47.036+0000] {processor.py:830} INFO - Processing file /opt/airflow/dags/process_customers_dag.py for tasks to queue
[2025-06-18T06:04:47.040+0000] {logging_mixin.py:188} INFO - [2025-06-18T06:04:47.039+0000] {dagbag.py:545} INFO - Filling up the DagBag from /opt/airflow/dags/process_customers_dag.py
[2025-06-18T06:04:47.084+0000] {processor.py:840} INFO - DAG(s) 'process_customers' retrieved from /opt/airflow/dags/process_customers_dag.py
[2025-06-18T06:04:47.155+0000] {logging_mixin.py:188} INFO - [2025-06-18T06:04:47.154+0000] {dag.py:3096} INFO - Sync 1 DAGs
[2025-06-18T06:04:47.202+0000] {logging_mixin.py:188} INFO - [2025-06-18T06:04:47.201+0000] {dag.py:3954} INFO - Setting next_dagrun for process_customers to None, run_after=None
[2025-06-18T06:04:47.277+0000] {processor.py:183} INFO - Processing /opt/airflow/dags/process_customers_dag.py took 0.255 seconds
[2025-06-18T06:05:17.678+0000] {processor.py:161} INFO - Started process (PID=1878) to work on /opt/airflow/dags/process_customers_dag.py
[2025-06-18T06:05:17.680+0000] {processor.py:830} INFO - Processing file /opt/airflow/dags/process_customers_dag.py for tasks to queue
[2025-06-18T06:05:17.685+0000] {logging_mixin.py:188} INFO - [2025-06-18T06:05:17.684+0000] {dagbag.py:545} INFO - Filling up the DagBag from /opt/airflow/dags/process_customers_dag.py
[2025-06-18T06:05:17.714+0000] {processor.py:840} INFO - DAG(s) 'process_customers' retrieved from /opt/airflow/dags/process_customers_dag.py
[2025-06-18T06:05:17.781+0000] {logging_mixin.py:188} INFO - [2025-06-18T06:05:17.780+0000] {dag.py:3096} INFO - Sync 1 DAGs
[2025-06-18T06:05:17.815+0000] {logging_mixin.py:188} INFO - [2025-06-18T06:05:17.814+0000] {dag.py:3954} INFO - Setting next_dagrun for process_customers to None, run_after=None
[2025-06-18T06:05:17.884+0000] {processor.py:183} INFO - Processing /opt/airflow/dags/process_customers_dag.py took 0.218 seconds
[2025-06-18T06:05:48.087+0000] {processor.py:161} INFO - Started process (PID=1888) to work on /opt/airflow/dags/process_customers_dag.py
[2025-06-18T06:05:48.089+0000] {processor.py:830} INFO - Processing file /opt/airflow/dags/process_customers_dag.py for tasks to queue
[2025-06-18T06:05:48.092+0000] {logging_mixin.py:188} INFO - [2025-06-18T06:05:48.092+0000] {dagbag.py:545} INFO - Filling up the DagBag from /opt/airflow/dags/process_customers_dag.py
[2025-06-18T06:05:48.128+0000] {processor.py:840} INFO - DAG(s) 'process_customers' retrieved from /opt/airflow/dags/process_customers_dag.py
[2025-06-18T06:05:48.191+0000] {logging_mixin.py:188} INFO - [2025-06-18T06:05:48.191+0000] {dag.py:3096} INFO - Sync 1 DAGs
[2025-06-18T06:05:48.223+0000] {logging_mixin.py:188} INFO - [2025-06-18T06:05:48.222+0000] {dag.py:3954} INFO - Setting next_dagrun for process_customers to None, run_after=None
[2025-06-18T06:05:48.286+0000] {processor.py:183} INFO - Processing /opt/airflow/dags/process_customers_dag.py took 0.211 seconds
[2025-06-18T06:06:19.644+0000] {processor.py:161} INFO - Started process (PID=1898) to work on /opt/airflow/dags/process_customers_dag.py
[2025-06-18T06:06:19.652+0000] {processor.py:830} INFO - Processing file /opt/airflow/dags/process_customers_dag.py for tasks to queue
[2025-06-18T06:06:19.666+0000] {logging_mixin.py:188} INFO - [2025-06-18T06:06:19.666+0000] {dagbag.py:545} INFO - Filling up the DagBag from /opt/airflow/dags/process_customers_dag.py
[2025-06-18T06:06:20.001+0000] {processor.py:840} INFO - DAG(s) 'process_customers' retrieved from /opt/airflow/dags/process_customers_dag.py
[2025-06-18T06:06:20.171+0000] {logging_mixin.py:188} INFO - [2025-06-18T06:06:20.171+0000] {dag.py:3096} INFO - Sync 1 DAGs
[2025-06-18T06:06:20.227+0000] {logging_mixin.py:188} INFO - [2025-06-18T06:06:20.223+0000] {dag.py:3954} INFO - Setting next_dagrun for process_customers to None, run_after=None
[2025-06-18T06:06:20.290+0000] {processor.py:183} INFO - Processing /opt/airflow/dags/process_customers_dag.py took 0.686 seconds
[2025-06-18T06:06:51.017+0000] {processor.py:161} INFO - Started process (PID=1908) to work on /opt/airflow/dags/process_customers_dag.py
[2025-06-18T06:06:51.021+0000] {processor.py:830} INFO - Processing file /opt/airflow/dags/process_customers_dag.py for tasks to queue
[2025-06-18T06:06:51.024+0000] {logging_mixin.py:188} INFO - [2025-06-18T06:06:51.023+0000] {dagbag.py:545} INFO - Filling up the DagBag from /opt/airflow/dags/process_customers_dag.py
[2025-06-18T06:06:51.057+0000] {processor.py:840} INFO - DAG(s) 'process_customers' retrieved from /opt/airflow/dags/process_customers_dag.py
[2025-06-18T06:06:51.125+0000] {logging_mixin.py:188} INFO - [2025-06-18T06:06:51.125+0000] {dag.py:3096} INFO - Sync 1 DAGs
[2025-06-18T06:06:51.162+0000] {logging_mixin.py:188} INFO - [2025-06-18T06:06:51.162+0000] {dag.py:3954} INFO - Setting next_dagrun for process_customers to None, run_after=None
[2025-06-18T06:06:51.258+0000] {processor.py:183} INFO - Processing /opt/airflow/dags/process_customers_dag.py took 0.253 seconds
[2025-06-18T06:07:22.097+0000] {processor.py:161} INFO - Started process (PID=1918) to work on /opt/airflow/dags/process_customers_dag.py
[2025-06-18T06:07:22.099+0000] {processor.py:830} INFO - Processing file /opt/airflow/dags/process_customers_dag.py for tasks to queue
[2025-06-18T06:07:22.107+0000] {logging_mixin.py:188} INFO - [2025-06-18T06:07:22.105+0000] {dagbag.py:545} INFO - Filling up the DagBag from /opt/airflow/dags/process_customers_dag.py
[2025-06-18T06:07:22.181+0000] {processor.py:840} INFO - DAG(s) 'process_customers' retrieved from /opt/airflow/dags/process_customers_dag.py
[2025-06-18T06:07:22.255+0000] {logging_mixin.py:188} INFO - [2025-06-18T06:07:22.255+0000] {dag.py:3096} INFO - Sync 1 DAGs
[2025-06-18T06:07:22.292+0000] {logging_mixin.py:188} INFO - [2025-06-18T06:07:22.292+0000] {dag.py:3954} INFO - Setting next_dagrun for process_customers to None, run_after=None
[2025-06-18T06:07:22.347+0000] {processor.py:183} INFO - Processing /opt/airflow/dags/process_customers_dag.py took 0.269 seconds
[2025-06-18T06:07:53.108+0000] {processor.py:161} INFO - Started process (PID=1928) to work on /opt/airflow/dags/process_customers_dag.py
[2025-06-18T06:07:53.116+0000] {processor.py:830} INFO - Processing file /opt/airflow/dags/process_customers_dag.py for tasks to queue
[2025-06-18T06:07:53.126+0000] {logging_mixin.py:188} INFO - [2025-06-18T06:07:53.125+0000] {dagbag.py:545} INFO - Filling up the DagBag from /opt/airflow/dags/process_customers_dag.py
[2025-06-18T06:07:53.184+0000] {processor.py:840} INFO - DAG(s) 'process_customers' retrieved from /opt/airflow/dags/process_customers_dag.py
[2025-06-18T06:07:53.252+0000] {logging_mixin.py:188} INFO - [2025-06-18T06:07:53.252+0000] {dag.py:3096} INFO - Sync 1 DAGs
[2025-06-18T06:07:53.273+0000] {logging_mixin.py:188} INFO - [2025-06-18T06:07:53.273+0000] {dag.py:3954} INFO - Setting next_dagrun for process_customers to None, run_after=None
[2025-06-18T06:07:53.304+0000] {processor.py:183} INFO - Processing /opt/airflow/dags/process_customers_dag.py took 0.232 seconds
[2025-06-18T06:08:23.950+0000] {processor.py:161} INFO - Started process (PID=1938) to work on /opt/airflow/dags/process_customers_dag.py
[2025-06-18T06:08:23.964+0000] {processor.py:830} INFO - Processing file /opt/airflow/dags/process_customers_dag.py for tasks to queue
[2025-06-18T06:08:23.993+0000] {logging_mixin.py:188} INFO - [2025-06-18T06:08:23.988+0000] {dagbag.py:545} INFO - Filling up the DagBag from /opt/airflow/dags/process_customers_dag.py
[2025-06-18T06:08:24.193+0000] {processor.py:840} INFO - DAG(s) 'process_customers' retrieved from /opt/airflow/dags/process_customers_dag.py
[2025-06-18T06:08:24.370+0000] {logging_mixin.py:188} INFO - [2025-06-18T06:08:24.369+0000] {dag.py:3096} INFO - Sync 1 DAGs
[2025-06-18T06:08:24.409+0000] {logging_mixin.py:188} INFO - [2025-06-18T06:08:24.409+0000] {dag.py:3954} INFO - Setting next_dagrun for process_customers to None, run_after=None
[2025-06-18T06:08:24.473+0000] {processor.py:183} INFO - Processing /opt/airflow/dags/process_customers_dag.py took 0.624 seconds
[2025-06-18T06:08:55.636+0000] {processor.py:161} INFO - Started process (PID=1948) to work on /opt/airflow/dags/process_customers_dag.py
[2025-06-18T06:08:55.641+0000] {processor.py:830} INFO - Processing file /opt/airflow/dags/process_customers_dag.py for tasks to queue
[2025-06-18T06:08:55.654+0000] {logging_mixin.py:188} INFO - [2025-06-18T06:08:55.651+0000] {dagbag.py:545} INFO - Filling up the DagBag from /opt/airflow/dags/process_customers_dag.py
[2025-06-18T06:08:55.769+0000] {processor.py:840} INFO - DAG(s) 'process_customers' retrieved from /opt/airflow/dags/process_customers_dag.py
[2025-06-18T06:08:55.874+0000] {logging_mixin.py:188} INFO - [2025-06-18T06:08:55.873+0000] {dag.py:3096} INFO - Sync 1 DAGs
[2025-06-18T06:08:55.902+0000] {logging_mixin.py:188} INFO - [2025-06-18T06:08:55.902+0000] {dag.py:3954} INFO - Setting next_dagrun for process_customers to None, run_after=None
[2025-06-18T06:08:55.940+0000] {processor.py:183} INFO - Processing /opt/airflow/dags/process_customers_dag.py took 0.360 seconds
[2025-06-18T06:09:27.243+0000] {processor.py:161} INFO - Started process (PID=1958) to work on /opt/airflow/dags/process_customers_dag.py
[2025-06-18T06:09:27.252+0000] {processor.py:830} INFO - Processing file /opt/airflow/dags/process_customers_dag.py for tasks to queue
[2025-06-18T06:09:27.260+0000] {logging_mixin.py:188} INFO - [2025-06-18T06:09:27.259+0000] {dagbag.py:545} INFO - Filling up the DagBag from /opt/airflow/dags/process_customers_dag.py
[2025-06-18T06:09:27.332+0000] {processor.py:840} INFO - DAG(s) 'process_customers' retrieved from /opt/airflow/dags/process_customers_dag.py
[2025-06-18T06:09:27.463+0000] {logging_mixin.py:188} INFO - [2025-06-18T06:09:27.462+0000] {dag.py:3096} INFO - Sync 1 DAGs
[2025-06-18T06:09:27.503+0000] {logging_mixin.py:188} INFO - [2025-06-18T06:09:27.502+0000] {dag.py:3954} INFO - Setting next_dagrun for process_customers to None, run_after=None
[2025-06-18T06:09:27.542+0000] {processor.py:183} INFO - Processing /opt/airflow/dags/process_customers_dag.py took 0.363 seconds
[2025-06-18T06:09:58.054+0000] {processor.py:161} INFO - Started process (PID=1968) to work on /opt/airflow/dags/process_customers_dag.py
[2025-06-18T06:09:58.056+0000] {processor.py:830} INFO - Processing file /opt/airflow/dags/process_customers_dag.py for tasks to queue
[2025-06-18T06:09:58.060+0000] {logging_mixin.py:188} INFO - [2025-06-18T06:09:58.060+0000] {dagbag.py:545} INFO - Filling up the DagBag from /opt/airflow/dags/process_customers_dag.py
[2025-06-18T06:09:58.101+0000] {processor.py:840} INFO - DAG(s) 'process_customers' retrieved from /opt/airflow/dags/process_customers_dag.py
[2025-06-18T06:09:58.162+0000] {logging_mixin.py:188} INFO - [2025-06-18T06:09:58.161+0000] {dag.py:3096} INFO - Sync 1 DAGs
[2025-06-18T06:09:58.189+0000] {logging_mixin.py:188} INFO - [2025-06-18T06:09:58.189+0000] {dag.py:3954} INFO - Setting next_dagrun for process_customers to None, run_after=None
[2025-06-18T06:09:58.249+0000] {processor.py:183} INFO - Processing /opt/airflow/dags/process_customers_dag.py took 0.212 seconds
[2025-06-18T06:10:28.680+0000] {processor.py:161} INFO - Started process (PID=1978) to work on /opt/airflow/dags/process_customers_dag.py
[2025-06-18T06:10:28.683+0000] {processor.py:830} INFO - Processing file /opt/airflow/dags/process_customers_dag.py for tasks to queue
[2025-06-18T06:10:28.689+0000] {logging_mixin.py:188} INFO - [2025-06-18T06:10:28.688+0000] {dagbag.py:545} INFO - Filling up the DagBag from /opt/airflow/dags/process_customers_dag.py
[2025-06-18T06:10:28.744+0000] {processor.py:840} INFO - DAG(s) 'process_customers' retrieved from /opt/airflow/dags/process_customers_dag.py
[2025-06-18T06:10:28.813+0000] {logging_mixin.py:188} INFO - [2025-06-18T06:10:28.812+0000] {dag.py:3096} INFO - Sync 1 DAGs
[2025-06-18T06:10:28.848+0000] {logging_mixin.py:188} INFO - [2025-06-18T06:10:28.847+0000] {dag.py:3954} INFO - Setting next_dagrun for process_customers to None, run_after=None
[2025-06-18T06:10:28.888+0000] {processor.py:183} INFO - Processing /opt/airflow/dags/process_customers_dag.py took 0.227 seconds
[2025-06-18T06:10:59.224+0000] {processor.py:161} INFO - Started process (PID=1988) to work on /opt/airflow/dags/process_customers_dag.py
[2025-06-18T06:10:59.226+0000] {processor.py:830} INFO - Processing file /opt/airflow/dags/process_customers_dag.py for tasks to queue
[2025-06-18T06:10:59.231+0000] {logging_mixin.py:188} INFO - [2025-06-18T06:10:59.230+0000] {dagbag.py:545} INFO - Filling up the DagBag from /opt/airflow/dags/process_customers_dag.py
[2025-06-18T06:10:59.267+0000] {processor.py:840} INFO - DAG(s) 'process_customers' retrieved from /opt/airflow/dags/process_customers_dag.py
[2025-06-18T06:10:59.327+0000] {logging_mixin.py:188} INFO - [2025-06-18T06:10:59.326+0000] {dag.py:3096} INFO - Sync 1 DAGs
[2025-06-18T06:10:59.354+0000] {logging_mixin.py:188} INFO - [2025-06-18T06:10:59.353+0000] {dag.py:3954} INFO - Setting next_dagrun for process_customers to None, run_after=None
[2025-06-18T06:10:59.391+0000] {processor.py:183} INFO - Processing /opt/airflow/dags/process_customers_dag.py took 0.180 seconds
[2025-06-18T06:11:30.860+0000] {processor.py:161} INFO - Started process (PID=1998) to work on /opt/airflow/dags/process_customers_dag.py
[2025-06-18T06:11:30.882+0000] {processor.py:830} INFO - Processing file /opt/airflow/dags/process_customers_dag.py for tasks to queue
[2025-06-18T06:11:30.944+0000] {logging_mixin.py:188} INFO - [2025-06-18T06:11:30.942+0000] {dagbag.py:545} INFO - Filling up the DagBag from /opt/airflow/dags/process_customers_dag.py
[2025-06-18T06:11:31.052+0000] {processor.py:840} INFO - DAG(s) 'process_customers' retrieved from /opt/airflow/dags/process_customers_dag.py
[2025-06-18T06:11:31.155+0000] {logging_mixin.py:188} INFO - [2025-06-18T06:11:31.154+0000] {dag.py:3096} INFO - Sync 1 DAGs
[2025-06-18T06:11:31.204+0000] {logging_mixin.py:188} INFO - [2025-06-18T06:11:31.203+0000] {dag.py:3954} INFO - Setting next_dagrun for process_customers to None, run_after=None
[2025-06-18T06:11:31.306+0000] {processor.py:183} INFO - Processing /opt/airflow/dags/process_customers_dag.py took 0.666 seconds
[2025-06-18T06:12:01.972+0000] {processor.py:161} INFO - Started process (PID=2008) to work on /opt/airflow/dags/process_customers_dag.py
[2025-06-18T06:12:01.977+0000] {processor.py:830} INFO - Processing file /opt/airflow/dags/process_customers_dag.py for tasks to queue
[2025-06-18T06:12:01.988+0000] {logging_mixin.py:188} INFO - [2025-06-18T06:12:01.987+0000] {dagbag.py:545} INFO - Filling up the DagBag from /opt/airflow/dags/process_customers_dag.py
[2025-06-18T06:12:02.078+0000] {processor.py:840} INFO - DAG(s) 'process_customers' retrieved from /opt/airflow/dags/process_customers_dag.py
[2025-06-18T06:12:02.229+0000] {logging_mixin.py:188} INFO - [2025-06-18T06:12:02.229+0000] {dag.py:3096} INFO - Sync 1 DAGs
[2025-06-18T06:12:02.255+0000] {logging_mixin.py:188} INFO - [2025-06-18T06:12:02.255+0000] {dag.py:3954} INFO - Setting next_dagrun for process_customers to None, run_after=None
[2025-06-18T06:12:02.304+0000] {processor.py:183} INFO - Processing /opt/airflow/dags/process_customers_dag.py took 0.370 seconds
[2025-06-18T06:12:32.676+0000] {processor.py:161} INFO - Started process (PID=2018) to work on /opt/airflow/dags/process_customers_dag.py
[2025-06-18T06:12:32.679+0000] {processor.py:830} INFO - Processing file /opt/airflow/dags/process_customers_dag.py for tasks to queue
[2025-06-18T06:12:32.685+0000] {logging_mixin.py:188} INFO - [2025-06-18T06:12:32.685+0000] {dagbag.py:545} INFO - Filling up the DagBag from /opt/airflow/dags/process_customers_dag.py
[2025-06-18T06:12:32.717+0000] {processor.py:840} INFO - DAG(s) 'process_customers' retrieved from /opt/airflow/dags/process_customers_dag.py
[2025-06-18T06:12:32.767+0000] {logging_mixin.py:188} INFO - [2025-06-18T06:12:32.766+0000] {dag.py:3096} INFO - Sync 1 DAGs
[2025-06-18T06:12:32.790+0000] {logging_mixin.py:188} INFO - [2025-06-18T06:12:32.790+0000] {dag.py:3954} INFO - Setting next_dagrun for process_customers to None, run_after=None
[2025-06-18T06:12:32.830+0000] {processor.py:183} INFO - Processing /opt/airflow/dags/process_customers_dag.py took 0.165 seconds
[2025-06-18T06:13:03.427+0000] {processor.py:161} INFO - Started process (PID=2028) to work on /opt/airflow/dags/process_customers_dag.py
[2025-06-18T06:13:03.429+0000] {processor.py:830} INFO - Processing file /opt/airflow/dags/process_customers_dag.py for tasks to queue
[2025-06-18T06:13:03.433+0000] {logging_mixin.py:188} INFO - [2025-06-18T06:13:03.432+0000] {dagbag.py:545} INFO - Filling up the DagBag from /opt/airflow/dags/process_customers_dag.py
[2025-06-18T06:13:03.489+0000] {processor.py:840} INFO - DAG(s) 'process_customers' retrieved from /opt/airflow/dags/process_customers_dag.py
[2025-06-18T06:13:03.583+0000] {logging_mixin.py:188} INFO - [2025-06-18T06:13:03.583+0000] {dag.py:3096} INFO - Sync 1 DAGs
[2025-06-18T06:13:03.639+0000] {logging_mixin.py:188} INFO - [2025-06-18T06:13:03.639+0000] {dag.py:3954} INFO - Setting next_dagrun for process_customers to None, run_after=None
[2025-06-18T06:13:03.693+0000] {processor.py:183} INFO - Processing /opt/airflow/dags/process_customers_dag.py took 0.278 seconds
[2025-06-18T06:13:34.562+0000] {processor.py:161} INFO - Started process (PID=2038) to work on /opt/airflow/dags/process_customers_dag.py
[2025-06-18T06:13:34.564+0000] {processor.py:830} INFO - Processing file /opt/airflow/dags/process_customers_dag.py for tasks to queue
[2025-06-18T06:13:34.568+0000] {logging_mixin.py:188} INFO - [2025-06-18T06:13:34.568+0000] {dagbag.py:545} INFO - Filling up the DagBag from /opt/airflow/dags/process_customers_dag.py
[2025-06-18T06:13:34.606+0000] {processor.py:840} INFO - DAG(s) 'process_customers' retrieved from /opt/airflow/dags/process_customers_dag.py
[2025-06-18T06:13:34.652+0000] {logging_mixin.py:188} INFO - [2025-06-18T06:13:34.652+0000] {dag.py:3096} INFO - Sync 1 DAGs
[2025-06-18T06:13:34.678+0000] {logging_mixin.py:188} INFO - [2025-06-18T06:13:34.677+0000] {dag.py:3954} INFO - Setting next_dagrun for process_customers to None, run_after=None
[2025-06-18T06:13:34.718+0000] {processor.py:183} INFO - Processing /opt/airflow/dags/process_customers_dag.py took 0.180 seconds
[2025-06-18T06:14:05.572+0000] {processor.py:161} INFO - Started process (PID=2048) to work on /opt/airflow/dags/process_customers_dag.py
[2025-06-18T06:14:05.576+0000] {processor.py:830} INFO - Processing file /opt/airflow/dags/process_customers_dag.py for tasks to queue
[2025-06-18T06:14:05.581+0000] {logging_mixin.py:188} INFO - [2025-06-18T06:14:05.580+0000] {dagbag.py:545} INFO - Filling up the DagBag from /opt/airflow/dags/process_customers_dag.py
[2025-06-18T06:14:05.609+0000] {processor.py:840} INFO - DAG(s) 'process_customers' retrieved from /opt/airflow/dags/process_customers_dag.py
[2025-06-18T06:14:05.660+0000] {logging_mixin.py:188} INFO - [2025-06-18T06:14:05.659+0000] {dag.py:3096} INFO - Sync 1 DAGs
[2025-06-18T06:14:05.680+0000] {logging_mixin.py:188} INFO - [2025-06-18T06:14:05.680+0000] {dag.py:3954} INFO - Setting next_dagrun for process_customers to None, run_after=None
[2025-06-18T06:14:05.724+0000] {processor.py:183} INFO - Processing /opt/airflow/dags/process_customers_dag.py took 0.165 seconds
[2025-06-18T06:14:36.074+0000] {processor.py:161} INFO - Started process (PID=2058) to work on /opt/airflow/dags/process_customers_dag.py
[2025-06-18T06:14:36.077+0000] {processor.py:830} INFO - Processing file /opt/airflow/dags/process_customers_dag.py for tasks to queue
[2025-06-18T06:14:36.080+0000] {logging_mixin.py:188} INFO - [2025-06-18T06:14:36.079+0000] {dagbag.py:545} INFO - Filling up the DagBag from /opt/airflow/dags/process_customers_dag.py
[2025-06-18T06:14:36.109+0000] {processor.py:840} INFO - DAG(s) 'process_customers' retrieved from /opt/airflow/dags/process_customers_dag.py
[2025-06-18T06:14:36.162+0000] {logging_mixin.py:188} INFO - [2025-06-18T06:14:36.161+0000] {dag.py:3096} INFO - Sync 1 DAGs
[2025-06-18T06:14:36.187+0000] {logging_mixin.py:188} INFO - [2025-06-18T06:14:36.187+0000] {dag.py:3954} INFO - Setting next_dagrun for process_customers to None, run_after=None
[2025-06-18T06:14:36.218+0000] {processor.py:183} INFO - Processing /opt/airflow/dags/process_customers_dag.py took 0.158 seconds
[2025-06-18T06:15:07.491+0000] {processor.py:161} INFO - Started process (PID=2068) to work on /opt/airflow/dags/process_customers_dag.py
[2025-06-18T06:15:07.495+0000] {processor.py:830} INFO - Processing file /opt/airflow/dags/process_customers_dag.py for tasks to queue
[2025-06-18T06:15:07.503+0000] {logging_mixin.py:188} INFO - [2025-06-18T06:15:07.502+0000] {dagbag.py:545} INFO - Filling up the DagBag from /opt/airflow/dags/process_customers_dag.py
[2025-06-18T06:15:07.542+0000] {processor.py:840} INFO - DAG(s) 'process_customers' retrieved from /opt/airflow/dags/process_customers_dag.py
[2025-06-18T06:15:07.606+0000] {logging_mixin.py:188} INFO - [2025-06-18T06:15:07.606+0000] {dag.py:3096} INFO - Sync 1 DAGs
[2025-06-18T06:15:07.633+0000] {logging_mixin.py:188} INFO - [2025-06-18T06:15:07.632+0000] {dag.py:3954} INFO - Setting next_dagrun for process_customers to None, run_after=None
[2025-06-18T06:15:07.674+0000] {processor.py:183} INFO - Processing /opt/airflow/dags/process_customers_dag.py took 0.212 seconds
[2025-06-18T06:15:38.140+0000] {processor.py:161} INFO - Started process (PID=2078) to work on /opt/airflow/dags/process_customers_dag.py
[2025-06-18T06:15:38.145+0000] {processor.py:830} INFO - Processing file /opt/airflow/dags/process_customers_dag.py for tasks to queue
[2025-06-18T06:15:38.156+0000] {logging_mixin.py:188} INFO - [2025-06-18T06:15:38.154+0000] {dagbag.py:545} INFO - Filling up the DagBag from /opt/airflow/dags/process_customers_dag.py
[2025-06-18T06:15:38.204+0000] {processor.py:840} INFO - DAG(s) 'process_customers' retrieved from /opt/airflow/dags/process_customers_dag.py
[2025-06-18T06:15:38.288+0000] {logging_mixin.py:188} INFO - [2025-06-18T06:15:38.288+0000] {dag.py:3096} INFO - Sync 1 DAGs
[2025-06-18T06:15:38.322+0000] {logging_mixin.py:188} INFO - [2025-06-18T06:15:38.321+0000] {dag.py:3954} INFO - Setting next_dagrun for process_customers to None, run_after=None
[2025-06-18T06:15:38.361+0000] {processor.py:183} INFO - Processing /opt/airflow/dags/process_customers_dag.py took 0.242 seconds
[2025-06-18T06:16:09.190+0000] {processor.py:161} INFO - Started process (PID=2088) to work on /opt/airflow/dags/process_customers_dag.py
[2025-06-18T06:16:09.194+0000] {processor.py:830} INFO - Processing file /opt/airflow/dags/process_customers_dag.py for tasks to queue
[2025-06-18T06:16:09.203+0000] {logging_mixin.py:188} INFO - [2025-06-18T06:16:09.201+0000] {dagbag.py:545} INFO - Filling up the DagBag from /opt/airflow/dags/process_customers_dag.py
[2025-06-18T06:16:09.267+0000] {processor.py:840} INFO - DAG(s) 'process_customers' retrieved from /opt/airflow/dags/process_customers_dag.py
[2025-06-18T06:16:09.359+0000] {logging_mixin.py:188} INFO - [2025-06-18T06:16:09.358+0000] {dag.py:3096} INFO - Sync 1 DAGs
[2025-06-18T06:16:09.394+0000] {logging_mixin.py:188} INFO - [2025-06-18T06:16:09.393+0000] {dag.py:3954} INFO - Setting next_dagrun for process_customers to None, run_after=None
[2025-06-18T06:16:09.453+0000] {processor.py:183} INFO - Processing /opt/airflow/dags/process_customers_dag.py took 0.284 seconds
[2025-06-18T06:16:39.834+0000] {processor.py:161} INFO - Started process (PID=2098) to work on /opt/airflow/dags/process_customers_dag.py
[2025-06-18T06:16:39.837+0000] {processor.py:830} INFO - Processing file /opt/airflow/dags/process_customers_dag.py for tasks to queue
[2025-06-18T06:16:39.843+0000] {logging_mixin.py:188} INFO - [2025-06-18T06:16:39.841+0000] {dagbag.py:545} INFO - Filling up the DagBag from /opt/airflow/dags/process_customers_dag.py
[2025-06-18T06:16:39.880+0000] {processor.py:840} INFO - DAG(s) 'process_customers' retrieved from /opt/airflow/dags/process_customers_dag.py
[2025-06-18T06:16:39.938+0000] {logging_mixin.py:188} INFO - [2025-06-18T06:16:39.938+0000] {dag.py:3096} INFO - Sync 1 DAGs
[2025-06-18T06:16:39.967+0000] {logging_mixin.py:188} INFO - [2025-06-18T06:16:39.966+0000] {dag.py:3954} INFO - Setting next_dagrun for process_customers to None, run_after=None
[2025-06-18T06:16:40.008+0000] {processor.py:183} INFO - Processing /opt/airflow/dags/process_customers_dag.py took 0.188 seconds
[2025-06-18T06:17:10.563+0000] {processor.py:161} INFO - Started process (PID=2108) to work on /opt/airflow/dags/process_customers_dag.py
[2025-06-18T06:17:10.565+0000] {processor.py:830} INFO - Processing file /opt/airflow/dags/process_customers_dag.py for tasks to queue
[2025-06-18T06:17:10.571+0000] {logging_mixin.py:188} INFO - [2025-06-18T06:17:10.570+0000] {dagbag.py:545} INFO - Filling up the DagBag from /opt/airflow/dags/process_customers_dag.py
[2025-06-18T06:17:10.630+0000] {processor.py:840} INFO - DAG(s) 'process_customers' retrieved from /opt/airflow/dags/process_customers_dag.py
[2025-06-18T06:17:10.693+0000] {logging_mixin.py:188} INFO - [2025-06-18T06:17:10.692+0000] {dag.py:3096} INFO - Sync 1 DAGs
[2025-06-18T06:17:10.720+0000] {logging_mixin.py:188} INFO - [2025-06-18T06:17:10.720+0000] {dag.py:3954} INFO - Setting next_dagrun for process_customers to None, run_after=None
[2025-06-18T06:17:10.794+0000] {processor.py:183} INFO - Processing /opt/airflow/dags/process_customers_dag.py took 0.245 seconds
[2025-06-18T06:17:41.769+0000] {processor.py:161} INFO - Started process (PID=2118) to work on /opt/airflow/dags/process_customers_dag.py
[2025-06-18T06:17:41.794+0000] {processor.py:830} INFO - Processing file /opt/airflow/dags/process_customers_dag.py for tasks to queue
[2025-06-18T06:17:41.823+0000] {logging_mixin.py:188} INFO - [2025-06-18T06:17:41.822+0000] {dagbag.py:545} INFO - Filling up the DagBag from /opt/airflow/dags/process_customers_dag.py
[2025-06-18T06:17:41.922+0000] {processor.py:840} INFO - DAG(s) 'process_customers' retrieved from /opt/airflow/dags/process_customers_dag.py
[2025-06-18T06:17:42.059+0000] {logging_mixin.py:188} INFO - [2025-06-18T06:17:42.058+0000] {dag.py:3096} INFO - Sync 1 DAGs
[2025-06-18T06:17:42.087+0000] {logging_mixin.py:188} INFO - [2025-06-18T06:17:42.087+0000] {dag.py:3954} INFO - Setting next_dagrun for process_customers to None, run_after=None
[2025-06-18T06:17:42.166+0000] {processor.py:183} INFO - Processing /opt/airflow/dags/process_customers_dag.py took 0.509 seconds
[2025-06-18T06:18:12.739+0000] {processor.py:161} INFO - Started process (PID=2128) to work on /opt/airflow/dags/process_customers_dag.py
[2025-06-18T06:18:12.742+0000] {processor.py:830} INFO - Processing file /opt/airflow/dags/process_customers_dag.py for tasks to queue
[2025-06-18T06:18:12.745+0000] {logging_mixin.py:188} INFO - [2025-06-18T06:18:12.745+0000] {dagbag.py:545} INFO - Filling up the DagBag from /opt/airflow/dags/process_customers_dag.py
[2025-06-18T06:18:12.786+0000] {processor.py:840} INFO - DAG(s) 'process_customers' retrieved from /opt/airflow/dags/process_customers_dag.py
[2025-06-18T06:18:12.838+0000] {logging_mixin.py:188} INFO - [2025-06-18T06:18:12.838+0000] {dag.py:3096} INFO - Sync 1 DAGs
[2025-06-18T06:18:12.863+0000] {logging_mixin.py:188} INFO - [2025-06-18T06:18:12.862+0000] {dag.py:3954} INFO - Setting next_dagrun for process_customers to None, run_after=None
[2025-06-18T06:18:12.920+0000] {processor.py:183} INFO - Processing /opt/airflow/dags/process_customers_dag.py took 0.194 seconds
[2025-06-18T06:18:43.226+0000] {processor.py:161} INFO - Started process (PID=2138) to work on /opt/airflow/dags/process_customers_dag.py
[2025-06-18T06:18:43.228+0000] {processor.py:830} INFO - Processing file /opt/airflow/dags/process_customers_dag.py for tasks to queue
[2025-06-18T06:18:43.233+0000] {logging_mixin.py:188} INFO - [2025-06-18T06:18:43.232+0000] {dagbag.py:545} INFO - Filling up the DagBag from /opt/airflow/dags/process_customers_dag.py
[2025-06-18T06:18:43.256+0000] {processor.py:840} INFO - DAG(s) 'process_customers' retrieved from /opt/airflow/dags/process_customers_dag.py
[2025-06-18T06:18:43.315+0000] {logging_mixin.py:188} INFO - [2025-06-18T06:18:43.315+0000] {dag.py:3096} INFO - Sync 1 DAGs
[2025-06-18T06:18:43.346+0000] {logging_mixin.py:188} INFO - [2025-06-18T06:18:43.346+0000] {dag.py:3954} INFO - Setting next_dagrun for process_customers to None, run_after=None
[2025-06-18T06:18:43.394+0000] {processor.py:183} INFO - Processing /opt/airflow/dags/process_customers_dag.py took 0.179 seconds
[2025-06-18T06:19:14.009+0000] {processor.py:161} INFO - Started process (PID=2148) to work on /opt/airflow/dags/process_customers_dag.py
[2025-06-18T06:19:14.028+0000] {processor.py:830} INFO - Processing file /opt/airflow/dags/process_customers_dag.py for tasks to queue
[2025-06-18T06:19:14.045+0000] {logging_mixin.py:188} INFO - [2025-06-18T06:19:14.044+0000] {dagbag.py:545} INFO - Filling up the DagBag from /opt/airflow/dags/process_customers_dag.py
[2025-06-18T06:19:14.106+0000] {processor.py:840} INFO - DAG(s) 'process_customers' retrieved from /opt/airflow/dags/process_customers_dag.py
[2025-06-18T06:19:14.179+0000] {logging_mixin.py:188} INFO - [2025-06-18T06:19:14.178+0000] {dag.py:3096} INFO - Sync 1 DAGs
[2025-06-18T06:19:14.202+0000] {logging_mixin.py:188} INFO - [2025-06-18T06:19:14.201+0000] {dag.py:3954} INFO - Setting next_dagrun for process_customers to None, run_after=None
[2025-06-18T06:19:14.239+0000] {processor.py:183} INFO - Processing /opt/airflow/dags/process_customers_dag.py took 0.267 seconds
[2025-06-18T06:19:44.649+0000] {processor.py:161} INFO - Started process (PID=2158) to work on /opt/airflow/dags/process_customers_dag.py
[2025-06-18T06:19:44.655+0000] {processor.py:830} INFO - Processing file /opt/airflow/dags/process_customers_dag.py for tasks to queue
[2025-06-18T06:19:44.662+0000] {logging_mixin.py:188} INFO - [2025-06-18T06:19:44.661+0000] {dagbag.py:545} INFO - Filling up the DagBag from /opt/airflow/dags/process_customers_dag.py
[2025-06-18T06:19:44.695+0000] {processor.py:840} INFO - DAG(s) 'process_customers' retrieved from /opt/airflow/dags/process_customers_dag.py
[2025-06-18T06:19:44.821+0000] {logging_mixin.py:188} INFO - [2025-06-18T06:19:44.820+0000] {dag.py:3096} INFO - Sync 1 DAGs
[2025-06-18T06:19:44.898+0000] {logging_mixin.py:188} INFO - [2025-06-18T06:19:44.897+0000] {dag.py:3954} INFO - Setting next_dagrun for process_customers to None, run_after=None
[2025-06-18T06:19:44.983+0000] {processor.py:183} INFO - Processing /opt/airflow/dags/process_customers_dag.py took 0.345 seconds
[2025-06-18T06:20:15.525+0000] {processor.py:161} INFO - Started process (PID=2168) to work on /opt/airflow/dags/process_customers_dag.py
[2025-06-18T06:20:15.527+0000] {processor.py:830} INFO - Processing file /opt/airflow/dags/process_customers_dag.py for tasks to queue
[2025-06-18T06:20:15.531+0000] {logging_mixin.py:188} INFO - [2025-06-18T06:20:15.531+0000] {dagbag.py:545} INFO - Filling up the DagBag from /opt/airflow/dags/process_customers_dag.py
[2025-06-18T06:20:15.560+0000] {processor.py:840} INFO - DAG(s) 'process_customers' retrieved from /opt/airflow/dags/process_customers_dag.py
[2025-06-18T06:20:15.610+0000] {logging_mixin.py:188} INFO - [2025-06-18T06:20:15.609+0000] {dag.py:3096} INFO - Sync 1 DAGs
[2025-06-18T06:20:15.632+0000] {logging_mixin.py:188} INFO - [2025-06-18T06:20:15.632+0000] {dag.py:3954} INFO - Setting next_dagrun for process_customers to None, run_after=None
[2025-06-18T06:20:15.667+0000] {processor.py:183} INFO - Processing /opt/airflow/dags/process_customers_dag.py took 0.152 seconds
[2025-06-18T06:20:45.930+0000] {processor.py:161} INFO - Started process (PID=2178) to work on /opt/airflow/dags/process_customers_dag.py
[2025-06-18T06:20:45.940+0000] {processor.py:830} INFO - Processing file /opt/airflow/dags/process_customers_dag.py for tasks to queue
[2025-06-18T06:20:45.946+0000] {logging_mixin.py:188} INFO - [2025-06-18T06:20:45.945+0000] {dagbag.py:545} INFO - Filling up the DagBag from /opt/airflow/dags/process_customers_dag.py
[2025-06-18T06:20:46.010+0000] {processor.py:840} INFO - DAG(s) 'process_customers' retrieved from /opt/airflow/dags/process_customers_dag.py
[2025-06-18T06:20:46.125+0000] {logging_mixin.py:188} INFO - [2025-06-18T06:20:46.125+0000] {dag.py:3096} INFO - Sync 1 DAGs
[2025-06-18T06:20:46.169+0000] {logging_mixin.py:188} INFO - [2025-06-18T06:20:46.168+0000] {dag.py:3954} INFO - Setting next_dagrun for process_customers to None, run_after=None
[2025-06-18T06:20:46.266+0000] {processor.py:183} INFO - Processing /opt/airflow/dags/process_customers_dag.py took 0.353 seconds
[2025-06-18T06:21:16.739+0000] {processor.py:161} INFO - Started process (PID=2188) to work on /opt/airflow/dags/process_customers_dag.py
[2025-06-18T06:21:16.745+0000] {processor.py:830} INFO - Processing file /opt/airflow/dags/process_customers_dag.py for tasks to queue
[2025-06-18T06:21:16.750+0000] {logging_mixin.py:188} INFO - [2025-06-18T06:21:16.749+0000] {dagbag.py:545} INFO - Filling up the DagBag from /opt/airflow/dags/process_customers_dag.py
[2025-06-18T06:21:16.783+0000] {processor.py:840} INFO - DAG(s) 'process_customers' retrieved from /opt/airflow/dags/process_customers_dag.py
[2025-06-18T06:21:16.845+0000] {logging_mixin.py:188} INFO - [2025-06-18T06:21:16.845+0000] {dag.py:3096} INFO - Sync 1 DAGs
[2025-06-18T06:21:16.868+0000] {logging_mixin.py:188} INFO - [2025-06-18T06:21:16.867+0000] {dag.py:3954} INFO - Setting next_dagrun for process_customers to None, run_after=None
[2025-06-18T06:21:16.906+0000] {processor.py:183} INFO - Processing /opt/airflow/dags/process_customers_dag.py took 0.191 seconds
[2025-06-18T06:21:47.068+0000] {processor.py:161} INFO - Started process (PID=2198) to work on /opt/airflow/dags/process_customers_dag.py
[2025-06-18T06:21:47.071+0000] {processor.py:830} INFO - Processing file /opt/airflow/dags/process_customers_dag.py for tasks to queue
[2025-06-18T06:21:47.076+0000] {logging_mixin.py:188} INFO - [2025-06-18T06:21:47.075+0000] {dagbag.py:545} INFO - Filling up the DagBag from /opt/airflow/dags/process_customers_dag.py
[2025-06-18T06:21:47.121+0000] {processor.py:840} INFO - DAG(s) 'process_customers' retrieved from /opt/airflow/dags/process_customers_dag.py
[2025-06-18T06:21:47.175+0000] {logging_mixin.py:188} INFO - [2025-06-18T06:21:47.175+0000] {dag.py:3096} INFO - Sync 1 DAGs
[2025-06-18T06:21:47.201+0000] {logging_mixin.py:188} INFO - [2025-06-18T06:21:47.201+0000] {dag.py:3954} INFO - Setting next_dagrun for process_customers to None, run_after=None
[2025-06-18T06:21:47.237+0000] {processor.py:183} INFO - Processing /opt/airflow/dags/process_customers_dag.py took 0.187 seconds
[2025-06-18T06:22:17.458+0000] {processor.py:161} INFO - Started process (PID=2208) to work on /opt/airflow/dags/process_customers_dag.py
[2025-06-18T06:22:17.461+0000] {processor.py:830} INFO - Processing file /opt/airflow/dags/process_customers_dag.py for tasks to queue
[2025-06-18T06:22:17.465+0000] {logging_mixin.py:188} INFO - [2025-06-18T06:22:17.464+0000] {dagbag.py:545} INFO - Filling up the DagBag from /opt/airflow/dags/process_customers_dag.py
[2025-06-18T06:22:17.528+0000] {processor.py:840} INFO - DAG(s) 'process_customers' retrieved from /opt/airflow/dags/process_customers_dag.py
[2025-06-18T06:22:17.602+0000] {logging_mixin.py:188} INFO - [2025-06-18T06:22:17.602+0000] {dag.py:3096} INFO - Sync 1 DAGs
[2025-06-18T06:22:17.633+0000] {logging_mixin.py:188} INFO - [2025-06-18T06:22:17.633+0000] {dag.py:3954} INFO - Setting next_dagrun for process_customers to None, run_after=None
[2025-06-18T06:22:17.681+0000] {processor.py:183} INFO - Processing /opt/airflow/dags/process_customers_dag.py took 0.235 seconds
[2025-06-18T06:22:48.466+0000] {processor.py:161} INFO - Started process (PID=2218) to work on /opt/airflow/dags/process_customers_dag.py
[2025-06-18T06:22:48.470+0000] {processor.py:830} INFO - Processing file /opt/airflow/dags/process_customers_dag.py for tasks to queue
[2025-06-18T06:22:48.483+0000] {logging_mixin.py:188} INFO - [2025-06-18T06:22:48.482+0000] {dagbag.py:545} INFO - Filling up the DagBag from /opt/airflow/dags/process_customers_dag.py
[2025-06-18T06:22:48.544+0000] {processor.py:840} INFO - DAG(s) 'process_customers' retrieved from /opt/airflow/dags/process_customers_dag.py
[2025-06-18T06:22:48.629+0000] {logging_mixin.py:188} INFO - [2025-06-18T06:22:48.628+0000] {dag.py:3096} INFO - Sync 1 DAGs
[2025-06-18T06:22:48.668+0000] {logging_mixin.py:188} INFO - [2025-06-18T06:22:48.667+0000] {dag.py:3954} INFO - Setting next_dagrun for process_customers to None, run_after=None
[2025-06-18T06:22:48.751+0000] {processor.py:183} INFO - Processing /opt/airflow/dags/process_customers_dag.py took 0.310 seconds
[2025-06-18T06:23:19.461+0000] {processor.py:161} INFO - Started process (PID=2228) to work on /opt/airflow/dags/process_customers_dag.py
[2025-06-18T06:23:19.467+0000] {processor.py:830} INFO - Processing file /opt/airflow/dags/process_customers_dag.py for tasks to queue
[2025-06-18T06:23:19.494+0000] {logging_mixin.py:188} INFO - [2025-06-18T06:23:19.492+0000] {dagbag.py:545} INFO - Filling up the DagBag from /opt/airflow/dags/process_customers_dag.py
[2025-06-18T06:23:20.001+0000] {processor.py:840} INFO - DAG(s) 'process_customers' retrieved from /opt/airflow/dags/process_customers_dag.py
[2025-06-18T06:23:20.420+0000] {logging_mixin.py:188} INFO - [2025-06-18T06:23:20.419+0000] {dag.py:3096} INFO - Sync 1 DAGs
[2025-06-18T06:23:20.463+0000] {logging_mixin.py:188} INFO - [2025-06-18T06:23:20.463+0000] {dag.py:3954} INFO - Setting next_dagrun for process_customers to None, run_after=None
[2025-06-18T06:23:20.503+0000] {processor.py:183} INFO - Processing /opt/airflow/dags/process_customers_dag.py took 1.138 seconds
[2025-06-18T06:23:51.028+0000] {processor.py:161} INFO - Started process (PID=2238) to work on /opt/airflow/dags/process_customers_dag.py
[2025-06-18T06:23:51.030+0000] {processor.py:830} INFO - Processing file /opt/airflow/dags/process_customers_dag.py for tasks to queue
[2025-06-18T06:23:51.033+0000] {logging_mixin.py:188} INFO - [2025-06-18T06:23:51.032+0000] {dagbag.py:545} INFO - Filling up the DagBag from /opt/airflow/dags/process_customers_dag.py
[2025-06-18T06:23:51.067+0000] {processor.py:840} INFO - DAG(s) 'process_customers' retrieved from /opt/airflow/dags/process_customers_dag.py
[2025-06-18T06:23:51.121+0000] {logging_mixin.py:188} INFO - [2025-06-18T06:23:51.121+0000] {dag.py:3096} INFO - Sync 1 DAGs
[2025-06-18T06:23:51.145+0000] {logging_mixin.py:188} INFO - [2025-06-18T06:23:51.144+0000] {dag.py:3954} INFO - Setting next_dagrun for process_customers to None, run_after=None
[2025-06-18T06:23:51.206+0000] {processor.py:183} INFO - Processing /opt/airflow/dags/process_customers_dag.py took 0.188 seconds
[2025-06-18T06:24:21.660+0000] {processor.py:161} INFO - Started process (PID=2248) to work on /opt/airflow/dags/process_customers_dag.py
[2025-06-18T06:24:21.662+0000] {processor.py:830} INFO - Processing file /opt/airflow/dags/process_customers_dag.py for tasks to queue
[2025-06-18T06:24:21.665+0000] {logging_mixin.py:188} INFO - [2025-06-18T06:24:21.665+0000] {dagbag.py:545} INFO - Filling up the DagBag from /opt/airflow/dags/process_customers_dag.py
[2025-06-18T06:24:21.717+0000] {processor.py:840} INFO - DAG(s) 'process_customers' retrieved from /opt/airflow/dags/process_customers_dag.py
[2025-06-18T06:24:21.771+0000] {logging_mixin.py:188} INFO - [2025-06-18T06:24:21.770+0000] {dag.py:3096} INFO - Sync 1 DAGs
[2025-06-18T06:24:21.795+0000] {logging_mixin.py:188} INFO - [2025-06-18T06:24:21.795+0000] {dag.py:3954} INFO - Setting next_dagrun for process_customers to None, run_after=None
[2025-06-18T06:24:21.858+0000] {processor.py:183} INFO - Processing /opt/airflow/dags/process_customers_dag.py took 0.212 seconds
[2025-06-18T06:24:52.647+0000] {processor.py:161} INFO - Started process (PID=2258) to work on /opt/airflow/dags/process_customers_dag.py
[2025-06-18T06:24:52.649+0000] {processor.py:830} INFO - Processing file /opt/airflow/dags/process_customers_dag.py for tasks to queue
[2025-06-18T06:24:52.652+0000] {logging_mixin.py:188} INFO - [2025-06-18T06:24:52.652+0000] {dagbag.py:545} INFO - Filling up the DagBag from /opt/airflow/dags/process_customers_dag.py
[2025-06-18T06:24:52.692+0000] {processor.py:840} INFO - DAG(s) 'process_customers' retrieved from /opt/airflow/dags/process_customers_dag.py
[2025-06-18T06:24:52.748+0000] {logging_mixin.py:188} INFO - [2025-06-18T06:24:52.748+0000] {dag.py:3096} INFO - Sync 1 DAGs
[2025-06-18T06:24:52.770+0000] {logging_mixin.py:188} INFO - [2025-06-18T06:24:52.770+0000] {dag.py:3954} INFO - Setting next_dagrun for process_customers to None, run_after=None
[2025-06-18T06:24:52.805+0000] {processor.py:183} INFO - Processing /opt/airflow/dags/process_customers_dag.py took 0.167 seconds
[2025-06-18T06:25:22.926+0000] {processor.py:161} INFO - Started process (PID=2268) to work on /opt/airflow/dags/process_customers_dag.py
[2025-06-18T06:25:22.929+0000] {processor.py:830} INFO - Processing file /opt/airflow/dags/process_customers_dag.py for tasks to queue
[2025-06-18T06:25:22.932+0000] {logging_mixin.py:188} INFO - [2025-06-18T06:25:22.932+0000] {dagbag.py:545} INFO - Filling up the DagBag from /opt/airflow/dags/process_customers_dag.py
[2025-06-18T06:25:22.962+0000] {processor.py:840} INFO - DAG(s) 'process_customers' retrieved from /opt/airflow/dags/process_customers_dag.py
[2025-06-18T06:25:23.014+0000] {logging_mixin.py:188} INFO - [2025-06-18T06:25:23.013+0000] {dag.py:3096} INFO - Sync 1 DAGs
[2025-06-18T06:25:23.035+0000] {logging_mixin.py:188} INFO - [2025-06-18T06:25:23.035+0000] {dag.py:3954} INFO - Setting next_dagrun for process_customers to None, run_after=None
[2025-06-18T06:25:23.078+0000] {processor.py:183} INFO - Processing /opt/airflow/dags/process_customers_dag.py took 0.170 seconds
[2025-06-18T06:25:53.187+0000] {processor.py:161} INFO - Started process (PID=2278) to work on /opt/airflow/dags/process_customers_dag.py
[2025-06-18T06:25:53.189+0000] {processor.py:830} INFO - Processing file /opt/airflow/dags/process_customers_dag.py for tasks to queue
[2025-06-18T06:25:53.195+0000] {logging_mixin.py:188} INFO - [2025-06-18T06:25:53.194+0000] {dagbag.py:545} INFO - Filling up the DagBag from /opt/airflow/dags/process_customers_dag.py
[2025-06-18T06:25:53.229+0000] {processor.py:840} INFO - DAG(s) 'process_customers' retrieved from /opt/airflow/dags/process_customers_dag.py
[2025-06-18T06:25:53.293+0000] {logging_mixin.py:188} INFO - [2025-06-18T06:25:53.292+0000] {dag.py:3096} INFO - Sync 1 DAGs
[2025-06-18T06:25:53.331+0000] {logging_mixin.py:188} INFO - [2025-06-18T06:25:53.331+0000] {dag.py:3954} INFO - Setting next_dagrun for process_customers to None, run_after=None
[2025-06-18T06:25:53.402+0000] {processor.py:183} INFO - Processing /opt/airflow/dags/process_customers_dag.py took 0.226 seconds
[2025-06-18T06:26:23.523+0000] {processor.py:161} INFO - Started process (PID=2288) to work on /opt/airflow/dags/process_customers_dag.py
[2025-06-18T06:26:23.525+0000] {processor.py:830} INFO - Processing file /opt/airflow/dags/process_customers_dag.py for tasks to queue
[2025-06-18T06:26:23.528+0000] {logging_mixin.py:188} INFO - [2025-06-18T06:26:23.527+0000] {dagbag.py:545} INFO - Filling up the DagBag from /opt/airflow/dags/process_customers_dag.py
[2025-06-18T06:26:23.553+0000] {processor.py:840} INFO - DAG(s) 'process_customers' retrieved from /opt/airflow/dags/process_customers_dag.py
[2025-06-18T06:26:23.592+0000] {logging_mixin.py:188} INFO - [2025-06-18T06:26:23.591+0000] {dag.py:3096} INFO - Sync 1 DAGs
[2025-06-18T06:26:23.609+0000] {logging_mixin.py:188} INFO - [2025-06-18T06:26:23.609+0000] {dag.py:3954} INFO - Setting next_dagrun for process_customers to None, run_after=None
[2025-06-18T06:26:23.637+0000] {processor.py:183} INFO - Processing /opt/airflow/dags/process_customers_dag.py took 0.122 seconds
[2025-06-18T06:26:54.415+0000] {processor.py:161} INFO - Started process (PID=2298) to work on /opt/airflow/dags/process_customers_dag.py
[2025-06-18T06:26:54.419+0000] {processor.py:830} INFO - Processing file /opt/airflow/dags/process_customers_dag.py for tasks to queue
[2025-06-18T06:26:54.433+0000] {logging_mixin.py:188} INFO - [2025-06-18T06:26:54.432+0000] {dagbag.py:545} INFO - Filling up the DagBag from /opt/airflow/dags/process_customers_dag.py
[2025-06-18T06:26:54.505+0000] {processor.py:840} INFO - DAG(s) 'process_customers' retrieved from /opt/airflow/dags/process_customers_dag.py
[2025-06-18T06:26:54.567+0000] {logging_mixin.py:188} INFO - [2025-06-18T06:26:54.567+0000] {dag.py:3096} INFO - Sync 1 DAGs
[2025-06-18T06:26:54.591+0000] {logging_mixin.py:188} INFO - [2025-06-18T06:26:54.590+0000] {dag.py:3954} INFO - Setting next_dagrun for process_customers to None, run_after=None
[2025-06-18T06:26:54.638+0000] {processor.py:183} INFO - Processing /opt/airflow/dags/process_customers_dag.py took 0.257 seconds
[2025-06-18T06:27:24.868+0000] {processor.py:161} INFO - Started process (PID=2308) to work on /opt/airflow/dags/process_customers_dag.py
[2025-06-18T06:27:24.873+0000] {processor.py:830} INFO - Processing file /opt/airflow/dags/process_customers_dag.py for tasks to queue
[2025-06-18T06:27:24.881+0000] {logging_mixin.py:188} INFO - [2025-06-18T06:27:24.879+0000] {dagbag.py:545} INFO - Filling up the DagBag from /opt/airflow/dags/process_customers_dag.py
[2025-06-18T06:27:24.967+0000] {processor.py:840} INFO - DAG(s) 'process_customers' retrieved from /opt/airflow/dags/process_customers_dag.py
[2025-06-18T06:27:25.055+0000] {logging_mixin.py:188} INFO - [2025-06-18T06:27:25.054+0000] {dag.py:3096} INFO - Sync 1 DAGs
[2025-06-18T06:27:25.092+0000] {logging_mixin.py:188} INFO - [2025-06-18T06:27:25.092+0000] {dag.py:3954} INFO - Setting next_dagrun for process_customers to None, run_after=None
[2025-06-18T06:27:25.165+0000] {processor.py:183} INFO - Processing /opt/airflow/dags/process_customers_dag.py took 0.323 seconds
[2025-06-18T06:27:55.929+0000] {processor.py:161} INFO - Started process (PID=2318) to work on /opt/airflow/dags/process_customers_dag.py
[2025-06-18T06:27:55.932+0000] {processor.py:830} INFO - Processing file /opt/airflow/dags/process_customers_dag.py for tasks to queue
[2025-06-18T06:27:55.937+0000] {logging_mixin.py:188} INFO - [2025-06-18T06:27:55.937+0000] {dagbag.py:545} INFO - Filling up the DagBag from /opt/airflow/dags/process_customers_dag.py
[2025-06-18T06:27:56.007+0000] {processor.py:840} INFO - DAG(s) 'process_customers' retrieved from /opt/airflow/dags/process_customers_dag.py
[2025-06-18T06:27:56.088+0000] {logging_mixin.py:188} INFO - [2025-06-18T06:27:56.088+0000] {dag.py:3096} INFO - Sync 1 DAGs
[2025-06-18T06:27:56.124+0000] {logging_mixin.py:188} INFO - [2025-06-18T06:27:56.123+0000] {dag.py:3954} INFO - Setting next_dagrun for process_customers to None, run_after=None
[2025-06-18T06:27:56.305+0000] {processor.py:183} INFO - Processing /opt/airflow/dags/process_customers_dag.py took 0.389 seconds
[2025-06-18T06:28:27.321+0000] {processor.py:161} INFO - Started process (PID=2328) to work on /opt/airflow/dags/process_customers_dag.py
[2025-06-18T06:28:27.323+0000] {processor.py:830} INFO - Processing file /opt/airflow/dags/process_customers_dag.py for tasks to queue
[2025-06-18T06:28:27.327+0000] {logging_mixin.py:188} INFO - [2025-06-18T06:28:27.327+0000] {dagbag.py:545} INFO - Filling up the DagBag from /opt/airflow/dags/process_customers_dag.py
[2025-06-18T06:28:27.365+0000] {processor.py:840} INFO - DAG(s) 'process_customers' retrieved from /opt/airflow/dags/process_customers_dag.py
[2025-06-18T06:28:27.453+0000] {logging_mixin.py:188} INFO - [2025-06-18T06:28:27.453+0000] {dag.py:3096} INFO - Sync 1 DAGs
[2025-06-18T06:28:27.493+0000] {logging_mixin.py:188} INFO - [2025-06-18T06:28:27.493+0000] {dag.py:3954} INFO - Setting next_dagrun for process_customers to None, run_after=None
[2025-06-18T06:28:27.749+0000] {processor.py:183} INFO - Processing /opt/airflow/dags/process_customers_dag.py took 0.441 seconds
[2025-06-18T06:28:58.629+0000] {processor.py:161} INFO - Started process (PID=2338) to work on /opt/airflow/dags/process_customers_dag.py
[2025-06-18T06:28:58.631+0000] {processor.py:830} INFO - Processing file /opt/airflow/dags/process_customers_dag.py for tasks to queue
[2025-06-18T06:28:58.635+0000] {logging_mixin.py:188} INFO - [2025-06-18T06:28:58.634+0000] {dagbag.py:545} INFO - Filling up the DagBag from /opt/airflow/dags/process_customers_dag.py
[2025-06-18T06:28:58.670+0000] {processor.py:840} INFO - DAG(s) 'process_customers' retrieved from /opt/airflow/dags/process_customers_dag.py
[2025-06-18T06:28:58.736+0000] {logging_mixin.py:188} INFO - [2025-06-18T06:28:58.736+0000] {dag.py:3096} INFO - Sync 1 DAGs
[2025-06-18T06:28:58.772+0000] {logging_mixin.py:188} INFO - [2025-06-18T06:28:58.771+0000] {dag.py:3954} INFO - Setting next_dagrun for process_customers to None, run_after=None
[2025-06-18T06:28:58.815+0000] {processor.py:183} INFO - Processing /opt/airflow/dags/process_customers_dag.py took 0.195 seconds
[2025-06-18T06:29:29.250+0000] {processor.py:161} INFO - Started process (PID=2348) to work on /opt/airflow/dags/process_customers_dag.py
[2025-06-18T06:29:29.252+0000] {processor.py:830} INFO - Processing file /opt/airflow/dags/process_customers_dag.py for tasks to queue
[2025-06-18T06:29:29.256+0000] {logging_mixin.py:188} INFO - [2025-06-18T06:29:29.255+0000] {dagbag.py:545} INFO - Filling up the DagBag from /opt/airflow/dags/process_customers_dag.py
[2025-06-18T06:29:29.298+0000] {processor.py:840} INFO - DAG(s) 'process_customers' retrieved from /opt/airflow/dags/process_customers_dag.py
[2025-06-18T06:29:29.358+0000] {logging_mixin.py:188} INFO - [2025-06-18T06:29:29.357+0000] {dag.py:3096} INFO - Sync 1 DAGs
[2025-06-18T06:29:29.400+0000] {logging_mixin.py:188} INFO - [2025-06-18T06:29:29.399+0000] {dag.py:3954} INFO - Setting next_dagrun for process_customers to None, run_after=None
[2025-06-18T06:29:29.457+0000] {processor.py:183} INFO - Processing /opt/airflow/dags/process_customers_dag.py took 0.217 seconds
[2025-06-18T06:30:00.171+0000] {processor.py:161} INFO - Started process (PID=2358) to work on /opt/airflow/dags/process_customers_dag.py
[2025-06-18T06:30:00.175+0000] {processor.py:830} INFO - Processing file /opt/airflow/dags/process_customers_dag.py for tasks to queue
[2025-06-18T06:30:00.186+0000] {logging_mixin.py:188} INFO - [2025-06-18T06:30:00.183+0000] {dagbag.py:545} INFO - Filling up the DagBag from /opt/airflow/dags/process_customers_dag.py
[2025-06-18T06:30:00.286+0000] {processor.py:840} INFO - DAG(s) 'process_customers' retrieved from /opt/airflow/dags/process_customers_dag.py
[2025-06-18T06:30:00.419+0000] {logging_mixin.py:188} INFO - [2025-06-18T06:30:00.418+0000] {dag.py:3096} INFO - Sync 1 DAGs
[2025-06-18T06:30:00.463+0000] {logging_mixin.py:188} INFO - [2025-06-18T06:30:00.462+0000] {dag.py:3954} INFO - Setting next_dagrun for process_customers to None, run_after=None
[2025-06-18T06:30:00.516+0000] {processor.py:183} INFO - Processing /opt/airflow/dags/process_customers_dag.py took 0.376 seconds
[2025-06-18T06:30:31.306+0000] {processor.py:161} INFO - Started process (PID=2368) to work on /opt/airflow/dags/process_customers_dag.py
[2025-06-18T06:30:31.310+0000] {processor.py:830} INFO - Processing file /opt/airflow/dags/process_customers_dag.py for tasks to queue
[2025-06-18T06:30:31.321+0000] {logging_mixin.py:188} INFO - [2025-06-18T06:30:31.319+0000] {dagbag.py:545} INFO - Filling up the DagBag from /opt/airflow/dags/process_customers_dag.py
[2025-06-18T06:30:31.408+0000] {processor.py:840} INFO - DAG(s) 'process_customers' retrieved from /opt/airflow/dags/process_customers_dag.py
[2025-06-18T06:30:31.506+0000] {logging_mixin.py:188} INFO - [2025-06-18T06:30:31.506+0000] {dag.py:3096} INFO - Sync 1 DAGs
[2025-06-18T06:30:31.540+0000] {logging_mixin.py:188} INFO - [2025-06-18T06:30:31.539+0000] {dag.py:3954} INFO - Setting next_dagrun for process_customers to None, run_after=None
[2025-06-18T06:30:31.597+0000] {processor.py:183} INFO - Processing /opt/airflow/dags/process_customers_dag.py took 0.315 seconds
[2025-06-18T06:31:01.986+0000] {processor.py:161} INFO - Started process (PID=2378) to work on /opt/airflow/dags/process_customers_dag.py
[2025-06-18T06:31:01.990+0000] {processor.py:830} INFO - Processing file /opt/airflow/dags/process_customers_dag.py for tasks to queue
[2025-06-18T06:31:01.997+0000] {logging_mixin.py:188} INFO - [2025-06-18T06:31:01.996+0000] {dagbag.py:545} INFO - Filling up the DagBag from /opt/airflow/dags/process_customers_dag.py
[2025-06-18T06:31:02.023+0000] {processor.py:840} INFO - DAG(s) 'process_customers' retrieved from /opt/airflow/dags/process_customers_dag.py
[2025-06-18T06:31:02.071+0000] {logging_mixin.py:188} INFO - [2025-06-18T06:31:02.070+0000] {dag.py:3096} INFO - Sync 1 DAGs
[2025-06-18T06:31:02.092+0000] {logging_mixin.py:188} INFO - [2025-06-18T06:31:02.092+0000] {dag.py:3954} INFO - Setting next_dagrun for process_customers to None, run_after=None
[2025-06-18T06:31:02.125+0000] {processor.py:183} INFO - Processing /opt/airflow/dags/process_customers_dag.py took 0.148 seconds
[2025-06-18T06:31:32.677+0000] {processor.py:161} INFO - Started process (PID=2393) to work on /opt/airflow/dags/process_customers_dag.py
[2025-06-18T06:31:32.679+0000] {processor.py:830} INFO - Processing file /opt/airflow/dags/process_customers_dag.py for tasks to queue
[2025-06-18T06:31:32.683+0000] {logging_mixin.py:188} INFO - [2025-06-18T06:31:32.682+0000] {dagbag.py:545} INFO - Filling up the DagBag from /opt/airflow/dags/process_customers_dag.py
[2025-06-18T06:31:32.714+0000] {processor.py:840} INFO - DAG(s) 'process_customers' retrieved from /opt/airflow/dags/process_customers_dag.py
[2025-06-18T06:31:32.756+0000] {logging_mixin.py:188} INFO - [2025-06-18T06:31:32.755+0000] {dag.py:3096} INFO - Sync 1 DAGs
[2025-06-18T06:31:32.773+0000] {logging_mixin.py:188} INFO - [2025-06-18T06:31:32.773+0000] {dag.py:3954} INFO - Setting next_dagrun for process_customers to None, run_after=None
[2025-06-18T06:31:32.806+0000] {processor.py:183} INFO - Processing /opt/airflow/dags/process_customers_dag.py took 0.145 seconds
[2025-06-18T06:32:03.457+0000] {processor.py:161} INFO - Started process (PID=2408) to work on /opt/airflow/dags/process_customers_dag.py
[2025-06-18T06:32:03.471+0000] {processor.py:830} INFO - Processing file /opt/airflow/dags/process_customers_dag.py for tasks to queue
[2025-06-18T06:32:03.497+0000] {logging_mixin.py:188} INFO - [2025-06-18T06:32:03.494+0000] {dagbag.py:545} INFO - Filling up the DagBag from /opt/airflow/dags/process_customers_dag.py
[2025-06-18T06:32:03.754+0000] {processor.py:840} INFO - DAG(s) 'process_customers' retrieved from /opt/airflow/dags/process_customers_dag.py
[2025-06-18T06:32:04.059+0000] {logging_mixin.py:188} INFO - [2025-06-18T06:32:04.059+0000] {dag.py:3096} INFO - Sync 1 DAGs
[2025-06-18T06:32:04.146+0000] {logging_mixin.py:188} INFO - [2025-06-18T06:32:04.146+0000] {dag.py:3954} INFO - Setting next_dagrun for process_customers to None, run_after=None
[2025-06-18T06:32:04.321+0000] {processor.py:183} INFO - Processing /opt/airflow/dags/process_customers_dag.py took 0.937 seconds
[2025-06-18T06:32:35.063+0000] {processor.py:161} INFO - Started process (PID=2423) to work on /opt/airflow/dags/process_customers_dag.py
[2025-06-18T06:32:35.065+0000] {processor.py:830} INFO - Processing file /opt/airflow/dags/process_customers_dag.py for tasks to queue
[2025-06-18T06:32:35.069+0000] {logging_mixin.py:188} INFO - [2025-06-18T06:32:35.068+0000] {dagbag.py:545} INFO - Filling up the DagBag from /opt/airflow/dags/process_customers_dag.py
[2025-06-18T06:32:35.144+0000] {processor.py:840} INFO - DAG(s) 'process_customers' retrieved from /opt/airflow/dags/process_customers_dag.py
[2025-06-18T06:32:35.272+0000] {logging_mixin.py:188} INFO - [2025-06-18T06:32:35.272+0000] {dag.py:3096} INFO - Sync 1 DAGs
[2025-06-18T06:32:35.339+0000] {logging_mixin.py:188} INFO - [2025-06-18T06:32:35.338+0000] {dag.py:3954} INFO - Setting next_dagrun for process_customers to None, run_after=None
[2025-06-18T06:32:35.415+0000] {processor.py:183} INFO - Processing /opt/airflow/dags/process_customers_dag.py took 0.366 seconds
[2025-06-18T06:33:06.355+0000] {processor.py:161} INFO - Started process (PID=2438) to work on /opt/airflow/dags/process_customers_dag.py
[2025-06-18T06:33:06.359+0000] {processor.py:830} INFO - Processing file /opt/airflow/dags/process_customers_dag.py for tasks to queue
[2025-06-18T06:33:06.365+0000] {logging_mixin.py:188} INFO - [2025-06-18T06:33:06.364+0000] {dagbag.py:545} INFO - Filling up the DagBag from /opt/airflow/dags/process_customers_dag.py
[2025-06-18T06:33:06.436+0000] {processor.py:840} INFO - DAG(s) 'process_customers' retrieved from /opt/airflow/dags/process_customers_dag.py
[2025-06-18T06:33:06.601+0000] {logging_mixin.py:188} INFO - [2025-06-18T06:33:06.599+0000] {dag.py:3096} INFO - Sync 1 DAGs
[2025-06-18T06:33:06.680+0000] {logging_mixin.py:188} INFO - [2025-06-18T06:33:06.677+0000] {dag.py:3954} INFO - Setting next_dagrun for process_customers to None, run_after=None
[2025-06-18T06:33:06.826+0000] {processor.py:183} INFO - Processing /opt/airflow/dags/process_customers_dag.py took 0.492 seconds
[2025-06-18T06:43:50.289+0000] {processor.py:161} INFO - Started process (PID=162) to work on /opt/airflow/dags/process_customers_dag.py
[2025-06-18T06:43:50.302+0000] {processor.py:830} INFO - Processing file /opt/airflow/dags/process_customers_dag.py for tasks to queue
[2025-06-18T06:43:50.319+0000] {logging_mixin.py:188} INFO - [2025-06-18T06:43:50.318+0000] {dagbag.py:545} INFO - Filling up the DagBag from /opt/airflow/dags/process_customers_dag.py
[2025-06-18T06:43:50.458+0000] {processor.py:840} INFO - DAG(s) 'process_customers' retrieved from /opt/airflow/dags/process_customers_dag.py
[2025-06-18T06:43:51.460+0000] {logging_mixin.py:188} INFO - [2025-06-18T06:43:51.460+0000] {dag.py:3096} INFO - Sync 1 DAGs
[2025-06-18T06:43:51.705+0000] {logging_mixin.py:188} INFO - [2025-06-18T06:43:51.705+0000] {dag.py:3954} INFO - Setting next_dagrun for process_customers to None, run_after=None
[2025-06-18T06:43:52.010+0000] {processor.py:183} INFO - Processing /opt/airflow/dags/process_customers_dag.py took 1.837 seconds
[2025-06-18T06:44:25.559+0000] {processor.py:161} INFO - Started process (PID=229) to work on /opt/airflow/dags/process_customers_dag.py
[2025-06-18T06:44:25.577+0000] {processor.py:830} INFO - Processing file /opt/airflow/dags/process_customers_dag.py for tasks to queue
[2025-06-18T06:44:25.637+0000] {logging_mixin.py:188} INFO - [2025-06-18T06:44:25.633+0000] {dagbag.py:545} INFO - Filling up the DagBag from /opt/airflow/dags/process_customers_dag.py
[2025-06-18T06:44:27.155+0000] {processor.py:840} INFO - DAG(s) 'process_customers' retrieved from /opt/airflow/dags/process_customers_dag.py
[2025-06-18T06:44:28.273+0000] {logging_mixin.py:188} INFO - [2025-06-18T06:44:28.272+0000] {dag.py:3096} INFO - Sync 1 DAGs
[2025-06-18T06:44:28.464+0000] {logging_mixin.py:188} INFO - [2025-06-18T06:44:28.463+0000] {dag.py:3954} INFO - Setting next_dagrun for process_customers to None, run_after=None
[2025-06-18T06:44:28.709+0000] {processor.py:183} INFO - Processing /opt/airflow/dags/process_customers_dag.py took 3.450 seconds
[2025-06-18T06:45:01.393+0000] {processor.py:161} INFO - Started process (PID=290) to work on /opt/airflow/dags/process_customers_dag.py
[2025-06-18T06:45:01.537+0000] {processor.py:830} INFO - Processing file /opt/airflow/dags/process_customers_dag.py for tasks to queue
[2025-06-18T06:45:01.649+0000] {logging_mixin.py:188} INFO - [2025-06-18T06:45:01.645+0000] {dagbag.py:545} INFO - Filling up the DagBag from /opt/airflow/dags/process_customers_dag.py
[2025-06-18T06:45:03.388+0000] {processor.py:840} INFO - DAG(s) 'process_customers' retrieved from /opt/airflow/dags/process_customers_dag.py
[2025-06-18T06:45:04.047+0000] {logging_mixin.py:188} INFO - [2025-06-18T06:45:04.046+0000] {dag.py:3096} INFO - Sync 1 DAGs
[2025-06-18T06:45:04.413+0000] {logging_mixin.py:188} INFO - [2025-06-18T06:45:04.413+0000] {dag.py:3954} INFO - Setting next_dagrun for process_customers to None, run_after=None
[2025-06-18T06:45:04.650+0000] {processor.py:183} INFO - Processing /opt/airflow/dags/process_customers_dag.py took 4.518 seconds
[2025-06-18T06:45:36.881+0000] {processor.py:161} INFO - Started process (PID=321) to work on /opt/airflow/dags/process_customers_dag.py
[2025-06-18T06:45:36.895+0000] {processor.py:830} INFO - Processing file /opt/airflow/dags/process_customers_dag.py for tasks to queue
[2025-06-18T06:45:37.179+0000] {logging_mixin.py:188} INFO - [2025-06-18T06:45:37.137+0000] {dagbag.py:545} INFO - Filling up the DagBag from /opt/airflow/dags/process_customers_dag.py
[2025-06-18T06:45:38.078+0000] {processor.py:840} INFO - DAG(s) 'process_customers' retrieved from /opt/airflow/dags/process_customers_dag.py
[2025-06-18T06:45:39.921+0000] {logging_mixin.py:188} INFO - [2025-06-18T06:45:39.917+0000] {dag.py:3096} INFO - Sync 1 DAGs
[2025-06-18T06:45:41.758+0000] {logging_mixin.py:188} INFO - [2025-06-18T06:45:41.739+0000] {dag.py:3954} INFO - Setting next_dagrun for process_customers to None, run_after=None
[2025-06-18T06:45:43.731+0000] {processor.py:183} INFO - Processing /opt/airflow/dags/process_customers_dag.py took 7.870 seconds
[2025-06-18T06:46:14.730+0000] {processor.py:161} INFO - Started process (PID=485) to work on /opt/airflow/dags/process_customers_dag.py
[2025-06-18T06:46:14.734+0000] {processor.py:830} INFO - Processing file /opt/airflow/dags/process_customers_dag.py for tasks to queue
[2025-06-18T06:46:14.740+0000] {logging_mixin.py:188} INFO - [2025-06-18T06:46:14.737+0000] {dagbag.py:545} INFO - Filling up the DagBag from /opt/airflow/dags/process_customers_dag.py
[2025-06-18T06:46:14.898+0000] {processor.py:840} INFO - DAG(s) 'process_customers' retrieved from /opt/airflow/dags/process_customers_dag.py
[2025-06-18T06:46:15.126+0000] {logging_mixin.py:188} INFO - [2025-06-18T06:46:15.125+0000] {dag.py:3096} INFO - Sync 1 DAGs
[2025-06-18T06:46:15.303+0000] {logging_mixin.py:188} INFO - [2025-06-18T06:46:15.303+0000] {dag.py:3954} INFO - Setting next_dagrun for process_customers to None, run_after=None
[2025-06-18T06:46:15.477+0000] {processor.py:183} INFO - Processing /opt/airflow/dags/process_customers_dag.py took 0.769 seconds
[2025-06-18T06:46:46.299+0000] {processor.py:161} INFO - Started process (PID=572) to work on /opt/airflow/dags/process_customers_dag.py
[2025-06-18T06:46:46.313+0000] {processor.py:830} INFO - Processing file /opt/airflow/dags/process_customers_dag.py for tasks to queue
[2025-06-18T06:46:46.333+0000] {logging_mixin.py:188} INFO - [2025-06-18T06:46:46.332+0000] {dagbag.py:545} INFO - Filling up the DagBag from /opt/airflow/dags/process_customers_dag.py
[2025-06-18T06:46:46.499+0000] {processor.py:840} INFO - DAG(s) 'process_customers' retrieved from /opt/airflow/dags/process_customers_dag.py
[2025-06-18T06:46:46.711+0000] {logging_mixin.py:188} INFO - [2025-06-18T06:46:46.711+0000] {dag.py:3096} INFO - Sync 1 DAGs
[2025-06-18T06:46:46.757+0000] {logging_mixin.py:188} INFO - [2025-06-18T06:46:46.756+0000] {dag.py:3954} INFO - Setting next_dagrun for process_customers to None, run_after=None
[2025-06-18T06:46:46.824+0000] {processor.py:183} INFO - Processing /opt/airflow/dags/process_customers_dag.py took 0.553 seconds
[2025-06-18T06:47:17.827+0000] {processor.py:161} INFO - Started process (PID=587) to work on /opt/airflow/dags/process_customers_dag.py
[2025-06-18T06:47:17.845+0000] {processor.py:830} INFO - Processing file /opt/airflow/dags/process_customers_dag.py for tasks to queue
[2025-06-18T06:47:17.859+0000] {logging_mixin.py:188} INFO - [2025-06-18T06:47:17.857+0000] {dagbag.py:545} INFO - Filling up the DagBag from /opt/airflow/dags/process_customers_dag.py
[2025-06-18T06:47:17.954+0000] {processor.py:840} INFO - DAG(s) 'process_customers' retrieved from /opt/airflow/dags/process_customers_dag.py
[2025-06-18T06:47:18.060+0000] {logging_mixin.py:188} INFO - [2025-06-18T06:47:18.060+0000] {dag.py:3096} INFO - Sync 1 DAGs
[2025-06-18T06:47:18.182+0000] {logging_mixin.py:188} INFO - [2025-06-18T06:47:18.181+0000] {dag.py:3954} INFO - Setting next_dagrun for process_customers to None, run_after=None
[2025-06-18T06:47:18.295+0000] {processor.py:183} INFO - Processing /opt/airflow/dags/process_customers_dag.py took 0.498 seconds
[2025-06-18T06:47:49.134+0000] {processor.py:161} INFO - Started process (PID=602) to work on /opt/airflow/dags/process_customers_dag.py
[2025-06-18T06:47:49.137+0000] {processor.py:830} INFO - Processing file /opt/airflow/dags/process_customers_dag.py for tasks to queue
[2025-06-18T06:47:49.143+0000] {logging_mixin.py:188} INFO - [2025-06-18T06:47:49.142+0000] {dagbag.py:545} INFO - Filling up the DagBag from /opt/airflow/dags/process_customers_dag.py
[2025-06-18T06:47:49.246+0000] {processor.py:840} INFO - DAG(s) 'process_customers' retrieved from /opt/airflow/dags/process_customers_dag.py
[2025-06-18T06:47:49.324+0000] {logging_mixin.py:188} INFO - [2025-06-18T06:47:49.323+0000] {dag.py:3096} INFO - Sync 1 DAGs
[2025-06-18T06:47:49.352+0000] {logging_mixin.py:188} INFO - [2025-06-18T06:47:49.352+0000] {dag.py:3954} INFO - Setting next_dagrun for process_customers to None, run_after=None
[2025-06-18T06:47:49.393+0000] {processor.py:183} INFO - Processing /opt/airflow/dags/process_customers_dag.py took 0.290 seconds
[2025-06-18T06:48:20.362+0000] {processor.py:161} INFO - Started process (PID=735) to work on /opt/airflow/dags/process_customers_dag.py
[2025-06-18T06:48:20.379+0000] {processor.py:830} INFO - Processing file /opt/airflow/dags/process_customers_dag.py for tasks to queue
[2025-06-18T06:48:20.456+0000] {logging_mixin.py:188} INFO - [2025-06-18T06:48:20.447+0000] {dagbag.py:545} INFO - Filling up the DagBag from /opt/airflow/dags/process_customers_dag.py
[2025-06-18T06:48:21.168+0000] {processor.py:840} INFO - DAG(s) 'process_customers' retrieved from /opt/airflow/dags/process_customers_dag.py
[2025-06-18T06:48:21.961+0000] {logging_mixin.py:188} INFO - [2025-06-18T06:48:21.961+0000] {dag.py:3096} INFO - Sync 1 DAGs
[2025-06-18T06:48:22.061+0000] {logging_mixin.py:188} INFO - [2025-06-18T06:48:22.060+0000] {dag.py:3954} INFO - Setting next_dagrun for process_customers to None, run_after=None
[2025-06-18T06:48:22.281+0000] {processor.py:183} INFO - Processing /opt/airflow/dags/process_customers_dag.py took 2.165 seconds
[2025-06-18T06:48:53.002+0000] {processor.py:161} INFO - Started process (PID=794) to work on /opt/airflow/dags/process_customers_dag.py
[2025-06-18T06:48:53.010+0000] {processor.py:830} INFO - Processing file /opt/airflow/dags/process_customers_dag.py for tasks to queue
[2025-06-18T06:48:53.025+0000] {logging_mixin.py:188} INFO - [2025-06-18T06:48:53.022+0000] {dagbag.py:545} INFO - Filling up the DagBag from /opt/airflow/dags/process_customers_dag.py
[2025-06-18T06:48:54.103+0000] {processor.py:840} INFO - DAG(s) 'process_customers' retrieved from /opt/airflow/dags/process_customers_dag.py
[2025-06-18T06:48:54.278+0000] {logging_mixin.py:188} INFO - [2025-06-18T06:48:54.278+0000] {dag.py:3096} INFO - Sync 1 DAGs
[2025-06-18T06:48:54.305+0000] {logging_mixin.py:188} INFO - [2025-06-18T06:48:54.304+0000] {dag.py:3954} INFO - Setting next_dagrun for process_customers to None, run_after=None
[2025-06-18T06:48:54.350+0000] {processor.py:183} INFO - Processing /opt/airflow/dags/process_customers_dag.py took 1.387 seconds
[2025-06-18T06:49:24.754+0000] {processor.py:161} INFO - Started process (PID=809) to work on /opt/airflow/dags/process_customers_dag.py
[2025-06-18T06:49:24.758+0000] {processor.py:830} INFO - Processing file /opt/airflow/dags/process_customers_dag.py for tasks to queue
[2025-06-18T06:49:24.773+0000] {logging_mixin.py:188} INFO - [2025-06-18T06:49:24.772+0000] {dagbag.py:545} INFO - Filling up the DagBag from /opt/airflow/dags/process_customers_dag.py
[2025-06-18T06:49:24.827+0000] {processor.py:840} INFO - DAG(s) 'process_customers' retrieved from /opt/airflow/dags/process_customers_dag.py
[2025-06-18T06:49:24.877+0000] {logging_mixin.py:188} INFO - [2025-06-18T06:49:24.877+0000] {dag.py:3096} INFO - Sync 1 DAGs
[2025-06-18T06:49:29.135+0000] {logging_mixin.py:188} INFO - [2025-06-18T06:49:29.134+0000] {dag.py:3954} INFO - Setting next_dagrun for process_customers to None, run_after=None
[2025-06-18T06:49:29.196+0000] {processor.py:183} INFO - Processing /opt/airflow/dags/process_customers_dag.py took 4.478 seconds
[2025-06-18T06:50:00.236+0000] {processor.py:161} INFO - Started process (PID=824) to work on /opt/airflow/dags/process_customers_dag.py
[2025-06-18T06:50:00.240+0000] {processor.py:830} INFO - Processing file /opt/airflow/dags/process_customers_dag.py for tasks to queue
[2025-06-18T06:50:00.250+0000] {logging_mixin.py:188} INFO - [2025-06-18T06:50:00.247+0000] {dagbag.py:545} INFO - Filling up the DagBag from /opt/airflow/dags/process_customers_dag.py
[2025-06-18T06:50:00.314+0000] {processor.py:840} INFO - DAG(s) 'process_customers' retrieved from /opt/airflow/dags/process_customers_dag.py
[2025-06-18T06:50:00.778+0000] {logging_mixin.py:188} INFO - [2025-06-18T06:50:00.778+0000] {dag.py:3096} INFO - Sync 1 DAGs
[2025-06-18T06:50:00.812+0000] {logging_mixin.py:188} INFO - [2025-06-18T06:50:00.812+0000] {dag.py:3954} INFO - Setting next_dagrun for process_customers to None, run_after=None
[2025-06-18T06:50:00.871+0000] {processor.py:183} INFO - Processing /opt/airflow/dags/process_customers_dag.py took 0.657 seconds
[2025-06-18T06:50:31.408+0000] {processor.py:161} INFO - Started process (PID=839) to work on /opt/airflow/dags/process_customers_dag.py
[2025-06-18T06:50:31.410+0000] {processor.py:830} INFO - Processing file /opt/airflow/dags/process_customers_dag.py for tasks to queue
[2025-06-18T06:50:31.416+0000] {logging_mixin.py:188} INFO - [2025-06-18T06:50:31.415+0000] {dagbag.py:545} INFO - Filling up the DagBag from /opt/airflow/dags/process_customers_dag.py
[2025-06-18T06:50:31.808+0000] {processor.py:840} INFO - DAG(s) 'process_customers' retrieved from /opt/airflow/dags/process_customers_dag.py
[2025-06-18T06:50:31.886+0000] {logging_mixin.py:188} INFO - [2025-06-18T06:50:31.885+0000] {dag.py:3096} INFO - Sync 1 DAGs
[2025-06-18T06:50:31.913+0000] {logging_mixin.py:188} INFO - [2025-06-18T06:50:31.912+0000] {dag.py:3954} INFO - Setting next_dagrun for process_customers to None, run_after=None
[2025-06-18T06:50:31.961+0000] {processor.py:183} INFO - Processing /opt/airflow/dags/process_customers_dag.py took 0.580 seconds
[2025-06-18T06:51:02.545+0000] {processor.py:161} INFO - Started process (PID=854) to work on /opt/airflow/dags/process_customers_dag.py
[2025-06-18T06:51:02.547+0000] {processor.py:830} INFO - Processing file /opt/airflow/dags/process_customers_dag.py for tasks to queue
[2025-06-18T06:51:02.552+0000] {logging_mixin.py:188} INFO - [2025-06-18T06:51:02.551+0000] {dagbag.py:545} INFO - Filling up the DagBag from /opt/airflow/dags/process_customers_dag.py
[2025-06-18T06:51:02.582+0000] {processor.py:840} INFO - DAG(s) 'process_customers' retrieved from /opt/airflow/dags/process_customers_dag.py
[2025-06-18T06:51:02.643+0000] {logging_mixin.py:188} INFO - [2025-06-18T06:51:02.642+0000] {dag.py:3096} INFO - Sync 1 DAGs
[2025-06-18T06:51:02.666+0000] {logging_mixin.py:188} INFO - [2025-06-18T06:51:02.665+0000] {dag.py:3954} INFO - Setting next_dagrun for process_customers to None, run_after=None
[2025-06-18T06:51:02.710+0000] {processor.py:183} INFO - Processing /opt/airflow/dags/process_customers_dag.py took 0.183 seconds
[2025-06-18T06:51:32.951+0000] {processor.py:161} INFO - Started process (PID=869) to work on /opt/airflow/dags/process_customers_dag.py
[2025-06-18T06:51:32.955+0000] {processor.py:830} INFO - Processing file /opt/airflow/dags/process_customers_dag.py for tasks to queue
[2025-06-18T06:51:32.960+0000] {logging_mixin.py:188} INFO - [2025-06-18T06:51:32.959+0000] {dagbag.py:545} INFO - Filling up the DagBag from /opt/airflow/dags/process_customers_dag.py
[2025-06-18T06:51:32.996+0000] {processor.py:840} INFO - DAG(s) 'process_customers' retrieved from /opt/airflow/dags/process_customers_dag.py
[2025-06-18T06:51:33.063+0000] {logging_mixin.py:188} INFO - [2025-06-18T06:51:33.063+0000] {dag.py:3096} INFO - Sync 1 DAGs
[2025-06-18T06:51:33.098+0000] {logging_mixin.py:188} INFO - [2025-06-18T06:51:33.098+0000] {dag.py:3954} INFO - Setting next_dagrun for process_customers to None, run_after=None
[2025-06-18T06:51:33.142+0000] {processor.py:183} INFO - Processing /opt/airflow/dags/process_customers_dag.py took 0.214 seconds
[2025-06-18T06:52:03.716+0000] {processor.py:161} INFO - Started process (PID=884) to work on /opt/airflow/dags/process_customers_dag.py
[2025-06-18T06:52:03.728+0000] {processor.py:830} INFO - Processing file /opt/airflow/dags/process_customers_dag.py for tasks to queue
[2025-06-18T06:52:03.738+0000] {logging_mixin.py:188} INFO - [2025-06-18T06:52:03.737+0000] {dagbag.py:545} INFO - Filling up the DagBag from /opt/airflow/dags/process_customers_dag.py
[2025-06-18T06:52:03.831+0000] {processor.py:840} INFO - DAG(s) 'process_customers' retrieved from /opt/airflow/dags/process_customers_dag.py
[2025-06-18T06:52:03.902+0000] {logging_mixin.py:188} INFO - [2025-06-18T06:52:03.902+0000] {dag.py:3096} INFO - Sync 1 DAGs
[2025-06-18T06:52:03.926+0000] {logging_mixin.py:188} INFO - [2025-06-18T06:52:03.925+0000] {dag.py:3954} INFO - Setting next_dagrun for process_customers to None, run_after=None
[2025-06-18T06:52:03.963+0000] {processor.py:183} INFO - Processing /opt/airflow/dags/process_customers_dag.py took 0.276 seconds
[2025-06-18T06:52:34.644+0000] {processor.py:161} INFO - Started process (PID=899) to work on /opt/airflow/dags/process_customers_dag.py
[2025-06-18T06:52:34.647+0000] {processor.py:830} INFO - Processing file /opt/airflow/dags/process_customers_dag.py for tasks to queue
[2025-06-18T06:52:34.651+0000] {logging_mixin.py:188} INFO - [2025-06-18T06:52:34.650+0000] {dagbag.py:545} INFO - Filling up the DagBag from /opt/airflow/dags/process_customers_dag.py
[2025-06-18T06:52:34.701+0000] {processor.py:840} INFO - DAG(s) 'process_customers' retrieved from /opt/airflow/dags/process_customers_dag.py
[2025-06-18T06:52:34.749+0000] {logging_mixin.py:188} INFO - [2025-06-18T06:52:34.749+0000] {dag.py:3096} INFO - Sync 1 DAGs
[2025-06-18T06:52:34.774+0000] {logging_mixin.py:188} INFO - [2025-06-18T06:52:34.774+0000] {dag.py:3954} INFO - Setting next_dagrun for process_customers to None, run_after=None
[2025-06-18T06:52:34.831+0000] {processor.py:183} INFO - Processing /opt/airflow/dags/process_customers_dag.py took 0.202 seconds
[2025-06-18T06:53:05.602+0000] {processor.py:161} INFO - Started process (PID=914) to work on /opt/airflow/dags/process_customers_dag.py
[2025-06-18T06:53:05.607+0000] {processor.py:830} INFO - Processing file /opt/airflow/dags/process_customers_dag.py for tasks to queue
[2025-06-18T06:53:05.620+0000] {logging_mixin.py:188} INFO - [2025-06-18T06:53:05.619+0000] {dagbag.py:545} INFO - Filling up the DagBag from /opt/airflow/dags/process_customers_dag.py
[2025-06-18T06:53:05.684+0000] {processor.py:840} INFO - DAG(s) 'process_customers' retrieved from /opt/airflow/dags/process_customers_dag.py
[2025-06-18T06:53:05.782+0000] {logging_mixin.py:188} INFO - [2025-06-18T06:53:05.781+0000] {dag.py:3096} INFO - Sync 1 DAGs
[2025-06-18T06:53:05.832+0000] {logging_mixin.py:188} INFO - [2025-06-18T06:53:05.831+0000] {dag.py:3954} INFO - Setting next_dagrun for process_customers to None, run_after=None
[2025-06-18T06:53:05.876+0000] {processor.py:183} INFO - Processing /opt/airflow/dags/process_customers_dag.py took 0.300 seconds
[2025-06-18T06:53:36.500+0000] {processor.py:161} INFO - Started process (PID=929) to work on /opt/airflow/dags/process_customers_dag.py
[2025-06-18T06:53:36.505+0000] {processor.py:830} INFO - Processing file /opt/airflow/dags/process_customers_dag.py for tasks to queue
[2025-06-18T06:53:36.510+0000] {logging_mixin.py:188} INFO - [2025-06-18T06:53:36.509+0000] {dagbag.py:545} INFO - Filling up the DagBag from /opt/airflow/dags/process_customers_dag.py
[2025-06-18T06:53:36.547+0000] {processor.py:840} INFO - DAG(s) 'process_customers' retrieved from /opt/airflow/dags/process_customers_dag.py
[2025-06-18T06:53:36.609+0000] {logging_mixin.py:188} INFO - [2025-06-18T06:53:36.608+0000] {dag.py:3096} INFO - Sync 1 DAGs
[2025-06-18T06:53:36.630+0000] {logging_mixin.py:188} INFO - [2025-06-18T06:53:36.629+0000] {dag.py:3954} INFO - Setting next_dagrun for process_customers to None, run_after=None
[2025-06-18T06:53:36.692+0000] {processor.py:183} INFO - Processing /opt/airflow/dags/process_customers_dag.py took 0.208 seconds
[2025-06-18T06:54:07.921+0000] {processor.py:161} INFO - Started process (PID=944) to work on /opt/airflow/dags/process_customers_dag.py
[2025-06-18T06:54:07.935+0000] {processor.py:830} INFO - Processing file /opt/airflow/dags/process_customers_dag.py for tasks to queue
[2025-06-18T06:54:07.942+0000] {logging_mixin.py:188} INFO - [2025-06-18T06:54:07.941+0000] {dagbag.py:545} INFO - Filling up the DagBag from /opt/airflow/dags/process_customers_dag.py
[2025-06-18T06:54:08.055+0000] {processor.py:840} INFO - DAG(s) 'process_customers' retrieved from /opt/airflow/dags/process_customers_dag.py
[2025-06-18T06:54:08.252+0000] {logging_mixin.py:188} INFO - [2025-06-18T06:54:08.251+0000] {dag.py:3096} INFO - Sync 1 DAGs
[2025-06-18T06:54:08.305+0000] {logging_mixin.py:188} INFO - [2025-06-18T06:54:08.304+0000] {dag.py:3954} INFO - Setting next_dagrun for process_customers to None, run_after=None
[2025-06-18T06:54:08.417+0000] {processor.py:183} INFO - Processing /opt/airflow/dags/process_customers_dag.py took 0.531 seconds
[2025-06-18T06:54:39.632+0000] {processor.py:161} INFO - Started process (PID=959) to work on /opt/airflow/dags/process_customers_dag.py
[2025-06-18T06:54:39.634+0000] {processor.py:830} INFO - Processing file /opt/airflow/dags/process_customers_dag.py for tasks to queue
[2025-06-18T06:54:39.639+0000] {logging_mixin.py:188} INFO - [2025-06-18T06:54:39.638+0000] {dagbag.py:545} INFO - Filling up the DagBag from /opt/airflow/dags/process_customers_dag.py
[2025-06-18T06:54:39.709+0000] {processor.py:840} INFO - DAG(s) 'process_customers' retrieved from /opt/airflow/dags/process_customers_dag.py
[2025-06-18T06:54:39.783+0000] {logging_mixin.py:188} INFO - [2025-06-18T06:54:39.782+0000] {dag.py:3096} INFO - Sync 1 DAGs
[2025-06-18T06:54:39.819+0000] {logging_mixin.py:188} INFO - [2025-06-18T06:54:39.819+0000] {dag.py:3954} INFO - Setting next_dagrun for process_customers to None, run_after=None
[2025-06-18T06:54:39.875+0000] {processor.py:183} INFO - Processing /opt/airflow/dags/process_customers_dag.py took 0.263 seconds
[2025-06-18T06:55:10.265+0000] {processor.py:161} INFO - Started process (PID=974) to work on /opt/airflow/dags/process_customers_dag.py
[2025-06-18T06:55:10.267+0000] {processor.py:830} INFO - Processing file /opt/airflow/dags/process_customers_dag.py for tasks to queue
[2025-06-18T06:55:10.272+0000] {logging_mixin.py:188} INFO - [2025-06-18T06:55:10.271+0000] {dagbag.py:545} INFO - Filling up the DagBag from /opt/airflow/dags/process_customers_dag.py
[2025-06-18T06:55:10.318+0000] {processor.py:840} INFO - DAG(s) 'process_customers' retrieved from /opt/airflow/dags/process_customers_dag.py
[2025-06-18T06:55:10.383+0000] {logging_mixin.py:188} INFO - [2025-06-18T06:55:10.383+0000] {dag.py:3096} INFO - Sync 1 DAGs
[2025-06-18T06:55:10.436+0000] {logging_mixin.py:188} INFO - [2025-06-18T06:55:10.436+0000] {dag.py:3954} INFO - Setting next_dagrun for process_customers to None, run_after=None
[2025-06-18T06:55:10.478+0000] {processor.py:183} INFO - Processing /opt/airflow/dags/process_customers_dag.py took 0.227 seconds
