[2025-06-16T16:01:23.536+0000] {manager.py:470} INFO - Processing files using up to 2 processes at a time 
[2025-06-16T16:01:23.539+0000] {manager.py:471} INFO - Process each file at most once every 30 seconds
[2025-06-16T16:01:23.540+0000] {manager.py:472} INFO - Checking for new files in /opt/airflow/dags every 300 seconds
[2025-06-16T16:01:23.542+0000] {manager.py:737} INFO - Searching for files in /opt/airflow/dags
[2025-06-16T16:01:23.549+0000] {manager.py:740} INFO - There are 0 files in /opt/airflow/dags
[2025-06-16T16:05:07.278+0000] {manager.py:452} INFO - Exiting gracefully upon receiving signal 15
[2025-06-16T16:06:15.439+0000] {manager.py:470} INFO - Processing files using up to 2 processes at a time 
[2025-06-16T16:06:15.456+0000] {manager.py:471} INFO - Process each file at most once every 30 seconds
[2025-06-16T16:06:15.468+0000] {manager.py:472} INFO - Checking for new files in /opt/airflow/dags every 300 seconds
[2025-06-16T16:06:15.471+0000] {manager.py:737} INFO - Searching for files in /opt/airflow/dags
[2025-06-16T16:06:15.482+0000] {manager.py:740} INFO - There are 0 files in /opt/airflow/dags
[2025-06-16T16:11:16.074+0000] {manager.py:737} INFO - Searching for files in /opt/airflow/dags
[2025-06-16T16:11:16.141+0000] {manager.py:740} INFO - There are 0 files in /opt/airflow/dags
[2025-06-16T16:16:16.187+0000] {manager.py:737} INFO - Searching for files in /opt/airflow/dags
[2025-06-16T16:16:16.266+0000] {manager.py:740} INFO - There are 1 files in /opt/airflow/dags
[2025-06-16T16:16:25.299+0000] {manager.py:878} INFO - 
================================================================================
DAG File Processing Stats

File Path                               PID    Runtime      # DAGs    # Errors  Last Runtime    Last Run
--------------------------------------  -----  ---------  --------  ----------  --------------  -------------------
/opt/airflow/dags/process_sales_dag.py                           1           0  7.59s           2025-06-16T16:16:24
================================================================================
[2025-06-16T16:16:56.307+0000] {manager.py:878} INFO - 
================================================================================
DAG File Processing Stats

File Path                                 PID  Runtime      # DAGs    # Errors  Last Runtime    Last Run
--------------------------------------  -----  ---------  --------  ----------  --------------  -------------------
/opt/airflow/dags/process_sales_dag.py    162  0.09s             1           0  7.59s           2025-06-16T16:16:24
================================================================================
[2025-06-16T16:17:15.713+0000] {manager.py:452} INFO - Exiting gracefully upon receiving signal 15
[2025-06-16T16:18:37.945+0000] {manager.py:470} INFO - Processing files using up to 2 processes at a time 
[2025-06-16T16:18:37.953+0000] {manager.py:471} INFO - Process each file at most once every 30 seconds
[2025-06-16T16:18:37.954+0000] {manager.py:472} INFO - Checking for new files in /opt/airflow/dags every 300 seconds
[2025-06-16T16:18:37.956+0000] {manager.py:737} INFO - Searching for files in /opt/airflow/dags
[2025-06-16T16:18:37.985+0000] {manager.py:740} INFO - There are 1 files in /opt/airflow/dags
[2025-06-16T16:18:38.742+0000] {manager.py:878} INFO - 
================================================================================
DAG File Processing Stats

File Path                                 PID  Runtime      # DAGs    # Errors  Last Runtime    Last Run
--------------------------------------  -----  ---------  --------  ----------  --------------  ----------
/opt/airflow/dags/process_sales_dag.py    158  0.50s             0           0
================================================================================
[2025-06-16T16:19:09.697+0000] {manager.py:878} INFO - 
================================================================================
DAG File Processing Stats

File Path                                 PID  Runtime      # DAGs    # Errors  Last Runtime    Last Run
--------------------------------------  -----  ---------  --------  ----------  --------------  -------------------
/opt/airflow/dags/process_sales_dag.py    163  0.15s             1           0  1.03s           2025-06-16T16:18:39
================================================================================
[2025-06-16T16:19:40.504+0000] {manager.py:878} INFO - 
================================================================================
DAG File Processing Stats

File Path                               PID    Runtime      # DAGs    # Errors  Last Runtime    Last Run
--------------------------------------  -----  ---------  --------  ----------  --------------  -------------------
/opt/airflow/dags/process_sales_dag.py                           1           0  2.59s           2025-06-16T16:19:12
================================================================================
[2025-06-16T16:20:10.765+0000] {manager.py:878} INFO - 
================================================================================
DAG File Processing Stats

File Path                               PID    Runtime      # DAGs    # Errors  Last Runtime    Last Run
--------------------------------------  -----  ---------  --------  ----------  --------------  -------------------
/opt/airflow/dags/process_sales_dag.py                           1           0  0.49s           2025-06-16T16:19:43
================================================================================
[2025-06-16T16:20:40.803+0000] {manager.py:878} INFO - 
================================================================================
DAG File Processing Stats

File Path                               PID    Runtime      # DAGs    # Errors  Last Runtime    Last Run
--------------------------------------  -----  ---------  --------  ----------  --------------  -------------------
/opt/airflow/dags/process_sales_dag.py                           1           0  0.48s           2025-06-16T16:20:13
================================================================================
[2025-06-16T16:21:11.535+0000] {manager.py:878} INFO - 
================================================================================
DAG File Processing Stats

File Path                               PID    Runtime      # DAGs    # Errors  Last Runtime    Last Run
--------------------------------------  -----  ---------  --------  ----------  --------------  -------------------
/opt/airflow/dags/process_sales_dag.py                           1           0  0.43s           2025-06-16T16:20:44
================================================================================
[2025-06-16T16:21:41.831+0000] {manager.py:878} INFO - 
================================================================================
DAG File Processing Stats

File Path                               PID    Runtime      # DAGs    # Errors  Last Runtime    Last Run
--------------------------------------  -----  ---------  --------  ----------  --------------  -------------------
/opt/airflow/dags/process_sales_dag.py                           1           0  0.76s           2025-06-16T16:21:16
================================================================================
[2025-06-16T16:22:12.279+0000] {manager.py:878} INFO - 
================================================================================
DAG File Processing Stats

File Path                               PID    Runtime      # DAGs    # Errors  Last Runtime    Last Run
--------------------------------------  -----  ---------  --------  ----------  --------------  -------------------
/opt/airflow/dags/process_sales_dag.py                           1           0  0.32s           2025-06-16T16:21:47
================================================================================
[2025-06-16T16:22:42.553+0000] {manager.py:878} INFO - 
================================================================================
DAG File Processing Stats

File Path                               PID    Runtime      # DAGs    # Errors  Last Runtime    Last Run
--------------------------------------  -----  ---------  --------  ----------  --------------  -------------------
/opt/airflow/dags/process_sales_dag.py                           1           0  0.23s           2025-06-16T16:22:41
================================================================================
[2025-06-16T16:23:12.774+0000] {manager.py:878} INFO - 
================================================================================
DAG File Processing Stats

File Path                                 PID  Runtime      # DAGs    # Errors  Last Runtime    Last Run
--------------------------------------  -----  ---------  --------  ----------  --------------  -------------------
/opt/airflow/dags/process_sales_dag.py    214  1.12s             1           0  0.23s           2025-06-16T16:22:41
================================================================================
[2025-06-16T16:23:30.841+0000] {manager.py:452} INFO - Exiting gracefully upon receiving signal 15
[2025-06-16T16:25:21.428+0000] {manager.py:470} INFO - Processing files using up to 2 processes at a time 
[2025-06-16T16:25:21.431+0000] {manager.py:471} INFO - Process each file at most once every 30 seconds
[2025-06-16T16:25:21.435+0000] {manager.py:472} INFO - Checking for new files in /opt/airflow/dags every 300 seconds
[2025-06-16T16:25:21.436+0000] {manager.py:737} INFO - Searching for files in /opt/airflow/dags
[2025-06-16T16:25:21.467+0000] {manager.py:740} INFO - There are 1 files in /opt/airflow/dags
[2025-06-16T16:25:23.342+0000] {manager.py:878} INFO - 
================================================================================
DAG File Processing Stats

File Path                                 PID  Runtime      # DAGs    # Errors  Last Runtime    Last Run
--------------------------------------  -----  ---------  --------  ----------  --------------  ----------
/opt/airflow/dags/process_sales_dag.py    157  1.35s             0           0
================================================================================
[2025-06-16T16:25:54.139+0000] {manager.py:878} INFO - 
================================================================================
DAG File Processing Stats

File Path                               PID    Runtime      # DAGs    # Errors  Last Runtime    Last Run
--------------------------------------  -----  ---------  --------  ----------  --------------  -------------------
/opt/airflow/dags/process_sales_dag.py                           1           0  2.59s           2025-06-16T16:25:24
================================================================================
[2025-06-16T16:26:24.610+0000] {manager.py:878} INFO - 
================================================================================
DAG File Processing Stats

File Path                               PID    Runtime      # DAGs    # Errors  Last Runtime    Last Run
--------------------------------------  -----  ---------  --------  ----------  --------------  -------------------
/opt/airflow/dags/process_sales_dag.py                           1           0  1.18s           2025-06-16T16:25:56
================================================================================
[2025-06-16T16:26:54.959+0000] {manager.py:878} INFO - 
================================================================================
DAG File Processing Stats

File Path                               PID    Runtime      # DAGs    # Errors  Last Runtime    Last Run
--------------------------------------  -----  ---------  --------  ----------  --------------  -------------------
/opt/airflow/dags/process_sales_dag.py                           1           0  0.74s           2025-06-16T16:26:27
================================================================================
[2025-06-16T16:27:25.617+0000] {manager.py:878} INFO - 
================================================================================
DAG File Processing Stats

File Path                               PID    Runtime      # DAGs    # Errors  Last Runtime    Last Run
--------------------------------------  -----  ---------  --------  ----------  --------------  -------------------
/opt/airflow/dags/process_sales_dag.py                           1           0  0.27s           2025-06-16T16:26:58
================================================================================
[2025-06-16T16:27:56.225+0000] {manager.py:878} INFO - 
================================================================================
DAG File Processing Stats

File Path                               PID    Runtime      # DAGs    # Errors  Last Runtime    Last Run
--------------------------------------  -----  ---------  --------  ----------  --------------  -------------------
/opt/airflow/dags/process_sales_dag.py                           1           0  1.46s           2025-06-16T16:27:30
================================================================================
[2025-06-16T16:28:26.355+0000] {manager.py:878} INFO - 
================================================================================
DAG File Processing Stats

File Path                               PID    Runtime      # DAGs    # Errors  Last Runtime    Last Run
--------------------------------------  -----  ---------  --------  ----------  --------------  -------------------
/opt/airflow/dags/process_sales_dag.py                           1           0  0.76s           2025-06-16T16:28:01
================================================================================
[2025-06-16T16:28:56.881+0000] {manager.py:878} INFO - 
================================================================================
DAG File Processing Stats

File Path                               PID    Runtime      # DAGs    # Errors  Last Runtime    Last Run
--------------------------------------  -----  ---------  --------  ----------  --------------  -------------------
/opt/airflow/dags/process_sales_dag.py                           1           0  0.95s           2025-06-16T16:28:32
================================================================================
[2025-06-16T16:29:27.564+0000] {manager.py:878} INFO - 
================================================================================
DAG File Processing Stats

File Path                               PID    Runtime      # DAGs    # Errors  Last Runtime    Last Run
--------------------------------------  -----  ---------  --------  ----------  --------------  -------------------
/opt/airflow/dags/process_sales_dag.py                           1           0  0.22s           2025-06-16T16:29:03
================================================================================
[2025-06-16T16:29:57.617+0000] {manager.py:878} INFO - 
================================================================================
DAG File Processing Stats

File Path                               PID    Runtime      # DAGs    # Errors  Last Runtime    Last Run
--------------------------------------  -----  ---------  --------  ----------  --------------  -------------------
/opt/airflow/dags/process_sales_dag.py                           1           0  2.46s           2025-06-16T16:29:36
================================================================================
[2025-06-16T16:30:21.542+0000] {manager.py:737} INFO - Searching for files in /opt/airflow/dags
[2025-06-16T16:30:21.569+0000] {manager.py:740} INFO - There are 1 files in /opt/airflow/dags
[2025-06-16T16:30:27.663+0000] {manager.py:878} INFO - 
================================================================================
DAG File Processing Stats

File Path                               PID    Runtime      # DAGs    # Errors  Last Runtime    Last Run
--------------------------------------  -----  ---------  --------  ----------  --------------  -------------------
/opt/airflow/dags/process_sales_dag.py                           1           0  0.77s           2025-06-16T16:30:07
================================================================================
[2025-06-16T16:30:57.920+0000] {manager.py:878} INFO - 
================================================================================
DAG File Processing Stats

File Path                               PID    Runtime      # DAGs    # Errors  Last Runtime    Last Run
--------------------------------------  -----  ---------  --------  ----------  --------------  -------------------
/opt/airflow/dags/process_sales_dag.py                           1           0  0.73s           2025-06-16T16:30:38
================================================================================
[2025-06-16T16:31:28.835+0000] {manager.py:878} INFO - 
================================================================================
DAG File Processing Stats

File Path                               PID    Runtime      # DAGs    # Errors  Last Runtime    Last Run
--------------------------------------  -----  ---------  --------  ----------  --------------  -------------------
/opt/airflow/dags/process_sales_dag.py                           1           0  0.43s           2025-06-16T16:31:09
================================================================================
[2025-06-16T16:31:59.215+0000] {manager.py:878} INFO - 
================================================================================
DAG File Processing Stats

File Path                               PID    Runtime      # DAGs    # Errors  Last Runtime    Last Run
--------------------------------------  -----  ---------  --------  ----------  --------------  -------------------
/opt/airflow/dags/process_sales_dag.py                           1           0  0.30s           2025-06-16T16:31:40
================================================================================
[2025-06-16T16:32:30.002+0000] {manager.py:878} INFO - 
================================================================================
DAG File Processing Stats

File Path                               PID    Runtime      # DAGs    # Errors  Last Runtime    Last Run
--------------------------------------  -----  ---------  --------  ----------  --------------  -------------------
/opt/airflow/dags/process_sales_dag.py                           1           0  0.49s           2025-06-16T16:32:10
================================================================================
[2025-06-16T16:33:00.564+0000] {manager.py:878} INFO - 
================================================================================
DAG File Processing Stats

File Path                               PID    Runtime      # DAGs    # Errors  Last Runtime    Last Run
--------------------------------------  -----  ---------  --------  ----------  --------------  -------------------
/opt/airflow/dags/process_sales_dag.py                           1           0  1.28s           2025-06-16T16:32:42
================================================================================
[2025-06-16T16:33:30.971+0000] {manager.py:878} INFO - 
================================================================================
DAG File Processing Stats

File Path                               PID    Runtime      # DAGs    # Errors  Last Runtime    Last Run
--------------------------------------  -----  ---------  --------  ----------  --------------  -------------------
/opt/airflow/dags/process_sales_dag.py                           1           0  0.58s           2025-06-16T16:33:13
================================================================================
[2025-06-16T16:34:01.038+0000] {manager.py:878} INFO - 
================================================================================
DAG File Processing Stats

File Path                               PID    Runtime      # DAGs    # Errors  Last Runtime    Last Run
--------------------------------------  -----  ---------  --------  ----------  --------------  -------------------
/opt/airflow/dags/process_sales_dag.py                           1           0  1.22s           2025-06-16T16:33:44
================================================================================
[2025-06-16T16:34:31.159+0000] {manager.py:878} INFO - 
================================================================================
DAG File Processing Stats

File Path                               PID    Runtime      # DAGs    # Errors  Last Runtime    Last Run
--------------------------------------  -----  ---------  --------  ----------  --------------  -------------------
/opt/airflow/dags/process_sales_dag.py                           1           0  0.84s           2025-06-16T16:34:15
================================================================================
[2025-06-16T16:35:01.517+0000] {manager.py:878} INFO - 
================================================================================
DAG File Processing Stats

File Path                               PID    Runtime      # DAGs    # Errors  Last Runtime    Last Run
--------------------------------------  -----  ---------  --------  ----------  --------------  -------------------
/opt/airflow/dags/process_sales_dag.py                           1           0  0.33s           2025-06-16T16:34:46
================================================================================
[2025-06-16T16:35:21.738+0000] {manager.py:737} INFO - Searching for files in /opt/airflow/dags
[2025-06-16T16:35:21.767+0000] {manager.py:740} INFO - There are 1 files in /opt/airflow/dags
[2025-06-16T16:35:31.871+0000] {manager.py:878} INFO - 
================================================================================
DAG File Processing Stats

File Path                               PID    Runtime      # DAGs    # Errors  Last Runtime    Last Run
--------------------------------------  -----  ---------  --------  ----------  --------------  -------------------
/opt/airflow/dags/process_sales_dag.py                           1           0  0.91s           2025-06-16T16:35:17
================================================================================
[2025-06-16T16:36:02.042+0000] {manager.py:878} INFO - 
================================================================================
DAG File Processing Stats

File Path                               PID    Runtime      # DAGs    # Errors  Last Runtime    Last Run
--------------------------------------  -----  ---------  --------  ----------  --------------  -------------------
/opt/airflow/dags/process_sales_dag.py                           1           0  1.82s           2025-06-16T16:35:49
================================================================================
[2025-06-16T16:36:32.070+0000] {manager.py:878} INFO - 
================================================================================
DAG File Processing Stats

File Path                               PID    Runtime      # DAGs    # Errors  Last Runtime    Last Run
--------------------------------------  -----  ---------  --------  ----------  --------------  -------------------
/opt/airflow/dags/process_sales_dag.py                           1           0  1.08s           2025-06-16T16:36:24
================================================================================
[2025-06-16T16:37:00.792+0000] {manager.py:452} INFO - Exiting gracefully upon receiving signal 15
[2025-06-16T16:38:15.289+0000] {manager.py:470} INFO - Processing files using up to 2 processes at a time 
[2025-06-16T16:38:15.298+0000] {manager.py:471} INFO - Process each file at most once every 30 seconds
[2025-06-16T16:38:15.300+0000] {manager.py:472} INFO - Checking for new files in /opt/airflow/dags every 300 seconds
[2025-06-16T16:38:15.304+0000] {manager.py:737} INFO - Searching for files in /opt/airflow/dags
[2025-06-16T16:38:15.369+0000] {manager.py:740} INFO - There are 1 files in /opt/airflow/dags
[2025-06-16T16:38:16.102+0000] {manager.py:878} INFO - 
================================================================================
DAG File Processing Stats

File Path                                 PID  Runtime      # DAGs    # Errors  Last Runtime    Last Run
--------------------------------------  -----  ---------  --------  ----------  --------------  ----------
/opt/airflow/dags/process_sales_dag.py    157  0.48s             0           0
================================================================================
[2025-06-16T16:38:46.420+0000] {manager.py:878} INFO - 
================================================================================
DAG File Processing Stats

File Path                               PID    Runtime      # DAGs    # Errors  Last Runtime    Last Run
--------------------------------------  -----  ---------  --------  ----------  --------------  -------------------
/opt/airflow/dags/process_sales_dag.py                           1           0  1.42s           2025-06-16T16:38:17
================================================================================
[2025-06-16T16:39:16.611+0000] {manager.py:878} INFO - 
================================================================================
DAG File Processing Stats

File Path                               PID    Runtime      # DAGs    # Errors  Last Runtime    Last Run
--------------------------------------  -----  ---------  --------  ----------  --------------  -------------------
/opt/airflow/dags/process_sales_dag.py                           1           0  1.37s           2025-06-16T16:38:48
================================================================================
[2025-06-16T16:39:46.875+0000] {manager.py:878} INFO - 
================================================================================
DAG File Processing Stats

File Path                               PID    Runtime      # DAGs    # Errors  Last Runtime    Last Run
--------------------------------------  -----  ---------  --------  ----------  --------------  -------------------
/opt/airflow/dags/process_sales_dag.py                           1           0  2.22s           2025-06-16T16:39:21
================================================================================
[2025-06-16T16:40:17.282+0000] {manager.py:878} INFO - 
================================================================================
DAG File Processing Stats

File Path                               PID    Runtime      # DAGs    # Errors  Last Runtime    Last Run
--------------------------------------  -----  ---------  --------  ----------  --------------  -------------------
/opt/airflow/dags/process_sales_dag.py                           1           0  1.41s           2025-06-16T16:39:53
================================================================================
[2025-06-16T16:40:47.710+0000] {manager.py:878} INFO - 
================================================================================
DAG File Processing Stats

File Path                               PID    Runtime      # DAGs    # Errors  Last Runtime    Last Run
--------------------------------------  -----  ---------  --------  ----------  --------------  -------------------
/opt/airflow/dags/process_sales_dag.py                           1           0  0.86s           2025-06-16T16:40:24
================================================================================
[2025-06-16T16:41:18.160+0000] {manager.py:878} INFO - 
================================================================================
DAG File Processing Stats

File Path                               PID    Runtime      # DAGs    # Errors  Last Runtime    Last Run
--------------------------------------  -----  ---------  --------  ----------  --------------  -------------------
/opt/airflow/dags/process_sales_dag.py                           1           0  0.36s           2025-06-16T16:40:55
================================================================================
[2025-06-16T16:41:49.060+0000] {manager.py:878} INFO - 
================================================================================
DAG File Processing Stats

File Path                               PID    Runtime      # DAGs    # Errors  Last Runtime    Last Run
--------------------------------------  -----  ---------  --------  ----------  --------------  -------------------
/opt/airflow/dags/process_sales_dag.py                           1           0  0.49s           2025-06-16T16:41:25
================================================================================
[2025-06-16T16:42:19.123+0000] {manager.py:878} INFO - 
================================================================================
DAG File Processing Stats

File Path                               PID    Runtime      # DAGs    # Errors  Last Runtime    Last Run
--------------------------------------  -----  ---------  --------  ----------  --------------  -------------------
/opt/airflow/dags/process_sales_dag.py                           1           0  0.62s           2025-06-16T16:41:56
================================================================================
[2025-06-16T16:42:49.422+0000] {manager.py:878} INFO - 
================================================================================
DAG File Processing Stats

File Path                               PID    Runtime      # DAGs    # Errors  Last Runtime    Last Run
--------------------------------------  -----  ---------  --------  ----------  --------------  -------------------
/opt/airflow/dags/process_sales_dag.py                           1           0  2.44s           2025-06-16T16:42:29
================================================================================
[2025-06-16T16:43:15.657+0000] {manager.py:737} INFO - Searching for files in /opt/airflow/dags
[2025-06-16T16:43:15.708+0000] {manager.py:740} INFO - There are 1 files in /opt/airflow/dags
[2025-06-16T16:43:19.887+0000] {manager.py:878} INFO - 
================================================================================
DAG File Processing Stats

File Path                               PID    Runtime      # DAGs    # Errors  Last Runtime    Last Run
--------------------------------------  -----  ---------  --------  ----------  --------------  -------------------
/opt/airflow/dags/process_sales_dag.py                           1           0  0.86s           2025-06-16T16:43:00
================================================================================
[2025-06-16T16:43:50.049+0000] {manager.py:878} INFO - 
================================================================================
DAG File Processing Stats

File Path                               PID    Runtime      # DAGs    # Errors  Last Runtime    Last Run
--------------------------------------  -----  ---------  --------  ----------  --------------  -------------------
/opt/airflow/dags/process_sales_dag.py                           1           0  0.37s           2025-06-16T16:43:30
================================================================================
[2025-06-16T16:44:20.517+0000] {manager.py:878} INFO - 
================================================================================
DAG File Processing Stats

File Path                               PID    Runtime      # DAGs    # Errors  Last Runtime    Last Run
--------------------------------------  -----  ---------  --------  ----------  --------------  -------------------
/opt/airflow/dags/process_sales_dag.py                           1           0  0.28s           2025-06-16T16:44:01
================================================================================
[2025-06-16T16:44:51.039+0000] {manager.py:878} INFO - 
================================================================================
DAG File Processing Stats

File Path                               PID    Runtime      # DAGs    # Errors  Last Runtime    Last Run
--------------------------------------  -----  ---------  --------  ----------  --------------  -------------------
/opt/airflow/dags/process_sales_dag.py                           1           0  0.33s           2025-06-16T16:44:32
================================================================================
[2025-06-16T16:45:21.558+0000] {manager.py:878} INFO - 
================================================================================
DAG File Processing Stats

File Path                               PID    Runtime      # DAGs    # Errors  Last Runtime    Last Run
--------------------------------------  -----  ---------  --------  ----------  --------------  -------------------
/opt/airflow/dags/process_sales_dag.py                           1           0  0.71s           2025-06-16T16:45:03
================================================================================
[2025-06-16T16:45:51.687+0000] {manager.py:878} INFO - 
================================================================================
DAG File Processing Stats

File Path                               PID    Runtime      # DAGs    # Errors  Last Runtime    Last Run
--------------------------------------  -----  ---------  --------  ----------  --------------  -------------------
/opt/airflow/dags/process_sales_dag.py                           1           0  2.32s           2025-06-16T16:45:35
================================================================================
[2025-06-16T16:46:23.076+0000] {manager.py:878} INFO - 
================================================================================
DAG File Processing Stats

File Path                               PID    Runtime      # DAGs    # Errors  Last Runtime    Last Run
--------------------------------------  -----  ---------  --------  ----------  --------------  -------------------
/opt/airflow/dags/process_sales_dag.py                           1           0  1.07s           2025-06-16T16:46:06
================================================================================
[2025-06-16T16:46:53.633+0000] {manager.py:878} INFO - 
================================================================================
DAG File Processing Stats

File Path                               PID    Runtime      # DAGs    # Errors  Last Runtime    Last Run
--------------------------------------  -----  ---------  --------  ----------  --------------  -------------------
/opt/airflow/dags/process_sales_dag.py                           1           0  0.71s           2025-06-16T16:46:38
================================================================================
[2025-06-16T16:47:23.734+0000] {manager.py:878} INFO - 
================================================================================
DAG File Processing Stats

File Path                               PID    Runtime      # DAGs    # Errors  Last Runtime    Last Run
--------------------------------------  -----  ---------  --------  ----------  --------------  -------------------
/opt/airflow/dags/process_sales_dag.py                           1           0  0.21s           2025-06-16T16:47:08
================================================================================
[2025-06-16T16:47:54.179+0000] {manager.py:878} INFO - 
================================================================================
DAG File Processing Stats

File Path                               PID    Runtime      # DAGs    # Errors  Last Runtime    Last Run
--------------------------------------  -----  ---------  --------  ----------  --------------  -------------------
/opt/airflow/dags/process_sales_dag.py                           1           0  0.45s           2025-06-16T16:47:39
================================================================================
[2025-06-16T16:48:15.938+0000] {manager.py:737} INFO - Searching for files in /opt/airflow/dags
[2025-06-16T16:48:15.992+0000] {manager.py:740} INFO - There are 1 files in /opt/airflow/dags
[2025-06-16T16:48:22.874+0000] {manager.py:452} INFO - Exiting gracefully upon receiving signal 15
[2025-06-16T19:28:15.224+0000] {manager.py:470} INFO - Processing files using up to 2 processes at a time 
[2025-06-16T19:28:15.232+0000] {manager.py:471} INFO - Process each file at most once every 30 seconds
[2025-06-16T19:28:15.243+0000] {manager.py:472} INFO - Checking for new files in /opt/airflow/dags every 300 seconds
[2025-06-16T19:28:15.247+0000] {manager.py:737} INFO - Searching for files in /opt/airflow/dags
[2025-06-16T19:28:15.315+0000] {manager.py:740} INFO - There are 1 files in /opt/airflow/dags
[2025-06-16T19:28:17.154+0000] {manager.py:878} INFO - 
================================================================================
DAG File Processing Stats

File Path                                 PID  Runtime      # DAGs    # Errors  Last Runtime    Last Run
--------------------------------------  -----  ---------  --------  ----------  --------------  ----------
/opt/airflow/dags/process_sales_dag.py    160  1.44s             0           0
================================================================================
[2025-06-16T19:28:47.933+0000] {manager.py:878} INFO - 
================================================================================
DAG File Processing Stats

File Path                                 PID  Runtime      # DAGs    # Errors  Last Runtime    Last Run
--------------------------------------  -----  ---------  --------  ----------  --------------  -------------------
/opt/airflow/dags/process_sales_dag.py    165  0.12s             1           0  1.85s           2025-06-16T19:28:17
================================================================================
[2025-06-16T19:29:18.071+0000] {manager.py:878} INFO - 
================================================================================
DAG File Processing Stats

File Path                               PID    Runtime      # DAGs    # Errors  Last Runtime    Last Run
--------------------------------------  -----  ---------  --------  ----------  --------------  -------------------
/opt/airflow/dags/process_sales_dag.py                           1           0  0.90s           2025-06-16T19:28:48
================================================================================
[2025-06-16T19:29:48.626+0000] {manager.py:878} INFO - 
================================================================================
DAG File Processing Stats

File Path                               PID    Runtime      # DAGs    # Errors  Last Runtime    Last Run
--------------------------------------  -----  ---------  --------  ----------  --------------  -------------------
/opt/airflow/dags/process_sales_dag.py                           1           0  1.32s           2025-06-16T19:29:20
================================================================================
[2025-06-16T19:30:19.882+0000] {manager.py:878} INFO - 
================================================================================
DAG File Processing Stats

File Path                               PID    Runtime      # DAGs    # Errors  Last Runtime    Last Run
--------------------------------------  -----  ---------  --------  ----------  --------------  -------------------
/opt/airflow/dags/process_sales_dag.py                           1           0  3.96s           2025-06-16T19:29:54
================================================================================
[2025-06-16T19:30:50.583+0000] {manager.py:878} INFO - 
================================================================================
DAG File Processing Stats

File Path                               PID    Runtime      # DAGs    # Errors  Last Runtime    Last Run
--------------------------------------  -----  ---------  --------  ----------  --------------  -------------------
/opt/airflow/dags/process_sales_dag.py                           1           0  0.40s           2025-06-16T19:30:25
================================================================================
[2025-06-16T19:31:21.014+0000] {manager.py:878} INFO - 
================================================================================
DAG File Processing Stats

File Path                               PID    Runtime      # DAGs    # Errors  Last Runtime    Last Run
--------------------------------------  -----  ---------  --------  ----------  --------------  -------------------
/opt/airflow/dags/process_sales_dag.py                           1           0  0.24s           2025-06-16T19:30:56
================================================================================
[2025-06-16T19:31:51.113+0000] {manager.py:878} INFO - 
================================================================================
DAG File Processing Stats

File Path                               PID    Runtime      # DAGs    # Errors  Last Runtime    Last Run
--------------------------------------  -----  ---------  --------  ----------  --------------  -------------------
/opt/airflow/dags/process_sales_dag.py                           1           0  0.46s           2025-06-16T19:31:27
================================================================================
[2025-06-16T19:32:21.773+0000] {manager.py:878} INFO - 
================================================================================
DAG File Processing Stats

File Path                               PID    Runtime      # DAGs    # Errors  Last Runtime    Last Run
--------------------------------------  -----  ---------  --------  ----------  --------------  -------------------
/opt/airflow/dags/process_sales_dag.py                           1           0  0.38s           2025-06-16T19:31:58
================================================================================
[2025-06-16T19:32:52.624+0000] {manager.py:878} INFO - 
================================================================================
DAG File Processing Stats

File Path                               PID    Runtime      # DAGs    # Errors  Last Runtime    Last Run
--------------------------------------  -----  ---------  --------  ----------  --------------  -------------------
/opt/airflow/dags/process_sales_dag.py                           1           0  5.02s           2025-06-16T19:32:33
================================================================================
[2025-06-16T19:33:15.846+0000] {manager.py:737} INFO - Searching for files in /opt/airflow/dags
[2025-06-16T19:33:16.046+0000] {manager.py:740} INFO - There are 1 files in /opt/airflow/dags
[2025-06-16T19:33:23.057+0000] {manager.py:878} INFO - 
================================================================================
DAG File Processing Stats

File Path                               PID    Runtime      # DAGs    # Errors  Last Runtime    Last Run
--------------------------------------  -----  ---------  --------  ----------  --------------  -------------------
/opt/airflow/dags/process_sales_dag.py                           1           0  0.77s           2025-06-16T19:33:04
================================================================================
[2025-06-16T19:33:53.500+0000] {manager.py:878} INFO - 
================================================================================
DAG File Processing Stats

File Path                               PID    Runtime      # DAGs    # Errors  Last Runtime    Last Run
--------------------------------------  -----  ---------  --------  ----------  --------------  -------------------
/opt/airflow/dags/process_sales_dag.py                           1           0  1.30s           2025-06-16T19:33:36
================================================================================
[2025-06-16T19:34:23.886+0000] {manager.py:878} INFO - 
================================================================================
DAG File Processing Stats

File Path                               PID    Runtime      # DAGs    # Errors  Last Runtime    Last Run
--------------------------------------  -----  ---------  --------  ----------  --------------  -------------------
/opt/airflow/dags/process_sales_dag.py                           1           0  1.24s           2025-06-16T19:34:08
================================================================================
[2025-06-16T19:34:54.233+0000] {manager.py:878} INFO - 
================================================================================
DAG File Processing Stats

File Path                               PID    Runtime      # DAGs    # Errors  Last Runtime    Last Run
--------------------------------------  -----  ---------  --------  ----------  --------------  -------------------
/opt/airflow/dags/process_sales_dag.py                           1           0  0.58s           2025-06-16T19:34:39
================================================================================
[2025-06-16T19:35:25.030+0000] {manager.py:878} INFO - 
================================================================================
DAG File Processing Stats

File Path                               PID    Runtime      # DAGs    # Errors  Last Runtime    Last Run
--------------------------------------  -----  ---------  --------  ----------  --------------  -------------------
/opt/airflow/dags/process_sales_dag.py                           1           0  1.87s           2025-06-16T19:35:22
================================================================================
[2025-06-16T19:35:55.511+0000] {manager.py:878} INFO - 
================================================================================
DAG File Processing Stats

File Path                               PID    Runtime      # DAGs    # Errors  Last Runtime    Last Run
--------------------------------------  -----  ---------  --------  ----------  --------------  -------------------
/opt/airflow/dags/process_sales_dag.py                           1           0  1.66s           2025-06-16T19:35:54
================================================================================
[2025-06-16T19:36:26.272+0000] {manager.py:878} INFO - 
================================================================================
DAG File Processing Stats

File Path                               PID    Runtime      # DAGs    # Errors  Last Runtime    Last Run
--------------------------------------  -----  ---------  --------  ----------  --------------  -------------------
/opt/airflow/dags/process_sales_dag.py                           1           0  1.20s           2025-06-16T19:36:26
================================================================================
[2025-06-16T19:36:57.675+0000] {manager.py:878} INFO - 
================================================================================
DAG File Processing Stats

File Path                                 PID  Runtime      # DAGs    # Errors  Last Runtime    Last Run
--------------------------------------  -----  ---------  --------  ----------  --------------  -------------------
/opt/airflow/dags/process_sales_dag.py    251  0.22s             1           0  1.20s           2025-06-16T19:36:26
================================================================================
[2025-06-16T19:37:28.275+0000] {manager.py:878} INFO - 
================================================================================
DAG File Processing Stats

File Path                                 PID  Runtime      # DAGs    # Errors  Last Runtime    Last Run
--------------------------------------  -----  ---------  --------  ----------  --------------  -------------------
/opt/airflow/dags/process_sales_dag.py    256  0.01s             1           0  0.93s           2025-06-16T19:36:58
================================================================================
[2025-06-16T19:37:56.468+0000] {manager.py:452} INFO - Exiting gracefully upon receiving signal 15
[2025-06-16T19:40:21.261+0000] {manager.py:470} INFO - Processing files using up to 2 processes at a time 
[2025-06-16T19:40:21.267+0000] {manager.py:471} INFO - Process each file at most once every 30 seconds
[2025-06-16T19:40:21.269+0000] {manager.py:472} INFO - Checking for new files in /opt/airflow/dags every 300 seconds
[2025-06-16T19:40:21.275+0000] {manager.py:737} INFO - Searching for files in /opt/airflow/dags
[2025-06-16T19:40:21.333+0000] {manager.py:740} INFO - There are 1 files in /opt/airflow/dags
[2025-06-16T19:40:22.046+0000] {manager.py:878} INFO - 
================================================================================
DAG File Processing Stats

File Path                                 PID  Runtime      # DAGs    # Errors  Last Runtime    Last Run
--------------------------------------  -----  ---------  --------  ----------  --------------  ----------
/opt/airflow/dags/process_sales_dag.py    158  0.48s             0           0
================================================================================
[2025-06-16T19:40:52.949+0000] {manager.py:878} INFO - 
================================================================================
DAG File Processing Stats

File Path                                 PID  Runtime      # DAGs    # Errors  Last Runtime    Last Run
--------------------------------------  -----  ---------  --------  ----------  --------------  -------------------
/opt/airflow/dags/process_sales_dag.py    163  0.02s             1           0  1.15s           2025-06-16T19:40:22
================================================================================
[2025-06-16T19:41:24.094+0000] {manager.py:878} INFO - 
================================================================================
DAG File Processing Stats

File Path                                 PID  Runtime      # DAGs    # Errors  Last Runtime    Last Run
--------------------------------------  -----  ---------  --------  ----------  --------------  -------------------
/opt/airflow/dags/process_sales_dag.py    168  0.26s             1           0  0.41s           2025-06-16T19:40:53
================================================================================
[2025-06-16T19:41:54.205+0000] {manager.py:878} INFO - 
================================================================================
DAG File Processing Stats

File Path                               PID    Runtime      # DAGs    # Errors  Last Runtime    Last Run
--------------------------------------  -----  ---------  --------  ----------  --------------  -------------------
/opt/airflow/dags/process_sales_dag.py                           1           0  3.88s           2025-06-16T19:41:27
================================================================================
[2025-06-16T19:42:24.637+0000] {manager.py:878} INFO - 
================================================================================
DAG File Processing Stats

File Path                               PID    Runtime      # DAGs    # Errors  Last Runtime    Last Run
--------------------------------------  -----  ---------  --------  ----------  --------------  -------------------
/opt/airflow/dags/process_sales_dag.py                           1           0  5.91s           2025-06-16T19:42:04
================================================================================
[2025-06-16T19:42:54.684+0000] {manager.py:878} INFO - 
================================================================================
DAG File Processing Stats

File Path                               PID    Runtime      # DAGs    # Errors  Last Runtime    Last Run
--------------------------------------  -----  ---------  --------  ----------  --------------  -------------------
/opt/airflow/dags/process_sales_dag.py                           1           0  4.34s           2025-06-16T19:42:38
================================================================================
[2025-06-16T19:43:25.256+0000] {manager.py:878} INFO - 
================================================================================
DAG File Processing Stats

File Path                               PID    Runtime      # DAGs    # Errors  Last Runtime    Last Run
--------------------------------------  -----  ---------  --------  ----------  --------------  -------------------
/opt/airflow/dags/process_sales_dag.py                           1           0  0.25s           2025-06-16T19:43:09
================================================================================
[2025-06-16T19:43:57.133+0000] {manager.py:878} INFO - 
================================================================================
DAG File Processing Stats

File Path                               PID    Runtime      # DAGs    # Errors  Last Runtime    Last Run
--------------------------------------  -----  ---------  --------  ----------  --------------  -------------------
/opt/airflow/dags/process_sales_dag.py                           1           0  0.55s           2025-06-16T19:43:40
================================================================================
[2025-06-16T19:44:27.369+0000] {manager.py:878} INFO - 
================================================================================
DAG File Processing Stats

File Path                               PID    Runtime      # DAGs    # Errors  Last Runtime    Last Run
--------------------------------------  -----  ---------  --------  ----------  --------------  -------------------
/opt/airflow/dags/process_sales_dag.py                           1           0  0.97s           2025-06-16T19:44:12
================================================================================
[2025-06-16T19:44:57.538+0000] {manager.py:878} INFO - 
================================================================================
DAG File Processing Stats

File Path                               PID    Runtime      # DAGs    # Errors  Last Runtime    Last Run
--------------------------------------  -----  ---------  --------  ----------  --------------  -------------------
/opt/airflow/dags/process_sales_dag.py                           1           0  4.53s           2025-06-16T19:44:47
================================================================================
[2025-06-16T19:45:21.438+0000] {manager.py:737} INFO - Searching for files in /opt/airflow/dags
[2025-06-16T19:45:21.861+0000] {manager.py:740} INFO - There are 1 files in /opt/airflow/dags
[2025-06-16T19:45:28.176+0000] {manager.py:878} INFO - 
================================================================================
DAG File Processing Stats

File Path                               PID    Runtime      # DAGs    # Errors  Last Runtime    Last Run
--------------------------------------  -----  ---------  --------  ----------  --------------  -------------------
/opt/airflow/dags/process_sales_dag.py                           1           0  0.56s           2025-06-16T19:45:17
================================================================================
[2025-06-16T19:45:58.210+0000] {manager.py:878} INFO - 
================================================================================
DAG File Processing Stats

File Path                               PID    Runtime      # DAGs    # Errors  Last Runtime    Last Run
--------------------------------------  -----  ---------  --------  ----------  --------------  -------------------
/opt/airflow/dags/process_sales_dag.py                           1           0  0.40s           2025-06-16T19:45:49
================================================================================
[2025-06-16T19:46:28.945+0000] {manager.py:878} INFO - 
================================================================================
DAG File Processing Stats

File Path                               PID    Runtime      # DAGs    # Errors  Last Runtime    Last Run
--------------------------------------  -----  ---------  --------  ----------  --------------  -------------------
/opt/airflow/dags/process_sales_dag.py                           1           0  0.36s           2025-06-16T19:46:19
================================================================================
[2025-06-16T19:46:59.509+0000] {manager.py:878} INFO - 
================================================================================
DAG File Processing Stats

File Path                               PID    Runtime      # DAGs    # Errors  Last Runtime    Last Run
--------------------------------------  -----  ---------  --------  ----------  --------------  -------------------
/opt/airflow/dags/process_sales_dag.py                           1           0  1.03s           2025-06-16T19:46:51
================================================================================
[2025-06-16T19:47:30.028+0000] {manager.py:878} INFO - 
================================================================================
DAG File Processing Stats

File Path                               PID    Runtime      # DAGs    # Errors  Last Runtime    Last Run
--------------------------------------  -----  ---------  --------  ----------  --------------  -------------------
/opt/airflow/dags/process_sales_dag.py                           1           0  0.25s           2025-06-16T19:47:21
================================================================================
[2025-06-16T19:48:00.374+0000] {manager.py:878} INFO - 
================================================================================
DAG File Processing Stats

File Path                               PID    Runtime      # DAGs    # Errors  Last Runtime    Last Run
--------------------------------------  -----  ---------  --------  ----------  --------------  -------------------
/opt/airflow/dags/process_sales_dag.py                           1           0  0.81s           2025-06-16T19:47:53
================================================================================
[2025-06-16T19:48:30.684+0000] {manager.py:878} INFO - 
================================================================================
DAG File Processing Stats

File Path                               PID    Runtime      # DAGs    # Errors  Last Runtime    Last Run
--------------------------------------  -----  ---------  --------  ----------  --------------  -------------------
/opt/airflow/dags/process_sales_dag.py                           1           0  5.29s           2025-06-16T19:48:29
================================================================================
[2025-06-16T19:49:00.841+0000] {manager.py:878} INFO - 
================================================================================
DAG File Processing Stats

File Path                               PID    Runtime      # DAGs    # Errors  Last Runtime    Last Run
--------------------------------------  -----  ---------  --------  ----------  --------------  -------------------
/opt/airflow/dags/process_sales_dag.py                           1           0  0.33s           2025-06-16T19:48:59
================================================================================
[2025-06-16T19:49:31.178+0000] {manager.py:878} INFO - 
================================================================================
DAG File Processing Stats

File Path                               PID    Runtime      # DAGs    # Errors  Last Runtime    Last Run
--------------------------------------  -----  ---------  --------  ----------  --------------  -------------------
/opt/airflow/dags/process_sales_dag.py                           1           0  0.35s           2025-06-16T19:49:30
================================================================================
[2025-06-16T19:50:01.271+0000] {manager.py:878} INFO - 
================================================================================
DAG File Processing Stats

File Path                               PID    Runtime      # DAGs    # Errors  Last Runtime    Last Run
--------------------------------------  -----  ---------  --------  ----------  --------------  -------------------
/opt/airflow/dags/process_sales_dag.py                           1           0  0.34s           2025-06-16T19:50:01
================================================================================
[2025-06-16T19:50:21.568+0000] {manager.py:737} INFO - Searching for files in /opt/airflow/dags
[2025-06-16T19:50:21.605+0000] {manager.py:740} INFO - There are 1 files in /opt/airflow/dags
[2025-06-16T19:50:31.505+0000] {manager.py:878} INFO - 
================================================================================
DAG File Processing Stats

File Path                                 PID  Runtime      # DAGs    # Errors  Last Runtime    Last Run
--------------------------------------  -----  ---------  --------  ----------  --------------  -------------------
/opt/airflow/dags/process_sales_dag.py    618  0.02s             1           0  0.34s           2025-06-16T19:50:01
================================================================================
[2025-06-16T19:51:02.221+0000] {manager.py:878} INFO - 
================================================================================
DAG File Processing Stats

File Path                                 PID  Runtime      # DAGs    # Errors  Last Runtime    Last Run
--------------------------------------  -----  ---------  --------  ----------  --------------  -------------------
/opt/airflow/dags/process_sales_dag.py    623  0.01s             1           0  0.23s           2025-06-16T19:50:31
================================================================================
[2025-06-16T19:51:32.585+0000] {manager.py:878} INFO - 
================================================================================
DAG File Processing Stats

File Path                               PID    Runtime      # DAGs    # Errors  Last Runtime    Last Run
--------------------------------------  -----  ---------  --------  ----------  --------------  -------------------
/opt/airflow/dags/process_sales_dag.py                           1           0  0.53s           2025-06-16T19:51:02
================================================================================
[2025-06-16T19:52:03.149+0000] {manager.py:878} INFO - 
================================================================================
DAG File Processing Stats

File Path                               PID    Runtime      # DAGs    # Errors  Last Runtime    Last Run
--------------------------------------  -----  ---------  --------  ----------  --------------  -------------------
/opt/airflow/dags/process_sales_dag.py                           1           0  0.65s           2025-06-16T19:51:33
================================================================================
[2025-06-16T19:52:33.288+0000] {manager.py:878} INFO - 
================================================================================
DAG File Processing Stats

File Path                               PID    Runtime      # DAGs    # Errors  Last Runtime    Last Run
--------------------------------------  -----  ---------  --------  ----------  --------------  -------------------
/opt/airflow/dags/process_sales_dag.py                           1           0  0.31s           2025-06-16T19:52:04
================================================================================
[2025-06-16T19:53:03.518+0000] {manager.py:878} INFO - 
================================================================================
DAG File Processing Stats

File Path                               PID    Runtime      # DAGs    # Errors  Last Runtime    Last Run
--------------------------------------  -----  ---------  --------  ----------  --------------  -------------------
/opt/airflow/dags/process_sales_dag.py                           1           0  0.69s           2025-06-16T19:52:36
================================================================================
[2025-06-16T19:53:34.133+0000] {manager.py:878} INFO - 
================================================================================
DAG File Processing Stats

File Path                               PID    Runtime      # DAGs    # Errors  Last Runtime    Last Run
--------------------------------------  -----  ---------  --------  ----------  --------------  -------------------
/opt/airflow/dags/process_sales_dag.py                           1           0  0.51s           2025-06-16T19:53:06
================================================================================
[2025-06-16T19:54:04.673+0000] {manager.py:878} INFO - 
================================================================================
DAG File Processing Stats

File Path                               PID    Runtime      # DAGs    # Errors  Last Runtime    Last Run
--------------------------------------  -----  ---------  --------  ----------  --------------  -------------------
/opt/airflow/dags/process_sales_dag.py                           1           0  0.39s           2025-06-16T19:53:37
================================================================================
[2025-06-16T19:54:34.841+0000] {manager.py:878} INFO - 
================================================================================
DAG File Processing Stats

File Path                               PID    Runtime      # DAGs    # Errors  Last Runtime    Last Run
--------------------------------------  -----  ---------  --------  ----------  --------------  -------------------
/opt/airflow/dags/process_sales_dag.py                           1           0  1.97s           2025-06-16T19:54:09
================================================================================
[2025-06-16T19:55:04.891+0000] {manager.py:878} INFO - 
================================================================================
DAG File Processing Stats

File Path                               PID    Runtime      # DAGs    # Errors  Last Runtime    Last Run
--------------------------------------  -----  ---------  --------  ----------  --------------  -------------------
/opt/airflow/dags/process_sales_dag.py                           1           0  0.69s           2025-06-16T19:54:40
================================================================================
[2025-06-16T19:55:22.324+0000] {manager.py:737} INFO - Searching for files in /opt/airflow/dags
[2025-06-16T19:55:22.360+0000] {manager.py:740} INFO - There are 1 files in /opt/airflow/dags
[2025-06-16T19:55:35.649+0000] {manager.py:878} INFO - 
================================================================================
DAG File Processing Stats

File Path                               PID    Runtime      # DAGs    # Errors  Last Runtime    Last Run
--------------------------------------  -----  ---------  --------  ----------  --------------  -------------------
/opt/airflow/dags/process_sales_dag.py                           1           0  0.25s           2025-06-16T19:55:11
================================================================================
[2025-06-16T19:56:06.112+0000] {manager.py:878} INFO - 
================================================================================
DAG File Processing Stats

File Path                               PID    Runtime      # DAGs    # Errors  Last Runtime    Last Run
--------------------------------------  -----  ---------  --------  ----------  --------------  -------------------
/opt/airflow/dags/process_sales_dag.py                           1           0  0.33s           2025-06-16T19:55:42
================================================================================
[2025-06-16T19:56:36.386+0000] {manager.py:878} INFO - 
================================================================================
DAG File Processing Stats

File Path                               PID    Runtime      # DAGs    # Errors  Last Runtime    Last Run
--------------------------------------  -----  ---------  --------  ----------  --------------  -------------------
/opt/airflow/dags/process_sales_dag.py                           1           0  0.63s           2025-06-16T19:56:12
================================================================================
[2025-06-16T19:57:06.893+0000] {manager.py:878} INFO - 
================================================================================
DAG File Processing Stats

File Path                               PID    Runtime      # DAGs    # Errors  Last Runtime    Last Run
--------------------------------------  -----  ---------  --------  ----------  --------------  -------------------
/opt/airflow/dags/process_sales_dag.py                           1           0  0.29s           2025-06-16T19:56:43
================================================================================
[2025-06-16T19:57:37.449+0000] {manager.py:878} INFO - 
================================================================================
DAG File Processing Stats

File Path                               PID    Runtime      # DAGs    # Errors  Last Runtime    Last Run
--------------------------------------  -----  ---------  --------  ----------  --------------  -------------------
/opt/airflow/dags/process_sales_dag.py                           1           0  0.50s           2025-06-16T19:57:14
================================================================================
[2025-06-16T19:58:07.879+0000] {manager.py:878} INFO - 
================================================================================
DAG File Processing Stats

File Path                               PID    Runtime      # DAGs    # Errors  Last Runtime    Last Run
--------------------------------------  -----  ---------  --------  ----------  --------------  -------------------
/opt/airflow/dags/process_sales_dag.py                           1           0  1.80s           2025-06-16T19:57:46
================================================================================
[2025-06-16T19:58:38.468+0000] {manager.py:878} INFO - 
================================================================================
DAG File Processing Stats

File Path                               PID    Runtime      # DAGs    # Errors  Last Runtime    Last Run
--------------------------------------  -----  ---------  --------  ----------  --------------  -------------------
/opt/airflow/dags/process_sales_dag.py                           1           0  0.74s           2025-06-16T19:58:17
================================================================================
[2025-06-16T19:59:09.105+0000] {manager.py:878} INFO - 
================================================================================
DAG File Processing Stats

File Path                               PID    Runtime      # DAGs    # Errors  Last Runtime    Last Run
--------------------------------------  -----  ---------  --------  ----------  --------------  -------------------
/opt/airflow/dags/process_sales_dag.py                           1           0  0.34s           2025-06-16T19:58:47
================================================================================
[2025-06-16T19:59:39.765+0000] {manager.py:878} INFO - 
================================================================================
DAG File Processing Stats

File Path                               PID    Runtime      # DAGs    # Errors  Last Runtime    Last Run
--------------------------------------  -----  ---------  --------  ----------  --------------  -------------------
/opt/airflow/dags/process_sales_dag.py                           1           0  0.47s           2025-06-16T19:59:18
================================================================================
[2025-06-16T20:00:09.784+0000] {manager.py:878} INFO - 
================================================================================
DAG File Processing Stats

File Path                               PID    Runtime      # DAGs    # Errors  Last Runtime    Last Run
--------------------------------------  -----  ---------  --------  ----------  --------------  -------------------
/opt/airflow/dags/process_sales_dag.py                           1           0  0.37s           2025-06-16T19:59:49
================================================================================
[2025-06-16T20:00:22.415+0000] {manager.py:737} INFO - Searching for files in /opt/airflow/dags
[2025-06-16T20:00:22.613+0000] {manager.py:740} INFO - There are 1 files in /opt/airflow/dags
[2025-06-16T20:00:40.219+0000] {manager.py:878} INFO - 
================================================================================
DAG File Processing Stats

File Path                               PID    Runtime      # DAGs    # Errors  Last Runtime    Last Run
--------------------------------------  -----  ---------  --------  ----------  --------------  -------------------
/opt/airflow/dags/process_sales_dag.py                           1           0  0.45s           2025-06-16T20:00:20
================================================================================
[2025-06-16T20:01:10.682+0000] {manager.py:878} INFO - 
================================================================================
DAG File Processing Stats

File Path                               PID    Runtime      # DAGs    # Errors  Last Runtime    Last Run
--------------------------------------  -----  ---------  --------  ----------  --------------  -------------------
/opt/airflow/dags/process_sales_dag.py                           1           0  0.40s           2025-06-16T20:00:50
================================================================================
[2025-06-16T20:01:41.371+0000] {manager.py:878} INFO - 
================================================================================
DAG File Processing Stats

File Path                               PID    Runtime      # DAGs    # Errors  Last Runtime    Last Run
--------------------------------------  -----  ---------  --------  ----------  --------------  -------------------
/opt/airflow/dags/process_sales_dag.py                           1           0  0.45s           2025-06-16T20:01:21
================================================================================
[2025-06-16T20:02:11.638+0000] {manager.py:878} INFO - 
================================================================================
DAG File Processing Stats

File Path                               PID    Runtime      # DAGs    # Errors  Last Runtime    Last Run
--------------------------------------  -----  ---------  --------  ----------  --------------  -------------------
/opt/airflow/dags/process_sales_dag.py                           1           0  0.26s           2025-06-16T20:01:51
================================================================================
[2025-06-16T20:02:41.712+0000] {manager.py:878} INFO - 
================================================================================
DAG File Processing Stats

File Path                               PID    Runtime      # DAGs    # Errors  Last Runtime    Last Run
--------------------------------------  -----  ---------  --------  ----------  --------------  -------------------
/opt/airflow/dags/process_sales_dag.py                           1           0  0.56s           2025-06-16T20:02:22
================================================================================
[2025-06-16T20:03:11.891+0000] {manager.py:878} INFO - 
================================================================================
DAG File Processing Stats

File Path                               PID    Runtime      # DAGs    # Errors  Last Runtime    Last Run
--------------------------------------  -----  ---------  --------  ----------  --------------  -------------------
/opt/airflow/dags/process_sales_dag.py                           1           0  0.23s           2025-06-16T20:02:53
================================================================================
[2025-06-16T20:03:42.274+0000] {manager.py:878} INFO - 
================================================================================
DAG File Processing Stats

File Path                               PID    Runtime      # DAGs    # Errors  Last Runtime    Last Run
--------------------------------------  -----  ---------  --------  ----------  --------------  -------------------
/opt/airflow/dags/process_sales_dag.py                           1           0  0.45s           2025-06-16T20:03:23
================================================================================
[2025-06-16T20:04:12.379+0000] {manager.py:878} INFO - 
================================================================================
DAG File Processing Stats

File Path                               PID    Runtime      # DAGs    # Errors  Last Runtime    Last Run
--------------------------------------  -----  ---------  --------  ----------  --------------  -------------------
/opt/airflow/dags/process_sales_dag.py                           1           0  0.37s           2025-06-16T20:03:55
================================================================================
[2025-06-16T20:04:42.757+0000] {manager.py:878} INFO - 
================================================================================
DAG File Processing Stats

File Path                               PID    Runtime      # DAGs    # Errors  Last Runtime    Last Run
--------------------------------------  -----  ---------  --------  ----------  --------------  -------------------
/opt/airflow/dags/process_sales_dag.py                           1           0  0.59s           2025-06-16T20:04:25
================================================================================
[2025-06-16T20:05:12.975+0000] {manager.py:878} INFO - 
================================================================================
DAG File Processing Stats

File Path                               PID    Runtime      # DAGs    # Errors  Last Runtime    Last Run
--------------------------------------  -----  ---------  --------  ----------  --------------  -------------------
/opt/airflow/dags/process_sales_dag.py                           1           0  0.81s           2025-06-16T20:04:56
================================================================================
[2025-06-16T20:05:22.864+0000] {manager.py:737} INFO - Searching for files in /opt/airflow/dags
[2025-06-16T20:05:22.910+0000] {manager.py:740} INFO - There are 1 files in /opt/airflow/dags
[2025-06-16T20:05:43.138+0000] {manager.py:878} INFO - 
================================================================================
DAG File Processing Stats

File Path                               PID    Runtime      # DAGs    # Errors  Last Runtime    Last Run
--------------------------------------  -----  ---------  --------  ----------  --------------  -------------------
/opt/airflow/dags/process_sales_dag.py                           1           0  0.99s           2025-06-16T20:05:27
================================================================================
[2025-06-16T20:06:14.025+0000] {manager.py:878} INFO - 
================================================================================
DAG File Processing Stats

File Path                               PID    Runtime      # DAGs    # Errors  Last Runtime    Last Run
--------------------------------------  -----  ---------  --------  ----------  --------------  -------------------
/opt/airflow/dags/process_sales_dag.py                           1           0  1.61s           2025-06-16T20:05:59
================================================================================
[2025-06-16T20:06:44.244+0000] {manager.py:878} INFO - 
================================================================================
DAG File Processing Stats

File Path                               PID    Runtime      # DAGs    # Errors  Last Runtime    Last Run
--------------------------------------  -----  ---------  --------  ----------  --------------  -------------------
/opt/airflow/dags/process_sales_dag.py                           1           0  0.61s           2025-06-16T20:06:31
================================================================================
[2025-06-16T20:07:14.766+0000] {manager.py:878} INFO - 
================================================================================
DAG File Processing Stats

File Path                               PID    Runtime      # DAGs    # Errors  Last Runtime    Last Run
--------------------------------------  -----  ---------  --------  ----------  --------------  -------------------
/opt/airflow/dags/process_sales_dag.py                           1           0  2.27s           2025-06-16T20:07:04
================================================================================
[2025-06-16T20:07:45.210+0000] {manager.py:878} INFO - 
================================================================================
DAG File Processing Stats

File Path                               PID    Runtime      # DAGs    # Errors  Last Runtime    Last Run
--------------------------------------  -----  ---------  --------  ----------  --------------  -------------------
/opt/airflow/dags/process_sales_dag.py                           1           0  1.18s           2025-06-16T20:07:36
================================================================================
[2025-06-16T20:08:15.773+0000] {manager.py:878} INFO - 
================================================================================
DAG File Processing Stats

File Path                               PID    Runtime      # DAGs    # Errors  Last Runtime    Last Run
--------------------------------------  -----  ---------  --------  ----------  --------------  -------------------
/opt/airflow/dags/process_sales_dag.py                           1           0  0.88s           2025-06-16T20:08:07
================================================================================
[2025-06-16T20:08:46.800+0000] {manager.py:878} INFO - 
================================================================================
DAG File Processing Stats

File Path                               PID    Runtime      # DAGs    # Errors  Last Runtime    Last Run
--------------------------------------  -----  ---------  --------  ----------  --------------  -------------------
/opt/airflow/dags/process_sales_dag.py                           1           0  2.11s           2025-06-16T20:08:40
================================================================================
[2025-06-16T20:09:17.214+0000] {manager.py:878} INFO - 
================================================================================
DAG File Processing Stats

File Path                               PID    Runtime      # DAGs    # Errors  Last Runtime    Last Run
--------------------------------------  -----  ---------  --------  ----------  --------------  -------------------
/opt/airflow/dags/process_sales_dag.py                           1           0  0.62s           2025-06-16T20:09:12
================================================================================
[2025-06-16T20:09:47.544+0000] {manager.py:878} INFO - 
================================================================================
DAG File Processing Stats

File Path                               PID    Runtime      # DAGs    # Errors  Last Runtime    Last Run
--------------------------------------  -----  ---------  --------  ----------  --------------  -------------------
/opt/airflow/dags/process_sales_dag.py                           1           0  0.31s           2025-06-16T20:09:42
================================================================================
[2025-06-16T20:10:18.038+0000] {manager.py:878} INFO - 
================================================================================
DAG File Processing Stats

File Path                               PID    Runtime      # DAGs    # Errors  Last Runtime    Last Run
--------------------------------------  -----  ---------  --------  ----------  --------------  -------------------
/opt/airflow/dags/process_sales_dag.py                           1           0  0.25s           2025-06-16T20:10:13
================================================================================
[2025-06-16T20:10:23.340+0000] {manager.py:737} INFO - Searching for files in /opt/airflow/dags
[2025-06-16T20:10:23.668+0000] {manager.py:740} INFO - There are 1 files in /opt/airflow/dags
[2025-06-16T20:10:48.118+0000] {manager.py:878} INFO - 
================================================================================
DAG File Processing Stats

File Path                               PID    Runtime      # DAGs    # Errors  Last Runtime    Last Run
--------------------------------------  -----  ---------  --------  ----------  --------------  -------------------
/opt/airflow/dags/process_sales_dag.py                           1           0  0.53s           2025-06-16T20:10:44
================================================================================
[2025-06-16T20:11:18.347+0000] {manager.py:878} INFO - 
================================================================================
DAG File Processing Stats

File Path                               PID    Runtime      # DAGs    # Errors  Last Runtime    Last Run
--------------------------------------  -----  ---------  --------  ----------  --------------  -------------------
/opt/airflow/dags/process_sales_dag.py                           1           0  2.02s           2025-06-16T20:11:17
================================================================================
[2025-06-16T20:11:48.619+0000] {manager.py:878} INFO - 
================================================================================
DAG File Processing Stats

File Path                               PID    Runtime      # DAGs    # Errors  Last Runtime    Last Run
--------------------------------------  -----  ---------  --------  ----------  --------------  -------------------
/opt/airflow/dags/process_sales_dag.py                           1           0  0.56s           2025-06-16T20:11:48
================================================================================
[2025-06-16T20:12:18.950+0000] {manager.py:878} INFO - 
================================================================================
DAG File Processing Stats

File Path                                 PID  Runtime      # DAGs    # Errors  Last Runtime    Last Run
--------------------------------------  -----  ---------  --------  ----------  --------------  -------------------
/opt/airflow/dags/process_sales_dag.py    828  0.03s             1           0  0.56s           2025-06-16T20:11:48
================================================================================
[2025-06-16T20:12:49.446+0000] {manager.py:878} INFO - 
================================================================================
DAG File Processing Stats

File Path                                 PID  Runtime      # DAGs    # Errors  Last Runtime    Last Run
--------------------------------------  -----  ---------  --------  ----------  --------------  -------------------
/opt/airflow/dags/process_sales_dag.py    833  0.02s             1           0  0.43s           2025-06-16T20:12:19
================================================================================
[2025-06-16T20:13:20.067+0000] {manager.py:878} INFO - 
================================================================================
DAG File Processing Stats

File Path                               PID    Runtime      # DAGs    # Errors  Last Runtime    Last Run
--------------------------------------  -----  ---------  --------  ----------  --------------  -------------------
/opt/airflow/dags/process_sales_dag.py                           1           0  0.73s           2025-06-16T20:12:50
================================================================================
[2025-06-16T20:13:50.300+0000] {manager.py:878} INFO - 
================================================================================
DAG File Processing Stats

File Path                               PID    Runtime      # DAGs    # Errors  Last Runtime    Last Run
--------------------------------------  -----  ---------  --------  ----------  --------------  -------------------
/opt/airflow/dags/process_sales_dag.py                           1           0  0.43s           2025-06-16T20:13:21
================================================================================
[2025-06-16T20:14:20.620+0000] {manager.py:878} INFO - 
================================================================================
DAG File Processing Stats

File Path                               PID    Runtime      # DAGs    # Errors  Last Runtime    Last Run
--------------------------------------  -----  ---------  --------  ----------  --------------  -------------------
/opt/airflow/dags/process_sales_dag.py                           1           0  1.30s           2025-06-16T20:13:52
================================================================================
[2025-06-16T20:14:50.945+0000] {manager.py:878} INFO - 
================================================================================
DAG File Processing Stats

File Path                               PID    Runtime      # DAGs    # Errors  Last Runtime    Last Run
--------------------------------------  -----  ---------  --------  ----------  --------------  -------------------
/opt/airflow/dags/process_sales_dag.py                           1           0  2.98s           2025-06-16T20:14:26
================================================================================
[2025-06-16T20:15:21.231+0000] {manager.py:878} INFO - 
================================================================================
DAG File Processing Stats

File Path                               PID    Runtime      # DAGs    # Errors  Last Runtime    Last Run
--------------------------------------  -----  ---------  --------  ----------  --------------  -------------------
/opt/airflow/dags/process_sales_dag.py                           1           0  2.91s           2025-06-16T20:15:02
================================================================================
[2025-06-16T20:15:23.867+0000] {manager.py:737} INFO - Searching for files in /opt/airflow/dags
[2025-06-16T20:15:25.013+0000] {manager.py:740} INFO - There are 1 files in /opt/airflow/dags
[2025-06-16T20:15:29.972+0000] {manager.py:452} INFO - Exiting gracefully upon receiving signal 15
[2025-06-16T20:42:43.319+0000] {manager.py:470} INFO - Processing files using up to 2 processes at a time 
[2025-06-16T20:42:43.332+0000] {manager.py:471} INFO - Process each file at most once every 30 seconds
[2025-06-16T20:42:43.338+0000] {manager.py:472} INFO - Checking for new files in /opt/airflow/dags every 300 seconds
[2025-06-16T20:42:43.346+0000] {manager.py:737} INFO - Searching for files in /opt/airflow/dags
[2025-06-16T20:42:43.450+0000] {manager.py:740} INFO - There are 1 files in /opt/airflow/dags
[2025-06-16T20:42:44.119+0000] {manager.py:878} INFO - 
================================================================================
DAG File Processing Stats

File Path                                 PID  Runtime      # DAGs    # Errors  Last Runtime    Last Run
--------------------------------------  -----  ---------  --------  ----------  --------------  ----------
/opt/airflow/dags/process_sales_dag.py    157  0.30s             0           0
================================================================================
[2025-06-16T20:43:14.145+0000] {manager.py:878} INFO - 
================================================================================
DAG File Processing Stats

File Path                               PID    Runtime      # DAGs    # Errors  Last Runtime    Last Run
--------------------------------------  -----  ---------  --------  ----------  --------------  -------------------
/opt/airflow/dags/process_sales_dag.py                           1           0  0.84s           2025-06-16T20:42:44
================================================================================
[2025-06-16T20:43:44.447+0000] {manager.py:878} INFO - 
================================================================================
DAG File Processing Stats

File Path                               PID    Runtime      # DAGs    # Errors  Last Runtime    Last Run
--------------------------------------  -----  ---------  --------  ----------  --------------  -------------------
/opt/airflow/dags/process_sales_dag.py                           1           0  1.88s           2025-06-16T20:43:17
================================================================================
[2025-06-16T20:44:15.129+0000] {manager.py:878} INFO - 
================================================================================
DAG File Processing Stats

File Path                               PID    Runtime      # DAGs    # Errors  Last Runtime    Last Run
--------------------------------------  -----  ---------  --------  ----------  --------------  -------------------
/opt/airflow/dags/process_sales_dag.py                           1           0  0.97s           2025-06-16T20:43:48
================================================================================
[2025-06-16T20:44:45.762+0000] {manager.py:878} INFO - 
================================================================================
DAG File Processing Stats

File Path                               PID    Runtime      # DAGs    # Errors  Last Runtime    Last Run
--------------------------------------  -----  ---------  --------  ----------  --------------  -------------------
/opt/airflow/dags/process_sales_dag.py                           1           0  4.29s           2025-06-16T20:44:23
================================================================================
[2025-06-16T20:45:15.937+0000] {manager.py:878} INFO - 
================================================================================
DAG File Processing Stats

File Path                               PID    Runtime      # DAGs    # Errors  Last Runtime    Last Run
--------------------------------------  -----  ---------  --------  ----------  --------------  -------------------
/opt/airflow/dags/process_sales_dag.py                           1           0  1.57s           2025-06-16T20:44:55
================================================================================
[2025-06-16T20:45:46.750+0000] {manager.py:878} INFO - 
================================================================================
DAG File Processing Stats

File Path                               PID    Runtime      # DAGs    # Errors  Last Runtime    Last Run
--------------------------------------  -----  ---------  --------  ----------  --------------  -------------------
/opt/airflow/dags/process_sales_dag.py                           1           0  0.70s           2025-06-16T20:45:26
================================================================================
[2025-06-16T20:46:16.859+0000] {manager.py:878} INFO - 
================================================================================
DAG File Processing Stats

File Path                               PID    Runtime      # DAGs    # Errors  Last Runtime    Last Run
--------------------------------------  -----  ---------  --------  ----------  --------------  -------------------
/opt/airflow/dags/process_sales_dag.py                           1           0  0.64s           2025-06-16T20:45:57
================================================================================
[2025-06-16T20:46:46.869+0000] {manager.py:878} INFO - 
================================================================================
DAG File Processing Stats

File Path                               PID    Runtime      # DAGs    # Errors  Last Runtime    Last Run
--------------------------------------  -----  ---------  --------  ----------  --------------  -------------------
/opt/airflow/dags/process_sales_dag.py                           1           0  0.50s           2025-06-16T20:46:28
================================================================================
[2025-06-16T20:47:17.491+0000] {manager.py:878} INFO - 
================================================================================
DAG File Processing Stats

File Path                               PID    Runtime      # DAGs    # Errors  Last Runtime    Last Run
--------------------------------------  -----  ---------  --------  ----------  --------------  -------------------
/opt/airflow/dags/process_sales_dag.py                           1           0  3.19s           2025-06-16T20:47:02
================================================================================
[2025-06-16T20:47:43.732+0000] {manager.py:737} INFO - Searching for files in /opt/airflow/dags
[2025-06-16T20:47:43.794+0000] {manager.py:740} INFO - There are 1 files in /opt/airflow/dags
[2025-06-16T20:47:47.951+0000] {manager.py:878} INFO - 
================================================================================
DAG File Processing Stats

File Path                               PID    Runtime      # DAGs    # Errors  Last Runtime    Last Run
--------------------------------------  -----  ---------  --------  ----------  --------------  -------------------
/opt/airflow/dags/process_sales_dag.py                           1           0  1.89s           2025-06-16T20:47:35
================================================================================
[2025-06-16T20:48:18.801+0000] {manager.py:878} INFO - 
================================================================================
DAG File Processing Stats

File Path                               PID    Runtime      # DAGs    # Errors  Last Runtime    Last Run
--------------------------------------  -----  ---------  --------  ----------  --------------  -------------------
/opt/airflow/dags/process_sales_dag.py                           1           0  0.25s           2025-06-16T20:48:05
================================================================================
[2025-06-16T20:48:48.861+0000] {manager.py:878} INFO - 
================================================================================
DAG File Processing Stats

File Path                               PID    Runtime      # DAGs    # Errors  Last Runtime    Last Run
--------------------------------------  -----  ---------  --------  ----------  --------------  -------------------
/opt/airflow/dags/process_sales_dag.py                           1           0  1.25s           2025-06-16T20:48:37
================================================================================
[2025-06-16T20:49:19.278+0000] {manager.py:878} INFO - 
================================================================================
DAG File Processing Stats

File Path                               PID    Runtime      # DAGs    # Errors  Last Runtime    Last Run
--------------------------------------  -----  ---------  --------  ----------  --------------  -------------------
/opt/airflow/dags/process_sales_dag.py                           1           0  0.32s           2025-06-16T20:49:08
================================================================================
[2025-06-16T20:49:49.626+0000] {manager.py:878} INFO - 
================================================================================
DAG File Processing Stats

File Path                               PID    Runtime      # DAGs    # Errors  Last Runtime    Last Run
--------------------------------------  -----  ---------  --------  ----------  --------------  -------------------
/opt/airflow/dags/process_sales_dag.py                           1           0  0.33s           2025-06-16T20:49:39
================================================================================
[2025-06-16T20:50:19.772+0000] {manager.py:878} INFO - 
================================================================================
DAG File Processing Stats

File Path                               PID    Runtime      # DAGs    # Errors  Last Runtime    Last Run
--------------------------------------  -----  ---------  --------  ----------  --------------  -------------------
/opt/airflow/dags/process_sales_dag.py                           1           0  1.86s           2025-06-16T20:50:11
================================================================================
[2025-06-16T20:50:50.392+0000] {manager.py:878} INFO - 
================================================================================
DAG File Processing Stats

File Path                               PID    Runtime      # DAGs    # Errors  Last Runtime    Last Run
--------------------------------------  -----  ---------  --------  ----------  --------------  -------------------
/opt/airflow/dags/process_sales_dag.py                           1           0  4.01s           2025-06-16T20:50:45
================================================================================
[2025-06-16T20:51:20.513+0000] {manager.py:878} INFO - 
================================================================================
DAG File Processing Stats

File Path                               PID    Runtime      # DAGs    # Errors  Last Runtime    Last Run
--------------------------------------  -----  ---------  --------  ----------  --------------  -------------------
/opt/airflow/dags/process_sales_dag.py                           1           0  0.23s           2025-06-16T20:51:15
================================================================================
[2025-06-16T20:51:51.018+0000] {manager.py:878} INFO - 
================================================================================
DAG File Processing Stats

File Path                               PID    Runtime      # DAGs    # Errors  Last Runtime    Last Run
--------------------------------------  -----  ---------  --------  ----------  --------------  -------------------
/opt/airflow/dags/process_sales_dag.py                           1           0  0.35s           2025-06-16T20:51:46
================================================================================
[2025-06-16T20:52:21.974+0000] {manager.py:878} INFO - 
================================================================================
DAG File Processing Stats

File Path                               PID    Runtime      # DAGs    # Errors  Last Runtime    Last Run
--------------------------------------  -----  ---------  --------  ----------  --------------  -------------------
/opt/airflow/dags/process_sales_dag.py                           1           0  0.27s           2025-06-16T20:52:16
================================================================================
[2025-06-16T20:52:44.473+0000] {manager.py:737} INFO - Searching for files in /opt/airflow/dags
[2025-06-16T20:52:44.534+0000] {manager.py:740} INFO - There are 1 files in /opt/airflow/dags
[2025-06-16T20:52:52.077+0000] {manager.py:878} INFO - 
================================================================================
DAG File Processing Stats

File Path                               PID    Runtime      # DAGs    # Errors  Last Runtime    Last Run
--------------------------------------  -----  ---------  --------  ----------  --------------  -------------------
/opt/airflow/dags/process_sales_dag.py                           1           0  0.40s           2025-06-16T20:52:48
================================================================================
[2025-06-16T20:53:22.678+0000] {manager.py:878} INFO - 
================================================================================
DAG File Processing Stats

File Path                               PID    Runtime      # DAGs    # Errors  Last Runtime    Last Run
--------------------------------------  -----  ---------  --------  ----------  --------------  -------------------
/opt/airflow/dags/process_sales_dag.py                           1           0  1.67s           2025-06-16T20:53:19
================================================================================
[2025-06-16T20:53:52.769+0000] {manager.py:878} INFO - 
================================================================================
DAG File Processing Stats

File Path                               PID    Runtime      # DAGs    # Errors  Last Runtime    Last Run
--------------------------------------  -----  ---------  --------  ----------  --------------  -------------------
/opt/airflow/dags/process_sales_dag.py                           1           0  0.54s           2025-06-16T20:53:50
================================================================================
[2025-06-16T20:54:23.281+0000] {manager.py:878} INFO - 
================================================================================
DAG File Processing Stats

File Path                               PID    Runtime      # DAGs    # Errors  Last Runtime    Last Run
--------------------------------------  -----  ---------  --------  ----------  --------------  -------------------
/opt/airflow/dags/process_sales_dag.py                           1           0  1.57s           2025-06-16T20:54:22
================================================================================
[2025-06-16T20:54:54.084+0000] {manager.py:878} INFO - 
================================================================================
DAG File Processing Stats

File Path                               PID    Runtime      # DAGs    # Errors  Last Runtime    Last Run
--------------------------------------  -----  ---------  --------  ----------  --------------  -------------------
/opt/airflow/dags/process_sales_dag.py                           1           0  0.21s           2025-06-16T20:54:53
================================================================================
[2025-06-16T20:55:24.512+0000] {manager.py:878} INFO - 
================================================================================
DAG File Processing Stats

File Path                               PID    Runtime      # DAGs    # Errors  Last Runtime    Last Run
--------------------------------------  -----  ---------  --------  ----------  --------------  -------------------
/opt/airflow/dags/process_sales_dag.py                           1           0  0.45s           2025-06-16T20:55:23
================================================================================
[2025-06-16T20:55:55.263+0000] {manager.py:878} INFO - 
================================================================================
DAG File Processing Stats

File Path                               PID    Runtime      # DAGs    # Errors  Last Runtime    Last Run
--------------------------------------  -----  ---------  --------  ----------  --------------  -------------------
/opt/airflow/dags/process_sales_dag.py                           1           0  0.22s           2025-06-16T20:55:54
================================================================================
[2025-06-16T20:56:25.829+0000] {manager.py:878} INFO - 
================================================================================
DAG File Processing Stats

File Path                               PID    Runtime      # DAGs    # Errors  Last Runtime    Last Run
--------------------------------------  -----  ---------  --------  ----------  --------------  -------------------
/opt/airflow/dags/process_sales_dag.py                           1           0  0.75s           2025-06-16T20:56:25
================================================================================
[2025-06-16T20:56:56.129+0000] {manager.py:878} INFO - 
================================================================================
DAG File Processing Stats

File Path                                 PID  Runtime      # DAGs    # Errors  Last Runtime    Last Run
--------------------------------------  -----  ---------  --------  ----------  --------------  -------------------
/opt/airflow/dags/process_sales_dag.py    599  0.02s             1           0  0.75s           2025-06-16T20:56:25
================================================================================
[2025-06-16T20:57:26.214+0000] {manager.py:878} INFO - 
================================================================================
DAG File Processing Stats

File Path                               PID    Runtime      # DAGs    # Errors  Last Runtime    Last Run
--------------------------------------  -----  ---------  --------  ----------  --------------  -------------------
/opt/airflow/dags/process_sales_dag.py                           1           0  0.77s           2025-06-16T20:56:56
================================================================================
[2025-06-16T20:57:44.723+0000] {manager.py:737} INFO - Searching for files in /opt/airflow/dags
[2025-06-16T20:57:44.794+0000] {manager.py:740} INFO - There are 1 files in /opt/airflow/dags
[2025-06-16T20:57:56.440+0000] {manager.py:878} INFO - 
================================================================================
DAG File Processing Stats

File Path                               PID    Runtime      # DAGs    # Errors  Last Runtime    Last Run
--------------------------------------  -----  ---------  --------  ----------  --------------  -------------------
/opt/airflow/dags/process_sales_dag.py                           1           0  1.34s           2025-06-16T20:57:28
================================================================================
[2025-06-16T20:58:26.947+0000] {manager.py:878} INFO - 
================================================================================
DAG File Processing Stats

File Path                               PID    Runtime      # DAGs    # Errors  Last Runtime    Last Run
--------------------------------------  -----  ---------  --------  ----------  --------------  -------------------
/opt/airflow/dags/process_sales_dag.py                           1           0  1.12s           2025-06-16T20:57:59
================================================================================
[2025-06-16T20:58:57.621+0000] {manager.py:878} INFO - 
================================================================================
DAG File Processing Stats

File Path                               PID    Runtime      # DAGs    # Errors  Last Runtime    Last Run
--------------------------------------  -----  ---------  --------  ----------  --------------  -------------------
/opt/airflow/dags/process_sales_dag.py                           1           0  4.66s           2025-06-16T20:58:35
================================================================================
[2025-06-16T20:59:27.764+0000] {manager.py:878} INFO - 
================================================================================
DAG File Processing Stats

File Path                               PID    Runtime      # DAGs    # Errors  Last Runtime    Last Run
--------------------------------------  -----  ---------  --------  ----------  --------------  -------------------
/opt/airflow/dags/process_sales_dag.py                           1           0  0.51s           2025-06-16T20:59:06
================================================================================
[2025-06-16T20:59:57.927+0000] {manager.py:878} INFO - 
================================================================================
DAG File Processing Stats

File Path                               PID    Runtime      # DAGs    # Errors  Last Runtime    Last Run
--------------------------------------  -----  ---------  --------  ----------  --------------  -------------------
/opt/airflow/dags/process_sales_dag.py                           1           0  0.79s           2025-06-16T20:59:37
================================================================================
[2025-06-16T21:00:28.095+0000] {manager.py:878} INFO - 
================================================================================
DAG File Processing Stats

File Path                               PID    Runtime      # DAGs    # Errors  Last Runtime    Last Run
--------------------------------------  -----  ---------  --------  ----------  --------------  -------------------
/opt/airflow/dags/process_sales_dag.py                           1           0  4.62s           2025-06-16T21:00:12
================================================================================
[2025-06-16T21:00:58.761+0000] {manager.py:878} INFO - 
================================================================================
DAG File Processing Stats

File Path                               PID    Runtime      # DAGs    # Errors  Last Runtime    Last Run
--------------------------------------  -----  ---------  --------  ----------  --------------  -------------------
/opt/airflow/dags/process_sales_dag.py                           1           0  1.36s           2025-06-16T21:00:44
================================================================================
[2025-06-16T21:01:28.922+0000] {manager.py:878} INFO - 
================================================================================
DAG File Processing Stats

File Path                               PID    Runtime      # DAGs    # Errors  Last Runtime    Last Run
--------------------------------------  -----  ---------  --------  ----------  --------------  -------------------
/opt/airflow/dags/process_sales_dag.py                           1           0  0.22s           2025-06-16T21:01:15
================================================================================
[2025-06-16T21:01:59.483+0000] {manager.py:878} INFO - 
================================================================================
DAG File Processing Stats

File Path                               PID    Runtime      # DAGs    # Errors  Last Runtime    Last Run
--------------------------------------  -----  ---------  --------  ----------  --------------  -------------------
/opt/airflow/dags/process_sales_dag.py                           1           0  0.21s           2025-06-16T21:01:46
================================================================================
[2025-06-16T21:02:29.862+0000] {manager.py:878} INFO - 
================================================================================
DAG File Processing Stats

File Path                               PID    Runtime      # DAGs    # Errors  Last Runtime    Last Run
--------------------------------------  -----  ---------  --------  ----------  --------------  -------------------
/opt/airflow/dags/process_sales_dag.py                           1           0  0.21s           2025-06-16T21:02:16
================================================================================
[2025-06-16T21:02:45.496+0000] {manager.py:737} INFO - Searching for files in /opt/airflow/dags
[2025-06-16T21:02:45.564+0000] {manager.py:740} INFO - There are 1 files in /opt/airflow/dags
[2025-06-16T21:03:00.068+0000] {manager.py:878} INFO - 
================================================================================
DAG File Processing Stats

File Path                               PID    Runtime      # DAGs    # Errors  Last Runtime    Last Run
--------------------------------------  -----  ---------  --------  ----------  --------------  -------------------
/opt/airflow/dags/process_sales_dag.py                           1           0  0.27s           2025-06-16T21:02:46
================================================================================
[2025-06-16T21:03:30.234+0000] {manager.py:878} INFO - 
================================================================================
DAG File Processing Stats

File Path                               PID    Runtime      # DAGs    # Errors  Last Runtime    Last Run
--------------------------------------  -----  ---------  --------  ----------  --------------  -------------------
/opt/airflow/dags/process_sales_dag.py                           1           0  0.30s           2025-06-16T21:03:17
================================================================================
[2025-06-16T21:04:00.290+0000] {manager.py:878} INFO - 
================================================================================
DAG File Processing Stats

File Path                               PID    Runtime      # DAGs    # Errors  Last Runtime    Last Run
--------------------------------------  -----  ---------  --------  ----------  --------------  -------------------
/opt/airflow/dags/process_sales_dag.py                           1           0  0.44s           2025-06-16T21:03:48
================================================================================
[2025-06-16T21:04:30.698+0000] {manager.py:878} INFO - 
================================================================================
DAG File Processing Stats

File Path                               PID    Runtime      # DAGs    # Errors  Last Runtime    Last Run
--------------------------------------  -----  ---------  --------  ----------  --------------  -------------------
/opt/airflow/dags/process_sales_dag.py                           1           0  0.38s           2025-06-16T21:04:19
================================================================================
[2025-06-16T21:05:00.863+0000] {manager.py:878} INFO - 
================================================================================
DAG File Processing Stats

File Path                               PID    Runtime      # DAGs    # Errors  Last Runtime    Last Run
--------------------------------------  -----  ---------  --------  ----------  --------------  -------------------
/opt/airflow/dags/process_sales_dag.py                           1           0  0.49s           2025-06-16T21:04:50
================================================================================
[2025-06-16T21:05:31.127+0000] {manager.py:878} INFO - 
================================================================================
DAG File Processing Stats

File Path                               PID    Runtime      # DAGs    # Errors  Last Runtime    Last Run
--------------------------------------  -----  ---------  --------  ----------  --------------  -------------------
/opt/airflow/dags/process_sales_dag.py                           1           0  0.30s           2025-06-16T21:05:20
================================================================================
[2025-06-16T21:06:01.581+0000] {manager.py:878} INFO - 
================================================================================
DAG File Processing Stats

File Path                               PID    Runtime      # DAGs    # Errors  Last Runtime    Last Run
--------------------------------------  -----  ---------  --------  ----------  --------------  -------------------
/opt/airflow/dags/process_sales_dag.py                           1           0  0.28s           2025-06-16T21:05:51
================================================================================
[2025-06-16T21:06:32.466+0000] {manager.py:878} INFO - 
================================================================================
DAG File Processing Stats

File Path                               PID    Runtime      # DAGs    # Errors  Last Runtime    Last Run
--------------------------------------  -----  ---------  --------  ----------  --------------  -------------------
/opt/airflow/dags/process_sales_dag.py                           1           0  0.47s           2025-06-16T21:06:22
================================================================================
[2025-06-16T21:07:02.896+0000] {manager.py:878} INFO - 
================================================================================
DAG File Processing Stats

File Path                               PID    Runtime      # DAGs    # Errors  Last Runtime    Last Run
--------------------------------------  -----  ---------  --------  ----------  --------------  -------------------
/opt/airflow/dags/process_sales_dag.py                           1           0  0.71s           2025-06-16T21:06:53
================================================================================
[2025-06-16T21:07:33.123+0000] {manager.py:878} INFO - 
================================================================================
DAG File Processing Stats

File Path                               PID    Runtime      # DAGs    # Errors  Last Runtime    Last Run
--------------------------------------  -----  ---------  --------  ----------  --------------  -------------------
/opt/airflow/dags/process_sales_dag.py                           1           0  1.04s           2025-06-16T21:07:25
================================================================================
[2025-06-16T21:07:45.715+0000] {manager.py:737} INFO - Searching for files in /opt/airflow/dags
[2025-06-16T21:07:45.981+0000] {manager.py:740} INFO - There are 1 files in /opt/airflow/dags
[2025-06-16T21:08:03.174+0000] {manager.py:878} INFO - 
================================================================================
DAG File Processing Stats

File Path                               PID    Runtime      # DAGs    # Errors  Last Runtime    Last Run
--------------------------------------  -----  ---------  --------  ----------  --------------  -------------------
/opt/airflow/dags/process_sales_dag.py                           1           0  0.70s           2025-06-16T21:07:55
================================================================================
[2025-06-16T21:08:33.875+0000] {manager.py:878} INFO - 
================================================================================
DAG File Processing Stats

File Path                               PID    Runtime      # DAGs    # Errors  Last Runtime    Last Run
--------------------------------------  -----  ---------  --------  ----------  --------------  -------------------
/opt/airflow/dags/process_sales_dag.py                           1           0  0.73s           2025-06-16T21:08:26
================================================================================
[2025-06-16T21:09:04.436+0000] {manager.py:878} INFO - 
================================================================================
DAG File Processing Stats

File Path                               PID    Runtime      # DAGs    # Errors  Last Runtime    Last Run
--------------------------------------  -----  ---------  --------  ----------  --------------  -------------------
/opt/airflow/dags/process_sales_dag.py                           1           0  0.96s           2025-06-16T21:08:57
================================================================================
[2025-06-16T21:09:34.804+0000] {manager.py:878} INFO - 
================================================================================
DAG File Processing Stats

File Path                               PID    Runtime      # DAGs    # Errors  Last Runtime    Last Run
--------------------------------------  -----  ---------  --------  ----------  --------------  -------------------
/opt/airflow/dags/process_sales_dag.py                           1           0  1.68s           2025-06-16T21:09:30
================================================================================
[2025-06-16T21:10:05.307+0000] {manager.py:878} INFO - 
================================================================================
DAG File Processing Stats

File Path                               PID    Runtime      # DAGs    # Errors  Last Runtime    Last Run
--------------------------------------  -----  ---------  --------  ----------  --------------  -------------------
/opt/airflow/dags/process_sales_dag.py                           1           0  0.99s           2025-06-16T21:10:01
================================================================================
[2025-06-16T21:10:35.378+0000] {manager.py:878} INFO - 
================================================================================
DAG File Processing Stats

File Path                               PID    Runtime      # DAGs    # Errors  Last Runtime    Last Run
--------------------------------------  -----  ---------  --------  ----------  --------------  -------------------
/opt/airflow/dags/process_sales_dag.py                           1           0  0.57s           2025-06-16T21:10:32
================================================================================
[2025-06-16T21:11:05.787+0000] {manager.py:878} INFO - 
================================================================================
DAG File Processing Stats

File Path                               PID    Runtime      # DAGs    # Errors  Last Runtime    Last Run
--------------------------------------  -----  ---------  --------  ----------  --------------  -------------------
/opt/airflow/dags/process_sales_dag.py                           1           0  1.74s           2025-06-16T21:11:04
================================================================================
[2025-06-16T21:11:35.930+0000] {manager.py:878} INFO - 
================================================================================
DAG File Processing Stats

File Path                                 PID  Runtime      # DAGs    # Errors  Last Runtime    Last Run
--------------------------------------  -----  ---------  --------  ----------  --------------  -------------------
/opt/airflow/dags/process_sales_dag.py    739  0.49s             1           0  1.74s           2025-06-16T21:11:04
================================================================================
[2025-06-16T21:12:06.696+0000] {manager.py:878} INFO - 
================================================================================
DAG File Processing Stats

File Path                               PID    Runtime      # DAGs    # Errors  Last Runtime    Last Run
--------------------------------------  -----  ---------  --------  ----------  --------------  -------------------
/opt/airflow/dags/process_sales_dag.py                           1           0  3.65s           2025-06-16T21:11:39
================================================================================
[2025-06-16T21:12:37.423+0000] {manager.py:878} INFO - 
================================================================================
DAG File Processing Stats

File Path                               PID    Runtime      # DAGs    # Errors  Last Runtime    Last Run
--------------------------------------  -----  ---------  --------  ----------  --------------  -------------------
/opt/airflow/dags/process_sales_dag.py                           1           0  0.55s           2025-06-16T21:12:10
================================================================================
[2025-06-16T21:12:45.827+0000] {manager.py:737} INFO - Searching for files in /opt/airflow/dags
[2025-06-16T21:12:46.016+0000] {manager.py:740} INFO - There are 1 files in /opt/airflow/dags
[2025-06-16T21:13:07.670+0000] {manager.py:878} INFO - 
================================================================================
DAG File Processing Stats

File Path                               PID    Runtime      # DAGs    # Errors  Last Runtime    Last Run
--------------------------------------  -----  ---------  --------  ----------  --------------  -------------------
/opt/airflow/dags/process_sales_dag.py                           1           0  0.30s           2025-06-16T21:12:40
================================================================================
[2025-06-16T21:13:37.678+0000] {manager.py:878} INFO - 
================================================================================
DAG File Processing Stats

File Path                               PID    Runtime      # DAGs    # Errors  Last Runtime    Last Run
--------------------------------------  -----  ---------  --------  ----------  --------------  -------------------
/opt/airflow/dags/process_sales_dag.py                           1           0  0.64s           2025-06-16T21:13:11
================================================================================
[2025-06-16T21:14:07.776+0000] {manager.py:878} INFO - 
================================================================================
DAG File Processing Stats

File Path                               PID    Runtime      # DAGs    # Errors  Last Runtime    Last Run
--------------------------------------  -----  ---------  --------  ----------  --------------  -------------------
/opt/airflow/dags/process_sales_dag.py                           1           0  0.39s           2025-06-16T21:13:42
================================================================================
[2025-06-16T21:14:37.950+0000] {manager.py:878} INFO - 
================================================================================
DAG File Processing Stats

File Path                               PID    Runtime      # DAGs    # Errors  Last Runtime    Last Run
--------------------------------------  -----  ---------  --------  ----------  --------------  -------------------
/opt/airflow/dags/process_sales_dag.py                           1           0  0.56s           2025-06-16T21:14:13
================================================================================
[2025-06-16T21:15:08.170+0000] {manager.py:878} INFO - 
================================================================================
DAG File Processing Stats

File Path                               PID    Runtime      # DAGs    # Errors  Last Runtime    Last Run
--------------------------------------  -----  ---------  --------  ----------  --------------  -------------------
/opt/airflow/dags/process_sales_dag.py                           1           0  0.42s           2025-06-16T21:14:43
================================================================================
[2025-06-16T21:15:38.747+0000] {manager.py:878} INFO - 
================================================================================
DAG File Processing Stats

File Path                               PID    Runtime      # DAGs    # Errors  Last Runtime    Last Run
--------------------------------------  -----  ---------  --------  ----------  --------------  -------------------
/opt/airflow/dags/process_sales_dag.py                           1           0  0.47s           2025-06-16T21:15:14
================================================================================
[2025-06-16T21:16:09.522+0000] {manager.py:878} INFO - 
================================================================================
DAG File Processing Stats

File Path                               PID    Runtime      # DAGs    # Errors  Last Runtime    Last Run
--------------------------------------  -----  ---------  --------  ----------  --------------  -------------------
/opt/airflow/dags/process_sales_dag.py                           1           0  0.57s           2025-06-16T21:15:45
================================================================================
[2025-06-16T21:16:40.207+0000] {manager.py:878} INFO - 
================================================================================
DAG File Processing Stats

File Path                               PID    Runtime      # DAGs    # Errors  Last Runtime    Last Run
--------------------------------------  -----  ---------  --------  ----------  --------------  -------------------
/opt/airflow/dags/process_sales_dag.py                           1           0  0.39s           2025-06-16T21:16:15
================================================================================
[2025-06-16T21:17:10.436+0000] {manager.py:878} INFO - 
================================================================================
DAG File Processing Stats

File Path                               PID    Runtime      # DAGs    # Errors  Last Runtime    Last Run
--------------------------------------  -----  ---------  --------  ----------  --------------  -------------------
/opt/airflow/dags/process_sales_dag.py                           1           0  0.67s           2025-06-16T21:16:47
================================================================================
[2025-06-16T21:17:40.577+0000] {manager.py:878} INFO - 
================================================================================
DAG File Processing Stats

File Path                               PID    Runtime      # DAGs    # Errors  Last Runtime    Last Run
--------------------------------------  -----  ---------  --------  ----------  --------------  -------------------
/opt/airflow/dags/process_sales_dag.py                           1           0  0.52s           2025-06-16T21:17:18
================================================================================
[2025-06-16T21:17:46.311+0000] {manager.py:737} INFO - Searching for files in /opt/airflow/dags
[2025-06-16T21:17:46.355+0000] {manager.py:740} INFO - There are 1 files in /opt/airflow/dags
[2025-06-16T21:18:11.321+0000] {manager.py:878} INFO - 
================================================================================
DAG File Processing Stats

File Path                               PID    Runtime      # DAGs    # Errors  Last Runtime    Last Run
--------------------------------------  -----  ---------  --------  ----------  --------------  -------------------
/opt/airflow/dags/process_sales_dag.py                           1           0  0.42s           2025-06-16T21:17:48
================================================================================
[2025-06-16T21:18:41.911+0000] {manager.py:878} INFO - 
================================================================================
DAG File Processing Stats

File Path                               PID    Runtime      # DAGs    # Errors  Last Runtime    Last Run
--------------------------------------  -----  ---------  --------  ----------  --------------  -------------------
/opt/airflow/dags/process_sales_dag.py                           1           0  1.69s           2025-06-16T21:18:20
================================================================================
[2025-06-16T21:18:55.564+0000] {manager.py:452} INFO - Exiting gracefully upon receiving signal 15
[2025-06-16T21:20:45.328+0000] {manager.py:470} INFO - Processing files using up to 2 processes at a time 
[2025-06-16T21:20:45.334+0000] {manager.py:471} INFO - Process each file at most once every 30 seconds
[2025-06-16T21:20:45.337+0000] {manager.py:472} INFO - Checking for new files in /opt/airflow/dags every 300 seconds
[2025-06-16T21:20:45.341+0000] {manager.py:737} INFO - Searching for files in /opt/airflow/dags
[2025-06-16T21:20:45.446+0000] {manager.py:740} INFO - There are 1 files in /opt/airflow/dags
[2025-06-16T21:20:47.439+0000] {manager.py:878} INFO - 
================================================================================
DAG File Processing Stats

File Path                                 PID  Runtime      # DAGs    # Errors  Last Runtime    Last Run
--------------------------------------  -----  ---------  --------  ----------  --------------  ----------
/opt/airflow/dags/process_sales_dag.py    157  1.06s             0           0
================================================================================
[2025-06-16T21:21:17.782+0000] {manager.py:878} INFO - 
================================================================================
DAG File Processing Stats

File Path                               PID    Runtime      # DAGs    # Errors  Last Runtime    Last Run
--------------------------------------  -----  ---------  --------  ----------  --------------  -------------------
/opt/airflow/dags/process_sales_dag.py                           1           0  2.26s           2025-06-16T21:20:48
================================================================================
[2025-06-16T21:21:48.346+0000] {manager.py:878} INFO - 
================================================================================
DAG File Processing Stats

File Path                               PID    Runtime      # DAGs    # Errors  Last Runtime    Last Run
--------------------------------------  -----  ---------  --------  ----------  --------------  -------------------
/opt/airflow/dags/process_sales_dag.py                           1           0  1.04s           2025-06-16T21:21:19
================================================================================
[2025-06-16T21:22:18.431+0000] {manager.py:878} INFO - 
================================================================================
DAG File Processing Stats

File Path                               PID    Runtime      # DAGs    # Errors  Last Runtime    Last Run
--------------------------------------  -----  ---------  --------  ----------  --------------  -------------------
/opt/airflow/dags/process_sales_dag.py                           1           0  2.62s           2025-06-16T21:21:53
================================================================================
[2025-06-16T21:22:49.082+0000] {manager.py:878} INFO - 
================================================================================
DAG File Processing Stats

File Path                               PID    Runtime      # DAGs    # Errors  Last Runtime    Last Run
--------------------------------------  -----  ---------  --------  ----------  --------------  -------------------
/opt/airflow/dags/process_sales_dag.py                           1           0  1.32s           2025-06-16T21:22:25
================================================================================
[2025-06-16T21:23:19.899+0000] {manager.py:878} INFO - 
================================================================================
DAG File Processing Stats

File Path                               PID    Runtime      # DAGs    # Errors  Last Runtime    Last Run
--------------------------------------  -----  ---------  --------  ----------  --------------  -------------------
/opt/airflow/dags/process_sales_dag.py                           1           0  1.59s           2025-06-16T21:22:57
================================================================================
[2025-06-16T21:23:50.174+0000] {manager.py:878} INFO - 
================================================================================
DAG File Processing Stats

File Path                               PID    Runtime      # DAGs    # Errors  Last Runtime    Last Run
--------------------------------------  -----  ---------  --------  ----------  --------------  -------------------
/opt/airflow/dags/process_sales_dag.py                           1           0  1.99s           2025-06-16T21:23:30
================================================================================
[2025-06-16T21:24:20.587+0000] {manager.py:878} INFO - 
================================================================================
DAG File Processing Stats

File Path                               PID    Runtime      # DAGs    # Errors  Last Runtime    Last Run
--------------------------------------  -----  ---------  --------  ----------  --------------  -------------------
/opt/airflow/dags/process_sales_dag.py                           1           0  3.35s           2025-06-16T21:24:04
================================================================================
[2025-06-16T21:24:50.709+0000] {manager.py:878} INFO - 
================================================================================
DAG File Processing Stats

File Path                               PID    Runtime      # DAGs    # Errors  Last Runtime    Last Run
--------------------------------------  -----  ---------  --------  ----------  --------------  -------------------
/opt/airflow/dags/process_sales_dag.py                           1           0  9.13s           2025-06-16T21:24:44
================================================================================
[2025-06-16T21:25:20.842+0000] {manager.py:878} INFO - 
================================================================================
DAG File Processing Stats

File Path                               PID    Runtime      # DAGs    # Errors  Last Runtime    Last Run
--------------------------------------  -----  ---------  --------  ----------  --------------  -------------------
/opt/airflow/dags/process_sales_dag.py                           1           0  4.60s           2025-06-16T21:25:18
================================================================================
[2025-06-16T21:25:46.027+0000] {manager.py:737} INFO - Searching for files in /opt/airflow/dags
[2025-06-16T21:25:46.168+0000] {manager.py:740} INFO - There are 1 files in /opt/airflow/dags
[2025-06-16T21:25:51.219+0000] {manager.py:878} INFO - 
================================================================================
DAG File Processing Stats

File Path                               PID    Runtime      # DAGs    # Errors  Last Runtime    Last Run
--------------------------------------  -----  ---------  --------  ----------  --------------  -------------------
/opt/airflow/dags/process_sales_dag.py                           1           0  0.72s           2025-06-16T21:25:50
================================================================================
[2025-06-16T21:26:21.468+0000] {manager.py:878} INFO - 
================================================================================
DAG File Processing Stats

File Path                               PID    Runtime      # DAGs    # Errors  Last Runtime    Last Run
--------------------------------------  -----  ---------  --------  ----------  --------------  -------------------
/opt/airflow/dags/process_sales_dag.py                           1           0  1.12s           2025-06-16T21:26:21
================================================================================
[2025-06-16T21:26:51.881+0000] {manager.py:878} INFO - 
================================================================================
DAG File Processing Stats

File Path                                 PID  Runtime      # DAGs    # Errors  Last Runtime    Last Run
--------------------------------------  -----  ---------  --------  ----------  --------------  -------------------
/opt/airflow/dags/process_sales_dag.py    508  0.01s             1           0  1.12s           2025-06-16T21:26:21
================================================================================
[2025-06-16T21:27:22.109+0000] {manager.py:878} INFO - 
================================================================================
DAG File Processing Stats

File Path                               PID    Runtime      # DAGs    # Errors  Last Runtime    Last Run
--------------------------------------  -----  ---------  --------  ----------  --------------  -------------------
/opt/airflow/dags/process_sales_dag.py                           1           0  1.32s           2025-06-16T21:26:53
================================================================================
[2025-06-16T21:27:52.639+0000] {manager.py:878} INFO - 
================================================================================
DAG File Processing Stats

File Path                               PID    Runtime      # DAGs    # Errors  Last Runtime    Last Run
--------------------------------------  -----  ---------  --------  ----------  --------------  -------------------
/opt/airflow/dags/process_sales_dag.py                           1           0  0.96s           2025-06-16T21:27:24
================================================================================
[2025-06-16T21:28:22.774+0000] {manager.py:878} INFO - 
================================================================================
DAG File Processing Stats

File Path                               PID    Runtime      # DAGs    # Errors  Last Runtime    Last Run
--------------------------------------  -----  ---------  --------  ----------  --------------  -------------------
/opt/airflow/dags/process_sales_dag.py                           1           0  0.40s           2025-06-16T21:27:55
================================================================================
[2025-06-16T21:28:53.463+0000] {manager.py:878} INFO - 
================================================================================
DAG File Processing Stats

File Path                               PID    Runtime      # DAGs    # Errors  Last Runtime    Last Run
--------------------------------------  -----  ---------  --------  ----------  --------------  -------------------
/opt/airflow/dags/process_sales_dag.py                           1           0  0.88s           2025-06-16T21:28:26
================================================================================
[2025-06-16T21:29:23.724+0000] {manager.py:878} INFO - 
================================================================================
DAG File Processing Stats

File Path                               PID    Runtime      # DAGs    # Errors  Last Runtime    Last Run
--------------------------------------  -----  ---------  --------  ----------  --------------  -------------------
/opt/airflow/dags/process_sales_dag.py                           1           0  0.54s           2025-06-16T21:28:58
================================================================================
[2025-06-16T21:29:53.968+0000] {manager.py:878} INFO - 
================================================================================
DAG File Processing Stats

File Path                               PID    Runtime      # DAGs    # Errors  Last Runtime    Last Run
--------------------------------------  -----  ---------  --------  ----------  --------------  -------------------
/opt/airflow/dags/process_sales_dag.py                           1           0  0.33s           2025-06-16T21:29:28
================================================================================
[2025-06-16T21:30:24.116+0000] {manager.py:878} INFO - 
================================================================================
DAG File Processing Stats

File Path                               PID    Runtime      # DAGs    # Errors  Last Runtime    Last Run
--------------------------------------  -----  ---------  --------  ----------  --------------  -------------------
/opt/airflow/dags/process_sales_dag.py                           1           0  0.41s           2025-06-16T21:29:59
================================================================================
[2025-06-16T21:30:46.349+0000] {manager.py:737} INFO - Searching for files in /opt/airflow/dags
[2025-06-16T21:30:46.435+0000] {manager.py:740} INFO - There are 1 files in /opt/airflow/dags
[2025-06-16T21:30:54.555+0000] {manager.py:878} INFO - 
================================================================================
DAG File Processing Stats

File Path                               PID    Runtime      # DAGs    # Errors  Last Runtime    Last Run
--------------------------------------  -----  ---------  --------  ----------  --------------  -------------------
/opt/airflow/dags/process_sales_dag.py                           1           0  0.55s           2025-06-16T21:30:30
================================================================================
[2025-06-16T21:31:24.676+0000] {manager.py:878} INFO - 
================================================================================
DAG File Processing Stats

File Path                               PID    Runtime      # DAGs    # Errors  Last Runtime    Last Run
--------------------------------------  -----  ---------  --------  ----------  --------------  -------------------
/opt/airflow/dags/process_sales_dag.py                           1           0  0.98s           2025-06-16T21:31:01
================================================================================
[2025-06-16T21:31:54.777+0000] {manager.py:878} INFO - 
================================================================================
DAG File Processing Stats

File Path                               PID    Runtime      # DAGs    # Errors  Last Runtime    Last Run
--------------------------------------  -----  ---------  --------  ----------  --------------  -------------------
/opt/airflow/dags/process_sales_dag.py                           1           0  0.79s           2025-06-16T21:31:32
================================================================================
[2025-06-16T21:32:25.218+0000] {manager.py:878} INFO - 
================================================================================
DAG File Processing Stats

File Path                               PID    Runtime      # DAGs    # Errors  Last Runtime    Last Run
--------------------------------------  -----  ---------  --------  ----------  --------------  -------------------
/opt/airflow/dags/process_sales_dag.py                           1           0  0.67s           2025-06-16T21:32:03
================================================================================
[2025-06-16T21:32:55.841+0000] {manager.py:878} INFO - 
================================================================================
DAG File Processing Stats

File Path                               PID    Runtime      # DAGs    # Errors  Last Runtime    Last Run
--------------------------------------  -----  ---------  --------  ----------  --------------  -------------------
/opt/airflow/dags/process_sales_dag.py                           1           0  0.78s           2025-06-16T21:32:34
================================================================================
[2025-06-16T21:33:26.147+0000] {manager.py:878} INFO - 
================================================================================
DAG File Processing Stats

File Path                               PID    Runtime      # DAGs    # Errors  Last Runtime    Last Run
--------------------------------------  -----  ---------  --------  ----------  --------------  -------------------
/opt/airflow/dags/process_sales_dag.py                           1           0  0.27s           2025-06-16T21:33:05
================================================================================
[2025-06-16T21:33:56.148+0000] {manager.py:878} INFO - 
================================================================================
DAG File Processing Stats

File Path                               PID    Runtime      # DAGs    # Errors  Last Runtime    Last Run
--------------------------------------  -----  ---------  --------  ----------  --------------  -------------------
/opt/airflow/dags/process_sales_dag.py                           1           0  0.26s           2025-06-16T21:33:35
================================================================================
[2025-06-16T21:34:26.588+0000] {manager.py:878} INFO - 
================================================================================
DAG File Processing Stats

File Path                               PID    Runtime      # DAGs    # Errors  Last Runtime    Last Run
--------------------------------------  -----  ---------  --------  ----------  --------------  -------------------
/opt/airflow/dags/process_sales_dag.py                           1           0  0.40s           2025-06-16T21:34:06
================================================================================
[2025-06-16T21:34:56.640+0000] {manager.py:878} INFO - 
================================================================================
DAG File Processing Stats

File Path                               PID    Runtime      # DAGs    # Errors  Last Runtime    Last Run
--------------------------------------  -----  ---------  --------  ----------  --------------  -------------------
/opt/airflow/dags/process_sales_dag.py                           1           0  1.51s           2025-06-16T21:34:38
================================================================================
[2025-06-16T21:35:27.040+0000] {manager.py:878} INFO - 
================================================================================
DAG File Processing Stats

File Path                               PID    Runtime      # DAGs    # Errors  Last Runtime    Last Run
--------------------------------------  -----  ---------  --------  ----------  --------------  -------------------
/opt/airflow/dags/process_sales_dag.py                           1           0  0.75s           2025-06-16T21:35:09
================================================================================
[2025-06-16T21:35:47.025+0000] {manager.py:737} INFO - Searching for files in /opt/airflow/dags
[2025-06-16T21:35:47.127+0000] {manager.py:740} INFO - There are 1 files in /opt/airflow/dags
[2025-06-16T21:35:57.264+0000] {manager.py:878} INFO - 
================================================================================
DAG File Processing Stats

File Path                               PID    Runtime      # DAGs    # Errors  Last Runtime    Last Run
--------------------------------------  -----  ---------  --------  ----------  --------------  -------------------
/opt/airflow/dags/process_sales_dag.py                           1           0  0.91s           2025-06-16T21:35:41
================================================================================
[2025-06-16T21:36:27.762+0000] {manager.py:878} INFO - 
================================================================================
DAG File Processing Stats

File Path                               PID    Runtime      # DAGs    # Errors  Last Runtime    Last Run
--------------------------------------  -----  ---------  --------  ----------  --------------  -------------------
/opt/airflow/dags/process_sales_dag.py                           1           0  0.78s           2025-06-16T21:36:12
================================================================================
[2025-06-16T21:36:58.149+0000] {manager.py:878} INFO - 
================================================================================
DAG File Processing Stats

File Path                               PID    Runtime      # DAGs    # Errors  Last Runtime    Last Run
--------------------------------------  -----  ---------  --------  ----------  --------------  -------------------
/opt/airflow/dags/process_sales_dag.py                           1           0  0.27s           2025-06-16T21:36:43
================================================================================
[2025-06-16T21:37:28.375+0000] {manager.py:878} INFO - 
================================================================================
DAG File Processing Stats

File Path                               PID    Runtime      # DAGs    # Errors  Last Runtime    Last Run
--------------------------------------  -----  ---------  --------  ----------  --------------  -------------------
/opt/airflow/dags/process_sales_dag.py                           1           0  0.80s           2025-06-16T21:37:14
================================================================================
[2025-06-16T21:37:58.402+0000] {manager.py:878} INFO - 
================================================================================
DAG File Processing Stats

File Path                               PID    Runtime      # DAGs    # Errors  Last Runtime    Last Run
--------------------------------------  -----  ---------  --------  ----------  --------------  -------------------
/opt/airflow/dags/process_sales_dag.py                           1           0  1.56s           2025-06-16T21:37:46
================================================================================
[2025-06-16T21:38:28.920+0000] {manager.py:878} INFO - 
================================================================================
DAG File Processing Stats

File Path                               PID    Runtime      # DAGs    # Errors  Last Runtime    Last Run
--------------------------------------  -----  ---------  --------  ----------  --------------  -------------------
/opt/airflow/dags/process_sales_dag.py                           1           0  1.09s           2025-06-16T21:38:17
================================================================================
[2025-06-16T21:38:59.098+0000] {manager.py:878} INFO - 
================================================================================
DAG File Processing Stats

File Path                               PID    Runtime      # DAGs    # Errors  Last Runtime    Last Run
--------------------------------------  -----  ---------  --------  ----------  --------------  -------------------
/opt/airflow/dags/process_sales_dag.py                           1           0  1.74s           2025-06-16T21:38:49
================================================================================
[2025-06-16T21:39:29.313+0000] {manager.py:878} INFO - 
================================================================================
DAG File Processing Stats

File Path                               PID    Runtime      # DAGs    # Errors  Last Runtime    Last Run
--------------------------------------  -----  ---------  --------  ----------  --------------  -------------------
/opt/airflow/dags/process_sales_dag.py                           1           0  0.54s           2025-06-16T21:39:20
================================================================================
[2025-06-16T21:40:00.033+0000] {manager.py:878} INFO - 
================================================================================
DAG File Processing Stats

File Path                               PID    Runtime      # DAGs    # Errors  Last Runtime    Last Run
--------------------------------------  -----  ---------  --------  ----------  --------------  -------------------
/opt/airflow/dags/process_sales_dag.py                           1           0  0.32s           2025-06-16T21:39:51
================================================================================
[2025-06-16T21:40:30.665+0000] {manager.py:878} INFO - 
================================================================================
DAG File Processing Stats

File Path                               PID    Runtime      # DAGs    # Errors  Last Runtime    Last Run
--------------------------------------  -----  ---------  --------  ----------  --------------  -------------------
/opt/airflow/dags/process_sales_dag.py                           1           0  0.23s           2025-06-16T21:40:21
================================================================================
[2025-06-16T21:40:47.904+0000] {manager.py:737} INFO - Searching for files in /opt/airflow/dags
[2025-06-16T21:40:47.958+0000] {manager.py:740} INFO - There are 1 files in /opt/airflow/dags
[2025-06-16T21:41:01.252+0000] {manager.py:878} INFO - 
================================================================================
DAG File Processing Stats

File Path                               PID    Runtime      # DAGs    # Errors  Last Runtime    Last Run
--------------------------------------  -----  ---------  --------  ----------  --------------  -------------------
/opt/airflow/dags/process_sales_dag.py                           1           0  0.41s           2025-06-16T21:40:52
================================================================================
[2025-06-16T21:41:32.031+0000] {manager.py:878} INFO - 
================================================================================
DAG File Processing Stats

File Path                               PID    Runtime      # DAGs    # Errors  Last Runtime    Last Run
--------------------------------------  -----  ---------  --------  ----------  --------------  -------------------
/opt/airflow/dags/process_sales_dag.py                           1           0  0.29s           2025-06-16T21:41:23
================================================================================
[2025-06-16T21:42:02.229+0000] {manager.py:878} INFO - 
================================================================================
DAG File Processing Stats

File Path                               PID    Runtime      # DAGs    # Errors  Last Runtime    Last Run
--------------------------------------  -----  ---------  --------  ----------  --------------  -------------------
/opt/airflow/dags/process_sales_dag.py                           1           0  0.38s           2025-06-16T21:41:53
================================================================================
[2025-06-16T21:42:32.934+0000] {manager.py:878} INFO - 
================================================================================
DAG File Processing Stats

File Path                               PID    Runtime      # DAGs    # Errors  Last Runtime    Last Run
--------------------------------------  -----  ---------  --------  ----------  --------------  -------------------
/opt/airflow/dags/process_sales_dag.py                           1           0  0.43s           2025-06-16T21:42:25
================================================================================
[2025-06-16T21:43:02.987+0000] {manager.py:878} INFO - 
================================================================================
DAG File Processing Stats

File Path                               PID    Runtime      # DAGs    # Errors  Last Runtime    Last Run
--------------------------------------  -----  ---------  --------  ----------  --------------  -------------------
/opt/airflow/dags/process_sales_dag.py                           1           0  1.04s           2025-06-16T21:42:56
================================================================================
[2025-06-16T21:43:33.664+0000] {manager.py:878} INFO - 
================================================================================
DAG File Processing Stats

File Path                               PID    Runtime      # DAGs    # Errors  Last Runtime    Last Run
--------------------------------------  -----  ---------  --------  ----------  --------------  -------------------
/opt/airflow/dags/process_sales_dag.py                           1           0  0.19s           2025-06-16T21:43:26
================================================================================
[2025-06-16T21:44:04.260+0000] {manager.py:878} INFO - 
================================================================================
DAG File Processing Stats

File Path                               PID    Runtime      # DAGs    # Errors  Last Runtime    Last Run
--------------------------------------  -----  ---------  --------  ----------  --------------  -------------------
/opt/airflow/dags/process_sales_dag.py                           1           0  0.39s           2025-06-16T21:43:57
================================================================================
[2025-06-16T21:44:34.359+0000] {manager.py:878} INFO - 
================================================================================
DAG File Processing Stats

File Path                               PID    Runtime      # DAGs    # Errors  Last Runtime    Last Run
--------------------------------------  -----  ---------  --------  ----------  --------------  -------------------
/opt/airflow/dags/process_sales_dag.py                           1           0  0.33s           2025-06-16T21:44:28
================================================================================
[2025-06-16T21:45:05.038+0000] {manager.py:878} INFO - 
================================================================================
DAG File Processing Stats

File Path                               PID    Runtime      # DAGs    # Errors  Last Runtime    Last Run
--------------------------------------  -----  ---------  --------  ----------  --------------  -------------------
/opt/airflow/dags/process_sales_dag.py                           1           0  0.44s           2025-06-16T21:44:59
================================================================================
[2025-06-16T21:45:35.355+0000] {manager.py:878} INFO - 
================================================================================
DAG File Processing Stats

File Path                               PID    Runtime      # DAGs    # Errors  Last Runtime    Last Run
--------------------------------------  -----  ---------  --------  ----------  --------------  -------------------
/opt/airflow/dags/process_sales_dag.py                           1           0  0.71s           2025-06-16T21:45:30
================================================================================
[2025-06-16T21:45:48.111+0000] {manager.py:737} INFO - Searching for files in /opt/airflow/dags
[2025-06-16T21:45:48.157+0000] {manager.py:740} INFO - There are 1 files in /opt/airflow/dags
[2025-06-16T21:46:05.811+0000] {manager.py:878} INFO - 
================================================================================
DAG File Processing Stats

File Path                               PID    Runtime      # DAGs    # Errors  Last Runtime    Last Run
--------------------------------------  -----  ---------  --------  ----------  --------------  -------------------
/opt/airflow/dags/process_sales_dag.py                           1           0  0.31s           2025-06-16T21:46:00
================================================================================
[2025-06-16T21:46:36.497+0000] {manager.py:878} INFO - 
================================================================================
DAG File Processing Stats

File Path                               PID    Runtime      # DAGs    # Errors  Last Runtime    Last Run
--------------------------------------  -----  ---------  --------  ----------  --------------  -------------------
/opt/airflow/dags/process_sales_dag.py                           1           0  0.19s           2025-06-16T21:46:31
================================================================================
[2025-06-16T21:47:06.690+0000] {manager.py:878} INFO - 
================================================================================
DAG File Processing Stats

File Path                               PID    Runtime      # DAGs    # Errors  Last Runtime    Last Run
--------------------------------------  -----  ---------  --------  ----------  --------------  -------------------
/opt/airflow/dags/process_sales_dag.py                           1           0  0.67s           2025-06-16T21:47:02
================================================================================
[2025-06-16T21:47:37.940+0000] {manager.py:878} INFO - 
================================================================================
DAG File Processing Stats

File Path                               PID    Runtime      # DAGs    # Errors  Last Runtime    Last Run
--------------------------------------  -----  ---------  --------  ----------  --------------  -------------------
/opt/airflow/dags/process_sales_dag.py                           1           0  0.38s           2025-06-16T21:47:33
================================================================================
[2025-06-16T21:48:08.608+0000] {manager.py:878} INFO - 
================================================================================
DAG File Processing Stats

File Path                               PID    Runtime      # DAGs    # Errors  Last Runtime    Last Run
--------------------------------------  -----  ---------  --------  ----------  --------------  -------------------
/opt/airflow/dags/process_sales_dag.py                           1           0  0.53s           2025-06-16T21:48:05
================================================================================
[2025-06-16T21:48:40.176+0000] {manager.py:878} INFO - 
================================================================================
DAG File Processing Stats

File Path                               PID    Runtime      # DAGs    # Errors  Last Runtime    Last Run
--------------------------------------  -----  ---------  --------  ----------  --------------  -------------------
/opt/airflow/dags/process_sales_dag.py                           1           0  0.45s           2025-06-16T21:48:36
================================================================================
[2025-06-16T21:49:00.654+0000] {manager.py:452} INFO - Exiting gracefully upon receiving signal 15
[2025-06-17T06:53:51.646+0000] {manager.py:470} INFO - Processing files using up to 2 processes at a time 
[2025-06-17T06:53:51.655+0000] {manager.py:471} INFO - Process each file at most once every 30 seconds
[2025-06-17T06:53:51.659+0000] {manager.py:472} INFO - Checking for new files in /opt/airflow/dags every 300 seconds
[2025-06-17T06:53:51.662+0000] {manager.py:737} INFO - Searching for files in /opt/airflow/dags
[2025-06-17T06:53:51.870+0000] {manager.py:740} INFO - There are 2 files in /opt/airflow/dags
[2025-06-17T06:53:54.072+0000] {manager.py:878} INFO - 
================================================================================
DAG File Processing Stats

File Path                                     PID  Runtime      # DAGs    # Errors  Last Runtime    Last Run
------------------------------------------  -----  ---------  --------  ----------  --------------  ----------
/opt/airflow/dags/process_customers_dag.py    156  1.56s             0           0
/opt/airflow/dags/process_sales_dag.py        160  1.42s             0           0
================================================================================
[2025-06-17T06:54:24.100+0000] {manager.py:878} INFO - 
================================================================================
DAG File Processing Stats

File Path                                   PID    Runtime      # DAGs    # Errors  Last Runtime    Last Run
------------------------------------------  -----  ---------  --------  ----------  --------------  -------------------
/opt/airflow/dags/process_customers_dag.py                           1           0  3.54s           2025-06-17T06:53:55
/opt/airflow/dags/process_sales_dag.py                               1           0  2.70s           2025-06-17T06:53:55
================================================================================
[2025-06-17T06:54:54.810+0000] {manager.py:878} INFO - 
================================================================================
DAG File Processing Stats

File Path                                   PID    Runtime      # DAGs    # Errors  Last Runtime    Last Run
------------------------------------------  -----  ---------  --------  ----------  --------------  -------------------
/opt/airflow/dags/process_sales_dag.py                               1           0  6.11s           2025-06-17T06:54:31
/opt/airflow/dags/process_customers_dag.py                           1           0  3.63s           2025-06-17T06:54:31
================================================================================
[2025-06-17T06:55:25.494+0000] {manager.py:878} INFO - 
================================================================================
DAG File Processing Stats

File Path                                   PID    Runtime      # DAGs    # Errors  Last Runtime    Last Run
------------------------------------------  -----  ---------  --------  ----------  --------------  -------------------
/opt/airflow/dags/process_customers_dag.py                           1           0  1.30s           2025-06-17T06:55:03
/opt/airflow/dags/process_sales_dag.py                               1           0  1.19s           2025-06-17T06:55:03
================================================================================
[2025-06-17T06:55:55.577+0000] {manager.py:878} INFO - 
================================================================================
DAG File Processing Stats

File Path                                   PID    Runtime      # DAGs    # Errors  Last Runtime    Last Run
------------------------------------------  -----  ---------  --------  ----------  --------------  -------------------
/opt/airflow/dags/process_customers_dag.py                           1           0  2.09s           2025-06-17T06:55:35
/opt/airflow/dags/process_sales_dag.py                               1           0  1.91s           2025-06-17T06:55:35
================================================================================
[2025-06-17T06:56:25.597+0000] {manager.py:878} INFO - 
================================================================================
DAG File Processing Stats

File Path                                   PID    Runtime      # DAGs    # Errors  Last Runtime    Last Run
------------------------------------------  -----  ---------  --------  ----------  --------------  -------------------
/opt/airflow/dags/process_customers_dag.py                           1           0  2.04s           2025-06-17T06:56:07
/opt/airflow/dags/process_sales_dag.py                               1           0  1.84s           2025-06-17T06:56:07
================================================================================
[2025-06-17T06:56:56.054+0000] {manager.py:878} INFO - 
================================================================================
DAG File Processing Stats

File Path                                   PID    Runtime      # DAGs    # Errors  Last Runtime    Last Run
------------------------------------------  -----  ---------  --------  ----------  --------------  -------------------
/opt/airflow/dags/process_customers_dag.py                           1           0  0.31s           2025-06-17T06:56:38
/opt/airflow/dags/process_sales_dag.py                               1           0  0.30s           2025-06-17T06:56:38
================================================================================
[2025-06-17T06:57:26.517+0000] {manager.py:878} INFO - 
================================================================================
DAG File Processing Stats

File Path                                   PID    Runtime      # DAGs    # Errors  Last Runtime    Last Run
------------------------------------------  -----  ---------  --------  ----------  --------------  -------------------
/opt/airflow/dags/process_customers_dag.py                           1           0  0.40s           2025-06-17T06:57:09
/opt/airflow/dags/process_sales_dag.py                               1           0  0.36s           2025-06-17T06:57:09
================================================================================
[2025-06-17T06:57:56.536+0000] {manager.py:878} INFO - 
================================================================================
DAG File Processing Stats

File Path                                   PID    Runtime      # DAGs    # Errors  Last Runtime    Last Run
------------------------------------------  -----  ---------  --------  ----------  --------------  -------------------
/opt/airflow/dags/process_customers_dag.py                           1           0  0.67s           2025-06-17T06:57:41
/opt/airflow/dags/process_sales_dag.py                               1           0  0.54s           2025-06-17T06:57:41
================================================================================
[2025-06-17T06:58:27.110+0000] {manager.py:878} INFO - 
================================================================================
DAG File Processing Stats

File Path                                   PID    Runtime      # DAGs    # Errors  Last Runtime    Last Run
------------------------------------------  -----  ---------  --------  ----------  --------------  -------------------
/opt/airflow/dags/process_sales_dag.py                               1           0  4.03s           2025-06-17T06:58:15
/opt/airflow/dags/process_customers_dag.py                           1           0  4.02s           2025-06-17T06:58:15
================================================================================
[2025-06-17T06:58:52.096+0000] {manager.py:737} INFO - Searching for files in /opt/airflow/dags
[2025-06-17T06:58:52.168+0000] {manager.py:740} INFO - There are 2 files in /opt/airflow/dags
[2025-06-17T06:58:57.356+0000] {manager.py:878} INFO - 
================================================================================
DAG File Processing Stats

File Path                                   PID    Runtime      # DAGs    # Errors  Last Runtime    Last Run
------------------------------------------  -----  ---------  --------  ----------  --------------  -------------------
/opt/airflow/dags/process_customers_dag.py                           1           0  0.58s           2025-06-17T06:58:46
/opt/airflow/dags/process_sales_dag.py                               1           0  0.55s           2025-06-17T06:58:46
================================================================================
[2025-06-17T06:59:27.498+0000] {manager.py:878} INFO - 
================================================================================
DAG File Processing Stats

File Path                                   PID    Runtime      # DAGs    # Errors  Last Runtime    Last Run
------------------------------------------  -----  ---------  --------  ----------  --------------  -------------------
/opt/airflow/dags/process_customers_dag.py                           1           0  0.63s           2025-06-17T06:59:18
/opt/airflow/dags/process_sales_dag.py                               1           0  0.56s           2025-06-17T06:59:18
================================================================================
[2025-06-17T06:59:58.085+0000] {manager.py:878} INFO - 
================================================================================
DAG File Processing Stats

File Path                                   PID    Runtime      # DAGs    # Errors  Last Runtime    Last Run
------------------------------------------  -----  ---------  --------  ----------  --------------  -------------------
/opt/airflow/dags/process_customers_dag.py                           1           0  0.44s           2025-06-17T06:59:48
/opt/airflow/dags/process_sales_dag.py                               1           0  0.37s           2025-06-17T06:59:48
================================================================================
[2025-06-17T07:00:29.015+0000] {manager.py:878} INFO - 
================================================================================
DAG File Processing Stats

File Path                                   PID    Runtime      # DAGs    # Errors  Last Runtime    Last Run
------------------------------------------  -----  ---------  --------  ----------  --------------  -------------------
/opt/airflow/dags/process_sales_dag.py                               1           0  0.26s           2025-06-17T07:00:19
/opt/airflow/dags/process_customers_dag.py                           1           0  0.25s           2025-06-17T07:00:19
================================================================================
[2025-06-17T07:00:59.199+0000] {manager.py:878} INFO - 
================================================================================
DAG File Processing Stats

File Path                                   PID    Runtime      # DAGs    # Errors  Last Runtime    Last Run
------------------------------------------  -----  ---------  --------  ----------  --------------  -------------------
/opt/airflow/dags/process_customers_dag.py                           1           0  0.58s           2025-06-17T07:00:51
/opt/airflow/dags/process_sales_dag.py                               1           0  0.55s           2025-06-17T07:00:51
================================================================================
[2025-06-17T07:01:30.008+0000] {manager.py:878} INFO - 
================================================================================
DAG File Processing Stats

File Path                                   PID    Runtime      # DAGs    # Errors  Last Runtime    Last Run
------------------------------------------  -----  ---------  --------  ----------  --------------  -------------------
/opt/airflow/dags/process_sales_dag.py                               1           0  6.68s           2025-06-17T07:01:27
/opt/airflow/dags/process_customers_dag.py                           1           0  6.65s           2025-06-17T07:01:27
================================================================================
[2025-06-17T07:02:00.672+0000] {manager.py:878} INFO - 
================================================================================
DAG File Processing Stats

File Path                                   PID    Runtime      # DAGs    # Errors  Last Runtime    Last Run
------------------------------------------  -----  ---------  --------  ----------  --------------  -------------------
/opt/airflow/dags/process_customers_dag.py                           1           0  0.89s           2025-06-17T07:01:59
/opt/airflow/dags/process_sales_dag.py                               1           0  0.89s           2025-06-17T07:01:59
================================================================================
[2025-06-17T07:02:31.092+0000] {manager.py:878} INFO - 
================================================================================
DAG File Processing Stats

File Path                                     PID  Runtime      # DAGs    # Errors  Last Runtime    Last Run
------------------------------------------  -----  ---------  --------  ----------  --------------  -------------------
/opt/airflow/dags/process_customers_dag.py                           1           0  0.90s           2025-06-17T07:02:31
/opt/airflow/dags/process_sales_dag.py        547  0.85s             1           0  0.89s           2025-06-17T07:01:59
================================================================================
[2025-06-17T07:03:02.055+0000] {manager.py:878} INFO - 
================================================================================
DAG File Processing Stats

File Path                                     PID  Runtime      # DAGs    # Errors  Last Runtime    Last Run
------------------------------------------  -----  ---------  --------  ----------  --------------  -------------------
/opt/airflow/dags/process_customers_dag.py    554  0.10s             1           0  0.90s           2025-06-17T07:02:31
/opt/airflow/dags/process_sales_dag.py        557  0.03s             1           0  0.89s           2025-06-17T07:02:31
================================================================================
[2025-06-17T07:03:32.357+0000] {manager.py:878} INFO - 
================================================================================
DAG File Processing Stats

File Path                                   PID    Runtime      # DAGs    # Errors  Last Runtime    Last Run
------------------------------------------  -----  ---------  --------  ----------  --------------  -------------------
/opt/airflow/dags/process_customers_dag.py                           1           0  0.46s           2025-06-17T07:03:02
/opt/airflow/dags/process_sales_dag.py                               1           0  0.36s           2025-06-17T07:03:02
================================================================================
[2025-06-17T07:03:52.253+0000] {manager.py:737} INFO - Searching for files in /opt/airflow/dags
[2025-06-17T07:03:53.231+0000] {manager.py:740} INFO - There are 2 files in /opt/airflow/dags
[2025-06-17T07:04:02.517+0000] {manager.py:878} INFO - 
================================================================================
DAG File Processing Stats

File Path                                   PID    Runtime      # DAGs    # Errors  Last Runtime    Last Run
------------------------------------------  -----  ---------  --------  ----------  --------------  -------------------
/opt/airflow/dags/process_customers_dag.py                           1           0  0.73s           2025-06-17T07:03:33
/opt/airflow/dags/process_sales_dag.py                               1           0  0.36s           2025-06-17T07:03:33
================================================================================
[2025-06-17T07:04:32.633+0000] {manager.py:878} INFO - 
================================================================================
DAG File Processing Stats

File Path                                   PID    Runtime      # DAGs    # Errors  Last Runtime    Last Run
------------------------------------------  -----  ---------  --------  ----------  --------------  -------------------
/opt/airflow/dags/process_customers_dag.py                           1           0  0.71s           2025-06-17T07:04:04
/opt/airflow/dags/process_sales_dag.py                               1           0  0.39s           2025-06-17T07:04:04
================================================================================
[2025-06-17T07:05:02.804+0000] {manager.py:878} INFO - 
================================================================================
DAG File Processing Stats

File Path                                   PID    Runtime      # DAGs    # Errors  Last Runtime    Last Run
------------------------------------------  -----  ---------  --------  ----------  --------------  -------------------
/opt/airflow/dags/process_customers_dag.py                           1           0  1.49s           2025-06-17T07:04:36
/opt/airflow/dags/process_sales_dag.py                               1           0  1.31s           2025-06-17T07:04:36
================================================================================
[2025-06-17T07:05:32.967+0000] {manager.py:878} INFO - 
================================================================================
DAG File Processing Stats

File Path                                   PID    Runtime      # DAGs    # Errors  Last Runtime    Last Run
------------------------------------------  -----  ---------  --------  ----------  --------------  -------------------
/opt/airflow/dags/process_customers_dag.py                           1           0  0.59s           2025-06-17T07:05:07
/opt/airflow/dags/process_sales_dag.py                               1           0  0.55s           2025-06-17T07:05:07
================================================================================
[2025-06-17T07:06:03.314+0000] {manager.py:878} INFO - 
================================================================================
DAG File Processing Stats

File Path                                   PID    Runtime      # DAGs    # Errors  Last Runtime    Last Run
------------------------------------------  -----  ---------  --------  ----------  --------------  -------------------
/opt/airflow/dags/process_customers_dag.py                           1           0  0.44s           2025-06-17T07:05:38
/opt/airflow/dags/process_sales_dag.py                               1           0  0.36s           2025-06-17T07:05:38
================================================================================
[2025-06-17T07:06:33.406+0000] {manager.py:878} INFO - 
================================================================================
DAG File Processing Stats

File Path                                   PID    Runtime      # DAGs    # Errors  Last Runtime    Last Run
------------------------------------------  -----  ---------  --------  ----------  --------------  -------------------
/opt/airflow/dags/process_sales_dag.py                               1           0  0.66s           2025-06-17T07:06:10
/opt/airflow/dags/process_customers_dag.py                           1           0  0.56s           2025-06-17T07:06:09
================================================================================
[2025-06-17T07:07:03.792+0000] {manager.py:878} INFO - 
================================================================================
DAG File Processing Stats

File Path                                   PID    Runtime      # DAGs    # Errors  Last Runtime    Last Run
------------------------------------------  -----  ---------  --------  ----------  --------------  -------------------
/opt/airflow/dags/process_customers_dag.py                           1           0  1.39s           2025-06-17T07:06:42
/opt/airflow/dags/process_sales_dag.py                               1           0  1.17s           2025-06-17T07:06:42
================================================================================
[2025-06-17T07:07:33.955+0000] {manager.py:878} INFO - 
================================================================================
DAG File Processing Stats

File Path                                   PID    Runtime      # DAGs    # Errors  Last Runtime    Last Run
------------------------------------------  -----  ---------  --------  ----------  --------------  -------------------
/opt/airflow/dags/process_customers_dag.py                           1           0  1.83s           2025-06-17T07:07:23
/opt/airflow/dags/process_sales_dag.py                               1           0  0.91s           2025-06-17T07:07:13
================================================================================
[2025-06-17T07:08:03.984+0000] {manager.py:878} INFO - 
================================================================================
DAG File Processing Stats

File Path                                   PID    Runtime      # DAGs    # Errors  Last Runtime    Last Run
------------------------------------------  -----  ---------  --------  ----------  --------------  -------------------
/opt/airflow/dags/process_sales_dag.py                               1           0  1.25s           2025-06-17T07:07:45
/opt/airflow/dags/process_customers_dag.py                           1           0  0.43s           2025-06-17T07:07:54
================================================================================
[2025-06-17T07:08:34.779+0000] {manager.py:878} INFO - 
================================================================================
DAG File Processing Stats

File Path                                   PID    Runtime      # DAGs    # Errors  Last Runtime    Last Run
------------------------------------------  -----  ---------  --------  ----------  --------------  -------------------
/opt/airflow/dags/process_sales_dag.py                               1           0  1.22s           2025-06-17T07:08:17
/opt/airflow/dags/process_customers_dag.py                           1           0  0.44s           2025-06-17T07:08:25
================================================================================
[2025-06-17T07:08:53.082+0000] {manager.py:737} INFO - Searching for files in /opt/airflow/dags
[2025-06-17T07:08:53.146+0000] {manager.py:740} INFO - There are 2 files in /opt/airflow/dags
[2025-06-17T07:09:05.125+0000] {manager.py:878} INFO - 
================================================================================
DAG File Processing Stats

File Path                                   PID    Runtime      # DAGs    # Errors  Last Runtime    Last Run
------------------------------------------  -----  ---------  --------  ----------  --------------  -------------------
/opt/airflow/dags/process_customers_dag.py                           1           0  0.77s           2025-06-17T07:08:57
/opt/airflow/dags/process_sales_dag.py                               1           0  0.21s           2025-06-17T07:08:48
================================================================================
[2025-06-17T07:09:35.170+0000] {manager.py:878} INFO - 
================================================================================
DAG File Processing Stats

File Path                                   PID    Runtime      # DAGs    # Errors  Last Runtime    Last Run
------------------------------------------  -----  ---------  --------  ----------  --------------  -------------------
/opt/airflow/dags/process_sales_dag.py                               1           0  3.76s           2025-06-17T07:09:22
/opt/airflow/dags/process_customers_dag.py                           1           0  0.94s           2025-06-17T07:09:28
================================================================================
[2025-06-17T07:10:05.923+0000] {manager.py:878} INFO - 
================================================================================
DAG File Processing Stats

File Path                                   PID    Runtime      # DAGs    # Errors  Last Runtime    Last Run
------------------------------------------  -----  ---------  --------  ----------  --------------  -------------------
/opt/airflow/dags/process_sales_dag.py                               1           0  0.42s           2025-06-17T07:09:53
/opt/airflow/dags/process_customers_dag.py                           1           0  0.25s           2025-06-17T07:09:58
================================================================================
[2025-06-17T07:10:37.080+0000] {manager.py:878} INFO - 
================================================================================
DAG File Processing Stats

File Path                                   PID    Runtime      # DAGs    # Errors  Last Runtime    Last Run
------------------------------------------  -----  ---------  --------  ----------  --------------  -------------------
/opt/airflow/dags/process_sales_dag.py                               1           0  2.43s           2025-06-17T07:10:25
/opt/airflow/dags/process_customers_dag.py                           1           0  0.72s           2025-06-17T07:10:29
================================================================================
[2025-06-17T07:11:07.881+0000] {manager.py:878} INFO - 
================================================================================
DAG File Processing Stats

File Path                                   PID    Runtime      # DAGs    # Errors  Last Runtime    Last Run
------------------------------------------  -----  ---------  --------  ----------  --------------  -------------------
/opt/airflow/dags/process_customers_dag.py                           1           0  1.40s           2025-06-17T07:11:01
/opt/airflow/dags/process_sales_dag.py                               1           0  1.36s           2025-06-17T07:10:57
================================================================================
[2025-06-17T07:11:38.674+0000] {manager.py:878} INFO - 
================================================================================
DAG File Processing Stats

File Path                                   PID    Runtime      # DAGs    # Errors  Last Runtime    Last Run
------------------------------------------  -----  ---------  --------  ----------  --------------  -------------------
/opt/airflow/dags/process_customers_dag.py                           1           0  1.56s           2025-06-17T07:11:33
/opt/airflow/dags/process_sales_dag.py                               1           0  1.25s           2025-06-17T07:11:29
================================================================================
[2025-06-17T07:12:09.062+0000] {manager.py:878} INFO - 
================================================================================
DAG File Processing Stats

File Path                                   PID    Runtime      # DAGs    # Errors  Last Runtime    Last Run
------------------------------------------  -----  ---------  --------  ----------  --------------  -------------------
/opt/airflow/dags/process_sales_dag.py                               1           0  1.01s           2025-06-17T07:12:00
/opt/airflow/dags/process_customers_dag.py                           1           0  0.26s           2025-06-17T07:12:04
================================================================================
[2025-06-17T07:12:39.223+0000] {manager.py:878} INFO - 
================================================================================
DAG File Processing Stats

File Path                                   PID    Runtime      # DAGs    # Errors  Last Runtime    Last Run
------------------------------------------  -----  ---------  --------  ----------  --------------  -------------------
/opt/airflow/dags/process_sales_dag.py                               1           0  0.53s           2025-06-17T07:12:32
/opt/airflow/dags/process_customers_dag.py                           1           0  0.28s           2025-06-17T07:12:34
================================================================================
[2025-06-17T07:13:09.633+0000] {manager.py:878} INFO - 
================================================================================
DAG File Processing Stats

File Path                                   PID    Runtime      # DAGs    # Errors  Last Runtime    Last Run
------------------------------------------  -----  ---------  --------  ----------  --------------  -------------------
/opt/airflow/dags/process_sales_dag.py                               1           0  0.20s           2025-06-17T07:13:02
/opt/airflow/dags/process_customers_dag.py                           1           0  0.19s           2025-06-17T07:13:04
================================================================================
[2025-06-17T07:13:39.886+0000] {manager.py:878} INFO - 
================================================================================
DAG File Processing Stats

File Path                                   PID    Runtime      # DAGs    # Errors  Last Runtime    Last Run
------------------------------------------  -----  ---------  --------  ----------  --------------  -------------------
/opt/airflow/dags/process_sales_dag.py                               1           0  0.54s           2025-06-17T07:13:33
/opt/airflow/dags/process_customers_dag.py                           1           0  0.36s           2025-06-17T07:13:35
================================================================================
[2025-06-17T07:13:53.257+0000] {manager.py:737} INFO - Searching for files in /opt/airflow/dags
[2025-06-17T07:13:53.333+0000] {manager.py:740} INFO - There are 2 files in /opt/airflow/dags
[2025-06-17T07:14:10.258+0000] {manager.py:878} INFO - 
================================================================================
DAG File Processing Stats

File Path                                   PID    Runtime      # DAGs    # Errors  Last Runtime    Last Run
------------------------------------------  -----  ---------  --------  ----------  --------------  -------------------
/opt/airflow/dags/process_customers_dag.py                           1           0  0.99s           2025-06-17T07:14:06
/opt/airflow/dags/process_sales_dag.py                               1           0  0.97s           2025-06-17T07:14:04
================================================================================
[2025-06-17T07:14:40.524+0000] {manager.py:878} INFO - 
================================================================================
DAG File Processing Stats

File Path                                   PID    Runtime      # DAGs    # Errors  Last Runtime    Last Run
------------------------------------------  -----  ---------  --------  ----------  --------------  -------------------
/opt/airflow/dags/process_sales_dag.py                               1           0  2.31s           2025-06-17T07:14:37
/opt/airflow/dags/process_customers_dag.py                           1           0  0.87s           2025-06-17T07:14:37
================================================================================
[2025-06-17T07:15:10.587+0000] {manager.py:878} INFO - 
================================================================================
DAG File Processing Stats

File Path                                   PID    Runtime      # DAGs    # Errors  Last Runtime    Last Run
------------------------------------------  -----  ---------  --------  ----------  --------------  -------------------
/opt/airflow/dags/process_sales_dag.py                               1           0  0.27s           2025-06-17T07:15:07
/opt/airflow/dags/process_customers_dag.py                           1           0  0.24s           2025-06-17T07:15:07
================================================================================
[2025-06-17T07:15:41.400+0000] {manager.py:878} INFO - 
================================================================================
DAG File Processing Stats

File Path                                   PID    Runtime      # DAGs    # Errors  Last Runtime    Last Run
------------------------------------------  -----  ---------  --------  ----------  --------------  -------------------
/opt/airflow/dags/process_customers_dag.py                           1           0  0.27s           2025-06-17T07:15:38
/opt/airflow/dags/process_sales_dag.py                               1           0  0.27s           2025-06-17T07:15:38
================================================================================
[2025-06-17T07:16:11.446+0000] {manager.py:878} INFO - 
================================================================================
DAG File Processing Stats

File Path                                   PID    Runtime      # DAGs    # Errors  Last Runtime    Last Run
------------------------------------------  -----  ---------  --------  ----------  --------------  -------------------
/opt/airflow/dags/process_sales_dag.py                               1           0  0.88s           2025-06-17T07:16:10
/opt/airflow/dags/process_customers_dag.py                           1           0  0.83s           2025-06-17T07:16:10
================================================================================
[2025-06-17T07:16:41.608+0000] {manager.py:878} INFO - 
================================================================================
DAG File Processing Stats

File Path                                   PID    Runtime      # DAGs    # Errors  Last Runtime    Last Run
------------------------------------------  -----  ---------  --------  ----------  --------------  -------------------
/opt/airflow/dags/process_customers_dag.py                           1           0  0.64s           2025-06-17T07:16:41
/opt/airflow/dags/process_sales_dag.py                               1           0  0.54s           2025-06-17T07:16:41
================================================================================
[2025-06-17T07:17:11.877+0000] {manager.py:878} INFO - 
================================================================================
DAG File Processing Stats

File Path                                     PID  Runtime      # DAGs    # Errors  Last Runtime    Last Run
------------------------------------------  -----  ---------  --------  ----------  --------------  -------------------
/opt/airflow/dags/process_customers_dag.py    829  0.05s             1           0  0.64s           2025-06-17T07:16:41
/opt/airflow/dags/process_sales_dag.py        832  0.02s             1           0  0.54s           2025-06-17T07:16:41
================================================================================
[2025-06-17T07:17:42.262+0000] {manager.py:878} INFO - 
================================================================================
DAG File Processing Stats

File Path                                   PID    Runtime      # DAGs    # Errors  Last Runtime    Last Run
------------------------------------------  -----  ---------  --------  ----------  --------------  -------------------
/opt/airflow/dags/process_sales_dag.py                               1           0  0.53s           2025-06-17T07:17:12
/opt/airflow/dags/process_customers_dag.py                           1           0  0.52s           2025-06-17T07:17:12
================================================================================
[2025-06-17T07:18:12.619+0000] {manager.py:878} INFO - 
================================================================================
DAG File Processing Stats

File Path                                   PID    Runtime      # DAGs    # Errors  Last Runtime    Last Run
------------------------------------------  -----  ---------  --------  ----------  --------------  -------------------
/opt/airflow/dags/process_sales_dag.py                               1           0  0.31s           2025-06-17T07:17:42
/opt/airflow/dags/process_customers_dag.py                           1           0  0.26s           2025-06-17T07:17:42
================================================================================
[2025-06-17T07:18:42.623+0000] {manager.py:878} INFO - 
================================================================================
DAG File Processing Stats

File Path                                   PID    Runtime      # DAGs    # Errors  Last Runtime    Last Run
------------------------------------------  -----  ---------  --------  ----------  --------------  -------------------
/opt/airflow/dags/process_customers_dag.py                           1           0  0.30s           2025-06-17T07:18:12
/opt/airflow/dags/process_sales_dag.py                               1           0  0.25s           2025-06-17T07:18:13
================================================================================
[2025-06-17T07:18:54.220+0000] {manager.py:737} INFO - Searching for files in /opt/airflow/dags
[2025-06-17T07:18:54.761+0000] {manager.py:740} INFO - There are 2 files in /opt/airflow/dags
[2025-06-17T07:19:13.121+0000] {manager.py:878} INFO - 
================================================================================
DAG File Processing Stats

File Path                                   PID    Runtime      # DAGs    # Errors  Last Runtime    Last Run
------------------------------------------  -----  ---------  --------  ----------  --------------  -------------------
/opt/airflow/dags/process_sales_dag.py                               1           0  0.47s           2025-06-17T07:18:44
/opt/airflow/dags/process_customers_dag.py                           1           0  0.46s           2025-06-17T07:18:44
================================================================================
[2025-06-17T07:19:43.516+0000] {manager.py:878} INFO - 
================================================================================
DAG File Processing Stats

File Path                                   PID    Runtime      # DAGs    # Errors  Last Runtime    Last Run
------------------------------------------  -----  ---------  --------  ----------  --------------  -------------------
/opt/airflow/dags/process_sales_dag.py                               1           0  2.01s           2025-06-17T07:19:16
/opt/airflow/dags/process_customers_dag.py                           1           0  1.99s           2025-06-17T07:19:16
================================================================================
[2025-06-17T07:20:14.230+0000] {manager.py:878} INFO - 
================================================================================
DAG File Processing Stats

File Path                                   PID    Runtime      # DAGs    # Errors  Last Runtime    Last Run
------------------------------------------  -----  ---------  --------  ----------  --------------  -------------------
/opt/airflow/dags/process_sales_dag.py                               1           0  0.49s           2025-06-17T07:19:47
/opt/airflow/dags/process_customers_dag.py                           1           0  0.48s           2025-06-17T07:19:47
================================================================================
[2025-06-17T07:20:44.799+0000] {manager.py:878} INFO - 
================================================================================
DAG File Processing Stats

File Path                                   PID    Runtime      # DAGs    # Errors  Last Runtime    Last Run
------------------------------------------  -----  ---------  --------  ----------  --------------  -------------------
/opt/airflow/dags/process_customers_dag.py                           1           0  0.60s           2025-06-17T07:20:17
/opt/airflow/dags/process_sales_dag.py                               1           0  0.47s           2025-06-17T07:20:17
================================================================================
[2025-06-17T07:21:15.610+0000] {manager.py:878} INFO - 
================================================================================
DAG File Processing Stats

File Path                                   PID    Runtime      # DAGs    # Errors  Last Runtime    Last Run
------------------------------------------  -----  ---------  --------  ----------  --------------  -------------------
/opt/airflow/dags/process_customers_dag.py                           1           0  0.44s           2025-06-17T07:20:48
/opt/airflow/dags/process_sales_dag.py                               1           0  0.41s           2025-06-17T07:20:48
================================================================================
[2025-06-17T07:21:45.687+0000] {manager.py:878} INFO - 
================================================================================
DAG File Processing Stats

File Path                                   PID    Runtime      # DAGs    # Errors  Last Runtime    Last Run
------------------------------------------  -----  ---------  --------  ----------  --------------  -------------------
/opt/airflow/dags/process_customers_dag.py                           1           0  0.54s           2025-06-17T07:21:19
/opt/airflow/dags/process_sales_dag.py                               1           0  0.44s           2025-06-17T07:21:19
================================================================================
[2025-06-17T07:22:15.710+0000] {manager.py:878} INFO - 
================================================================================
DAG File Processing Stats

File Path                                   PID    Runtime      # DAGs    # Errors  Last Runtime    Last Run
------------------------------------------  -----  ---------  --------  ----------  --------------  -------------------
/opt/airflow/dags/process_customers_dag.py                           1           0  0.50s           2025-06-17T07:21:49
/opt/airflow/dags/process_sales_dag.py                               1           0  0.45s           2025-06-17T07:21:49
================================================================================
[2025-06-17T07:22:18.492+0000] {manager.py:452} INFO - Exiting gracefully upon receiving signal 15
[2025-06-17T08:01:41.041+0000] {manager.py:470} INFO - Processing files using up to 2 processes at a time 
[2025-06-17T08:01:41.044+0000] {manager.py:471} INFO - Process each file at most once every 30 seconds
[2025-06-17T08:01:41.046+0000] {manager.py:472} INFO - Checking for new files in /opt/airflow/dags every 300 seconds
[2025-06-17T08:01:41.055+0000] {manager.py:737} INFO - Searching for files in /opt/airflow/dags
[2025-06-17T08:01:41.123+0000] {manager.py:740} INFO - There are 2 files in /opt/airflow/dags
[2025-06-17T08:01:42.302+0000] {manager.py:878} INFO - 
================================================================================
DAG File Processing Stats

File Path                                     PID  Runtime      # DAGs    # Errors  Last Runtime    Last Run
------------------------------------------  -----  ---------  --------  ----------  --------------  ----------
/opt/airflow/dags/process_customers_dag.py    159  0.78s             0           0
/opt/airflow/dags/process_sales_dag.py        162  0.52s             0           0
================================================================================
[2025-06-17T08:02:12.525+0000] {manager.py:878} INFO - 
================================================================================
DAG File Processing Stats

File Path                                   PID    Runtime      # DAGs    # Errors  Last Runtime    Last Run
------------------------------------------  -----  ---------  --------  ----------  --------------  -------------------
/opt/airflow/dags/process_customers_dag.py                           1           0  1.48s           2025-06-17T08:01:42
/opt/airflow/dags/process_sales_dag.py                               1           0  1.16s           2025-06-17T08:01:42
================================================================================
[2025-06-17T08:02:42.676+0000] {manager.py:878} INFO - 
================================================================================
DAG File Processing Stats

File Path                                   PID    Runtime      # DAGs    # Errors  Last Runtime    Last Run
------------------------------------------  -----  ---------  --------  ----------  --------------  -------------------
/opt/airflow/dags/process_customers_dag.py                           1           0  1.06s           2025-06-17T08:02:14
/opt/airflow/dags/process_sales_dag.py                               1           0  1.02s           2025-06-17T08:02:14
================================================================================
[2025-06-17T08:03:12.830+0000] {manager.py:878} INFO - 
================================================================================
DAG File Processing Stats

File Path                                   PID    Runtime      # DAGs    # Errors  Last Runtime    Last Run
------------------------------------------  -----  ---------  --------  ----------  --------------  -------------------
/opt/airflow/dags/process_customers_dag.py                           1           0  2.62s           2025-06-17T08:02:47
/opt/airflow/dags/process_sales_dag.py                               1           0  2.57s           2025-06-17T08:02:47
================================================================================
[2025-06-17T08:03:43.518+0000] {manager.py:878} INFO - 
================================================================================
DAG File Processing Stats

File Path                                   PID    Runtime      # DAGs    # Errors  Last Runtime    Last Run
------------------------------------------  -----  ---------  --------  ----------  --------------  -------------------
/opt/airflow/dags/process_customers_dag.py                           1           0  2.80s           2025-06-17T08:03:20
/opt/airflow/dags/process_sales_dag.py                               1           0  2.68s           2025-06-17T08:03:20
================================================================================
[2025-06-17T08:04:14.458+0000] {manager.py:878} INFO - 
================================================================================
DAG File Processing Stats

File Path                                   PID    Runtime      # DAGs    # Errors  Last Runtime    Last Run
------------------------------------------  -----  ---------  --------  ----------  --------------  -------------------
/opt/airflow/dags/process_customers_dag.py                           1           0  2.13s           2025-06-17T08:03:53
/opt/airflow/dags/process_sales_dag.py                               1           0  1.96s           2025-06-17T08:03:53
================================================================================
[2025-06-17T08:04:44.843+0000] {manager.py:878} INFO - 
================================================================================
DAG File Processing Stats

File Path                                   PID    Runtime      # DAGs    # Errors  Last Runtime    Last Run
------------------------------------------  -----  ---------  --------  ----------  --------------  -------------------
/opt/airflow/dags/process_customers_dag.py                           1           0  1.28s           2025-06-17T08:04:24
/opt/airflow/dags/process_sales_dag.py                               1           0  1.19s           2025-06-17T08:04:24
================================================================================
[2025-06-17T08:05:15.130+0000] {manager.py:878} INFO - 
================================================================================
DAG File Processing Stats

File Path                                   PID    Runtime      # DAGs    # Errors  Last Runtime    Last Run
------------------------------------------  -----  ---------  --------  ----------  --------------  -------------------
/opt/airflow/dags/process_sales_dag.py                               1           0  0.28s           2025-06-17T08:04:55
/opt/airflow/dags/process_customers_dag.py                           1           0  0.28s           2025-06-17T08:04:55
================================================================================
[2025-06-17T08:05:45.310+0000] {manager.py:878} INFO - 
================================================================================
DAG File Processing Stats

File Path                                   PID    Runtime      # DAGs    # Errors  Last Runtime    Last Run
------------------------------------------  -----  ---------  --------  ----------  --------------  -------------------
/opt/airflow/dags/process_customers_dag.py                           1           0  0.40s           2025-06-17T08:05:25
/opt/airflow/dags/process_sales_dag.py                               1           0  0.38s           2025-06-17T08:05:25
================================================================================
[2025-06-17T08:06:15.322+0000] {manager.py:878} INFO - 
================================================================================
DAG File Processing Stats

File Path                                   PID    Runtime      # DAGs    # Errors  Last Runtime    Last Run
------------------------------------------  -----  ---------  --------  ----------  --------------  -------------------
/opt/airflow/dags/process_sales_dag.py                               1           0  0.29s           2025-06-17T08:05:56
/opt/airflow/dags/process_customers_dag.py                           1           0  0.27s           2025-06-17T08:05:56
================================================================================
[2025-06-18T04:36:15.298+0000] {manager.py:470} INFO - Processing files using up to 2 processes at a time 
[2025-06-18T04:36:15.307+0000] {manager.py:471} INFO - Process each file at most once every 30 seconds
[2025-06-18T04:36:15.310+0000] {manager.py:472} INFO - Checking for new files in /opt/airflow/dags every 300 seconds
[2025-06-18T04:36:15.312+0000] {manager.py:737} INFO - Searching for files in /opt/airflow/dags
[2025-06-18T04:36:15.417+0000] {manager.py:740} INFO - There are 2 files in /opt/airflow/dags
[2025-06-18T04:36:15.905+0000] {manager.py:878} INFO - 
================================================================================
DAG File Processing Stats

File Path                                     PID  Runtime      # DAGs    # Errors  Last Runtime    Last Run
------------------------------------------  -----  ---------  --------  ----------  --------------  ----------
/opt/airflow/dags/process_customers_dag.py    158  0.22s             0           0
/opt/airflow/dags/process_sales_dag.py        161  0.18s             0           0
================================================================================
[2025-06-18T04:36:46.281+0000] {manager.py:878} INFO - 
================================================================================
DAG File Processing Stats

File Path                                   PID    Runtime      # DAGs    # Errors  Last Runtime    Last Run
------------------------------------------  -----  ---------  --------  ----------  --------------  -------------------
/opt/airflow/dags/process_customers_dag.py                           1           0  0.96s           2025-06-18T04:36:16
/opt/airflow/dags/process_sales_dag.py                               1           0  0.89s           2025-06-18T04:36:16
================================================================================
[2025-06-18T04:37:16.761+0000] {manager.py:878} INFO - 
================================================================================
DAG File Processing Stats

File Path                                   PID    Runtime      # DAGs    # Errors  Last Runtime    Last Run
------------------------------------------  -----  ---------  --------  ----------  --------------  -------------------
/opt/airflow/dags/process_sales_dag.py                               1           0  0.39s           2025-06-18T04:36:47
/opt/airflow/dags/process_customers_dag.py                           1           0  0.39s           2025-06-18T04:36:47
================================================================================
[2025-06-18T04:37:47.129+0000] {manager.py:878} INFO - 
================================================================================
DAG File Processing Stats

File Path                                   PID    Runtime      # DAGs    # Errors  Last Runtime    Last Run
------------------------------------------  -----  ---------  --------  ----------  --------------  -------------------
/opt/airflow/dags/process_customers_dag.py                           1           0  1.28s           2025-06-18T04:37:19
/opt/airflow/dags/process_sales_dag.py                               1           0  1.12s           2025-06-18T04:37:19
================================================================================
[2025-06-18T04:38:17.887+0000] {manager.py:878} INFO - 
================================================================================
DAG File Processing Stats

File Path                                   PID    Runtime      # DAGs    # Errors  Last Runtime    Last Run
------------------------------------------  -----  ---------  --------  ----------  --------------  -------------------
/opt/airflow/dags/process_customers_dag.py                           1           0  0.31s           2025-06-18T04:37:49
/opt/airflow/dags/process_sales_dag.py                               1           0  0.30s           2025-06-18T04:37:49
================================================================================
[2025-06-18T04:38:48.094+0000] {manager.py:878} INFO - 
================================================================================
DAG File Processing Stats

File Path                                   PID    Runtime      # DAGs    # Errors  Last Runtime    Last Run
------------------------------------------  -----  ---------  --------  ----------  --------------  -------------------
/opt/airflow/dags/process_customers_dag.py                           1           0  0.44s           2025-06-18T04:38:20
/opt/airflow/dags/process_sales_dag.py                               1           0  0.43s           2025-06-18T04:38:20
================================================================================
[2025-06-18T04:39:18.441+0000] {manager.py:878} INFO - 
================================================================================
DAG File Processing Stats

File Path                                   PID    Runtime      # DAGs    # Errors  Last Runtime    Last Run
------------------------------------------  -----  ---------  --------  ----------  --------------  -------------------
/opt/airflow/dags/process_customers_dag.py                           1           0  1.05s           2025-06-18T04:38:52
/opt/airflow/dags/process_sales_dag.py                               1           0  0.73s           2025-06-18T04:38:52
================================================================================
[2025-06-18T04:39:48.595+0000] {manager.py:878} INFO - 
================================================================================
DAG File Processing Stats

File Path                                   PID    Runtime      # DAGs    # Errors  Last Runtime    Last Run
------------------------------------------  -----  ---------  --------  ----------  --------------  -------------------
/opt/airflow/dags/process_customers_dag.py                           1           0  0.31s           2025-06-18T04:39:23
/opt/airflow/dags/process_sales_dag.py                               1           0  0.31s           2025-06-18T04:39:23
================================================================================
[2025-06-18T04:40:18.654+0000] {manager.py:878} INFO - 
================================================================================
DAG File Processing Stats

File Path                                   PID    Runtime      # DAGs    # Errors  Last Runtime    Last Run
------------------------------------------  -----  ---------  --------  ----------  --------------  -------------------
/opt/airflow/dags/process_customers_dag.py                           1           0  1.03s           2025-06-18T04:39:54
/opt/airflow/dags/process_sales_dag.py                               1           0  0.44s           2025-06-18T04:39:54
================================================================================
[2025-06-18T04:40:48.668+0000] {manager.py:878} INFO - 
================================================================================
DAG File Processing Stats

File Path                                   PID    Runtime      # DAGs    # Errors  Last Runtime    Last Run
------------------------------------------  -----  ---------  --------  ----------  --------------  -------------------
/opt/airflow/dags/process_customers_dag.py                           1           0  0.58s           2025-06-18T04:40:25
/opt/airflow/dags/process_sales_dag.py                               1           0  0.46s           2025-06-18T04:40:25
================================================================================
[2025-06-18T04:41:15.423+0000] {manager.py:737} INFO - Searching for files in /opt/airflow/dags
[2025-06-18T04:41:15.503+0000] {manager.py:740} INFO - There are 2 files in /opt/airflow/dags
[2025-06-18T04:41:18.688+0000] {manager.py:878} INFO - 
================================================================================
DAG File Processing Stats

File Path                                   PID    Runtime      # DAGs    # Errors  Last Runtime    Last Run
------------------------------------------  -----  ---------  --------  ----------  --------------  -------------------
/opt/airflow/dags/process_sales_dag.py                               1           0  0.34s           2025-06-18T04:40:56
/opt/airflow/dags/process_customers_dag.py                           1           0  0.30s           2025-06-18T04:40:56
================================================================================
[2025-06-18T04:41:49.253+0000] {manager.py:878} INFO - 
================================================================================
DAG File Processing Stats

File Path                                   PID    Runtime      # DAGs    # Errors  Last Runtime    Last Run
------------------------------------------  -----  ---------  --------  ----------  --------------  -------------------
/opt/airflow/dags/process_customers_dag.py                           1           0  1.49s           2025-06-18T04:41:27
/opt/airflow/dags/process_sales_dag.py                               1           0  0.85s           2025-06-18T04:41:27
================================================================================
[2025-06-18T04:42:19.827+0000] {manager.py:878} INFO - 
================================================================================
DAG File Processing Stats

File Path                                   PID    Runtime      # DAGs    # Errors  Last Runtime    Last Run
------------------------------------------  -----  ---------  --------  ----------  --------------  -------------------
/opt/airflow/dags/process_customers_dag.py                           1           0  1.52s           2025-06-18T04:41:59
/opt/airflow/dags/process_sales_dag.py                               1           0  1.09s           2025-06-18T04:41:59
================================================================================
[2025-06-18T04:42:50.604+0000] {manager.py:878} INFO - 
================================================================================
DAG File Processing Stats

File Path                                   PID    Runtime      # DAGs    # Errors  Last Runtime    Last Run
------------------------------------------  -----  ---------  --------  ----------  --------------  -------------------
/opt/airflow/dags/process_sales_dag.py                               1           0  0.86s           2025-06-18T04:42:31
/opt/airflow/dags/process_customers_dag.py                           1           0  0.82s           2025-06-18T04:42:30
================================================================================
[2025-06-18T04:43:21.134+0000] {manager.py:878} INFO - 
================================================================================
DAG File Processing Stats

File Path                                   PID    Runtime      # DAGs    # Errors  Last Runtime    Last Run
------------------------------------------  -----  ---------  --------  ----------  --------------  -------------------
/opt/airflow/dags/process_customers_dag.py                           1           0  0.79s           2025-06-18T04:43:02
/opt/airflow/dags/process_sales_dag.py                               1           0  0.75s           2025-06-18T04:43:02
================================================================================
[2025-06-18T04:43:51.193+0000] {manager.py:878} INFO - 
================================================================================
DAG File Processing Stats

File Path                                   PID    Runtime      # DAGs    # Errors  Last Runtime    Last Run
------------------------------------------  -----  ---------  --------  ----------  --------------  -------------------
/opt/airflow/dags/process_customers_dag.py                           1           0  0.69s           2025-06-18T04:43:33
/opt/airflow/dags/process_sales_dag.py                               1           0  0.68s           2025-06-18T04:43:34
================================================================================
[2025-06-18T04:44:21.951+0000] {manager.py:878} INFO - 
================================================================================
DAG File Processing Stats

File Path                                   PID    Runtime      # DAGs    # Errors  Last Runtime    Last Run
------------------------------------------  -----  ---------  --------  ----------  --------------  -------------------
/opt/airflow/dags/process_customers_dag.py                           1           0  0.28s           2025-06-18T04:44:04
/opt/airflow/dags/process_sales_dag.py                               1           0  0.22s           2025-06-18T04:44:04
================================================================================
[2025-06-18T04:44:52.749+0000] {manager.py:878} INFO - 
================================================================================
DAG File Processing Stats

File Path                                   PID    Runtime      # DAGs    # Errors  Last Runtime    Last Run
------------------------------------------  -----  ---------  --------  ----------  --------------  -------------------
/opt/airflow/dags/process_sales_dag.py                               1           0  0.27s           2025-06-18T04:44:35
/opt/airflow/dags/process_customers_dag.py                           1           0  0.27s           2025-06-18T04:44:35
================================================================================
[2025-06-18T04:45:22.908+0000] {manager.py:878} INFO - 
================================================================================
DAG File Processing Stats

File Path                                   PID    Runtime      # DAGs    # Errors  Last Runtime    Last Run
------------------------------------------  -----  ---------  --------  ----------  --------------  -------------------
/opt/airflow/dags/process_customers_dag.py                           1           0  0.74s           2025-06-18T04:45:06
/opt/airflow/dags/process_sales_dag.py                               1           0  0.55s           2025-06-18T04:45:06
================================================================================
[2025-06-18T04:45:53.451+0000] {manager.py:878} INFO - 
================================================================================
DAG File Processing Stats

File Path                                   PID    Runtime      # DAGs    # Errors  Last Runtime    Last Run
------------------------------------------  -----  ---------  --------  ----------  --------------  -------------------
/opt/airflow/dags/process_sales_dag.py                               1           0  0.34s           2025-06-18T04:45:37
/opt/airflow/dags/process_customers_dag.py                           1           0  0.27s           2025-06-18T04:45:37
================================================================================
[2025-06-18T04:46:15.623+0000] {manager.py:737} INFO - Searching for files in /opt/airflow/dags
[2025-06-18T04:46:16.256+0000] {manager.py:740} INFO - There are 2 files in /opt/airflow/dags
[2025-06-18T04:46:23.651+0000] {manager.py:878} INFO - 
================================================================================
DAG File Processing Stats

File Path                                   PID    Runtime      # DAGs    # Errors  Last Runtime    Last Run
------------------------------------------  -----  ---------  --------  ----------  --------------  -------------------
/opt/airflow/dags/process_sales_dag.py                               1           0  0.75s           2025-06-18T04:46:08
/opt/airflow/dags/process_customers_dag.py                           1           0  0.55s           2025-06-18T04:46:08
================================================================================
[2025-06-18T04:46:54.076+0000] {manager.py:878} INFO - 
================================================================================
DAG File Processing Stats

File Path                                   PID    Runtime      # DAGs    # Errors  Last Runtime    Last Run
------------------------------------------  -----  ---------  --------  ----------  --------------  -------------------
/opt/airflow/dags/process_customers_dag.py                           1           0  0.28s           2025-06-18T04:46:39
/opt/airflow/dags/process_sales_dag.py                               1           0  0.27s           2025-06-18T04:46:39
================================================================================
[2025-06-18T04:47:25.231+0000] {manager.py:878} INFO - 
================================================================================
DAG File Processing Stats

File Path                                   PID    Runtime      # DAGs    # Errors  Last Runtime    Last Run
------------------------------------------  -----  ---------  --------  ----------  --------------  -------------------
/opt/airflow/dags/process_sales_dag.py                               1           0  0.33s           2025-06-18T04:47:09
/opt/airflow/dags/process_customers_dag.py                           1           0  0.32s           2025-06-18T04:47:09
================================================================================
[2025-06-18T04:47:55.386+0000] {manager.py:878} INFO - 
================================================================================
DAG File Processing Stats

File Path                                   PID    Runtime      # DAGs    # Errors  Last Runtime    Last Run
------------------------------------------  -----  ---------  --------  ----------  --------------  -------------------
/opt/airflow/dags/process_customers_dag.py                           1           0  0.58s           2025-06-18T04:47:41
/opt/airflow/dags/process_sales_dag.py                               1           0  0.43s           2025-06-18T04:47:41
================================================================================
[2025-06-18T04:48:26.023+0000] {manager.py:878} INFO - 
================================================================================
DAG File Processing Stats

File Path                                   PID    Runtime      # DAGs    # Errors  Last Runtime    Last Run
------------------------------------------  -----  ---------  --------  ----------  --------------  -------------------
/opt/airflow/dags/process_customers_dag.py                           1           0  0.31s           2025-06-18T04:48:11
/opt/airflow/dags/process_sales_dag.py                               1           0  0.31s           2025-06-18T04:48:11
================================================================================
[2025-06-18T04:48:56.801+0000] {manager.py:878} INFO - 
================================================================================
DAG File Processing Stats

File Path                                   PID    Runtime      # DAGs    # Errors  Last Runtime    Last Run
------------------------------------------  -----  ---------  --------  ----------  --------------  -------------------
/opt/airflow/dags/process_customers_dag.py                           1           0  1.21s           2025-06-18T04:48:43
/opt/airflow/dags/process_sales_dag.py                               1           0  0.79s           2025-06-18T04:48:43
================================================================================
[2025-06-18T04:49:26.928+0000] {manager.py:878} INFO - 
================================================================================
DAG File Processing Stats

File Path                                   PID    Runtime      # DAGs    # Errors  Last Runtime    Last Run
------------------------------------------  -----  ---------  --------  ----------  --------------  -------------------
/opt/airflow/dags/process_customers_dag.py                           1           0  0.28s           2025-06-18T04:49:14
/opt/airflow/dags/process_sales_dag.py                               1           0  0.25s           2025-06-18T04:49:14
================================================================================
[2025-06-18T04:49:57.219+0000] {manager.py:878} INFO - 
================================================================================
DAG File Processing Stats

File Path                                   PID    Runtime      # DAGs    # Errors  Last Runtime    Last Run
------------------------------------------  -----  ---------  --------  ----------  --------------  -------------------
/opt/airflow/dags/process_customers_dag.py                           1           0  0.65s           2025-06-18T04:49:45
/opt/airflow/dags/process_sales_dag.py                               1           0  0.55s           2025-06-18T04:49:45
================================================================================
[2025-06-18T04:50:27.793+0000] {manager.py:878} INFO - 
================================================================================
DAG File Processing Stats

File Path                                   PID    Runtime      # DAGs    # Errors  Last Runtime    Last Run
------------------------------------------  -----  ---------  --------  ----------  --------------  -------------------
/opt/airflow/dags/process_customers_dag.py                           1           0  1.30s           2025-06-18T04:50:16
/opt/airflow/dags/process_sales_dag.py                               1           0  1.18s           2025-06-18T04:50:16
================================================================================
[2025-06-18T04:50:58.341+0000] {manager.py:878} INFO - 
================================================================================
DAG File Processing Stats

File Path                                   PID    Runtime      # DAGs    # Errors  Last Runtime    Last Run
------------------------------------------  -----  ---------  --------  ----------  --------------  -------------------
/opt/airflow/dags/process_sales_dag.py                               1           0  0.32s           2025-06-18T04:50:46
/opt/airflow/dags/process_customers_dag.py                           1           0  0.31s           2025-06-18T04:50:46
================================================================================
[2025-06-18T04:51:15.700+0000] {manager.py:737} INFO - Searching for files in /opt/airflow/dags
[2025-06-18T04:51:15.737+0000] {manager.py:740} INFO - There are 2 files in /opt/airflow/dags
[2025-06-18T04:51:29.160+0000] {manager.py:878} INFO - 
================================================================================
DAG File Processing Stats

File Path                                   PID    Runtime      # DAGs    # Errors  Last Runtime    Last Run
------------------------------------------  -----  ---------  --------  ----------  --------------  -------------------
/opt/airflow/dags/process_customers_dag.py                           1           0  0.72s           2025-06-18T04:51:18
/opt/airflow/dags/process_sales_dag.py                               1           0  0.64s           2025-06-18T04:51:18
================================================================================
[2025-06-18T04:51:59.928+0000] {manager.py:878} INFO - 
================================================================================
DAG File Processing Stats

File Path                                   PID    Runtime      # DAGs    # Errors  Last Runtime    Last Run
------------------------------------------  -----  ---------  --------  ----------  --------------  -------------------
/opt/airflow/dags/process_sales_dag.py                               1           0  0.24s           2025-06-18T04:51:49
/opt/airflow/dags/process_customers_dag.py                           1           0  0.24s           2025-06-18T04:51:49
================================================================================
[2025-06-18T04:52:29.950+0000] {manager.py:878} INFO - 
================================================================================
DAG File Processing Stats

File Path                                   PID    Runtime      # DAGs    # Errors  Last Runtime    Last Run
------------------------------------------  -----  ---------  --------  ----------  --------------  -------------------
/opt/airflow/dags/process_sales_dag.py                               1           0  0.42s           2025-06-18T04:52:20
/opt/airflow/dags/process_customers_dag.py                           1           0  0.38s           2025-06-18T04:52:20
================================================================================
[2025-06-18T04:53:00.604+0000] {manager.py:878} INFO - 
================================================================================
DAG File Processing Stats

File Path                                   PID    Runtime      # DAGs    # Errors  Last Runtime    Last Run
------------------------------------------  -----  ---------  --------  ----------  --------------  -------------------
/opt/airflow/dags/process_sales_dag.py                               1           0  0.33s           2025-06-18T04:52:51
/opt/airflow/dags/process_customers_dag.py                           1           0  0.31s           2025-06-18T04:52:51
================================================================================
[2025-06-18T04:53:31.173+0000] {manager.py:878} INFO - 
================================================================================
DAG File Processing Stats

File Path                                   PID    Runtime      # DAGs    # Errors  Last Runtime    Last Run
------------------------------------------  -----  ---------  --------  ----------  --------------  -------------------
/opt/airflow/dags/process_sales_dag.py                               1           0  1.03s           2025-06-18T04:53:23
/opt/airflow/dags/process_customers_dag.py                           1           0  1.02s           2025-06-18T04:53:23
================================================================================
[2025-06-18T04:54:01.685+0000] {manager.py:878} INFO - 
================================================================================
DAG File Processing Stats

File Path                                   PID    Runtime      # DAGs    # Errors  Last Runtime    Last Run
------------------------------------------  -----  ---------  --------  ----------  --------------  -------------------
/opt/airflow/dags/process_sales_dag.py                               1           0  0.97s           2025-06-18T04:53:55
/opt/airflow/dags/process_customers_dag.py                           1           0  0.81s           2025-06-18T04:53:55
================================================================================
[2025-06-18T04:54:31.777+0000] {manager.py:878} INFO - 
================================================================================
DAG File Processing Stats

File Path                                   PID    Runtime      # DAGs    # Errors  Last Runtime    Last Run
------------------------------------------  -----  ---------  --------  ----------  --------------  -------------------
/opt/airflow/dags/process_sales_dag.py                               1           0  0.42s           2025-06-18T04:54:26
/opt/airflow/dags/process_customers_dag.py                           1           0  0.41s           2025-06-18T04:54:26
================================================================================
[2025-06-18T04:55:02.373+0000] {manager.py:878} INFO - 
================================================================================
DAG File Processing Stats

File Path                                   PID    Runtime      # DAGs    # Errors  Last Runtime    Last Run
------------------------------------------  -----  ---------  --------  ----------  --------------  -------------------
/opt/airflow/dags/process_customers_dag.py                           1           0  1.14s           2025-06-18T04:54:58
/opt/airflow/dags/process_sales_dag.py                               1           0  1.08s           2025-06-18T04:54:58
================================================================================
[2025-06-18T04:55:33.274+0000] {manager.py:878} INFO - 
================================================================================
DAG File Processing Stats

File Path                                   PID    Runtime      # DAGs    # Errors  Last Runtime    Last Run
------------------------------------------  -----  ---------  --------  ----------  --------------  -------------------
/opt/airflow/dags/process_customers_dag.py                           1           0  0.39s           2025-06-18T04:55:29
/opt/airflow/dags/process_sales_dag.py                               1           0  0.32s           2025-06-18T04:55:29
================================================================================
[2025-06-18T04:56:03.627+0000] {manager.py:878} INFO - 
================================================================================
DAG File Processing Stats

File Path                                   PID    Runtime      # DAGs    # Errors  Last Runtime    Last Run
------------------------------------------  -----  ---------  --------  ----------  --------------  -------------------
/opt/airflow/dags/process_customers_dag.py                           1           0  0.47s           2025-06-18T04:56:00
/opt/airflow/dags/process_sales_dag.py                               1           0  0.44s           2025-06-18T04:56:00
================================================================================
[2025-06-18T04:56:15.827+0000] {manager.py:737} INFO - Searching for files in /opt/airflow/dags
[2025-06-18T04:56:15.907+0000] {manager.py:740} INFO - There are 2 files in /opt/airflow/dags
[2025-06-18T04:56:34.071+0000] {manager.py:878} INFO - 
================================================================================
DAG File Processing Stats

File Path                                   PID    Runtime      # DAGs    # Errors  Last Runtime    Last Run
------------------------------------------  -----  ---------  --------  ----------  --------------  -------------------
/opt/airflow/dags/process_sales_dag.py                               1           0  0.40s           2025-06-18T04:56:31
/opt/airflow/dags/process_customers_dag.py                           1           0  0.39s           2025-06-18T04:56:31
================================================================================
[2025-06-18T04:57:04.117+0000] {manager.py:878} INFO - 
================================================================================
DAG File Processing Stats

File Path                                   PID    Runtime      # DAGs    # Errors  Last Runtime    Last Run
------------------------------------------  -----  ---------  --------  ----------  --------------  -------------------
/opt/airflow/dags/process_customers_dag.py                           1           0  0.65s           2025-06-18T04:57:02
/opt/airflow/dags/process_sales_dag.py                               1           0  0.52s           2025-06-18T04:57:02
================================================================================
[2025-06-18T04:57:34.492+0000] {manager.py:878} INFO - 
================================================================================
DAG File Processing Stats

File Path                                   PID    Runtime      # DAGs    # Errors  Last Runtime    Last Run
------------------------------------------  -----  ---------  --------  ----------  --------------  -------------------
/opt/airflow/dags/process_sales_dag.py                               1           0  0.54s           2025-06-18T04:57:32
/opt/airflow/dags/process_customers_dag.py                           1           0  0.51s           2025-06-18T04:57:32
================================================================================
[2025-06-18T04:58:05.434+0000] {manager.py:878} INFO - 
================================================================================
DAG File Processing Stats

File Path                                   PID    Runtime      # DAGs    # Errors  Last Runtime    Last Run
------------------------------------------  -----  ---------  --------  ----------  --------------  -------------------
/opt/airflow/dags/process_customers_dag.py                           1           0  0.45s           2025-06-18T04:58:03
/opt/airflow/dags/process_sales_dag.py                               1           0  0.42s           2025-06-18T04:58:03
================================================================================
[2025-06-18T04:58:35.478+0000] {manager.py:878} INFO - 
================================================================================
DAG File Processing Stats

File Path                                   PID    Runtime      # DAGs    # Errors  Last Runtime    Last Run
------------------------------------------  -----  ---------  --------  ----------  --------------  -------------------
/opt/airflow/dags/process_sales_dag.py                               1           0  0.45s           2025-06-18T04:58:34
/opt/airflow/dags/process_customers_dag.py                           1           0  0.42s           2025-06-18T04:58:34
================================================================================
[2025-06-18T04:59:05.681+0000] {manager.py:878} INFO - 
================================================================================
DAG File Processing Stats

File Path                                     PID  Runtime      # DAGs    # Errors  Last Runtime    Last Run
------------------------------------------  -----  ---------  --------  ----------  --------------  -------------------
/opt/airflow/dags/process_sales_dag.py        601  0.09s             1           0  0.45s           2025-06-18T04:58:34
/opt/airflow/dags/process_customers_dag.py    598  0.42s             1           0  0.42s           2025-06-18T04:58:34
================================================================================
[2025-06-18T04:59:35.925+0000] {manager.py:878} INFO - 
================================================================================
DAG File Processing Stats

File Path                                   PID    Runtime      # DAGs    # Errors  Last Runtime    Last Run
------------------------------------------  -----  ---------  --------  ----------  --------------  -------------------
/opt/airflow/dags/process_customers_dag.py                           1           0  0.92s           2025-06-18T04:59:06
/opt/airflow/dags/process_sales_dag.py                               1           0  0.58s           2025-06-18T04:59:06
================================================================================
[2025-06-18T05:00:06.749+0000] {manager.py:878} INFO - 
================================================================================
DAG File Processing Stats

File Path                                   PID    Runtime      # DAGs    # Errors  Last Runtime    Last Run
------------------------------------------  -----  ---------  --------  ----------  --------------  -------------------
/opt/airflow/dags/process_customers_dag.py                           1           0  0.54s           2025-06-18T04:59:37
/opt/airflow/dags/process_sales_dag.py                               1           0  0.48s           2025-06-18T04:59:37
================================================================================
[2025-06-18T05:00:37.007+0000] {manager.py:878} INFO - 
================================================================================
DAG File Processing Stats

File Path                                   PID    Runtime      # DAGs    # Errors  Last Runtime    Last Run
------------------------------------------  -----  ---------  --------  ----------  --------------  -------------------
/opt/airflow/dags/process_customers_dag.py                           1           0  0.52s           2025-06-18T05:00:08
/opt/airflow/dags/process_sales_dag.py                               1           0  0.51s           2025-06-18T05:00:08
================================================================================
[2025-06-18T05:01:07.186+0000] {manager.py:878} INFO - 
================================================================================
DAG File Processing Stats

File Path                                   PID    Runtime      # DAGs    # Errors  Last Runtime    Last Run
------------------------------------------  -----  ---------  --------  ----------  --------------  -------------------
/opt/airflow/dags/process_customers_dag.py                           1           0  0.35s           2025-06-18T05:00:38
/opt/airflow/dags/process_sales_dag.py                               1           0  0.34s           2025-06-18T05:00:38
================================================================================
[2025-06-18T05:01:16.575+0000] {manager.py:737} INFO - Searching for files in /opt/airflow/dags
[2025-06-18T05:01:16.912+0000] {manager.py:740} INFO - There are 2 files in /opt/airflow/dags
[2025-06-18T05:01:37.944+0000] {manager.py:878} INFO - 
================================================================================
DAG File Processing Stats

File Path                                   PID    Runtime      # DAGs    # Errors  Last Runtime    Last Run
------------------------------------------  -----  ---------  --------  ----------  --------------  -------------------
/opt/airflow/dags/process_customers_dag.py                           1           0  0.29s           2025-06-18T05:01:09
/opt/airflow/dags/process_sales_dag.py                               1           0  0.26s           2025-06-18T05:01:09
================================================================================
[2025-06-18T05:02:08.152+0000] {manager.py:878} INFO - 
================================================================================
DAG File Processing Stats

File Path                                   PID    Runtime      # DAGs    # Errors  Last Runtime    Last Run
------------------------------------------  -----  ---------  --------  ----------  --------------  -------------------
/opt/airflow/dags/process_customers_dag.py                           1           0  0.37s           2025-06-18T05:01:40
/opt/airflow/dags/process_sales_dag.py                               1           0  0.32s           2025-06-18T05:01:40
================================================================================
[2025-06-18T05:02:38.254+0000] {manager.py:878} INFO - 
================================================================================
DAG File Processing Stats

File Path                                   PID    Runtime      # DAGs    # Errors  Last Runtime    Last Run
------------------------------------------  -----  ---------  --------  ----------  --------------  -------------------
/opt/airflow/dags/process_sales_dag.py                               1           0  0.31s           2025-06-18T05:02:11
/opt/airflow/dags/process_customers_dag.py                           1           0  0.31s           2025-06-18T05:02:11
================================================================================
[2025-06-18T05:03:08.640+0000] {manager.py:878} INFO - 
================================================================================
DAG File Processing Stats

File Path                                   PID    Runtime      # DAGs    # Errors  Last Runtime    Last Run
------------------------------------------  -----  ---------  --------  ----------  --------------  -------------------
/opt/airflow/dags/process_customers_dag.py                           1           0  0.73s           2025-06-18T05:02:43
/opt/airflow/dags/process_sales_dag.py                               1           0  0.65s           2025-06-18T05:02:43
================================================================================
[2025-06-18T05:03:38.906+0000] {manager.py:878} INFO - 
================================================================================
DAG File Processing Stats

File Path                                   PID    Runtime      # DAGs    # Errors  Last Runtime    Last Run
------------------------------------------  -----  ---------  --------  ----------  --------------  -------------------
/opt/airflow/dags/process_customers_dag.py                           1           0  0.55s           2025-06-18T05:03:14
/opt/airflow/dags/process_sales_dag.py                               1           0  0.45s           2025-06-18T05:03:14
================================================================================
[2025-06-18T05:04:09.123+0000] {manager.py:878} INFO - 
================================================================================
DAG File Processing Stats

File Path                                   PID    Runtime      # DAGs    # Errors  Last Runtime    Last Run
------------------------------------------  -----  ---------  --------  ----------  --------------  -------------------
/opt/airflow/dags/process_customers_dag.py                           1           0  0.30s           2025-06-18T05:03:45
/opt/airflow/dags/process_sales_dag.py                               1           0  0.29s           2025-06-18T05:03:45
================================================================================
[2025-06-18T05:04:39.797+0000] {manager.py:878} INFO - 
================================================================================
DAG File Processing Stats

File Path                                   PID    Runtime      # DAGs    # Errors  Last Runtime    Last Run
------------------------------------------  -----  ---------  --------  ----------  --------------  -------------------
/opt/airflow/dags/process_customers_dag.py                           1           0  0.49s           2025-06-18T05:04:16
/opt/airflow/dags/process_sales_dag.py                               1           0  0.46s           2025-06-18T05:04:16
================================================================================
[2025-06-18T05:05:09.896+0000] {manager.py:878} INFO - 
================================================================================
DAG File Processing Stats

File Path                                   PID    Runtime      # DAGs    # Errors  Last Runtime    Last Run
------------------------------------------  -----  ---------  --------  ----------  --------------  -------------------
/opt/airflow/dags/process_sales_dag.py                               1           0  1.34s           2025-06-18T05:04:48
/opt/airflow/dags/process_customers_dag.py                           1           0  1.34s           2025-06-18T05:04:48
================================================================================
[2025-06-18T05:05:40.057+0000] {manager.py:878} INFO - 
================================================================================
DAG File Processing Stats

File Path                                   PID    Runtime      # DAGs    # Errors  Last Runtime    Last Run
------------------------------------------  -----  ---------  --------  ----------  --------------  -------------------
/opt/airflow/dags/process_customers_dag.py                           1           0  0.97s           2025-06-18T05:05:20
/opt/airflow/dags/process_sales_dag.py                               1           0  0.52s           2025-06-18T05:05:20
================================================================================
[2025-06-18T05:06:10.217+0000] {manager.py:878} INFO - 
================================================================================
DAG File Processing Stats

File Path                                   PID    Runtime      # DAGs    # Errors  Last Runtime    Last Run
------------------------------------------  -----  ---------  --------  ----------  --------------  -------------------
/opt/airflow/dags/process_sales_dag.py                               1           0  1.69s           2025-06-18T05:05:52
/opt/airflow/dags/process_customers_dag.py                           1           0  1.68s           2025-06-18T05:05:51
================================================================================
[2025-06-18T05:06:17.338+0000] {manager.py:737} INFO - Searching for files in /opt/airflow/dags
[2025-06-18T05:06:17.897+0000] {manager.py:740} INFO - There are 2 files in /opt/airflow/dags
[2025-06-18T05:06:40.823+0000] {manager.py:878} INFO - 
================================================================================
DAG File Processing Stats

File Path                                   PID    Runtime      # DAGs    # Errors  Last Runtime    Last Run
------------------------------------------  -----  ---------  --------  ----------  --------------  -------------------
/opt/airflow/dags/process_sales_dag.py                               1           0  0.44s           2025-06-18T05:06:22
/opt/airflow/dags/process_customers_dag.py                           1           0  0.42s           2025-06-18T05:06:22
================================================================================
[2025-06-18T05:07:11.719+0000] {manager.py:878} INFO - 
================================================================================
DAG File Processing Stats

File Path                                   PID    Runtime      # DAGs    # Errors  Last Runtime    Last Run
------------------------------------------  -----  ---------  --------  ----------  --------------  -------------------
/opt/airflow/dags/process_customers_dag.py                           1           0  0.33s           2025-06-18T05:06:53
/opt/airflow/dags/process_sales_dag.py                               1           0  0.30s           2025-06-18T05:06:53
================================================================================
[2025-06-18T05:07:41.973+0000] {manager.py:878} INFO - 
================================================================================
DAG File Processing Stats

File Path                                   PID    Runtime      # DAGs    # Errors  Last Runtime    Last Run
------------------------------------------  -----  ---------  --------  ----------  --------------  -------------------
/opt/airflow/dags/process_sales_dag.py                               1           0  0.25s           2025-06-18T05:07:24
/opt/airflow/dags/process_customers_dag.py                           1           0  0.23s           2025-06-18T05:07:24
================================================================================
[2025-06-18T05:08:12.673+0000] {manager.py:878} INFO - 
================================================================================
DAG File Processing Stats

File Path                                   PID    Runtime      # DAGs    # Errors  Last Runtime    Last Run
------------------------------------------  -----  ---------  --------  ----------  --------------  -------------------
/opt/airflow/dags/process_sales_dag.py                               1           0  0.28s           2025-06-18T05:07:54
/opt/airflow/dags/process_customers_dag.py                           1           0  0.27s           2025-06-18T05:07:54
================================================================================
[2025-06-18T05:08:43.727+0000] {manager.py:878} INFO - 
================================================================================
DAG File Processing Stats

File Path                                   PID    Runtime      # DAGs    # Errors  Last Runtime    Last Run
------------------------------------------  -----  ---------  --------  ----------  --------------  -------------------
/opt/airflow/dags/process_sales_dag.py                               1           0  0.56s           2025-06-18T05:08:25
/opt/airflow/dags/process_customers_dag.py                           1           0  0.35s           2025-06-18T05:08:25
================================================================================
[2025-06-18T05:09:14.741+0000] {manager.py:878} INFO - 
================================================================================
DAG File Processing Stats

File Path                                   PID    Runtime      # DAGs    # Errors  Last Runtime    Last Run
------------------------------------------  -----  ---------  --------  ----------  --------------  -------------------
/opt/airflow/dags/process_customers_dag.py                           1           0  0.43s           2025-06-18T05:08:56
/opt/airflow/dags/process_sales_dag.py                               1           0  0.39s           2025-06-18T05:08:56
================================================================================
[2025-06-18T05:09:44.784+0000] {manager.py:878} INFO - 
================================================================================
DAG File Processing Stats

File Path                                   PID    Runtime      # DAGs    # Errors  Last Runtime    Last Run
------------------------------------------  -----  ---------  --------  ----------  --------------  -------------------
/opt/airflow/dags/process_customers_dag.py                           1           0  1.37s           2025-06-18T05:09:28
/opt/airflow/dags/process_sales_dag.py                               1           0  1.32s           2025-06-18T05:09:28
================================================================================
[2025-06-18T05:10:14.946+0000] {manager.py:878} INFO - 
================================================================================
DAG File Processing Stats

File Path                                   PID    Runtime      # DAGs    # Errors  Last Runtime    Last Run
------------------------------------------  -----  ---------  --------  ----------  --------------  -------------------
/opt/airflow/dags/process_sales_dag.py                               1           0  0.43s           2025-06-18T05:09:58
/opt/airflow/dags/process_customers_dag.py                           1           0  0.40s           2025-06-18T05:09:58
================================================================================
[2025-06-18T05:10:45.182+0000] {manager.py:878} INFO - 
================================================================================
DAG File Processing Stats

File Path                                   PID    Runtime      # DAGs    # Errors  Last Runtime    Last Run
------------------------------------------  -----  ---------  --------  ----------  --------------  -------------------
/opt/airflow/dags/process_sales_dag.py                               1           0  0.51s           2025-06-18T05:10:29
/opt/airflow/dags/process_customers_dag.py                           1           0  0.51s           2025-06-18T05:10:29
================================================================================
[2025-06-18T05:11:15.988+0000] {manager.py:878} INFO - 
================================================================================
DAG File Processing Stats

File Path                                   PID    Runtime      # DAGs    # Errors  Last Runtime    Last Run
------------------------------------------  -----  ---------  --------  ----------  --------------  -------------------
/opt/airflow/dags/process_sales_dag.py                               1           0  0.21s           2025-06-18T05:11:00
/opt/airflow/dags/process_customers_dag.py                           1           0  0.20s           2025-06-18T05:11:00
================================================================================
[2025-06-18T05:11:18.007+0000] {manager.py:737} INFO - Searching for files in /opt/airflow/dags
[2025-06-18T05:11:18.060+0000] {manager.py:740} INFO - There are 2 files in /opt/airflow/dags
[2025-06-18T05:11:46.154+0000] {manager.py:878} INFO - 
================================================================================
DAG File Processing Stats

File Path                                   PID    Runtime      # DAGs    # Errors  Last Runtime    Last Run
------------------------------------------  -----  ---------  --------  ----------  --------------  -------------------
/opt/airflow/dags/process_sales_dag.py                               1           0  0.42s           2025-06-18T05:11:31
/opt/airflow/dags/process_customers_dag.py                           1           0  0.41s           2025-06-18T05:11:31
================================================================================
[2025-06-18T05:12:16.528+0000] {manager.py:878} INFO - 
================================================================================
DAG File Processing Stats

File Path                                   PID    Runtime      # DAGs    # Errors  Last Runtime    Last Run
------------------------------------------  -----  ---------  --------  ----------  --------------  -------------------
/opt/airflow/dags/process_sales_dag.py                               1           0  0.32s           2025-06-18T05:12:02
/opt/airflow/dags/process_customers_dag.py                           1           0  0.29s           2025-06-18T05:12:02
================================================================================
[2025-06-18T05:12:47.005+0000] {manager.py:878} INFO - 
================================================================================
DAG File Processing Stats

File Path                                   PID    Runtime      # DAGs    # Errors  Last Runtime    Last Run
------------------------------------------  -----  ---------  --------  ----------  --------------  -------------------
/opt/airflow/dags/process_customers_dag.py                           1           0  0.98s           2025-06-18T05:12:33
/opt/airflow/dags/process_sales_dag.py                               1           0  0.95s           2025-06-18T05:12:33
================================================================================
[2025-06-18T05:13:17.098+0000] {manager.py:878} INFO - 
================================================================================
DAG File Processing Stats

File Path                                   PID    Runtime      # DAGs    # Errors  Last Runtime    Last Run
------------------------------------------  -----  ---------  --------  ----------  --------------  -------------------
/opt/airflow/dags/process_sales_dag.py                               1           0  0.84s           2025-06-18T05:13:05
/opt/airflow/dags/process_customers_dag.py                           1           0  0.71s           2025-06-18T05:13:04
================================================================================
[2025-06-18T05:13:47.679+0000] {manager.py:878} INFO - 
================================================================================
DAG File Processing Stats

File Path                                   PID    Runtime      # DAGs    # Errors  Last Runtime    Last Run
------------------------------------------  -----  ---------  --------  ----------  --------------  -------------------
/opt/airflow/dags/process_customers_dag.py                           1           0  0.24s           2025-06-18T05:13:35
/opt/airflow/dags/process_sales_dag.py                               1           0  0.23s           2025-06-18T05:13:35
================================================================================
[2025-06-18T05:14:17.843+0000] {manager.py:878} INFO - 
================================================================================
DAG File Processing Stats

File Path                                   PID    Runtime      # DAGs    # Errors  Last Runtime    Last Run
------------------------------------------  -----  ---------  --------  ----------  --------------  -------------------
/opt/airflow/dags/process_customers_dag.py                           1           0  0.40s           2025-06-18T05:14:06
/opt/airflow/dags/process_sales_dag.py                               1           0  0.38s           2025-06-18T05:14:06
================================================================================
[2025-06-18T05:14:48.370+0000] {manager.py:878} INFO - 
================================================================================
DAG File Processing Stats

File Path                                   PID    Runtime      # DAGs    # Errors  Last Runtime    Last Run
------------------------------------------  -----  ---------  --------  ----------  --------------  -------------------
/opt/airflow/dags/process_customers_dag.py                           1           0  0.89s           2025-06-18T05:14:38
/opt/airflow/dags/process_sales_dag.py                               1           0  0.75s           2025-06-18T05:14:38
================================================================================
[2025-06-18T05:15:18.976+0000] {manager.py:878} INFO - 
================================================================================
DAG File Processing Stats

File Path                                   PID    Runtime      # DAGs    # Errors  Last Runtime    Last Run
------------------------------------------  -----  ---------  --------  ----------  --------------  -------------------
/opt/airflow/dags/process_customers_dag.py                           1           0  1.15s           2025-06-18T05:15:09
/opt/airflow/dags/process_sales_dag.py                               1           0  0.53s           2025-06-18T05:15:09
================================================================================
[2025-06-18T05:15:49.102+0000] {manager.py:878} INFO - 
================================================================================
DAG File Processing Stats

File Path                                   PID    Runtime      # DAGs    # Errors  Last Runtime    Last Run
------------------------------------------  -----  ---------  --------  ----------  --------------  -------------------
/opt/airflow/dags/process_customers_dag.py                           1           0  0.51s           2025-06-18T05:15:40
/opt/airflow/dags/process_sales_dag.py                               1           0  0.40s           2025-06-18T05:15:40
================================================================================
[2025-06-18T05:16:18.149+0000] {manager.py:737} INFO - Searching for files in /opt/airflow/dags
[2025-06-18T05:16:18.347+0000] {manager.py:740} INFO - There are 2 files in /opt/airflow/dags
[2025-06-18T05:16:19.439+0000] {manager.py:878} INFO - 
================================================================================
DAG File Processing Stats

File Path                                   PID    Runtime      # DAGs    # Errors  Last Runtime    Last Run
------------------------------------------  -----  ---------  --------  ----------  --------------  -------------------
/opt/airflow/dags/process_customers_dag.py                           1           0  0.39s           2025-06-18T05:16:12
/opt/airflow/dags/process_sales_dag.py                               1           0  0.37s           2025-06-18T05:16:12
================================================================================
[2025-06-18T05:16:50.021+0000] {manager.py:878} INFO - 
================================================================================
DAG File Processing Stats

File Path                                   PID    Runtime      # DAGs    # Errors  Last Runtime    Last Run
------------------------------------------  -----  ---------  --------  ----------  --------------  -------------------
/opt/airflow/dags/process_customers_dag.py                           1           0  0.42s           2025-06-18T05:16:42
/opt/airflow/dags/process_sales_dag.py                               1           0  0.40s           2025-06-18T05:16:42
================================================================================
[2025-06-18T05:17:20.720+0000] {manager.py:878} INFO - 
================================================================================
DAG File Processing Stats

File Path                                   PID    Runtime      # DAGs    # Errors  Last Runtime    Last Run
------------------------------------------  -----  ---------  --------  ----------  --------------  -------------------
/opt/airflow/dags/process_customers_dag.py                           1           0  0.32s           2025-06-18T05:17:13
/opt/airflow/dags/process_sales_dag.py                               1           0  0.28s           2025-06-18T05:17:13
================================================================================
[2025-06-18T05:17:50.763+0000] {manager.py:878} INFO - 
================================================================================
DAG File Processing Stats

File Path                                   PID    Runtime      # DAGs    # Errors  Last Runtime    Last Run
------------------------------------------  -----  ---------  --------  ----------  --------------  -------------------
/opt/airflow/dags/process_customers_dag.py                           1           0  0.38s           2025-06-18T05:17:44
/opt/airflow/dags/process_sales_dag.py                               1           0  0.32s           2025-06-18T05:17:44
================================================================================
[2025-06-18T05:18:20.895+0000] {manager.py:878} INFO - 
================================================================================
DAG File Processing Stats

File Path                                   PID    Runtime      # DAGs    # Errors  Last Runtime    Last Run
------------------------------------------  -----  ---------  --------  ----------  --------------  -------------------
/opt/airflow/dags/process_customers_dag.py                           1           0  0.77s           2025-06-18T05:18:15
/opt/airflow/dags/process_sales_dag.py                               1           0  0.66s           2025-06-18T05:18:15
================================================================================
[2025-06-18T05:18:51.664+0000] {manager.py:878} INFO - 
================================================================================
DAG File Processing Stats

File Path                                   PID    Runtime      # DAGs    # Errors  Last Runtime    Last Run
------------------------------------------  -----  ---------  --------  ----------  --------------  -------------------
/opt/airflow/dags/process_sales_dag.py                               1           0  0.67s           2025-06-18T05:18:46
/opt/airflow/dags/process_customers_dag.py                           1           0  0.64s           2025-06-18T05:18:46
================================================================================
[2025-06-18T05:19:21.713+0000] {manager.py:878} INFO - 
================================================================================
DAG File Processing Stats

File Path                                   PID    Runtime      # DAGs    # Errors  Last Runtime    Last Run
------------------------------------------  -----  ---------  --------  ----------  --------------  -------------------
/opt/airflow/dags/process_customers_dag.py                           1           0  0.44s           2025-06-18T05:19:17
/opt/airflow/dags/process_sales_dag.py                               1           0  0.37s           2025-06-18T05:19:17
================================================================================
[2025-06-18T05:19:51.930+0000] {manager.py:878} INFO - 
================================================================================
DAG File Processing Stats

File Path                                   PID    Runtime      # DAGs    # Errors  Last Runtime    Last Run
------------------------------------------  -----  ---------  --------  ----------  --------------  -------------------
/opt/airflow/dags/process_sales_dag.py                               1           0  0.42s           2025-06-18T05:19:47
/opt/airflow/dags/process_customers_dag.py                           1           0  0.34s           2025-06-18T05:19:47
================================================================================
[2025-06-18T05:20:22.301+0000] {manager.py:878} INFO - 
================================================================================
DAG File Processing Stats

File Path                                   PID    Runtime      # DAGs    # Errors  Last Runtime    Last Run
------------------------------------------  -----  ---------  --------  ----------  --------------  -------------------
/opt/airflow/dags/process_sales_dag.py                               1           0  0.39s           2025-06-18T05:20:18
/opt/airflow/dags/process_customers_dag.py                           1           0  0.29s           2025-06-18T05:20:18
================================================================================
[2025-06-18T05:20:52.553+0000] {manager.py:878} INFO - 
================================================================================
DAG File Processing Stats

File Path                                   PID    Runtime      # DAGs    # Errors  Last Runtime    Last Run
------------------------------------------  -----  ---------  --------  ----------  --------------  -------------------
/opt/airflow/dags/process_customers_dag.py                           1           0  0.74s           2025-06-18T05:20:48
/opt/airflow/dags/process_sales_dag.py                               1           0  0.48s           2025-06-18T05:20:48
================================================================================
[2025-06-18T05:21:18.263+0000] {manager.py:737} INFO - Searching for files in /opt/airflow/dags
[2025-06-18T05:21:18.337+0000] {manager.py:740} INFO - There are 2 files in /opt/airflow/dags
[2025-06-18T05:21:23.236+0000] {manager.py:878} INFO - 
================================================================================
DAG File Processing Stats

File Path                                   PID    Runtime      # DAGs    # Errors  Last Runtime    Last Run
------------------------------------------  -----  ---------  --------  ----------  --------------  -------------------
/opt/airflow/dags/process_customers_dag.py                           1           0  0.73s           2025-06-18T05:21:20
/opt/airflow/dags/process_sales_dag.py                               1           0  0.67s           2025-06-18T05:21:20
================================================================================
[2025-06-18T05:21:53.534+0000] {manager.py:878} INFO - 
================================================================================
DAG File Processing Stats

File Path                                   PID    Runtime      # DAGs    # Errors  Last Runtime    Last Run
------------------------------------------  -----  ---------  --------  ----------  --------------  -------------------
/opt/airflow/dags/process_customers_dag.py                           1           0  0.29s           2025-06-18T05:21:51
/opt/airflow/dags/process_sales_dag.py                               1           0  0.29s           2025-06-18T05:21:51
================================================================================
[2025-06-18T05:22:23.559+0000] {manager.py:878} INFO - 
================================================================================
DAG File Processing Stats

File Path                                   PID    Runtime      # DAGs    # Errors  Last Runtime    Last Run
------------------------------------------  -----  ---------  --------  ----------  --------------  -------------------
/opt/airflow/dags/process_customers_dag.py                           1           0  0.25s           2025-06-18T05:22:22
/opt/airflow/dags/process_sales_dag.py                               1           0  0.24s           2025-06-18T05:22:22
================================================================================
[2025-06-18T05:22:54.033+0000] {manager.py:878} INFO - 
================================================================================
DAG File Processing Stats

File Path                                   PID    Runtime      # DAGs    # Errors  Last Runtime    Last Run
------------------------------------------  -----  ---------  --------  ----------  --------------  -------------------
/opt/airflow/dags/process_customers_dag.py                           1           0  0.32s           2025-06-18T05:22:53
/opt/airflow/dags/process_sales_dag.py                               1           0  0.28s           2025-06-18T05:22:53
================================================================================
[2025-06-18T05:23:24.034+0000] {manager.py:878} INFO - 
================================================================================
DAG File Processing Stats

File Path                                     PID  Runtime      # DAGs    # Errors  Last Runtime    Last Run
------------------------------------------  -----  ---------  --------  ----------  --------------  -------------------
/opt/airflow/dags/process_customers_dag.py                           1           0  0.32s           2025-06-18T05:23:24
/opt/airflow/dags/process_sales_dag.py       1071  0.30s             1           0  0.28s           2025-06-18T05:22:53
================================================================================
[2025-06-18T05:23:54.135+0000] {manager.py:878} INFO - 
================================================================================
DAG File Processing Stats

File Path                                     PID  Runtime      # DAGs    # Errors  Last Runtime    Last Run
------------------------------------------  -----  ---------  --------  ----------  --------------  -------------------
/opt/airflow/dags/process_sales_dag.py       1081  0.02s             1           0  0.33s           2025-06-18T05:23:24
/opt/airflow/dags/process_customers_dag.py   1078  0.05s             1           0  0.32s           2025-06-18T05:23:24
================================================================================
[2025-06-18T05:24:24.838+0000] {manager.py:878} INFO - 
================================================================================
DAG File Processing Stats

File Path                                   PID    Runtime      # DAGs    # Errors  Last Runtime    Last Run
------------------------------------------  -----  ---------  --------  ----------  --------------  -------------------
/opt/airflow/dags/process_customers_dag.py                           1           0  1.32s           2025-06-18T05:23:55
/opt/airflow/dags/process_sales_dag.py                               1           0  1.30s           2025-06-18T05:23:55
================================================================================
[2025-06-18T05:24:55.134+0000] {manager.py:878} INFO - 
================================================================================
DAG File Processing Stats

File Path                                   PID    Runtime      # DAGs    # Errors  Last Runtime    Last Run
------------------------------------------  -----  ---------  --------  ----------  --------------  -------------------
/opt/airflow/dags/process_customers_dag.py                           1           0  2.93s           2025-06-18T05:24:28
/opt/airflow/dags/process_sales_dag.py                               1           0  2.88s           2025-06-18T05:24:28
================================================================================
[2025-06-18T05:25:25.462+0000] {manager.py:878} INFO - 
================================================================================
DAG File Processing Stats

File Path                                   PID    Runtime      # DAGs    # Errors  Last Runtime    Last Run
------------------------------------------  -----  ---------  --------  ----------  --------------  -------------------
/opt/airflow/dags/process_sales_dag.py                               1           0  0.52s           2025-06-18T05:24:59
/opt/airflow/dags/process_customers_dag.py                           1           0  0.52s           2025-06-18T05:24:59
================================================================================
[2025-06-18T05:25:56.016+0000] {manager.py:878} INFO - 
================================================================================
DAG File Processing Stats

File Path                                   PID    Runtime      # DAGs    # Errors  Last Runtime    Last Run
------------------------------------------  -----  ---------  --------  ----------  --------------  -------------------
/opt/airflow/dags/process_customers_dag.py                           1           0  0.54s           2025-06-18T05:25:31
/opt/airflow/dags/process_sales_dag.py                               1           0  0.49s           2025-06-18T05:25:31
================================================================================
[2025-06-18T05:26:18.911+0000] {manager.py:737} INFO - Searching for files in /opt/airflow/dags
[2025-06-18T05:26:18.960+0000] {manager.py:740} INFO - There are 2 files in /opt/airflow/dags
[2025-06-18T05:26:26.551+0000] {manager.py:878} INFO - 
================================================================================
DAG File Processing Stats

File Path                                   PID    Runtime      # DAGs    # Errors  Last Runtime    Last Run
------------------------------------------  -----  ---------  --------  ----------  --------------  -------------------
/opt/airflow/dags/process_sales_dag.py                               1           0  0.24s           2025-06-18T05:26:01
/opt/airflow/dags/process_customers_dag.py                           1           0  0.23s           2025-06-18T05:26:01
================================================================================
[2025-06-18T05:26:57.298+0000] {manager.py:878} INFO - 
================================================================================
DAG File Processing Stats

File Path                                   PID    Runtime      # DAGs    # Errors  Last Runtime    Last Run
------------------------------------------  -----  ---------  --------  ----------  --------------  -------------------
/opt/airflow/dags/process_customers_dag.py                           1           0  0.45s           2025-06-18T05:26:32
/opt/airflow/dags/process_sales_dag.py                               1           0  0.44s           2025-06-18T05:26:32
================================================================================
[2025-06-18T05:27:27.970+0000] {manager.py:878} INFO - 
================================================================================
DAG File Processing Stats

File Path                                   PID    Runtime      # DAGs    # Errors  Last Runtime    Last Run
------------------------------------------  -----  ---------  --------  ----------  --------------  -------------------
/opt/airflow/dags/process_customers_dag.py                           1           0  0.28s           2025-06-18T05:27:02
/opt/airflow/dags/process_sales_dag.py                               1           0  0.28s           2025-06-18T05:27:02
================================================================================
[2025-06-18T05:27:58.028+0000] {manager.py:878} INFO - 
================================================================================
DAG File Processing Stats

File Path                                   PID    Runtime      # DAGs    # Errors  Last Runtime    Last Run
------------------------------------------  -----  ---------  --------  ----------  --------------  -------------------
/opt/airflow/dags/process_sales_dag.py                               1           0  0.47s           2025-06-18T05:27:33
/opt/airflow/dags/process_customers_dag.py                           1           0  0.47s           2025-06-18T05:27:33
================================================================================
[2025-06-18T05:28:28.316+0000] {manager.py:878} INFO - 
================================================================================
DAG File Processing Stats

File Path                                   PID    Runtime      # DAGs    # Errors  Last Runtime    Last Run
------------------------------------------  -----  ---------  --------  ----------  --------------  -------------------
/opt/airflow/dags/process_sales_dag.py                               1           0  0.32s           2025-06-18T05:28:04
/opt/airflow/dags/process_customers_dag.py                           1           0  0.29s           2025-06-18T05:28:04
================================================================================
[2025-06-18T05:28:58.820+0000] {manager.py:878} INFO - 
================================================================================
DAG File Processing Stats

File Path                                   PID    Runtime      # DAGs    # Errors  Last Runtime    Last Run
------------------------------------------  -----  ---------  --------  ----------  --------------  -------------------
/opt/airflow/dags/process_customers_dag.py                           1           0  0.43s           2025-06-18T05:28:34
/opt/airflow/dags/process_sales_dag.py                               1           0  0.18s           2025-06-18T05:28:35
================================================================================
[2025-06-18T05:29:29.116+0000] {manager.py:878} INFO - 
================================================================================
DAG File Processing Stats

File Path                                   PID    Runtime      # DAGs    # Errors  Last Runtime    Last Run
------------------------------------------  -----  ---------  --------  ----------  --------------  -------------------
/opt/airflow/dags/process_customers_dag.py                           1           0  0.55s           2025-06-18T05:29:05
/opt/airflow/dags/process_sales_dag.py                               1           0  0.44s           2025-06-18T05:29:05
================================================================================
[2025-06-18T05:29:59.622+0000] {manager.py:878} INFO - 
================================================================================
DAG File Processing Stats

File Path                                   PID    Runtime      # DAGs    # Errors  Last Runtime    Last Run
------------------------------------------  -----  ---------  --------  ----------  --------------  -------------------
/opt/airflow/dags/process_sales_dag.py                               1           0  0.85s           2025-06-18T05:29:37
/opt/airflow/dags/process_customers_dag.py                           1           0  0.83s           2025-06-18T05:29:37
================================================================================
[2025-06-18T05:30:30.354+0000] {manager.py:878} INFO - 
================================================================================
DAG File Processing Stats

File Path                                   PID    Runtime      # DAGs    # Errors  Last Runtime    Last Run
------------------------------------------  -----  ---------  --------  ----------  --------------  -------------------
/opt/airflow/dags/process_customers_dag.py                           1           0  0.53s           2025-06-18T05:30:08
/opt/airflow/dags/process_sales_dag.py                               1           0  0.50s           2025-06-18T05:30:08
================================================================================
[2025-06-18T05:31:00.646+0000] {manager.py:878} INFO - 
================================================================================
DAG File Processing Stats

File Path                                   PID    Runtime      # DAGs    # Errors  Last Runtime    Last Run
------------------------------------------  -----  ---------  --------  ----------  --------------  -------------------
/opt/airflow/dags/process_sales_dag.py                               1           0  0.47s           2025-06-18T05:30:40
/opt/airflow/dags/process_customers_dag.py                           1           0  0.46s           2025-06-18T05:30:39
================================================================================
[2025-06-18T05:31:19.474+0000] {manager.py:737} INFO - Searching for files in /opt/airflow/dags
[2025-06-18T05:31:19.533+0000] {manager.py:740} INFO - There are 2 files in /opt/airflow/dags
[2025-06-18T05:31:30.706+0000] {manager.py:878} INFO - 
================================================================================
DAG File Processing Stats

File Path                                   PID    Runtime      # DAGs    # Errors  Last Runtime    Last Run
------------------------------------------  -----  ---------  --------  ----------  --------------  -------------------
/opt/airflow/dags/process_customers_dag.py                           1           0  1.38s           2025-06-18T05:31:11
/opt/airflow/dags/process_sales_dag.py                               1           0  0.41s           2025-06-18T05:31:11
================================================================================
[2025-06-18T05:32:01.017+0000] {manager.py:878} INFO - 
================================================================================
DAG File Processing Stats

File Path                                   PID    Runtime      # DAGs    # Errors  Last Runtime    Last Run
------------------------------------------  -----  ---------  --------  ----------  --------------  -------------------
/opt/airflow/dags/process_customers_dag.py                           1           0  0.47s           2025-06-18T05:31:42
/opt/airflow/dags/process_sales_dag.py                               1           0  0.38s           2025-06-18T05:31:42
================================================================================
[2025-06-18T05:32:31.132+0000] {manager.py:878} INFO - 
================================================================================
DAG File Processing Stats

File Path                                   PID    Runtime      # DAGs    # Errors  Last Runtime    Last Run
------------------------------------------  -----  ---------  --------  ----------  --------------  -------------------
/opt/airflow/dags/process_sales_dag.py                               1           0  0.27s           2025-06-18T05:32:13
/opt/airflow/dags/process_customers_dag.py                           1           0  0.26s           2025-06-18T05:32:13
================================================================================
[2025-06-18T05:33:01.396+0000] {manager.py:878} INFO - 
================================================================================
DAG File Processing Stats

File Path                                   PID    Runtime      # DAGs    # Errors  Last Runtime    Last Run
------------------------------------------  -----  ---------  --------  ----------  --------------  -------------------
/opt/airflow/dags/process_customers_dag.py                           1           0  0.37s           2025-06-18T05:32:44
/opt/airflow/dags/process_sales_dag.py                               1           0  0.37s           2025-06-18T05:32:44
================================================================================
[2025-06-18T05:33:31.922+0000] {manager.py:878} INFO - 
================================================================================
DAG File Processing Stats

File Path                                   PID    Runtime      # DAGs    # Errors  Last Runtime    Last Run
------------------------------------------  -----  ---------  --------  ----------  --------------  -------------------
/opt/airflow/dags/process_customers_dag.py                           1           0  0.42s           2025-06-18T05:33:15
/opt/airflow/dags/process_sales_dag.py                               1           0  0.33s           2025-06-18T05:33:15
================================================================================
[2025-06-18T05:34:02.051+0000] {manager.py:878} INFO - 
================================================================================
DAG File Processing Stats

File Path                                   PID    Runtime      # DAGs    # Errors  Last Runtime    Last Run
------------------------------------------  -----  ---------  --------  ----------  --------------  -------------------
/opt/airflow/dags/process_customers_dag.py                           1           0  1.00s           2025-06-18T05:33:46
/opt/airflow/dags/process_sales_dag.py                               1           0  0.79s           2025-06-18T05:33:46
================================================================================
[2025-06-18T05:34:32.885+0000] {manager.py:878} INFO - 
================================================================================
DAG File Processing Stats

File Path                                   PID    Runtime      # DAGs    # Errors  Last Runtime    Last Run
------------------------------------------  -----  ---------  --------  ----------  --------------  -------------------
/opt/airflow/dags/process_customers_dag.py                           1           0  0.27s           2025-06-18T05:34:16
/opt/airflow/dags/process_sales_dag.py                               1           0  0.23s           2025-06-18T05:34:16
================================================================================
[2025-06-18T05:35:03.275+0000] {manager.py:878} INFO - 
================================================================================
DAG File Processing Stats

File Path                                   PID    Runtime      # DAGs    # Errors  Last Runtime    Last Run
------------------------------------------  -----  ---------  --------  ----------  --------------  -------------------
/opt/airflow/dags/process_sales_dag.py                               1           0  0.68s           2025-06-18T05:34:48
/opt/airflow/dags/process_customers_dag.py                           1           0  0.55s           2025-06-18T05:34:48
================================================================================
[2025-06-18T05:35:33.374+0000] {manager.py:878} INFO - 
================================================================================
DAG File Processing Stats

File Path                                   PID    Runtime      # DAGs    # Errors  Last Runtime    Last Run
------------------------------------------  -----  ---------  --------  ----------  --------------  -------------------
/opt/airflow/dags/process_customers_dag.py                           1           0  0.41s           2025-06-18T05:35:19
/opt/airflow/dags/process_sales_dag.py                               1           0  0.37s           2025-06-18T05:35:19
================================================================================
[2025-06-18T05:36:04.046+0000] {manager.py:878} INFO - 
================================================================================
DAG File Processing Stats

File Path                                   PID    Runtime      # DAGs    # Errors  Last Runtime    Last Run
------------------------------------------  -----  ---------  --------  ----------  --------------  -------------------
/opt/airflow/dags/process_sales_dag.py                               1           0  1.23s           2025-06-18T05:35:50
/opt/airflow/dags/process_customers_dag.py                           1           0  1.20s           2025-06-18T05:35:50
================================================================================
[2025-06-18T05:36:19.634+0000] {manager.py:737} INFO - Searching for files in /opt/airflow/dags
[2025-06-18T05:36:20.074+0000] {manager.py:740} INFO - There are 2 files in /opt/airflow/dags
[2025-06-18T05:36:34.071+0000] {manager.py:878} INFO - 
================================================================================
DAG File Processing Stats

File Path                                   PID    Runtime      # DAGs    # Errors  Last Runtime    Last Run
------------------------------------------  -----  ---------  --------  ----------  --------------  -------------------
/opt/airflow/dags/process_sales_dag.py                               1           0  0.51s           2025-06-18T05:36:21
/opt/airflow/dags/process_customers_dag.py                           1           0  0.43s           2025-06-18T05:36:21
================================================================================
[2025-06-18T05:37:05.098+0000] {manager.py:878} INFO - 
================================================================================
DAG File Processing Stats

File Path                                   PID    Runtime      # DAGs    # Errors  Last Runtime    Last Run
------------------------------------------  -----  ---------  --------  ----------  --------------  -------------------
/opt/airflow/dags/process_customers_dag.py                           1           0  0.33s           2025-06-18T05:36:52
/opt/airflow/dags/process_sales_dag.py                               1           0  0.33s           2025-06-18T05:36:52
================================================================================
[2025-06-18T05:37:35.300+0000] {manager.py:878} INFO - 
================================================================================
DAG File Processing Stats

File Path                                   PID    Runtime      # DAGs    # Errors  Last Runtime    Last Run
------------------------------------------  -----  ---------  --------  ----------  --------------  -------------------
/opt/airflow/dags/process_customers_dag.py                           1           0  0.44s           2025-06-18T05:37:24
/opt/airflow/dags/process_sales_dag.py                               1           0  0.44s           2025-06-18T05:37:24
================================================================================
[2025-06-18T05:38:05.599+0000] {manager.py:878} INFO - 
================================================================================
DAG File Processing Stats

File Path                                   PID    Runtime      # DAGs    # Errors  Last Runtime    Last Run
------------------------------------------  -----  ---------  --------  ----------  --------------  -------------------
/opt/airflow/dags/process_customers_dag.py                           1           0  1.41s           2025-06-18T05:37:56
/opt/airflow/dags/process_sales_dag.py                               1           0  1.40s           2025-06-18T05:37:56
================================================================================
[2025-06-18T05:38:35.947+0000] {manager.py:878} INFO - 
================================================================================
DAG File Processing Stats

File Path                                   PID    Runtime      # DAGs    # Errors  Last Runtime    Last Run
------------------------------------------  -----  ---------  --------  ----------  --------------  -------------------
/opt/airflow/dags/process_sales_dag.py                               1           0  0.47s           2025-06-18T05:38:26
/opt/airflow/dags/process_customers_dag.py                           1           0  0.46s           2025-06-18T05:38:26
================================================================================
[2025-06-18T05:39:06.854+0000] {manager.py:878} INFO - 
================================================================================
DAG File Processing Stats

File Path                                   PID    Runtime      # DAGs    # Errors  Last Runtime    Last Run
------------------------------------------  -----  ---------  --------  ----------  --------------  -------------------
/opt/airflow/dags/process_customers_dag.py                           1           0  0.35s           2025-06-18T05:38:57
/opt/airflow/dags/process_sales_dag.py                               1           0  0.35s           2025-06-18T05:38:57
================================================================================
[2025-06-18T05:39:37.456+0000] {manager.py:878} INFO - 
================================================================================
DAG File Processing Stats

File Path                                   PID    Runtime      # DAGs    # Errors  Last Runtime    Last Run
------------------------------------------  -----  ---------  --------  ----------  --------------  -------------------
/opt/airflow/dags/process_customers_dag.py                           1           0  0.76s           2025-06-18T05:39:29
/opt/airflow/dags/process_sales_dag.py                               1           0  0.42s           2025-06-18T05:39:29
================================================================================
[2025-06-18T05:40:07.576+0000] {manager.py:878} INFO - 
================================================================================
DAG File Processing Stats

File Path                                   PID    Runtime      # DAGs    # Errors  Last Runtime    Last Run
------------------------------------------  -----  ---------  --------  ----------  --------------  -------------------
/opt/airflow/dags/process_customers_dag.py                           1           0  0.25s           2025-06-18T05:40:00
/opt/airflow/dags/process_sales_dag.py                               1           0  0.23s           2025-06-18T05:40:00
================================================================================
[2025-06-18T05:40:38.573+0000] {manager.py:878} INFO - 
================================================================================
DAG File Processing Stats

File Path                                   PID    Runtime      # DAGs    # Errors  Last Runtime    Last Run
------------------------------------------  -----  ---------  --------  ----------  --------------  -------------------
/opt/airflow/dags/process_customers_dag.py                           1           0  0.45s           2025-06-18T05:40:31
/opt/airflow/dags/process_sales_dag.py                               1           0  0.44s           2025-06-18T05:40:31
================================================================================
[2025-06-18T05:41:09.359+0000] {manager.py:878} INFO - 
================================================================================
DAG File Processing Stats

File Path                                   PID    Runtime      # DAGs    # Errors  Last Runtime    Last Run
------------------------------------------  -----  ---------  --------  ----------  --------------  -------------------
/opt/airflow/dags/process_customers_dag.py                           1           0  1.23s           2025-06-18T05:41:03
/opt/airflow/dags/process_sales_dag.py                               1           0  1.21s           2025-06-18T05:41:03
================================================================================
[2025-06-18T05:41:19.690+0000] {manager.py:737} INFO - Searching for files in /opt/airflow/dags
[2025-06-18T05:41:19.776+0000] {manager.py:740} INFO - There are 2 files in /opt/airflow/dags
[2025-06-18T05:41:39.470+0000] {manager.py:878} INFO - 
================================================================================
DAG File Processing Stats

File Path                                   PID    Runtime      # DAGs    # Errors  Last Runtime    Last Run
------------------------------------------  -----  ---------  --------  ----------  --------------  -------------------
/opt/airflow/dags/process_customers_dag.py                           1           0  1.32s           2025-06-18T05:41:35
/opt/airflow/dags/process_sales_dag.py                               1           0  1.21s           2025-06-18T05:41:35
================================================================================
[2025-06-18T05:42:10.413+0000] {manager.py:878} INFO - 
================================================================================
DAG File Processing Stats

File Path                                   PID    Runtime      # DAGs    # Errors  Last Runtime    Last Run
------------------------------------------  -----  ---------  --------  ----------  --------------  -------------------
/opt/airflow/dags/process_customers_dag.py                           1           0  1.44s           2025-06-18T05:42:07
/opt/airflow/dags/process_sales_dag.py                               1           0  1.44s           2025-06-18T05:42:07
================================================================================
[2025-06-18T05:42:41.259+0000] {manager.py:878} INFO - 
================================================================================
DAG File Processing Stats

File Path                                   PID    Runtime      # DAGs    # Errors  Last Runtime    Last Run
------------------------------------------  -----  ---------  --------  ----------  --------------  -------------------
/opt/airflow/dags/process_customers_dag.py                           1           0  0.50s           2025-06-18T05:42:38
/opt/airflow/dags/process_sales_dag.py                               1           0  0.40s           2025-06-18T05:42:38
================================================================================
[2025-06-18T05:43:11.431+0000] {manager.py:878} INFO - 
================================================================================
DAG File Processing Stats

File Path                                   PID    Runtime      # DAGs    # Errors  Last Runtime    Last Run
------------------------------------------  -----  ---------  --------  ----------  --------------  -------------------
/opt/airflow/dags/process_customers_dag.py                           1           0  1.01s           2025-06-18T05:43:09
/opt/airflow/dags/process_sales_dag.py                               1           0  0.60s           2025-06-18T05:43:09
================================================================================
[2025-06-18T05:43:41.679+0000] {manager.py:878} INFO - 
================================================================================
DAG File Processing Stats

File Path                                   PID    Runtime      # DAGs    # Errors  Last Runtime    Last Run
------------------------------------------  -----  ---------  --------  ----------  --------------  -------------------
/opt/airflow/dags/process_sales_dag.py                               1           0  0.69s           2025-06-18T05:43:40
/opt/airflow/dags/process_customers_dag.py                           1           0  0.68s           2025-06-18T05:43:40
================================================================================
[2025-06-18T05:44:11.968+0000] {manager.py:878} INFO - 
================================================================================
DAG File Processing Stats

File Path                                     PID  Runtime      # DAGs    # Errors  Last Runtime    Last Run
------------------------------------------  -----  ---------  --------  ----------  --------------  -------------------
/opt/airflow/dags/process_sales_dag.py       1471  0.33s             1           0  0.69s           2025-06-18T05:43:40
/opt/airflow/dags/process_customers_dag.py   1468  0.44s             1           0  0.68s           2025-06-18T05:43:40
================================================================================
[2025-06-18T05:44:42.054+0000] {manager.py:878} INFO - 
================================================================================
DAG File Processing Stats

File Path                                   PID    Runtime      # DAGs    # Errors  Last Runtime    Last Run
------------------------------------------  -----  ---------  --------  ----------  --------------  -------------------
/opt/airflow/dags/process_customers_dag.py                           1           0  1.13s           2025-06-18T05:44:12
/opt/airflow/dags/process_sales_dag.py                               1           0  0.98s           2025-06-18T05:44:12
================================================================================
[2025-06-18T05:45:12.388+0000] {manager.py:878} INFO - 
================================================================================
DAG File Processing Stats

File Path                                   PID    Runtime      # DAGs    # Errors  Last Runtime    Last Run
------------------------------------------  -----  ---------  --------  ----------  --------------  -------------------
/opt/airflow/dags/process_customers_dag.py                           1           0  0.50s           2025-06-18T05:44:43
/opt/airflow/dags/process_sales_dag.py                               1           0  0.48s           2025-06-18T05:44:43
================================================================================
[2025-06-18T05:45:42.629+0000] {manager.py:878} INFO - 
================================================================================
DAG File Processing Stats

File Path                                   PID    Runtime      # DAGs    # Errors  Last Runtime    Last Run
------------------------------------------  -----  ---------  --------  ----------  --------------  -------------------
/opt/airflow/dags/process_customers_dag.py                           1           0  1.18s           2025-06-18T05:45:15
/opt/airflow/dags/process_sales_dag.py                               1           0  1.13s           2025-06-18T05:45:15
================================================================================
[2025-06-18T05:46:13.402+0000] {manager.py:878} INFO - 
================================================================================
DAG File Processing Stats

File Path                                   PID    Runtime      # DAGs    # Errors  Last Runtime    Last Run
------------------------------------------  -----  ---------  --------  ----------  --------------  -------------------
/opt/airflow/dags/process_sales_dag.py                               1           0  0.39s           2025-06-18T05:45:46
/opt/airflow/dags/process_customers_dag.py                           1           0  0.38s           2025-06-18T05:45:46
================================================================================
[2025-06-18T05:46:19.755+0000] {manager.py:737} INFO - Searching for files in /opt/airflow/dags
[2025-06-18T05:46:19.796+0000] {manager.py:740} INFO - There are 2 files in /opt/airflow/dags
[2025-06-18T05:46:43.452+0000] {manager.py:878} INFO - 
================================================================================
DAG File Processing Stats

File Path                                   PID    Runtime      # DAGs    # Errors  Last Runtime    Last Run
------------------------------------------  -----  ---------  --------  ----------  --------------  -------------------
/opt/airflow/dags/process_sales_dag.py                               1           0  0.25s           2025-06-18T05:46:16
/opt/airflow/dags/process_customers_dag.py                           1           0  0.24s           2025-06-18T05:46:16
================================================================================
[2025-06-18T05:47:14.107+0000] {manager.py:878} INFO - 
================================================================================
DAG File Processing Stats

File Path                                   PID    Runtime      # DAGs    # Errors  Last Runtime    Last Run
------------------------------------------  -----  ---------  --------  ----------  --------------  -------------------
/opt/airflow/dags/process_customers_dag.py                           1           0  0.50s           2025-06-18T05:46:47
/opt/airflow/dags/process_sales_dag.py                               1           0  0.47s           2025-06-18T05:46:47
================================================================================
[2025-06-18T05:47:45.017+0000] {manager.py:878} INFO - 
================================================================================
DAG File Processing Stats

File Path                                   PID    Runtime      # DAGs    # Errors  Last Runtime    Last Run
------------------------------------------  -----  ---------  --------  ----------  --------------  -------------------
/opt/airflow/dags/process_customers_dag.py                           1           0  0.24s           2025-06-18T05:47:18
/opt/airflow/dags/process_sales_dag.py                               1           0  0.24s           2025-06-18T05:47:18
================================================================================
[2025-06-18T05:48:15.637+0000] {manager.py:878} INFO - 
================================================================================
DAG File Processing Stats

File Path                                   PID    Runtime      # DAGs    # Errors  Last Runtime    Last Run
------------------------------------------  -----  ---------  --------  ----------  --------------  -------------------
/opt/airflow/dags/process_customers_dag.py                           1           0  0.40s           2025-06-18T05:47:49
/opt/airflow/dags/process_sales_dag.py                               1           0  0.32s           2025-06-18T05:47:49
================================================================================
[2025-06-18T05:48:46.270+0000] {manager.py:878} INFO - 
================================================================================
DAG File Processing Stats

File Path                                   PID    Runtime      # DAGs    # Errors  Last Runtime    Last Run
------------------------------------------  -----  ---------  --------  ----------  --------------  -------------------
/opt/airflow/dags/process_sales_dag.py                               1           0  0.22s           2025-06-18T05:48:19
/opt/airflow/dags/process_customers_dag.py                           1           0  0.22s           2025-06-18T05:48:19
================================================================================
[2025-06-18T05:49:16.306+0000] {manager.py:878} INFO - 
================================================================================
DAG File Processing Stats

File Path                                   PID    Runtime      # DAGs    # Errors  Last Runtime    Last Run
------------------------------------------  -----  ---------  --------  ----------  --------------  -------------------
/opt/airflow/dags/process_customers_dag.py                           1           0  0.33s           2025-06-18T05:48:50
/opt/airflow/dags/process_sales_dag.py                               1           0  0.28s           2025-06-18T05:48:50
================================================================================
[2025-06-18T05:49:46.851+0000] {manager.py:878} INFO - 
================================================================================
DAG File Processing Stats

File Path                                   PID    Runtime      # DAGs    # Errors  Last Runtime    Last Run
------------------------------------------  -----  ---------  --------  ----------  --------------  -------------------
/opt/airflow/dags/process_sales_dag.py                               1           0  0.25s           2025-06-18T05:49:21
/opt/airflow/dags/process_customers_dag.py                           1           0  0.24s           2025-06-18T05:49:21
================================================================================
[2025-06-18T05:50:17.102+0000] {manager.py:878} INFO - 
================================================================================
DAG File Processing Stats

File Path                                   PID    Runtime      # DAGs    # Errors  Last Runtime    Last Run
------------------------------------------  -----  ---------  --------  ----------  --------------  -------------------
/opt/airflow/dags/process_customers_dag.py                           1           0  0.31s           2025-06-18T05:49:52
/opt/airflow/dags/process_sales_dag.py                               1           0  0.30s           2025-06-18T05:49:52
================================================================================
[2025-06-18T05:50:48.009+0000] {manager.py:878} INFO - 
================================================================================
DAG File Processing Stats

File Path                                   PID    Runtime      # DAGs    # Errors  Last Runtime    Last Run
------------------------------------------  -----  ---------  --------  ----------  --------------  -------------------
/opt/airflow/dags/process_customers_dag.py                           1           0  0.35s           2025-06-18T05:50:23
/opt/airflow/dags/process_sales_dag.py                               1           0  0.31s           2025-06-18T05:50:23
================================================================================
[2025-06-18T05:51:18.388+0000] {manager.py:878} INFO - 
================================================================================
DAG File Processing Stats

File Path                                   PID    Runtime      # DAGs    # Errors  Last Runtime    Last Run
------------------------------------------  -----  ---------  --------  ----------  --------------  -------------------
/opt/airflow/dags/process_customers_dag.py                           1           0  0.31s           2025-06-18T05:50:54
/opt/airflow/dags/process_sales_dag.py                               1           0  0.27s           2025-06-18T05:50:54
================================================================================
[2025-06-18T05:51:20.405+0000] {manager.py:737} INFO - Searching for files in /opt/airflow/dags
[2025-06-18T05:51:20.477+0000] {manager.py:740} INFO - There are 2 files in /opt/airflow/dags
[2025-06-18T05:51:49.245+0000] {manager.py:878} INFO - 
================================================================================
DAG File Processing Stats

File Path                                   PID    Runtime      # DAGs    # Errors  Last Runtime    Last Run
------------------------------------------  -----  ---------  --------  ----------  --------------  -------------------
/opt/airflow/dags/process_customers_dag.py                           1           0  0.45s           2025-06-18T05:51:25
/opt/airflow/dags/process_sales_dag.py                               1           0  0.44s           2025-06-18T05:51:25
================================================================================
[2025-06-18T05:52:19.557+0000] {manager.py:878} INFO - 
================================================================================
DAG File Processing Stats

File Path                                   PID    Runtime      # DAGs    # Errors  Last Runtime    Last Run
------------------------------------------  -----  ---------  --------  ----------  --------------  -------------------
/opt/airflow/dags/process_customers_dag.py                           1           0  0.29s           2025-06-18T05:51:55
/opt/airflow/dags/process_sales_dag.py                               1           0  0.28s           2025-06-18T05:51:55
================================================================================
[2025-06-18T05:52:49.652+0000] {manager.py:878} INFO - 
================================================================================
DAG File Processing Stats

File Path                                   PID    Runtime      # DAGs    # Errors  Last Runtime    Last Run
------------------------------------------  -----  ---------  --------  ----------  --------------  -------------------
/opt/airflow/dags/process_sales_dag.py                               1           0  0.28s           2025-06-18T05:52:25
/opt/airflow/dags/process_customers_dag.py                           1           0  0.27s           2025-06-18T05:52:25
================================================================================
[2025-06-18T05:53:19.664+0000] {manager.py:878} INFO - 
================================================================================
DAG File Processing Stats

File Path                                   PID    Runtime      # DAGs    # Errors  Last Runtime    Last Run
------------------------------------------  -----  ---------  --------  ----------  --------------  -------------------
/opt/airflow/dags/process_customers_dag.py                           1           0  0.30s           2025-06-18T05:52:56
/opt/airflow/dags/process_sales_dag.py                               1           0  0.29s           2025-06-18T05:52:56
================================================================================
[2025-06-18T05:53:50.208+0000] {manager.py:878} INFO - 
================================================================================
DAG File Processing Stats

File Path                                   PID    Runtime      # DAGs    # Errors  Last Runtime    Last Run
------------------------------------------  -----  ---------  --------  ----------  --------------  -------------------
/opt/airflow/dags/process_customers_dag.py                           1           0  0.26s           2025-06-18T05:53:26
/opt/airflow/dags/process_sales_dag.py                               1           0  0.26s           2025-06-18T05:53:27
================================================================================
[2025-06-18T05:54:20.665+0000] {manager.py:878} INFO - 
================================================================================
DAG File Processing Stats

File Path                                   PID    Runtime      # DAGs    # Errors  Last Runtime    Last Run
------------------------------------------  -----  ---------  --------  ----------  --------------  -------------------
/opt/airflow/dags/process_customers_dag.py                           1           0  0.78s           2025-06-18T05:53:58
/opt/airflow/dags/process_sales_dag.py                               1           0  0.76s           2025-06-18T05:53:58
================================================================================
[2025-06-18T05:54:51.329+0000] {manager.py:878} INFO - 
================================================================================
DAG File Processing Stats

File Path                                   PID    Runtime      # DAGs    # Errors  Last Runtime    Last Run
------------------------------------------  -----  ---------  --------  ----------  --------------  -------------------
/opt/airflow/dags/process_customers_dag.py                           1           0  0.32s           2025-06-18T05:54:29
/opt/airflow/dags/process_sales_dag.py                               1           0  0.31s           2025-06-18T05:54:29
================================================================================
[2025-06-18T05:55:21.896+0000] {manager.py:878} INFO - 
================================================================================
DAG File Processing Stats

File Path                                   PID    Runtime      # DAGs    # Errors  Last Runtime    Last Run
------------------------------------------  -----  ---------  --------  ----------  --------------  -------------------
/opt/airflow/dags/process_customers_dag.py                           1           0  0.23s           2025-06-18T05:54:59
/opt/airflow/dags/process_sales_dag.py                               1           0  0.22s           2025-06-18T05:54:59
================================================================================
[2025-06-18T05:55:52.422+0000] {manager.py:878} INFO - 
================================================================================
DAG File Processing Stats

File Path                                   PID    Runtime      # DAGs    # Errors  Last Runtime    Last Run
------------------------------------------  -----  ---------  --------  ----------  --------------  -------------------
/opt/airflow/dags/process_customers_dag.py                           1           0  0.30s           2025-06-18T05:55:30
/opt/airflow/dags/process_sales_dag.py                               1           0  0.26s           2025-06-18T05:55:30
================================================================================
[2025-06-18T05:56:20.473+0000] {manager.py:737} INFO - Searching for files in /opt/airflow/dags
[2025-06-18T05:56:20.511+0000] {manager.py:740} INFO - There are 2 files in /opt/airflow/dags
[2025-06-18T05:56:23.195+0000] {manager.py:878} INFO - 
================================================================================
DAG File Processing Stats

File Path                                   PID    Runtime      # DAGs    # Errors  Last Runtime    Last Run
------------------------------------------  -----  ---------  --------  ----------  --------------  -------------------
/opt/airflow/dags/process_customers_dag.py                           1           0  0.48s           2025-06-18T05:56:02
/opt/airflow/dags/process_sales_dag.py                               1           0  0.41s           2025-06-18T05:56:02
================================================================================
[2025-06-18T05:56:53.644+0000] {manager.py:878} INFO - 
================================================================================
DAG File Processing Stats

File Path                                   PID    Runtime      # DAGs    # Errors  Last Runtime    Last Run
------------------------------------------  -----  ---------  --------  ----------  --------------  -------------------
/opt/airflow/dags/process_sales_dag.py                               1           0  0.48s           2025-06-18T05:56:33
/opt/airflow/dags/process_customers_dag.py                           1           0  0.45s           2025-06-18T05:56:32
================================================================================
[2025-06-18T05:57:24.259+0000] {manager.py:878} INFO - 
================================================================================
DAG File Processing Stats

File Path                                   PID    Runtime      # DAGs    # Errors  Last Runtime    Last Run
------------------------------------------  -----  ---------  --------  ----------  --------------  -------------------
/opt/airflow/dags/process_sales_dag.py                               1           0  0.26s           2025-06-18T05:57:04
/opt/airflow/dags/process_customers_dag.py                           1           0  0.26s           2025-06-18T05:57:04
================================================================================
[2025-06-18T05:57:54.842+0000] {manager.py:878} INFO - 
================================================================================
DAG File Processing Stats

File Path                                   PID    Runtime      # DAGs    # Errors  Last Runtime    Last Run
------------------------------------------  -----  ---------  --------  ----------  --------------  -------------------
/opt/airflow/dags/process_customers_dag.py                           1           0  0.26s           2025-06-18T05:57:34
/opt/airflow/dags/process_sales_dag.py                               1           0  0.25s           2025-06-18T05:57:34
================================================================================
[2025-06-18T05:58:25.253+0000] {manager.py:878} INFO - 
================================================================================
DAG File Processing Stats

File Path                                   PID    Runtime      # DAGs    # Errors  Last Runtime    Last Run
------------------------------------------  -----  ---------  --------  ----------  --------------  -------------------
/opt/airflow/dags/process_customers_dag.py                           1           0  0.44s           2025-06-18T05:58:05
/opt/airflow/dags/process_sales_dag.py                               1           0  0.36s           2025-06-18T05:58:05
================================================================================
[2025-06-18T05:58:55.889+0000] {manager.py:878} INFO - 
================================================================================
DAG File Processing Stats

File Path                                   PID    Runtime      # DAGs    # Errors  Last Runtime    Last Run
------------------------------------------  -----  ---------  --------  ----------  --------------  -------------------
/opt/airflow/dags/process_customers_dag.py                           1           0  0.48s           2025-06-18T05:58:36
/opt/airflow/dags/process_sales_dag.py                               1           0  0.44s           2025-06-18T05:58:36
================================================================================
[2025-06-18T05:59:25.908+0000] {manager.py:878} INFO - 
================================================================================
DAG File Processing Stats

File Path                                   PID    Runtime      # DAGs    # Errors  Last Runtime    Last Run
------------------------------------------  -----  ---------  --------  ----------  --------------  -------------------
/opt/airflow/dags/process_customers_dag.py                           1           0  0.31s           2025-06-18T05:59:07
/opt/airflow/dags/process_sales_dag.py                               1           0  0.31s           2025-06-18T05:59:07
================================================================================
[2025-06-18T05:59:56.853+0000] {manager.py:878} INFO - 
================================================================================
DAG File Processing Stats

File Path                                   PID    Runtime      # DAGs    # Errors  Last Runtime    Last Run
------------------------------------------  -----  ---------  --------  ----------  --------------  -------------------
/opt/airflow/dags/process_customers_dag.py                           1           0  0.26s           2025-06-18T05:59:38
/opt/airflow/dags/process_sales_dag.py                               1           0  0.24s           2025-06-18T05:59:38
================================================================================
[2025-06-18T06:00:27.671+0000] {manager.py:878} INFO - 
================================================================================
DAG File Processing Stats

File Path                                   PID    Runtime      # DAGs    # Errors  Last Runtime    Last Run
------------------------------------------  -----  ---------  --------  ----------  --------------  -------------------
/opt/airflow/dags/process_sales_dag.py                               1           0  0.28s           2025-06-18T06:00:09
/opt/airflow/dags/process_customers_dag.py                           1           0  0.28s           2025-06-18T06:00:09
================================================================================
[2025-06-18T06:00:57.764+0000] {manager.py:878} INFO - 
================================================================================
DAG File Processing Stats

File Path                                   PID    Runtime      # DAGs    # Errors  Last Runtime    Last Run
------------------------------------------  -----  ---------  --------  ----------  --------------  -------------------
/opt/airflow/dags/process_customers_dag.py                           1           0  0.30s           2025-06-18T06:00:40
/opt/airflow/dags/process_sales_dag.py                               1           0  0.24s           2025-06-18T06:00:40
================================================================================
[2025-06-18T06:01:20.751+0000] {manager.py:737} INFO - Searching for files in /opt/airflow/dags
[2025-06-18T06:01:20.849+0000] {manager.py:740} INFO - There are 2 files in /opt/airflow/dags
[2025-06-18T06:01:27.989+0000] {manager.py:878} INFO - 
================================================================================
DAG File Processing Stats

File Path                                   PID    Runtime      # DAGs    # Errors  Last Runtime    Last Run
------------------------------------------  -----  ---------  --------  ----------  --------------  -------------------
/opt/airflow/dags/process_customers_dag.py                           1           0  0.35s           2025-06-18T06:01:10
/opt/airflow/dags/process_sales_dag.py                               1           0  0.34s           2025-06-18T06:01:10
================================================================================
[2025-06-18T06:01:58.484+0000] {manager.py:878} INFO - 
================================================================================
DAG File Processing Stats

File Path                                   PID    Runtime      # DAGs    # Errors  Last Runtime    Last Run
------------------------------------------  -----  ---------  --------  ----------  --------------  -------------------
/opt/airflow/dags/process_sales_dag.py                               1           0  1.06s           2025-06-18T06:01:42
/opt/airflow/dags/process_customers_dag.py                           1           0  1.06s           2025-06-18T06:01:42
================================================================================
[2025-06-18T06:02:30.097+0000] {manager.py:878} INFO - 
================================================================================
DAG File Processing Stats

File Path                                   PID    Runtime      # DAGs    # Errors  Last Runtime    Last Run
------------------------------------------  -----  ---------  --------  ----------  --------------  -------------------
/opt/airflow/dags/process_sales_dag.py                               1           0  0.34s           2025-06-18T06:02:13
/opt/airflow/dags/process_customers_dag.py                           1           0  0.33s           2025-06-18T06:02:13
================================================================================
[2025-06-18T06:03:00.221+0000] {manager.py:878} INFO - 
================================================================================
DAG File Processing Stats

File Path                                   PID    Runtime      # DAGs    # Errors  Last Runtime    Last Run
------------------------------------------  -----  ---------  --------  ----------  --------------  -------------------
/opt/airflow/dags/process_customers_dag.py                           1           0  0.64s           2025-06-18T06:02:43
/opt/airflow/dags/process_sales_dag.py                               1           0  0.58s           2025-06-18T06:02:43
================================================================================
[2025-06-18T06:03:31.145+0000] {manager.py:878} INFO - 
================================================================================
DAG File Processing Stats

File Path                                   PID    Runtime      # DAGs    # Errors  Last Runtime    Last Run
------------------------------------------  -----  ---------  --------  ----------  --------------  -------------------
/opt/airflow/dags/process_customers_dag.py                           1           0  0.51s           2025-06-18T06:03:14
/opt/airflow/dags/process_sales_dag.py                               1           0  0.49s           2025-06-18T06:03:14
================================================================================
[2025-06-18T06:04:02.040+0000] {manager.py:878} INFO - 
================================================================================
DAG File Processing Stats

File Path                                   PID    Runtime      # DAGs    # Errors  Last Runtime    Last Run
------------------------------------------  -----  ---------  --------  ----------  --------------  -------------------
/opt/airflow/dags/process_sales_dag.py                               1           0  0.60s           2025-06-18T06:03:45
/opt/airflow/dags/process_customers_dag.py                           1           0  0.54s           2025-06-18T06:03:45
================================================================================
[2025-06-18T06:04:32.777+0000] {manager.py:878} INFO - 
================================================================================
DAG File Processing Stats

File Path                                   PID    Runtime      # DAGs    # Errors  Last Runtime    Last Run
------------------------------------------  -----  ---------  --------  ----------  --------------  -------------------
/opt/airflow/dags/process_sales_dag.py                               1           0  0.31s           2025-06-18T06:04:16
/opt/airflow/dags/process_customers_dag.py                           1           0  0.29s           2025-06-18T06:04:16
================================================================================
[2025-06-18T06:05:03.167+0000] {manager.py:878} INFO - 
================================================================================
DAG File Processing Stats

File Path                                   PID    Runtime      # DAGs    # Errors  Last Runtime    Last Run
------------------------------------------  -----  ---------  --------  ----------  --------------  -------------------
/opt/airflow/dags/process_customers_dag.py                           1           0  0.38s           2025-06-18T06:04:47
/opt/airflow/dags/process_sales_dag.py                               1           0  0.33s           2025-06-18T06:04:47
================================================================================
[2025-06-18T06:05:33.164+0000] {manager.py:878} INFO - 
================================================================================
DAG File Processing Stats

File Path                                   PID    Runtime      # DAGs    # Errors  Last Runtime    Last Run
------------------------------------------  -----  ---------  --------  ----------  --------------  -------------------
/opt/airflow/dags/process_customers_dag.py                           1           0  0.30s           2025-06-18T06:05:17
/opt/airflow/dags/process_sales_dag.py                               1           0  0.29s           2025-06-18T06:05:17
================================================================================
[2025-06-18T06:06:03.501+0000] {manager.py:878} INFO - 
================================================================================
DAG File Processing Stats

File Path                                   PID    Runtime      # DAGs    # Errors  Last Runtime    Last Run
------------------------------------------  -----  ---------  --------  ----------  --------------  -------------------
/opt/airflow/dags/process_sales_dag.py                               1           0  0.31s           2025-06-18T06:05:48
/opt/airflow/dags/process_customers_dag.py                           1           0  0.29s           2025-06-18T06:05:48
================================================================================
[2025-06-18T06:06:21.361+0000] {manager.py:737} INFO - Searching for files in /opt/airflow/dags
[2025-06-18T06:06:21.427+0000] {manager.py:740} INFO - There are 2 files in /opt/airflow/dags
[2025-06-18T06:06:33.569+0000] {manager.py:878} INFO - 
================================================================================
DAG File Processing Stats

File Path                                   PID    Runtime      # DAGs    # Errors  Last Runtime    Last Run
------------------------------------------  -----  ---------  --------  ----------  --------------  -------------------
/opt/airflow/dags/process_customers_dag.py                           1           0  0.93s           2025-06-18T06:06:20
/opt/airflow/dags/process_sales_dag.py                               1           0  0.82s           2025-06-18T06:06:20
================================================================================
[2025-06-18T06:07:03.884+0000] {manager.py:878} INFO - 
================================================================================
DAG File Processing Stats

File Path                                   PID    Runtime      # DAGs    # Errors  Last Runtime    Last Run
------------------------------------------  -----  ---------  --------  ----------  --------------  -------------------
/opt/airflow/dags/process_sales_dag.py                               1           0  0.58s           2025-06-18T06:06:51
/opt/airflow/dags/process_customers_dag.py                           1           0  0.49s           2025-06-18T06:06:51
================================================================================
[2025-06-18T06:07:33.939+0000] {manager.py:878} INFO - 
================================================================================
DAG File Processing Stats

File Path                                   PID    Runtime      # DAGs    # Errors  Last Runtime    Last Run
------------------------------------------  -----  ---------  --------  ----------  --------------  -------------------
/opt/airflow/dags/process_sales_dag.py                               1           0  0.36s           2025-06-18T06:07:22
/opt/airflow/dags/process_customers_dag.py                           1           0  0.34s           2025-06-18T06:07:22
================================================================================
[2025-06-18T06:08:04.451+0000] {manager.py:878} INFO - 
================================================================================
DAG File Processing Stats

File Path                                   PID    Runtime      # DAGs    # Errors  Last Runtime    Last Run
------------------------------------------  -----  ---------  --------  ----------  --------------  -------------------
/opt/airflow/dags/process_customers_dag.py                           1           0  0.34s           2025-06-18T06:07:53
/opt/airflow/dags/process_sales_dag.py                               1           0  0.29s           2025-06-18T06:07:53
================================================================================
[2025-06-18T06:08:34.680+0000] {manager.py:878} INFO - 
================================================================================
DAG File Processing Stats

File Path                                   PID    Runtime      # DAGs    # Errors  Last Runtime    Last Run
------------------------------------------  -----  ---------  --------  ----------  --------------  -------------------
/opt/airflow/dags/process_customers_dag.py                           1           0  0.82s           2025-06-18T06:08:24
/opt/airflow/dags/process_sales_dag.py                               1           0  0.79s           2025-06-18T06:08:24
================================================================================
[2025-06-18T06:09:05.128+0000] {manager.py:878} INFO - 
================================================================================
DAG File Processing Stats

File Path                                   PID    Runtime      # DAGs    # Errors  Last Runtime    Last Run
------------------------------------------  -----  ---------  --------  ----------  --------------  -------------------
/opt/airflow/dags/process_customers_dag.py                           1           0  0.77s           2025-06-18T06:08:55
/opt/airflow/dags/process_sales_dag.py                               1           0  0.50s           2025-06-18T06:08:55
================================================================================
[2025-06-18T06:09:35.644+0000] {manager.py:878} INFO - 
================================================================================
DAG File Processing Stats

File Path                                   PID    Runtime      # DAGs    # Errors  Last Runtime    Last Run
------------------------------------------  -----  ---------  --------  ----------  --------------  -------------------
/opt/airflow/dags/process_customers_dag.py                           1           0  0.66s           2025-06-18T06:09:27
/opt/airflow/dags/process_sales_dag.py                               1           0  0.45s           2025-06-18T06:09:27
================================================================================
[2025-06-18T06:10:06.382+0000] {manager.py:878} INFO - 
================================================================================
DAG File Processing Stats

File Path                                   PID    Runtime      # DAGs    # Errors  Last Runtime    Last Run
------------------------------------------  -----  ---------  --------  ----------  --------------  -------------------
/opt/airflow/dags/process_customers_dag.py                           1           0  0.29s           2025-06-18T06:09:58
/opt/airflow/dags/process_sales_dag.py                               1           0  0.28s           2025-06-18T06:09:58
================================================================================
[2025-06-18T06:10:37.005+0000] {manager.py:878} INFO - 
================================================================================
DAG File Processing Stats

File Path                                   PID    Runtime      # DAGs    # Errors  Last Runtime    Last Run
------------------------------------------  -----  ---------  --------  ----------  --------------  -------------------
/opt/airflow/dags/process_customers_dag.py                           1           0  0.30s           2025-06-18T06:10:28
/opt/airflow/dags/process_sales_dag.py                               1           0  0.30s           2025-06-18T06:10:28
================================================================================
[2025-06-18T06:11:07.531+0000] {manager.py:878} INFO - 
================================================================================
DAG File Processing Stats

File Path                                   PID    Runtime      # DAGs    # Errors  Last Runtime    Last Run
------------------------------------------  -----  ---------  --------  ----------  --------------  -------------------
/opt/airflow/dags/process_sales_dag.py                               1           0  0.26s           2025-06-18T06:10:59
/opt/airflow/dags/process_customers_dag.py                           1           0  0.24s           2025-06-18T06:10:59
================================================================================
[2025-06-18T06:11:21.711+0000] {manager.py:737} INFO - Searching for files in /opt/airflow/dags
[2025-06-18T06:11:21.746+0000] {manager.py:740} INFO - There are 2 files in /opt/airflow/dags
[2025-06-18T06:11:38.510+0000] {manager.py:878} INFO - 
================================================================================
DAG File Processing Stats

File Path                                   PID    Runtime      # DAGs    # Errors  Last Runtime    Last Run
------------------------------------------  -----  ---------  --------  ----------  --------------  -------------------
/opt/airflow/dags/process_customers_dag.py                           1           0  1.33s           2025-06-18T06:11:31
/opt/airflow/dags/process_sales_dag.py                               1           0  0.83s           2025-06-18T06:11:31
================================================================================
[2025-06-18T06:12:09.417+0000] {manager.py:878} INFO - 
================================================================================
DAG File Processing Stats

File Path                                   PID    Runtime      # DAGs    # Errors  Last Runtime    Last Run
------------------------------------------  -----  ---------  --------  ----------  --------------  -------------------
/opt/airflow/dags/process_customers_dag.py                           1           0  0.50s           2025-06-18T06:12:02
/opt/airflow/dags/process_sales_dag.py                               1           0  0.45s           2025-06-18T06:12:02
================================================================================
[2025-06-18T06:12:40.028+0000] {manager.py:878} INFO - 
================================================================================
DAG File Processing Stats

File Path                                   PID    Runtime      # DAGs    # Errors  Last Runtime    Last Run
------------------------------------------  -----  ---------  --------  ----------  --------------  -------------------
/opt/airflow/dags/process_sales_dag.py                               1           0  0.23s           2025-06-18T06:12:32
/opt/airflow/dags/process_customers_dag.py                           1           0  0.22s           2025-06-18T06:12:32
================================================================================
[2025-06-18T06:13:10.508+0000] {manager.py:878} INFO - 
================================================================================
DAG File Processing Stats

File Path                                   PID    Runtime      # DAGs    # Errors  Last Runtime    Last Run
------------------------------------------  -----  ---------  --------  ----------  --------------  -------------------
/opt/airflow/dags/process_customers_dag.py                           1           0  0.34s           2025-06-18T06:13:03
/opt/airflow/dags/process_sales_dag.py                               1           0  0.33s           2025-06-18T06:13:03
================================================================================
[2025-06-18T06:13:40.792+0000] {manager.py:878} INFO - 
================================================================================
DAG File Processing Stats

File Path                                   PID    Runtime      # DAGs    # Errors  Last Runtime    Last Run
------------------------------------------  -----  ---------  --------  ----------  --------------  -------------------
/opt/airflow/dags/process_customers_dag.py                           1           0  0.31s           2025-06-18T06:13:34
/opt/airflow/dags/process_sales_dag.py                               1           0  0.27s           2025-06-18T06:13:34
================================================================================
[2025-06-18T06:14:10.820+0000] {manager.py:878} INFO - 
================================================================================
DAG File Processing Stats

File Path                                   PID    Runtime      # DAGs    # Errors  Last Runtime    Last Run
------------------------------------------  -----  ---------  --------  ----------  --------------  -------------------
/opt/airflow/dags/process_customers_dag.py                           1           0  0.22s           2025-06-18T06:14:05
/opt/airflow/dags/process_sales_dag.py                               1           0  0.20s           2025-06-18T06:14:05
================================================================================
[2025-06-18T06:14:41.346+0000] {manager.py:878} INFO - 
================================================================================
DAG File Processing Stats

File Path                                   PID    Runtime      # DAGs    # Errors  Last Runtime    Last Run
------------------------------------------  -----  ---------  --------  ----------  --------------  -------------------
/opt/airflow/dags/process_sales_dag.py                               1           0  0.22s           2025-06-18T06:14:36
/opt/airflow/dags/process_customers_dag.py                           1           0  0.21s           2025-06-18T06:14:36
================================================================================
[2025-06-18T06:15:11.787+0000] {manager.py:878} INFO - 
================================================================================
DAG File Processing Stats

File Path                                   PID    Runtime      # DAGs    # Errors  Last Runtime    Last Run
------------------------------------------  -----  ---------  --------  ----------  --------------  -------------------
/opt/airflow/dags/process_customers_dag.py                           1           0  0.35s           2025-06-18T06:15:07
/opt/airflow/dags/process_sales_dag.py                               1           0  0.34s           2025-06-18T06:15:07
================================================================================
[2025-06-18T06:15:42.587+0000] {manager.py:878} INFO - 
================================================================================
DAG File Processing Stats

File Path                                   PID    Runtime      # DAGs    # Errors  Last Runtime    Last Run
------------------------------------------  -----  ---------  --------  ----------  --------------  -------------------
/opt/airflow/dags/process_sales_dag.py                               1           0  0.34s           2025-06-18T06:15:38
/opt/airflow/dags/process_customers_dag.py                           1           0  0.32s           2025-06-18T06:15:38
================================================================================
[2025-06-18T06:16:13.345+0000] {manager.py:878} INFO - 
================================================================================
DAG File Processing Stats

File Path                                   PID    Runtime      # DAGs    # Errors  Last Runtime    Last Run
------------------------------------------  -----  ---------  --------  ----------  --------------  -------------------
/opt/airflow/dags/process_customers_dag.py                           1           0  0.37s           2025-06-18T06:16:09
/opt/airflow/dags/process_sales_dag.py                               1           0  0.34s           2025-06-18T06:16:09
================================================================================
[2025-06-18T06:16:21.818+0000] {manager.py:737} INFO - Searching for files in /opt/airflow/dags
[2025-06-18T06:16:21.992+0000] {manager.py:740} INFO - There are 2 files in /opt/airflow/dags
[2025-06-18T06:16:44.096+0000] {manager.py:878} INFO - 
================================================================================
DAG File Processing Stats

File Path                                   PID    Runtime      # DAGs    # Errors  Last Runtime    Last Run
------------------------------------------  -----  ---------  --------  ----------  --------------  -------------------
/opt/airflow/dags/process_sales_dag.py                               1           0  0.32s           2025-06-18T06:16:40
/opt/airflow/dags/process_customers_dag.py                           1           0  0.31s           2025-06-18T06:16:40
================================================================================
[2025-06-18T06:17:14.875+0000] {manager.py:878} INFO - 
================================================================================
DAG File Processing Stats

File Path                                   PID    Runtime      # DAGs    # Errors  Last Runtime    Last Run
------------------------------------------  -----  ---------  --------  ----------  --------------  -------------------
/opt/airflow/dags/process_customers_dag.py                           1           0  0.36s           2025-06-18T06:17:10
/opt/airflow/dags/process_sales_dag.py                               1           0  0.33s           2025-06-18T06:17:10
================================================================================
[2025-06-18T06:17:45.236+0000] {manager.py:878} INFO - 
================================================================================
DAG File Processing Stats

File Path                                   PID    Runtime      # DAGs    # Errors  Last Runtime    Last Run
------------------------------------------  -----  ---------  --------  ----------  --------------  -------------------
/opt/airflow/dags/process_customers_dag.py                           1           0  0.81s           2025-06-18T06:17:42
/opt/airflow/dags/process_sales_dag.py                               1           0  0.57s           2025-06-18T06:17:42
================================================================================
[2025-06-18T06:18:15.925+0000] {manager.py:878} INFO - 
================================================================================
DAG File Processing Stats

File Path                                   PID    Runtime      # DAGs    # Errors  Last Runtime    Last Run
------------------------------------------  -----  ---------  --------  ----------  --------------  -------------------
/opt/airflow/dags/process_customers_dag.py                           1           0  0.26s           2025-06-18T06:18:12
/opt/airflow/dags/process_sales_dag.py                               1           0  0.25s           2025-06-18T06:18:12
================================================================================
[2025-06-18T06:18:46.475+0000] {manager.py:878} INFO - 
================================================================================
DAG File Processing Stats

File Path                                   PID    Runtime      # DAGs    # Errors  Last Runtime    Last Run
------------------------------------------  -----  ---------  --------  ----------  --------------  -------------------
/opt/airflow/dags/process_customers_dag.py                           1           0  0.23s           2025-06-18T06:18:43
/opt/airflow/dags/process_sales_dag.py                               1           0  0.22s           2025-06-18T06:18:43
================================================================================
[2025-06-18T06:19:17.312+0000] {manager.py:878} INFO - 
================================================================================
DAG File Processing Stats

File Path                                   PID    Runtime      # DAGs    # Errors  Last Runtime    Last Run
------------------------------------------  -----  ---------  --------  ----------  --------------  -------------------
/opt/airflow/dags/process_customers_dag.py                           1           0  0.37s           2025-06-18T06:19:14
/opt/airflow/dags/process_sales_dag.py                               1           0  0.35s           2025-06-18T06:19:14
================================================================================
[2025-06-18T06:19:48.109+0000] {manager.py:878} INFO - 
================================================================================
DAG File Processing Stats

File Path                                   PID    Runtime      # DAGs    # Errors  Last Runtime    Last Run
------------------------------------------  -----  ---------  --------  ----------  --------------  -------------------
/opt/airflow/dags/process_sales_dag.py                               1           0  0.42s           2025-06-18T06:19:45
/opt/airflow/dags/process_customers_dag.py                           1           0  0.42s           2025-06-18T06:19:45
================================================================================
[2025-06-18T06:20:18.539+0000] {manager.py:878} INFO - 
================================================================================
DAG File Processing Stats

File Path                                   PID    Runtime      # DAGs    # Errors  Last Runtime    Last Run
------------------------------------------  -----  ---------  --------  ----------  --------------  -------------------
/opt/airflow/dags/process_customers_dag.py                           1           0  0.24s           2025-06-18T06:20:15
/opt/airflow/dags/process_sales_dag.py                               1           0  0.23s           2025-06-18T06:20:15
================================================================================
[2025-06-18T06:20:49.352+0000] {manager.py:878} INFO - 
================================================================================
DAG File Processing Stats

File Path                                   PID    Runtime      # DAGs    # Errors  Last Runtime    Last Run
------------------------------------------  -----  ---------  --------  ----------  --------------  -------------------
/opt/airflow/dags/process_customers_dag.py                           1           0  0.47s           2025-06-18T06:20:46
/opt/airflow/dags/process_sales_dag.py                               1           0  0.41s           2025-06-18T06:20:46
================================================================================
[2025-06-18T06:21:19.973+0000] {manager.py:878} INFO - 
================================================================================
DAG File Processing Stats

File Path                                   PID    Runtime      # DAGs    # Errors  Last Runtime    Last Run
------------------------------------------  -----  ---------  --------  ----------  --------------  -------------------
/opt/airflow/dags/process_customers_dag.py                           1           0  0.27s           2025-06-18T06:21:16
/opt/airflow/dags/process_sales_dag.py                               1           0  0.26s           2025-06-18T06:21:16
================================================================================
[2025-06-18T06:21:22.006+0000] {manager.py:737} INFO - Searching for files in /opt/airflow/dags
[2025-06-18T06:21:22.208+0000] {manager.py:740} INFO - There are 2 files in /opt/airflow/dags
[2025-06-18T06:21:50.068+0000] {manager.py:878} INFO - 
================================================================================
DAG File Processing Stats

File Path                                   PID    Runtime      # DAGs    # Errors  Last Runtime    Last Run
------------------------------------------  -----  ---------  --------  ----------  --------------  -------------------
/opt/airflow/dags/process_customers_dag.py                           1           0  0.27s           2025-06-18T06:21:47
/opt/airflow/dags/process_sales_dag.py                               1           0  0.24s           2025-06-18T06:21:47
================================================================================
[2025-06-18T06:22:20.779+0000] {manager.py:878} INFO - 
================================================================================
DAG File Processing Stats

File Path                                   PID    Runtime      # DAGs    # Errors  Last Runtime    Last Run
------------------------------------------  -----  ---------  --------  ----------  --------------  -------------------
/opt/airflow/dags/process_sales_dag.py                               1           0  0.36s           2025-06-18T06:22:17
/opt/airflow/dags/process_customers_dag.py                           1           0  0.36s           2025-06-18T06:22:17
================================================================================
[2025-06-18T06:22:50.864+0000] {manager.py:878} INFO - 
================================================================================
DAG File Processing Stats

File Path                                   PID    Runtime      # DAGs    # Errors  Last Runtime    Last Run
------------------------------------------  -----  ---------  --------  ----------  --------------  -------------------
/opt/airflow/dags/process_customers_dag.py                           1           0  0.43s           2025-06-18T06:22:48
/opt/airflow/dags/process_sales_dag.py                               1           0  0.42s           2025-06-18T06:22:48
================================================================================
[2025-06-18T06:23:21.536+0000] {manager.py:878} INFO - 
================================================================================
DAG File Processing Stats

File Path                                   PID    Runtime      # DAGs    # Errors  Last Runtime    Last Run
------------------------------------------  -----  ---------  --------  ----------  --------------  -------------------
/opt/airflow/dags/process_customers_dag.py                           1           0  1.26s           2025-06-18T06:23:20
/opt/airflow/dags/process_sales_dag.py                               1           0  1.21s           2025-06-18T06:23:20
================================================================================
[2025-06-18T06:23:52.245+0000] {manager.py:878} INFO - 
================================================================================
DAG File Processing Stats

File Path                                   PID    Runtime      # DAGs    # Errors  Last Runtime    Last Run
------------------------------------------  -----  ---------  --------  ----------  --------------  -------------------
/opt/airflow/dags/process_customers_dag.py                           1           0  0.28s           2025-06-18T06:23:51
/opt/airflow/dags/process_sales_dag.py                               1           0  0.24s           2025-06-18T06:23:51
================================================================================
[2025-06-18T06:24:22.925+0000] {manager.py:878} INFO - 
================================================================================
DAG File Processing Stats

File Path                                   PID    Runtime      # DAGs    # Errors  Last Runtime    Last Run
------------------------------------------  -----  ---------  --------  ----------  --------------  -------------------
/opt/airflow/dags/process_customers_dag.py                           1           0  0.30s           2025-06-18T06:24:21
/opt/airflow/dags/process_sales_dag.py                               1           0  0.29s           2025-06-18T06:24:21
================================================================================
[2025-06-18T06:24:53.858+0000] {manager.py:878} INFO - 
================================================================================
DAG File Processing Stats

File Path                                   PID    Runtime      # DAGs    # Errors  Last Runtime    Last Run
------------------------------------------  -----  ---------  --------  ----------  --------------  -------------------
/opt/airflow/dags/process_sales_dag.py                               1           0  0.23s           2025-06-18T06:24:52
/opt/airflow/dags/process_customers_dag.py                           1           0  0.23s           2025-06-18T06:24:52
================================================================================
[2025-06-18T06:25:23.913+0000] {manager.py:878} INFO - 
================================================================================
DAG File Processing Stats

File Path                                   PID    Runtime      # DAGs    # Errors  Last Runtime    Last Run
------------------------------------------  -----  ---------  --------  ----------  --------------  -------------------
/opt/airflow/dags/process_customers_dag.py                           1           0  0.25s           2025-06-18T06:25:23
/opt/airflow/dags/process_sales_dag.py                               1           0  0.23s           2025-06-18T06:25:23
================================================================================
[2025-06-18T06:25:54.477+0000] {manager.py:878} INFO - 
================================================================================
DAG File Processing Stats

File Path                                   PID    Runtime      # DAGs    # Errors  Last Runtime    Last Run
------------------------------------------  -----  ---------  --------  ----------  --------------  -------------------
/opt/airflow/dags/process_sales_dag.py                               1           0  0.34s           2025-06-18T06:25:53
/opt/airflow/dags/process_customers_dag.py                           1           0  0.30s           2025-06-18T06:25:53
================================================================================
[2025-06-18T06:26:22.052+0000] {manager.py:737} INFO - Searching for files in /opt/airflow/dags
[2025-06-18T06:26:22.414+0000] {manager.py:740} INFO - There are 2 files in /opt/airflow/dags
[2025-06-18T06:26:24.684+0000] {manager.py:878} INFO - 
================================================================================
DAG File Processing Stats

File Path                                   PID    Runtime      # DAGs    # Errors  Last Runtime    Last Run
------------------------------------------  -----  ---------  --------  ----------  --------------  -------------------
/opt/airflow/dags/process_sales_dag.py                               1           0  0.18s           2025-06-18T06:26:23
/opt/airflow/dags/process_customers_dag.py                           1           0  0.17s           2025-06-18T06:26:23
================================================================================
[2025-06-18T06:26:54.708+0000] {manager.py:878} INFO - 
================================================================================
DAG File Processing Stats

File Path                                   PID    Runtime      # DAGs    # Errors  Last Runtime    Last Run
------------------------------------------  -----  ---------  --------  ----------  --------------  -------------------
/opt/airflow/dags/process_customers_dag.py                           1           0  0.35s           2025-06-18T06:26:54
/opt/airflow/dags/process_sales_dag.py                               1           0  0.33s           2025-06-18T06:26:54
================================================================================
[2025-06-18T06:27:24.850+0000] {manager.py:878} INFO - 
================================================================================
DAG File Processing Stats

File Path                                     PID  Runtime      # DAGs    # Errors  Last Runtime    Last Run
------------------------------------------  -----  ---------  --------  ----------  --------------  -------------------
/opt/airflow/dags/process_customers_dag.py   2308  0.07s             1           0  0.35s           2025-06-18T06:26:54
/opt/airflow/dags/process_sales_dag.py       2311  0.03s             1           0  0.33s           2025-06-18T06:26:54
================================================================================
[2025-06-18T06:27:55.189+0000] {manager.py:878} INFO - 
================================================================================
DAG File Processing Stats

File Path                                   PID    Runtime      # DAGs    # Errors  Last Runtime    Last Run
------------------------------------------  -----  ---------  --------  ----------  --------------  -------------------
/opt/airflow/dags/process_customers_dag.py                           1           0  0.43s           2025-06-18T06:27:25
/opt/airflow/dags/process_sales_dag.py                               1           0  0.41s           2025-06-18T06:27:25
================================================================================
[2025-06-18T06:28:25.243+0000] {manager.py:878} INFO - 
================================================================================
DAG File Processing Stats

File Path                                   PID    Runtime      # DAGs    # Errors  Last Runtime    Last Run
------------------------------------------  -----  ---------  --------  ----------  --------------  -------------------
/opt/airflow/dags/process_sales_dag.py                               1           0  0.75s           2025-06-18T06:27:56
/opt/airflow/dags/process_customers_dag.py                           1           0  0.70s           2025-06-18T06:27:56
================================================================================
[2025-06-18T06:28:55.558+0000] {manager.py:878} INFO - 
================================================================================
DAG File Processing Stats

File Path                                   PID    Runtime      # DAGs    # Errors  Last Runtime    Last Run
------------------------------------------  -----  ---------  --------  ----------  --------------  -------------------
/opt/airflow/dags/process_sales_dag.py                               1           0  1.07s           2025-06-18T06:28:28
/opt/airflow/dags/process_customers_dag.py                           1           0  1.02s           2025-06-18T06:28:28
================================================================================
[2025-06-18T06:29:26.166+0000] {manager.py:878} INFO - 
================================================================================
DAG File Processing Stats

File Path                                   PID    Runtime      # DAGs    # Errors  Last Runtime    Last Run
------------------------------------------  -----  ---------  --------  ----------  --------------  -------------------
/opt/airflow/dags/process_sales_dag.py                               1           0  0.29s           2025-06-18T06:28:58
/opt/airflow/dags/process_customers_dag.py                           1           0  0.26s           2025-06-18T06:28:58
================================================================================
[2025-06-18T06:29:56.946+0000] {manager.py:878} INFO - 
================================================================================
DAG File Processing Stats

File Path                                   PID    Runtime      # DAGs    # Errors  Last Runtime    Last Run
------------------------------------------  -----  ---------  --------  ----------  --------------  -------------------
/opt/airflow/dags/process_sales_dag.py                               1           0  0.32s           2025-06-18T06:29:29
/opt/airflow/dags/process_customers_dag.py                           1           0  0.30s           2025-06-18T06:29:29
================================================================================
[2025-06-18T06:30:26.988+0000] {manager.py:878} INFO - 
================================================================================
DAG File Processing Stats

File Path                                   PID    Runtime      # DAGs    # Errors  Last Runtime    Last Run
------------------------------------------  -----  ---------  --------  ----------  --------------  -------------------
/opt/airflow/dags/process_customers_dag.py                           1           0  0.52s           2025-06-18T06:30:00
/opt/airflow/dags/process_sales_dag.py                               1           0  0.46s           2025-06-18T06:30:00
================================================================================
[2025-06-18T06:30:57.895+0000] {manager.py:878} INFO - 
================================================================================
DAG File Processing Stats

File Path                                   PID    Runtime      # DAGs    # Errors  Last Runtime    Last Run
------------------------------------------  -----  ---------  --------  ----------  --------------  -------------------
/opt/airflow/dags/process_customers_dag.py                           1           0  0.48s           2025-06-18T06:30:31
/opt/airflow/dags/process_sales_dag.py                               1           0  0.38s           2025-06-18T06:30:31
================================================================================
[2025-06-18T06:31:22.351+0000] {manager.py:737} INFO - Searching for files in /opt/airflow/dags
[2025-06-18T06:31:22.399+0000] {manager.py:740} INFO - There are 3 files in /opt/airflow/dags
[2025-06-18T06:31:28.532+0000] {manager.py:878} INFO - 
================================================================================
DAG File Processing Stats

File Path                                      PID    Runtime      # DAGs    # Errors  Last Runtime    Last Run
---------------------------------------------  -----  ---------  --------  ----------  --------------  -------------------
/opt/airflow/dags/enrich_user_profiles_dag.py                           1           0  1.06s           2025-06-18T06:31:23
/opt/airflow/dags/process_sales_dag.py                                  1           0  0.23s           2025-06-18T06:31:02
/opt/airflow/dags/process_customers_dag.py                              1           0  0.21s           2025-06-18T06:31:02
================================================================================
[2025-06-18T06:31:59.242+0000] {manager.py:878} INFO - 
================================================================================
DAG File Processing Stats

File Path                                      PID    Runtime      # DAGs    # Errors  Last Runtime    Last Run
---------------------------------------------  -----  ---------  --------  ----------  --------------  -------------------
/opt/airflow/dags/enrich_user_profiles_dag.py                           1           0  0.24s           2025-06-18T06:31:54
/opt/airflow/dags/process_customers_dag.py                              1           0  0.24s           2025-06-18T06:31:32
/opt/airflow/dags/process_sales_dag.py                                  1           0  0.23s           2025-06-18T06:31:32
================================================================================
[2025-06-18T06:32:29.923+0000] {manager.py:878} INFO - 
================================================================================
DAG File Processing Stats

File Path                                      PID    Runtime      # DAGs    # Errors  Last Runtime    Last Run
---------------------------------------------  -----  ---------  --------  ----------  --------------  -------------------
/opt/airflow/dags/process_sales_dag.py                                  1           0  1.18s           2025-06-18T06:32:04
/opt/airflow/dags/process_customers_dag.py                              1           0  1.16s           2025-06-18T06:32:04
/opt/airflow/dags/enrich_user_profiles_dag.py                           1           0  0.30s           2025-06-18T06:32:25
================================================================================
[2025-06-18T06:33:00.202+0000] {manager.py:878} INFO - 
================================================================================
DAG File Processing Stats

File Path                                      PID    Runtime      # DAGs    # Errors  Last Runtime    Last Run
---------------------------------------------  -----  ---------  --------  ----------  --------------  -------------------
/opt/airflow/dags/process_sales_dag.py                                  1           0  0.54s           2025-06-18T06:32:35
/opt/airflow/dags/process_customers_dag.py                              1           0  0.51s           2025-06-18T06:32:35
/opt/airflow/dags/enrich_user_profiles_dag.py                           1           0  0.43s           2025-06-18T06:32:56
================================================================================
[2025-06-18T06:43:49.097+0000] {manager.py:470} INFO - Processing files using up to 2 processes at a time 
[2025-06-18T06:43:49.200+0000] {manager.py:471} INFO - Process each file at most once every 30 seconds
[2025-06-18T06:43:49.219+0000] {manager.py:472} INFO - Checking for new files in /opt/airflow/dags every 300 seconds
[2025-06-18T06:43:49.222+0000] {manager.py:737} INFO - Searching for files in /opt/airflow/dags
[2025-06-18T06:43:49.537+0000] {manager.py:740} INFO - There are 3 files in /opt/airflow/dags
[2025-06-18T06:43:51.154+0000] {manager.py:878} INFO - 
================================================================================
DAG File Processing Stats

File Path                                        PID  Runtime      # DAGs    # Errors  Last Runtime    Last Run
---------------------------------------------  -----  ---------  --------  ----------  --------------  ----------
/opt/airflow/dags/enrich_user_profiles_dag.py    158  1.17s             0           0
/opt/airflow/dags/process_customers_dag.py       162  0.99s             0           0
/opt/airflow/dags/process_sales_dag.py                                  0           0
================================================================================
[2025-06-18T06:44:21.756+0000] {manager.py:878} INFO - 
================================================================================
DAG File Processing Stats

File Path                                      PID    Runtime      # DAGs    # Errors  Last Runtime    Last Run
---------------------------------------------  -----  ---------  --------  ----------  --------------  -------------------
/opt/airflow/dags/enrich_user_profiles_dag.py                           1           0  2.45s           2025-06-18T06:43:52
/opt/airflow/dags/process_customers_dag.py                              1           0  2.35s           2025-06-18T06:43:52
/opt/airflow/dags/process_sales_dag.py                                  1           0  0.71s           2025-06-18T06:43:53
================================================================================
[2025-06-18T06:44:52.248+0000] {manager.py:878} INFO - 
================================================================================
DAG File Processing Stats

File Path                                      PID    Runtime      # DAGs    # Errors  Last Runtime    Last Run
---------------------------------------------  -----  ---------  --------  ----------  --------------  -------------------
/opt/airflow/dags/enrich_user_profiles_dag.py                           1           0  5.13s           2025-06-18T06:44:28
/opt/airflow/dags/process_customers_dag.py                              1           0  4.31s           2025-06-18T06:44:28
/opt/airflow/dags/process_sales_dag.py                                  1           0  0.78s           2025-06-18T06:44:29
================================================================================
[2025-06-18T06:45:22.666+0000] {manager.py:878} INFO - 
================================================================================
DAG File Processing Stats

File Path                                      PID    Runtime      # DAGs    # Errors  Last Runtime    Last Run
---------------------------------------------  -----  ---------  --------  ----------  --------------  -------------------
/opt/airflow/dags/enrich_user_profiles_dag.py                           1           0  5.27s           2025-06-18T06:45:04
/opt/airflow/dags/process_customers_dag.py                              1           0  5.04s           2025-06-18T06:45:04
/opt/airflow/dags/process_sales_dag.py                                  1           0  4.22s           2025-06-18T06:45:09
================================================================================
[2025-06-18T06:45:52.695+0000] {manager.py:878} INFO - 
================================================================================
DAG File Processing Stats

File Path                                      PID    Runtime      # DAGs    # Errors  Last Runtime    Last Run
---------------------------------------------  -----  ---------  --------  ----------  --------------  -------------------
/opt/airflow/dags/enrich_user_profiles_dag.py                           1           0  8.60s           2025-06-18T06:45:43
/opt/airflow/dags/process_customers_dag.py                              1           0  8.43s           2025-06-18T06:45:43
/opt/airflow/dags/process_sales_dag.py                                  1           0  0.49s           2025-06-18T06:45:44
================================================================================
[2025-06-18T06:46:22.919+0000] {manager.py:878} INFO - 
================================================================================
DAG File Processing Stats

File Path                                      PID    Runtime      # DAGs    # Errors  Last Runtime    Last Run
---------------------------------------------  -----  ---------  --------  ----------  --------------  -------------------
/opt/airflow/dags/enrich_user_profiles_dag.py                           1           0  0.97s           2025-06-18T06:46:15
/opt/airflow/dags/process_customers_dag.py                              1           0  0.95s           2025-06-18T06:46:15
/opt/airflow/dags/process_sales_dag.py                                  1           0  0.38s           2025-06-18T06:46:15
================================================================================
[2025-06-18T06:46:52.981+0000] {manager.py:878} INFO - 
================================================================================
DAG File Processing Stats

File Path                                      PID    Runtime      # DAGs    # Errors  Last Runtime    Last Run
---------------------------------------------  -----  ---------  --------  ----------  --------------  -------------------
/opt/airflow/dags/enrich_user_profiles_dag.py                           1           0  0.98s           2025-06-18T06:46:46
/opt/airflow/dags/process_customers_dag.py                              1           0  0.76s           2025-06-18T06:46:46
/opt/airflow/dags/process_sales_dag.py                                  1           0  0.65s           2025-06-18T06:46:47
================================================================================
[2025-06-18T06:47:23.469+0000] {manager.py:878} INFO - 
================================================================================
DAG File Processing Stats

File Path                                      PID    Runtime      # DAGs    # Errors  Last Runtime    Last Run
---------------------------------------------  -----  ---------  --------  ----------  --------------  -------------------
/opt/airflow/dags/enrich_user_profiles_dag.py                           1           0  0.73s           2025-06-18T06:47:18
/opt/airflow/dags/process_customers_dag.py                              1           0  0.67s           2025-06-18T06:47:18
/opt/airflow/dags/process_sales_dag.py                                  1           0  0.41s           2025-06-18T06:47:18
================================================================================
[2025-06-18T06:47:53.546+0000] {manager.py:878} INFO - 
================================================================================
DAG File Processing Stats

File Path                                      PID    Runtime      # DAGs    # Errors  Last Runtime    Last Run
---------------------------------------------  -----  ---------  --------  ----------  --------------  -------------------
/opt/airflow/dags/enrich_user_profiles_dag.py                           1           0  0.79s           2025-06-18T06:47:49
/opt/airflow/dags/process_customers_dag.py                              1           0  0.40s           2025-06-18T06:47:49
/opt/airflow/dags/process_sales_dag.py                                  1           0  0.34s           2025-06-18T06:47:49
================================================================================
[2025-06-18T06:48:23.879+0000] {manager.py:878} INFO - 
================================================================================
DAG File Processing Stats

File Path                                      PID    Runtime      # DAGs    # Errors  Last Runtime    Last Run
---------------------------------------------  -----  ---------  --------  ----------  --------------  -------------------
/opt/airflow/dags/enrich_user_profiles_dag.py                           1           0  2.31s           2025-06-18T06:48:22
/opt/airflow/dags/process_customers_dag.py                              1           0  2.30s           2025-06-18T06:48:22
/opt/airflow/dags/process_sales_dag.py                                  1           0  0.51s           2025-06-18T06:48:22
================================================================================
[2025-06-18T06:48:49.575+0000] {manager.py:737} INFO - Searching for files in /opt/airflow/dags
[2025-06-18T06:48:49.667+0000] {manager.py:740} INFO - There are 3 files in /opt/airflow/dags
[2025-06-18T06:48:54.048+0000] {manager.py:878} INFO - 
================================================================================
DAG File Processing Stats

File Path                                        PID  Runtime      # DAGs    # Errors  Last Runtime    Last Run
---------------------------------------------  -----  ---------  --------  ----------  --------------  -------------------
/opt/airflow/dags/enrich_user_profiles_dag.py    791  1.14s             1           0  2.31s           2025-06-18T06:48:22
/opt/airflow/dags/process_customers_dag.py       794  1.11s             1           0  2.30s           2025-06-18T06:48:22
/opt/airflow/dags/process_sales_dag.py                                  1           0  0.51s           2025-06-18T06:48:22
================================================================================
[2025-06-18T06:49:24.698+0000] {manager.py:878} INFO - 
================================================================================
DAG File Processing Stats

File Path                                        PID  Runtime      # DAGs    # Errors  Last Runtime    Last Run
---------------------------------------------  -----  ---------  --------  ----------  --------------  -------------------
/opt/airflow/dags/process_customers_dag.py       809  0.02s             1           0  1.52s           2025-06-18T06:48:54
/opt/airflow/dags/enrich_user_profiles_dag.py    806  0.04s             1           0  1.51s           2025-06-18T06:48:54
/opt/airflow/dags/process_sales_dag.py                                  1           0  0.28s           2025-06-18T06:48:54
================================================================================
[2025-06-18T06:49:54.792+0000] {manager.py:878} INFO - 
================================================================================
DAG File Processing Stats

File Path                                      PID    Runtime      # DAGs    # Errors  Last Runtime    Last Run
---------------------------------------------  -----  ---------  --------  ----------  --------------  -------------------
/opt/airflow/dags/process_customers_dag.py                              1           0  5.05s           2025-06-18T06:49:29
/opt/airflow/dags/enrich_user_profiles_dag.py                           1           0  4.87s           2025-06-18T06:49:29
/opt/airflow/dags/process_sales_dag.py                                  1           0  1.94s           2025-06-18T06:49:31
================================================================================
[2025-06-18T06:50:25.213+0000] {manager.py:878} INFO - 
================================================================================
DAG File Processing Stats

File Path                                      PID    Runtime      # DAGs    # Errors  Last Runtime    Last Run
---------------------------------------------  -----  ---------  --------  ----------  --------------  -------------------
/opt/airflow/dags/enrich_user_profiles_dag.py                           1           0  1.05s           2025-06-18T06:50:00
/opt/airflow/dags/process_customers_dag.py                              1           0  0.84s           2025-06-18T06:50:00
/opt/airflow/dags/process_sales_dag.py                                  1           0  0.80s           2025-06-18T06:50:02
================================================================================
[2025-06-18T06:50:55.232+0000] {manager.py:878} INFO - 
================================================================================
DAG File Processing Stats

File Path                                      PID    Runtime      # DAGs    # Errors  Last Runtime    Last Run
---------------------------------------------  -----  ---------  --------  ----------  --------------  -------------------
/opt/airflow/dags/enrich_user_profiles_dag.py                           1           0  0.97s           2025-06-18T06:50:32
/opt/airflow/dags/process_customers_dag.py                              1           0  0.88s           2025-06-18T06:50:32
/opt/airflow/dags/process_sales_dag.py                                  1           0  0.61s           2025-06-18T06:50:33
================================================================================
[2025-06-18T06:51:25.389+0000] {manager.py:878} INFO - 
================================================================================
DAG File Processing Stats

File Path                                      PID    Runtime      # DAGs    # Errors  Last Runtime    Last Run
---------------------------------------------  -----  ---------  --------  ----------  --------------  -------------------
/opt/airflow/dags/process_sales_dag.py                                  1           0  0.36s           2025-06-18T06:51:05
/opt/airflow/dags/process_customers_dag.py                              1           0  0.27s           2025-06-18T06:51:02
/opt/airflow/dags/enrich_user_profiles_dag.py                           1           0  0.26s           2025-06-18T06:51:02
================================================================================
[2025-06-18T06:51:55.493+0000] {manager.py:878} INFO - 
================================================================================
DAG File Processing Stats

File Path                                      PID    Runtime      # DAGs    # Errors  Last Runtime    Last Run
---------------------------------------------  -----  ---------  --------  ----------  --------------  -------------------
/opt/airflow/dags/process_sales_dag.py                                  1           0  0.37s           2025-06-18T06:51:36
/opt/airflow/dags/enrich_user_profiles_dag.py                           1           0  0.29s           2025-06-18T06:51:33
/opt/airflow/dags/process_customers_dag.py                              1           0  0.28s           2025-06-18T06:51:33
================================================================================
[2025-06-18T06:52:25.708+0000] {manager.py:878} INFO - 
================================================================================
DAG File Processing Stats

File Path                                      PID    Runtime      # DAGs    # Errors  Last Runtime    Last Run
---------------------------------------------  -----  ---------  --------  ----------  --------------  -------------------
/opt/airflow/dags/process_sales_dag.py                                  1           0  0.37s           2025-06-18T06:52:07
/opt/airflow/dags/enrich_user_profiles_dag.py                           1           0  0.36s           2025-06-18T06:52:03
/opt/airflow/dags/process_customers_dag.py                              1           0  0.35s           2025-06-18T06:52:03
================================================================================
[2025-06-18T06:52:56.097+0000] {manager.py:878} INFO - 
================================================================================
DAG File Processing Stats

File Path                                      PID    Runtime      # DAGs    # Errors  Last Runtime    Last Run
---------------------------------------------  -----  ---------  --------  ----------  --------------  -------------------
/opt/airflow/dags/process_sales_dag.py                                  1           0  0.31s           2025-06-18T06:52:38
/opt/airflow/dags/enrich_user_profiles_dag.py                           1           0  0.30s           2025-06-18T06:52:34
/opt/airflow/dags/process_customers_dag.py                              1           0  0.27s           2025-06-18T06:52:34
================================================================================
[2025-06-18T06:53:26.221+0000] {manager.py:878} INFO - 
================================================================================
DAG File Processing Stats

File Path                                      PID    Runtime      # DAGs    # Errors  Last Runtime    Last Run
---------------------------------------------  -----  ---------  --------  ----------  --------------  -------------------
/opt/airflow/dags/enrich_user_profiles_dag.py                           1           0  0.55s           2025-06-18T06:53:05
/opt/airflow/dags/process_customers_dag.py                              1           0  0.44s           2025-06-18T06:53:05
/opt/airflow/dags/process_sales_dag.py                                  1           0  0.21s           2025-06-18T06:53:09
================================================================================
[2025-06-18T06:53:49.990+0000] {manager.py:737} INFO - Searching for files in /opt/airflow/dags
[2025-06-18T06:53:50.056+0000] {manager.py:740} INFO - There are 3 files in /opt/airflow/dags
[2025-06-18T06:53:56.402+0000] {manager.py:878} INFO - 
================================================================================
DAG File Processing Stats

File Path                                      PID    Runtime      # DAGs    # Errors  Last Runtime    Last Run
---------------------------------------------  -----  ---------  --------  ----------  --------------  -------------------
/opt/airflow/dags/process_sales_dag.py                                  1           0  0.34s           2025-06-18T06:53:40
/opt/airflow/dags/enrich_user_profiles_dag.py                           1           0  0.30s           2025-06-18T06:53:36
/opt/airflow/dags/process_customers_dag.py                              1           0  0.29s           2025-06-18T06:53:36
================================================================================
[2025-06-18T06:54:27.196+0000] {manager.py:878} INFO - 
================================================================================
DAG File Processing Stats

File Path                                      PID    Runtime      # DAGs    # Errors  Last Runtime    Last Run
---------------------------------------------  -----  ---------  --------  ----------  --------------  -------------------
/opt/airflow/dags/enrich_user_profiles_dag.py                           1           0  1.02s           2025-06-18T06:54:08
/opt/airflow/dags/process_customers_dag.py                              1           0  0.84s           2025-06-18T06:54:08
/opt/airflow/dags/process_sales_dag.py                                  1           0  0.22s           2025-06-18T06:54:10
================================================================================
[2025-06-18T06:54:57.949+0000] {manager.py:878} INFO - 
================================================================================
DAG File Processing Stats

File Path                                      PID    Runtime      # DAGs    # Errors  Last Runtime    Last Run
---------------------------------------------  -----  ---------  --------  ----------  --------------  -------------------
/opt/airflow/dags/process_sales_dag.py                                  1           0  0.87s           2025-06-18T06:54:42
/opt/airflow/dags/enrich_user_profiles_dag.py                           1           0  0.36s           2025-06-18T06:54:39
/opt/airflow/dags/process_customers_dag.py                              1           0  0.35s           2025-06-18T06:54:39
================================================================================
[2025-06-18T06:55:28.615+0000] {manager.py:878} INFO - 
================================================================================
DAG File Processing Stats

File Path                                      PID    Runtime      # DAGs    # Errors  Last Runtime    Last Run
---------------------------------------------  -----  ---------  --------  ----------  --------------  -------------------
/opt/airflow/dags/process_sales_dag.py                                  1           0  0.56s           2025-06-18T06:55:13
/opt/airflow/dags/enrich_user_profiles_dag.py                           1           0  0.40s           2025-06-18T06:55:10
/opt/airflow/dags/process_customers_dag.py                              1           0  0.30s           2025-06-18T06:55:10
================================================================================
[2025-06-18T06:55:59.181+0000] {manager.py:878} INFO - 
================================================================================
DAG File Processing Stats

File Path                                      PID    Runtime      # DAGs    # Errors  Last Runtime    Last Run
---------------------------------------------  -----  ---------  --------  ----------  --------------  -------------------
/opt/airflow/dags/enrich_user_profiles_dag.py                           1           0  1.30s           2025-06-18T06:55:42
/opt/airflow/dags/process_customers_dag.py                              1           0  1.02s           2025-06-18T06:55:42
/opt/airflow/dags/process_sales_dag.py                                  1           0  0.51s           2025-06-18T06:55:43
================================================================================
[2025-06-18T06:56:29.330+0000] {manager.py:878} INFO - 
================================================================================
DAG File Processing Stats

File Path                                      PID    Runtime      # DAGs    # Errors  Last Runtime    Last Run
---------------------------------------------  -----  ---------  --------  ----------  --------------  -------------------
/opt/airflow/dags/enrich_user_profiles_dag.py                           1           0  0.46s           2025-06-18T06:56:12
/opt/airflow/dags/process_customers_dag.py                              1           0  0.43s           2025-06-18T06:56:12
/opt/airflow/dags/process_sales_dag.py                                  1           0  0.35s           2025-06-18T06:56:14
================================================================================
[2025-06-18T06:57:00.118+0000] {manager.py:878} INFO - 
================================================================================
DAG File Processing Stats

File Path                                      PID    Runtime      # DAGs    # Errors  Last Runtime    Last Run
---------------------------------------------  -----  ---------  --------  ----------  --------------  -------------------
/opt/airflow/dags/process_sales_dag.py                                  1           0  0.49s           2025-06-18T06:56:45
/opt/airflow/dags/process_customers_dag.py                              1           0  0.24s           2025-06-18T06:56:43
/opt/airflow/dags/enrich_user_profiles_dag.py                           1           0  0.24s           2025-06-18T06:56:43
================================================================================
[2025-06-18T06:57:30.279+0000] {manager.py:878} INFO - 
================================================================================
DAG File Processing Stats

File Path                                      PID    Runtime      # DAGs    # Errors  Last Runtime    Last Run
---------------------------------------------  -----  ---------  --------  ----------  --------------  -------------------
/opt/airflow/dags/process_sales_dag.py                                  1           0  0.39s           2025-06-18T06:57:16
/opt/airflow/dags/process_customers_dag.py                              1           0  0.22s           2025-06-18T06:57:13
/opt/airflow/dags/enrich_user_profiles_dag.py                           1           0  0.20s           2025-06-18T06:57:13
================================================================================
[2025-06-18T06:58:00.890+0000] {manager.py:878} INFO - 
================================================================================
DAG File Processing Stats

File Path                                      PID    Runtime      # DAGs    # Errors  Last Runtime    Last Run
---------------------------------------------  -----  ---------  --------  ----------  --------------  -------------------
/opt/airflow/dags/enrich_user_profiles_dag.py                           1           0  1.24s           2025-06-18T06:57:45
/opt/airflow/dags/process_customers_dag.py                              1           0  1.24s           2025-06-18T06:57:45
/opt/airflow/dags/process_sales_dag.py                                  1           0  0.21s           2025-06-18T06:57:46
================================================================================
[2025-06-18T06:58:31.391+0000] {manager.py:878} INFO - 
================================================================================
DAG File Processing Stats

File Path                                      PID    Runtime      # DAGs    # Errors  Last Runtime    Last Run
---------------------------------------------  -----  ---------  --------  ----------  --------------  -------------------
/opt/airflow/dags/enrich_user_profiles_dag.py                           1           0  0.26s           2025-06-18T06:58:15
/opt/airflow/dags/process_customers_dag.py                              1           0  0.25s           2025-06-18T06:58:15
/opt/airflow/dags/process_sales_dag.py                                  1           0  0.20s           2025-06-18T06:58:17
================================================================================
[2025-06-18T06:58:50.778+0000] {manager.py:737} INFO - Searching for files in /opt/airflow/dags
[2025-06-18T06:58:50.906+0000] {manager.py:740} INFO - There are 3 files in /opt/airflow/dags
[2025-06-18T06:59:02.178+0000] {manager.py:878} INFO - 
================================================================================
DAG File Processing Stats

File Path                                      PID    Runtime      # DAGs    # Errors  Last Runtime    Last Run
---------------------------------------------  -----  ---------  --------  ----------  --------------  -------------------
/opt/airflow/dags/enrich_user_profiles_dag.py                           1           0  0.40s           2025-06-18T06:58:46
/opt/airflow/dags/process_customers_dag.py                              1           0  0.37s           2025-06-18T06:58:46
/opt/airflow/dags/process_sales_dag.py                                  1           0  0.20s           2025-06-18T06:58:47
================================================================================
[2025-06-18T06:59:32.482+0000] {manager.py:878} INFO - 
================================================================================
DAG File Processing Stats

File Path                                      PID    Runtime      # DAGs    # Errors  Last Runtime    Last Run
---------------------------------------------  -----  ---------  --------  ----------  --------------  -------------------
/opt/airflow/dags/enrich_user_profiles_dag.py                           1           0  0.28s           2025-06-18T06:59:17
/opt/airflow/dags/process_customers_dag.py                              1           0  0.28s           2025-06-18T06:59:17
/opt/airflow/dags/process_sales_dag.py                                  1           0  0.21s           2025-06-18T06:59:18
================================================================================
[2025-06-18T07:00:02.569+0000] {manager.py:878} INFO - 
================================================================================
DAG File Processing Stats

File Path                                      PID    Runtime      # DAGs    # Errors  Last Runtime    Last Run
---------------------------------------------  -----  ---------  --------  ----------  --------------  -------------------
/opt/airflow/dags/process_sales_dag.py                                  1           0  0.68s           2025-06-18T06:59:49
/opt/airflow/dags/process_customers_dag.py                              1           0  0.25s           2025-06-18T06:59:48
/opt/airflow/dags/enrich_user_profiles_dag.py                           1           0  0.25s           2025-06-18T06:59:48
================================================================================
[2025-06-18T07:00:33.089+0000] {manager.py:878} INFO - 
================================================================================
DAG File Processing Stats

File Path                                      PID    Runtime      # DAGs    # Errors  Last Runtime    Last Run
---------------------------------------------  -----  ---------  --------  ----------  --------------  -------------------
/opt/airflow/dags/process_sales_dag.py                                  1           0  0.31s           2025-06-18T07:00:20
/opt/airflow/dags/enrich_user_profiles_dag.py                           1           0  0.26s           2025-06-18T07:00:18
/opt/airflow/dags/process_customers_dag.py                              1           0  0.24s           2025-06-18T07:00:18
================================================================================
[2025-06-18T07:01:03.248+0000] {manager.py:878} INFO - 
================================================================================
DAG File Processing Stats

File Path                                      PID    Runtime      # DAGs    # Errors  Last Runtime    Last Run
---------------------------------------------  -----  ---------  --------  ----------  --------------  -------------------
/opt/airflow/dags/process_customers_dag.py                              1           0  0.48s           2025-06-18T07:00:49
/opt/airflow/dags/enrich_user_profiles_dag.py                           1           0  0.47s           2025-06-18T07:00:48
/opt/airflow/dags/process_sales_dag.py                                  1           0  0.21s           2025-06-18T07:00:51
================================================================================
[2025-06-18T07:01:33.415+0000] {manager.py:878} INFO - 
================================================================================
DAG File Processing Stats

File Path                                      PID    Runtime      # DAGs    # Errors  Last Runtime    Last Run
---------------------------------------------  -----  ---------  --------  ----------  --------------  -------------------
/opt/airflow/dags/process_sales_dag.py                                  1           0  0.73s           2025-06-18T07:01:23
/opt/airflow/dags/enrich_user_profiles_dag.py                           1           0  0.48s           2025-06-18T07:01:19
/opt/airflow/dags/process_customers_dag.py                              1           0  0.43s           2025-06-18T07:01:19
================================================================================
[2025-06-18T07:02:04.239+0000] {manager.py:878} INFO - 
================================================================================
DAG File Processing Stats

File Path                                      PID    Runtime      # DAGs    # Errors  Last Runtime    Last Run
---------------------------------------------  -----  ---------  --------  ----------  --------------  -------------------
/opt/airflow/dags/process_customers_dag.py                              1           0  1.39s           2025-06-18T07:01:51
/opt/airflow/dags/enrich_user_profiles_dag.py                           1           0  1.35s           2025-06-18T07:01:51
/opt/airflow/dags/process_sales_dag.py                                  1           0  0.37s           2025-06-18T07:01:54
================================================================================
[2025-06-18T07:02:34.232+0000] {manager.py:878} INFO - 
================================================================================
DAG File Processing Stats

File Path                                      PID    Runtime      # DAGs    # Errors  Last Runtime    Last Run
---------------------------------------------  -----  ---------  --------  ----------  --------------  -------------------
/opt/airflow/dags/process_sales_dag.py                                  1           0  0.41s           2025-06-18T07:02:24
/opt/airflow/dags/enrich_user_profiles_dag.py                           1           0  0.41s           2025-06-18T07:02:22
/opt/airflow/dags/process_customers_dag.py                              1           0  0.26s           2025-06-18T07:02:22
================================================================================
[2025-06-18T07:03:04.939+0000] {manager.py:878} INFO - 
================================================================================
DAG File Processing Stats

File Path                                      PID    Runtime      # DAGs    # Errors  Last Runtime    Last Run
---------------------------------------------  -----  ---------  --------  ----------  --------------  -------------------
/opt/airflow/dags/enrich_user_profiles_dag.py                           1           0  0.31s           2025-06-18T07:02:52
/opt/airflow/dags/process_customers_dag.py                              1           0  0.29s           2025-06-18T07:02:52
/opt/airflow/dags/process_sales_dag.py                                  1           0  0.27s           2025-06-18T07:02:54
================================================================================
[2025-06-18T07:03:35.249+0000] {manager.py:878} INFO - 
================================================================================
DAG File Processing Stats

File Path                                      PID    Runtime      # DAGs    # Errors  Last Runtime    Last Run
---------------------------------------------  -----  ---------  --------  ----------  --------------  -------------------
/opt/airflow/dags/enrich_user_profiles_dag.py                           1           0  1.04s           2025-06-18T07:03:24
/opt/airflow/dags/process_customers_dag.py                              1           0  1.01s           2025-06-18T07:03:24
/opt/airflow/dags/process_sales_dag.py                                  1           0  0.80s           2025-06-18T07:03:26
================================================================================
[2025-06-18T07:03:50.898+0000] {manager.py:737} INFO - Searching for files in /opt/airflow/dags
[2025-06-18T07:03:50.965+0000] {manager.py:740} INFO - There are 3 files in /opt/airflow/dags
[2025-06-18T07:04:06.150+0000] {manager.py:878} INFO - 
================================================================================
DAG File Processing Stats

File Path                                      PID    Runtime      # DAGs    # Errors  Last Runtime    Last Run
---------------------------------------------  -----  ---------  --------  ----------  --------------  -------------------
/opt/airflow/dags/process_sales_dag.py                                  1           0  0.92s           2025-06-18T07:03:57
/opt/airflow/dags/enrich_user_profiles_dag.py                           1           0  0.53s           2025-06-18T07:03:55
/opt/airflow/dags/process_customers_dag.py                              1           0  0.52s           2025-06-18T07:03:55
================================================================================
[2025-06-18T11:48:24.474+0000] {manager.py:470} INFO - Processing files using up to 2 processes at a time 
[2025-06-18T11:48:24.480+0000] {manager.py:471} INFO - Process each file at most once every 30 seconds
[2025-06-18T11:48:24.484+0000] {manager.py:472} INFO - Checking for new files in /opt/airflow/dags every 300 seconds
[2025-06-18T11:48:24.487+0000] {manager.py:737} INFO - Searching for files in /opt/airflow/dags
[2025-06-18T11:48:24.568+0000] {manager.py:740} INFO - There are 3 files in /opt/airflow/dags
[2025-06-18T11:48:26.302+0000] {manager.py:878} INFO - 
================================================================================
DAG File Processing Stats

File Path                                        PID  Runtime      # DAGs    # Errors  Last Runtime    Last Run
---------------------------------------------  -----  ---------  --------  ----------  --------------  ----------
/opt/airflow/dags/enrich_user_profiles_dag.py    156  1.34s             0           0
/opt/airflow/dags/process_customers_dag.py       159  0.95s             0           0
/opt/airflow/dags/process_sales_dag.py                                  0           0
================================================================================
[2025-06-18T11:48:56.322+0000] {manager.py:878} INFO - 
================================================================================
DAG File Processing Stats

File Path                                      PID    Runtime      # DAGs    # Errors  Last Runtime    Last Run
---------------------------------------------  -----  ---------  --------  ----------  --------------  -------------------
/opt/airflow/dags/enrich_user_profiles_dag.py                           1           0  2.11s           2025-06-18T11:48:27
/opt/airflow/dags/process_customers_dag.py                              1           0  1.82s           2025-06-18T11:48:27
/opt/airflow/dags/process_sales_dag.py                                  1           0  0.48s           2025-06-18T11:48:27
================================================================================
[2025-06-18T11:49:26.793+0000] {manager.py:878} INFO - 
================================================================================
DAG File Processing Stats

File Path                                      PID    Runtime      # DAGs    # Errors  Last Runtime    Last Run
---------------------------------------------  -----  ---------  --------  ----------  --------------  -------------------
/opt/airflow/dags/process_customers_dag.py                              1           0  0.65s           2025-06-18T11:48:58
/opt/airflow/dags/enrich_user_profiles_dag.py                           1           0  0.63s           2025-06-18T11:48:57
/opt/airflow/dags/process_sales_dag.py                                  1           0  0.25s           2025-06-18T11:48:58
================================================================================
[2025-06-18T11:49:56.939+0000] {manager.py:878} INFO - 
================================================================================
DAG File Processing Stats

File Path                                      PID    Runtime      # DAGs    # Errors  Last Runtime    Last Run
---------------------------------------------  -----  ---------  --------  ----------  --------------  -------------------
/opt/airflow/dags/enrich_user_profiles_dag.py                           1           0  4.38s           2025-06-18T11:49:33
/opt/airflow/dags/process_customers_dag.py                              1           0  3.40s           2025-06-18T11:49:33
/opt/airflow/dags/process_sales_dag.py                                  1           0  1.13s           2025-06-18T11:49:34
================================================================================
[2025-06-18T11:50:27.234+0000] {manager.py:878} INFO - 
================================================================================
DAG File Processing Stats

File Path                                      PID    Runtime      # DAGs    # Errors  Last Runtime    Last Run
---------------------------------------------  -----  ---------  --------  ----------  --------------  -------------------
/opt/airflow/dags/process_sales_dag.py                                  1           0  0.43s           2025-06-18T11:50:05
/opt/airflow/dags/enrich_user_profiles_dag.py                           1           0  0.23s           2025-06-18T11:50:03
/opt/airflow/dags/process_customers_dag.py                              1           0  0.19s           2025-06-18T11:50:03
================================================================================
[2025-06-18T11:50:57.286+0000] {manager.py:878} INFO - 
================================================================================
DAG File Processing Stats

File Path                                      PID    Runtime      # DAGs    # Errors  Last Runtime    Last Run
---------------------------------------------  -----  ---------  --------  ----------  --------------  -------------------
/opt/airflow/dags/enrich_user_profiles_dag.py                           1           0  0.55s           2025-06-18T11:50:34
/opt/airflow/dags/process_customers_dag.py                              1           0  0.51s           2025-06-18T11:50:34
/opt/airflow/dags/process_sales_dag.py                                  1           0  0.43s           2025-06-18T11:50:37
================================================================================
[2025-06-18T11:51:28.026+0000] {manager.py:878} INFO - 
================================================================================
DAG File Processing Stats

File Path                                      PID    Runtime      # DAGs    # Errors  Last Runtime    Last Run
---------------------------------------------  -----  ---------  --------  ----------  --------------  -------------------
/opt/airflow/dags/process_sales_dag.py                                  1           0  0.45s           2025-06-18T11:51:08
/opt/airflow/dags/enrich_user_profiles_dag.py                           1           0  0.34s           2025-06-18T11:51:05
/opt/airflow/dags/process_customers_dag.py                              1           0  0.34s           2025-06-18T11:51:05
================================================================================
[2025-06-18T11:51:58.029+0000] {manager.py:878} INFO - 
================================================================================
DAG File Processing Stats

File Path                                      PID    Runtime      # DAGs    # Errors  Last Runtime    Last Run
---------------------------------------------  -----  ---------  --------  ----------  --------------  -------------------
/opt/airflow/dags/enrich_user_profiles_dag.py                           1           0  0.38s           2025-06-18T11:51:36
/opt/airflow/dags/process_customers_dag.py                              1           0  0.33s           2025-06-18T11:51:36
/opt/airflow/dags/process_sales_dag.py                                  1           0  0.31s           2025-06-18T11:51:39
================================================================================
[2025-06-18T11:52:28.041+0000] {manager.py:878} INFO - 
================================================================================
DAG File Processing Stats

File Path                                      PID    Runtime      # DAGs    # Errors  Last Runtime    Last Run
---------------------------------------------  -----  ---------  --------  ----------  --------------  -------------------
/opt/airflow/dags/process_customers_dag.py                              1           0  0.32s           2025-06-18T11:52:07
/opt/airflow/dags/enrich_user_profiles_dag.py                           1           0  0.32s           2025-06-18T11:52:07
/opt/airflow/dags/process_sales_dag.py                                  1           0  0.30s           2025-06-18T11:52:09
================================================================================
[2025-06-18T11:52:58.170+0000] {manager.py:878} INFO - 
================================================================================
DAG File Processing Stats

File Path                                      PID    Runtime      # DAGs    # Errors  Last Runtime    Last Run
---------------------------------------------  -----  ---------  --------  ----------  --------------  -------------------
/opt/airflow/dags/process_sales_dag.py                                  1           0  0.58s           2025-06-18T11:52:40
/opt/airflow/dags/process_customers_dag.py                              1           0  0.46s           2025-06-18T11:52:38
/opt/airflow/dags/enrich_user_profiles_dag.py                           1           0  0.44s           2025-06-18T11:52:38
================================================================================
[2025-06-18T11:53:24.798+0000] {manager.py:737} INFO - Searching for files in /opt/airflow/dags
[2025-06-18T11:53:25.238+0000] {manager.py:740} INFO - There are 3 files in /opt/airflow/dags
[2025-06-18T11:53:28.385+0000] {manager.py:878} INFO - 
================================================================================
DAG File Processing Stats

File Path                                      PID    Runtime      # DAGs    # Errors  Last Runtime    Last Run
---------------------------------------------  -----  ---------  --------  ----------  --------------  -------------------
/opt/airflow/dags/enrich_user_profiles_dag.py                           1           0  0.44s           2025-06-18T11:53:08
/opt/airflow/dags/process_customers_dag.py                              1           0  0.39s           2025-06-18T11:53:08
/opt/airflow/dags/process_sales_dag.py                                  1           0  0.25s           2025-06-18T11:53:11
================================================================================
[2025-06-18T11:53:58.760+0000] {manager.py:878} INFO - 
================================================================================
DAG File Processing Stats

File Path                                      PID    Runtime      # DAGs    # Errors  Last Runtime    Last Run
---------------------------------------------  -----  ---------  --------  ----------  --------------  -------------------
/opt/airflow/dags/process_customers_dag.py                              1           0  1.66s           2025-06-18T11:53:41
/opt/airflow/dags/enrich_user_profiles_dag.py                           1           0  1.60s           2025-06-18T11:53:41
/opt/airflow/dags/process_sales_dag.py                                  1           0  0.58s           2025-06-18T11:53:42
================================================================================
[2025-06-18T11:54:28.979+0000] {manager.py:878} INFO - 
================================================================================
DAG File Processing Stats

File Path                                      PID    Runtime      # DAGs    # Errors  Last Runtime    Last Run
---------------------------------------------  -----  ---------  --------  ----------  --------------  -------------------
/opt/airflow/dags/process_sales_dag.py                                  1           0  1.64s           2025-06-18T11:54:14
/opt/airflow/dags/process_customers_dag.py                              1           0  1.57s           2025-06-18T11:54:13
/opt/airflow/dags/enrich_user_profiles_dag.py                           1           0  1.53s           2025-06-18T11:54:13
================================================================================
[2025-06-18T11:54:59.085+0000] {manager.py:878} INFO - 
================================================================================
DAG File Processing Stats

File Path                                      PID    Runtime      # DAGs    # Errors  Last Runtime    Last Run
---------------------------------------------  -----  ---------  --------  ----------  --------------  -------------------
/opt/airflow/dags/enrich_user_profiles_dag.py                           1           0  1.13s           2025-06-18T11:54:44
/opt/airflow/dags/process_customers_dag.py                              1           0  1.05s           2025-06-18T11:54:44
/opt/airflow/dags/process_sales_dag.py                                  1           0  0.59s           2025-06-18T11:54:45
================================================================================
[2025-06-18T11:55:29.253+0000] {manager.py:878} INFO - 
================================================================================
DAG File Processing Stats

File Path                                      PID    Runtime      # DAGs    # Errors  Last Runtime    Last Run
---------------------------------------------  -----  ---------  --------  ----------  --------------  -------------------
/opt/airflow/dags/enrich_user_profiles_dag.py                           1           0  0.59s           2025-06-18T11:55:14
/opt/airflow/dags/process_customers_dag.py                              1           0  0.57s           2025-06-18T11:55:14
/opt/airflow/dags/process_sales_dag.py                                  1           0  0.20s           2025-06-18T11:55:16
================================================================================
[2025-06-18T11:56:00.002+0000] {manager.py:878} INFO - 
================================================================================
DAG File Processing Stats

File Path                                      PID    Runtime      # DAGs    # Errors  Last Runtime    Last Run
---------------------------------------------  -----  ---------  --------  ----------  --------------  -------------------
/opt/airflow/dags/process_sales_dag.py                                  1           0  0.28s           2025-06-18T11:55:46
/opt/airflow/dags/enrich_user_profiles_dag.py                           1           0  0.28s           2025-06-18T11:55:45
/opt/airflow/dags/process_customers_dag.py                              1           0  0.28s           2025-06-18T11:55:45
================================================================================
[2025-06-18T11:56:30.419+0000] {manager.py:878} INFO - 
================================================================================
DAG File Processing Stats

File Path                                      PID    Runtime      # DAGs    # Errors  Last Runtime    Last Run
---------------------------------------------  -----  ---------  --------  ----------  --------------  -------------------
/opt/airflow/dags/enrich_user_profiles_dag.py                           1           0  0.64s           2025-06-18T11:56:16
/opt/airflow/dags/process_sales_dag.py                                  1           0  0.58s           2025-06-18T11:56:18
/opt/airflow/dags/process_customers_dag.py                              1           0  0.39s           2025-06-18T11:56:16
================================================================================
[2025-06-18T11:57:00.598+0000] {manager.py:878} INFO - 
================================================================================
DAG File Processing Stats

File Path                                      PID    Runtime      # DAGs    # Errors  Last Runtime    Last Run
---------------------------------------------  -----  ---------  --------  ----------  --------------  -------------------
/opt/airflow/dags/enrich_user_profiles_dag.py                           1           0  2.42s           2025-06-18T11:56:49
/opt/airflow/dags/process_customers_dag.py                              1           0  2.26s           2025-06-18T11:56:49
/opt/airflow/dags/process_sales_dag.py                                  1           0  0.37s           2025-06-18T11:56:49
================================================================================
[2025-06-18T11:57:30.720+0000] {manager.py:878} INFO - 
================================================================================
DAG File Processing Stats

File Path                                      PID    Runtime      # DAGs    # Errors  Last Runtime    Last Run
---------------------------------------------  -----  ---------  --------  ----------  --------------  -------------------
/opt/airflow/dags/process_customers_dag.py                              1           0  0.30s           2025-06-18T11:57:20
/opt/airflow/dags/enrich_user_profiles_dag.py                           1           0  0.30s           2025-06-18T11:57:19
/opt/airflow/dags/process_sales_dag.py                                  1           0  0.19s           2025-06-18T11:57:20
================================================================================
[2025-06-18T11:58:00.867+0000] {manager.py:878} INFO - 
================================================================================
DAG File Processing Stats

File Path                                      PID    Runtime      # DAGs    # Errors  Last Runtime    Last Run
---------------------------------------------  -----  ---------  --------  ----------  --------------  -------------------
/opt/airflow/dags/enrich_user_profiles_dag.py                           1           0  1.09s           2025-06-18T11:57:51
/opt/airflow/dags/process_customers_dag.py                              1           0  0.42s           2025-06-18T11:57:51
/opt/airflow/dags/process_sales_dag.py                                  1           0  0.26s           2025-06-18T11:57:51
================================================================================
[2025-06-18T11:58:25.115+0000] {manager.py:737} INFO - Searching for files in /opt/airflow/dags
[2025-06-18T11:58:25.629+0000] {manager.py:740} INFO - There are 3 files in /opt/airflow/dags
[2025-06-18T11:58:31.405+0000] {manager.py:878} INFO - 
================================================================================
DAG File Processing Stats

File Path                                      PID    Runtime      # DAGs    # Errors  Last Runtime    Last Run
---------------------------------------------  -----  ---------  --------  ----------  --------------  -------------------
/opt/airflow/dags/enrich_user_profiles_dag.py                           1           0  0.44s           2025-06-18T11:58:22
/opt/airflow/dags/process_customers_dag.py                              1           0  0.36s           2025-06-18T11:58:22
/opt/airflow/dags/process_sales_dag.py                                  1           0  0.24s           2025-06-18T11:58:22
================================================================================
[2025-06-18T11:59:01.576+0000] {manager.py:878} INFO - 
================================================================================
DAG File Processing Stats

File Path                                      PID    Runtime      # DAGs    # Errors  Last Runtime    Last Run
---------------------------------------------  -----  ---------  --------  ----------  --------------  -------------------
/opt/airflow/dags/enrich_user_profiles_dag.py                           1           0  0.89s           2025-06-18T11:58:53
/opt/airflow/dags/process_customers_dag.py                              1           0  0.87s           2025-06-18T11:58:53
/opt/airflow/dags/process_sales_dag.py                                  1           0  0.18s           2025-06-18T11:58:53
================================================================================
[2025-06-18T11:59:32.549+0000] {manager.py:878} INFO - 
================================================================================
DAG File Processing Stats

File Path                                      PID    Runtime      # DAGs    # Errors  Last Runtime    Last Run
---------------------------------------------  -----  ---------  --------  ----------  --------------  -------------------
/opt/airflow/dags/enrich_user_profiles_dag.py                           1           0  0.69s           2025-06-18T11:59:23
/opt/airflow/dags/process_customers_dag.py                              1           0  0.57s           2025-06-18T11:59:24
/opt/airflow/dags/process_sales_dag.py                                  1           0  0.46s           2025-06-18T11:59:24
================================================================================
[2025-06-18T12:00:02.618+0000] {manager.py:878} INFO - 
================================================================================
DAG File Processing Stats

File Path                                      PID    Runtime      # DAGs    # Errors  Last Runtime    Last Run
---------------------------------------------  -----  ---------  --------  ----------  --------------  -------------------
/opt/airflow/dags/enrich_user_profiles_dag.py                           1           0  0.72s           2025-06-18T11:59:55
/opt/airflow/dags/process_customers_dag.py                              1           0  0.68s           2025-06-18T11:59:55
/opt/airflow/dags/process_sales_dag.py                                  1           0  0.43s           2025-06-18T11:59:55
================================================================================
[2025-06-18T12:00:32.712+0000] {manager.py:878} INFO - 
================================================================================
DAG File Processing Stats

File Path                                      PID    Runtime      # DAGs    # Errors  Last Runtime    Last Run
---------------------------------------------  -----  ---------  --------  ----------  --------------  -------------------
/opt/airflow/dags/process_sales_dag.py                                  1           0  0.31s           2025-06-18T12:00:26
/opt/airflow/dags/enrich_user_profiles_dag.py                           1           0  0.26s           2025-06-18T12:00:25
/opt/airflow/dags/process_customers_dag.py                              1           0  0.23s           2025-06-18T12:00:25
================================================================================
[2025-06-18T12:01:03.473+0000] {manager.py:878} INFO - 
================================================================================
DAG File Processing Stats

File Path                                      PID    Runtime      # DAGs    # Errors  Last Runtime    Last Run
---------------------------------------------  -----  ---------  --------  ----------  --------------  -------------------
/opt/airflow/dags/enrich_user_profiles_dag.py                           1           0  0.27s           2025-06-18T12:00:56
/opt/airflow/dags/process_customers_dag.py                              1           0  0.25s           2025-06-18T12:00:56
/opt/airflow/dags/process_sales_dag.py                                  1           0  0.19s           2025-06-18T12:00:57
================================================================================
[2025-06-18T12:01:33.489+0000] {manager.py:878} INFO - 
================================================================================
DAG File Processing Stats

File Path                                      PID    Runtime      # DAGs    # Errors  Last Runtime    Last Run
---------------------------------------------  -----  ---------  --------  ----------  --------------  -------------------
/opt/airflow/dags/process_sales_dag.py                                  1           0  0.27s           2025-06-18T12:01:28
/opt/airflow/dags/enrich_user_profiles_dag.py                           1           0  0.24s           2025-06-18T12:01:27
/opt/airflow/dags/process_customers_dag.py                              1           0  0.22s           2025-06-18T12:01:27
================================================================================
[2025-06-18T12:02:04.089+0000] {manager.py:878} INFO - 
================================================================================
DAG File Processing Stats

File Path                                      PID    Runtime      # DAGs    # Errors  Last Runtime    Last Run
---------------------------------------------  -----  ---------  --------  ----------  --------------  -------------------
/opt/airflow/dags/process_customers_dag.py                              1           0  1.27s           2025-06-18T12:01:59
/opt/airflow/dags/enrich_user_profiles_dag.py                           1           0  1.21s           2025-06-18T12:01:58
/opt/airflow/dags/process_sales_dag.py                                  1           0  0.24s           2025-06-18T12:01:59
================================================================================
[2025-06-18T12:02:34.665+0000] {manager.py:878} INFO - 
================================================================================
DAG File Processing Stats

File Path                                      PID    Runtime      # DAGs    # Errors  Last Runtime    Last Run
---------------------------------------------  -----  ---------  --------  ----------  --------------  -------------------
/opt/airflow/dags/enrich_user_profiles_dag.py                           1           0  0.47s           2025-06-18T12:02:29
/opt/airflow/dags/process_customers_dag.py                              1           0  0.41s           2025-06-18T12:02:29
/opt/airflow/dags/process_sales_dag.py                                  1           0  0.20s           2025-06-18T12:02:29
================================================================================
[2025-06-18T12:03:04.790+0000] {manager.py:878} INFO - 
================================================================================
DAG File Processing Stats

File Path                                      PID    Runtime      # DAGs    # Errors  Last Runtime    Last Run
---------------------------------------------  -----  ---------  --------  ----------  --------------  -------------------
/opt/airflow/dags/process_customers_dag.py                              1           0  0.26s           2025-06-18T12:03:00
/opt/airflow/dags/process_sales_dag.py                                  1           0  0.25s           2025-06-18T12:03:00
/opt/airflow/dags/enrich_user_profiles_dag.py                           1           0  0.25s           2025-06-18T12:03:00
================================================================================
[2025-06-18T12:03:26.050+0000] {manager.py:737} INFO - Searching for files in /opt/airflow/dags
[2025-06-18T12:03:26.099+0000] {manager.py:740} INFO - There are 3 files in /opt/airflow/dags
[2025-06-18T12:03:34.913+0000] {manager.py:878} INFO - 
================================================================================
DAG File Processing Stats

File Path                                      PID    Runtime      # DAGs    # Errors  Last Runtime    Last Run
---------------------------------------------  -----  ---------  --------  ----------  --------------  -------------------
/opt/airflow/dags/process_customers_dag.py                              1           0  0.38s           2025-06-18T12:03:31
/opt/airflow/dags/enrich_user_profiles_dag.py                           1           0  0.38s           2025-06-18T12:03:31
/opt/airflow/dags/process_sales_dag.py                                  1           0  0.28s           2025-06-18T12:03:31
================================================================================
[2025-06-18T12:04:05.116+0000] {manager.py:878} INFO - 
================================================================================
DAG File Processing Stats

File Path                                      PID    Runtime      # DAGs    # Errors  Last Runtime    Last Run
---------------------------------------------  -----  ---------  --------  ----------  --------------  -------------------
/opt/airflow/dags/enrich_user_profiles_dag.py                           1           0  0.51s           2025-06-18T12:04:02
/opt/airflow/dags/process_customers_dag.py                              1           0  0.45s           2025-06-18T12:04:02
/opt/airflow/dags/process_sales_dag.py                                  1           0  0.26s           2025-06-18T12:04:02
================================================================================
[2025-06-18T12:04:35.627+0000] {manager.py:878} INFO - 
================================================================================
DAG File Processing Stats

File Path                                      PID    Runtime      # DAGs    # Errors  Last Runtime    Last Run
---------------------------------------------  -----  ---------  --------  ----------  --------------  -------------------
/opt/airflow/dags/enrich_user_profiles_dag.py                           1           0  0.58s           2025-06-18T12:04:33
/opt/airflow/dags/process_customers_dag.py                              1           0  0.45s           2025-06-18T12:04:33
/opt/airflow/dags/process_sales_dag.py                                  1           0  0.26s           2025-06-18T12:04:33
================================================================================
[2025-06-18T12:05:06.345+0000] {manager.py:878} INFO - 
================================================================================
DAG File Processing Stats

File Path                                      PID    Runtime      # DAGs    # Errors  Last Runtime    Last Run
---------------------------------------------  -----  ---------  --------  ----------  --------------  -------------------
/opt/airflow/dags/enrich_user_profiles_dag.py                           1           0  1.15s           2025-06-18T12:05:05
/opt/airflow/dags/process_customers_dag.py                              1           0  1.06s           2025-06-18T12:05:05
/opt/airflow/dags/process_sales_dag.py                                  1           0  0.35s           2025-06-18T12:05:05
================================================================================
[2025-06-18T12:05:36.543+0000] {manager.py:878} INFO - 
================================================================================
DAG File Processing Stats

File Path                                        PID  Runtime      # DAGs    # Errors  Last Runtime    Last Run
---------------------------------------------  -----  ---------  --------  ----------  --------------  -------------------
/opt/airflow/dags/enrich_user_profiles_dag.py                           1           0  0.89s           2025-06-18T12:05:36
/opt/airflow/dags/process_customers_dag.py                              1           0  0.81s           2025-06-18T12:05:36
/opt/airflow/dags/process_sales_dag.py           662  0.03s             1           0  0.35s           2025-06-18T12:05:05
================================================================================
[2025-06-18T12:06:07.422+0000] {manager.py:878} INFO - 
================================================================================
DAG File Processing Stats

File Path                                        PID  Runtime      # DAGs    # Errors  Last Runtime    Last Run
---------------------------------------------  -----  ---------  --------  ----------  --------------  -------------------
/opt/airflow/dags/enrich_user_profiles_dag.py    667  0.19s             1           0  0.89s           2025-06-18T12:05:36
/opt/airflow/dags/process_customers_dag.py       670  0.04s             1           0  0.81s           2025-06-18T12:05:36
/opt/airflow/dags/process_sales_dag.py                                  1           0  0.38s           2025-06-18T12:05:36
================================================================================
[2025-06-18T12:06:37.771+0000] {manager.py:878} INFO - 
================================================================================
DAG File Processing Stats

File Path                                      PID    Runtime      # DAGs    # Errors  Last Runtime    Last Run
---------------------------------------------  -----  ---------  --------  ----------  --------------  -------------------
/opt/airflow/dags/process_customers_dag.py                              1           0  1.04s           2025-06-18T12:06:08
/opt/airflow/dags/enrich_user_profiles_dag.py                           1           0  0.98s           2025-06-18T12:06:08
/opt/airflow/dags/process_sales_dag.py                                  1           0  0.29s           2025-06-18T12:06:08
================================================================================
[2025-06-18T12:07:08.522+0000] {manager.py:878} INFO - 
================================================================================
DAG File Processing Stats

File Path                                      PID    Runtime      # DAGs    # Errors  Last Runtime    Last Run
---------------------------------------------  -----  ---------  --------  ----------  --------------  -------------------
/opt/airflow/dags/process_customers_dag.py                              1           0  1.40s           2025-06-18T12:06:40
/opt/airflow/dags/enrich_user_profiles_dag.py                           1           0  1.38s           2025-06-18T12:06:40
/opt/airflow/dags/process_sales_dag.py                                  1           0  0.23s           2025-06-18T12:06:40
================================================================================
[2025-06-18T12:07:39.087+0000] {manager.py:878} INFO - 
================================================================================
DAG File Processing Stats

File Path                                      PID    Runtime      # DAGs    # Errors  Last Runtime    Last Run
---------------------------------------------  -----  ---------  --------  ----------  --------------  -------------------
/opt/airflow/dags/enrich_user_profiles_dag.py                           1           0  0.29s           2025-06-18T12:07:10
/opt/airflow/dags/process_customers_dag.py                              1           0  0.29s           2025-06-18T12:07:10
/opt/airflow/dags/process_sales_dag.py                                  1           0  0.19s           2025-06-18T12:07:11
================================================================================
[2025-06-18T12:08:09.184+0000] {manager.py:878} INFO - 
================================================================================
DAG File Processing Stats

File Path                                      PID    Runtime      # DAGs    # Errors  Last Runtime    Last Run
---------------------------------------------  -----  ---------  --------  ----------  --------------  -------------------
/opt/airflow/dags/enrich_user_profiles_dag.py                           1           0  0.74s           2025-06-18T12:07:41
/opt/airflow/dags/process_customers_dag.py                              1           0  0.63s           2025-06-18T12:07:41
/opt/airflow/dags/process_sales_dag.py                                  1           0  0.23s           2025-06-18T12:07:42
================================================================================
[2025-06-18T12:08:26.417+0000] {manager.py:737} INFO - Searching for files in /opt/airflow/dags
[2025-06-18T12:08:26.556+0000] {manager.py:740} INFO - There are 3 files in /opt/airflow/dags
[2025-06-18T12:08:39.412+0000] {manager.py:878} INFO - 
================================================================================
DAG File Processing Stats

File Path                                      PID    Runtime      # DAGs    # Errors  Last Runtime    Last Run
---------------------------------------------  -----  ---------  --------  ----------  --------------  -------------------
/opt/airflow/dags/enrich_user_profiles_dag.py                           1           0  1.38s           2025-06-18T12:08:13
/opt/airflow/dags/process_customers_dag.py                              1           0  1.16s           2025-06-18T12:08:13
/opt/airflow/dags/process_sales_dag.py                                  1           0  0.19s           2025-06-18T12:08:14
================================================================================
[2025-06-18T12:09:10.039+0000] {manager.py:878} INFO - 
================================================================================
DAG File Processing Stats

File Path                                      PID    Runtime      # DAGs    # Errors  Last Runtime    Last Run
---------------------------------------------  -----  ---------  --------  ----------  --------------  -------------------
/opt/airflow/dags/enrich_user_profiles_dag.py                           1           0  0.71s           2025-06-18T12:08:45
/opt/airflow/dags/process_customers_dag.py                              1           0  0.65s           2025-06-18T12:08:45
/opt/airflow/dags/process_sales_dag.py                                  1           0  0.41s           2025-06-18T12:08:45
================================================================================
[2025-06-18T12:09:40.791+0000] {manager.py:878} INFO - 
================================================================================
DAG File Processing Stats

File Path                                      PID    Runtime      # DAGs    # Errors  Last Runtime    Last Run
---------------------------------------------  -----  ---------  --------  ----------  --------------  -------------------
/opt/airflow/dags/enrich_user_profiles_dag.py                           1           0  0.42s           2025-06-18T12:09:16
/opt/airflow/dags/process_customers_dag.py                              1           0  0.40s           2025-06-18T12:09:16
/opt/airflow/dags/process_sales_dag.py                                  1           0  0.23s           2025-06-18T12:09:16
================================================================================
[2025-06-18T12:10:10.888+0000] {manager.py:878} INFO - 
================================================================================
DAG File Processing Stats

File Path                                      PID    Runtime      # DAGs    # Errors  Last Runtime    Last Run
---------------------------------------------  -----  ---------  --------  ----------  --------------  -------------------
/opt/airflow/dags/process_sales_dag.py                                  1           0  0.54s           2025-06-18T12:09:48
/opt/airflow/dags/process_customers_dag.py                              1           0  0.50s           2025-06-18T12:09:47
/opt/airflow/dags/enrich_user_profiles_dag.py                           1           0  0.36s           2025-06-18T12:09:47
================================================================================
[2025-06-18T12:10:41.398+0000] {manager.py:878} INFO - 
================================================================================
DAG File Processing Stats

File Path                                      PID    Runtime      # DAGs    # Errors  Last Runtime    Last Run
---------------------------------------------  -----  ---------  --------  ----------  --------------  -------------------
/opt/airflow/dags/enrich_user_profiles_dag.py                           1           0  0.67s           2025-06-18T12:10:18
/opt/airflow/dags/process_customers_dag.py                              1           0  0.67s           2025-06-18T12:10:18
/opt/airflow/dags/process_sales_dag.py                                  1           0  0.32s           2025-06-18T12:10:19
================================================================================
[2025-06-18T12:11:11.990+0000] {manager.py:878} INFO - 
================================================================================
DAG File Processing Stats

File Path                                      PID    Runtime      # DAGs    # Errors  Last Runtime    Last Run
---------------------------------------------  -----  ---------  --------  ----------  --------------  -------------------
/opt/airflow/dags/enrich_user_profiles_dag.py                           1           0  0.54s           2025-06-18T12:10:49
/opt/airflow/dags/process_sales_dag.py                                  1           0  0.48s           2025-06-18T12:10:49
/opt/airflow/dags/process_customers_dag.py                              1           0  0.39s           2025-06-18T12:10:49
================================================================================
[2025-06-18T12:11:42.109+0000] {manager.py:878} INFO - 
================================================================================
DAG File Processing Stats

File Path                                      PID    Runtime      # DAGs    # Errors  Last Runtime    Last Run
---------------------------------------------  -----  ---------  --------  ----------  --------------  -------------------
/opt/airflow/dags/enrich_user_profiles_dag.py                           1           0  0.93s           2025-06-18T12:11:20
/opt/airflow/dags/process_customers_dag.py                              1           0  0.86s           2025-06-18T12:11:20
/opt/airflow/dags/process_sales_dag.py                                  1           0  0.24s           2025-06-18T12:11:20
================================================================================
[2025-06-18T12:12:12.957+0000] {manager.py:878} INFO - 
================================================================================
DAG File Processing Stats

File Path                                      PID    Runtime      # DAGs    # Errors  Last Runtime    Last Run
---------------------------------------------  -----  ---------  --------  ----------  --------------  -------------------
/opt/airflow/dags/process_customers_dag.py                              1           0  0.51s           2025-06-18T12:11:52
/opt/airflow/dags/enrich_user_profiles_dag.py                           1           0  0.48s           2025-06-18T12:11:51
/opt/airflow/dags/process_sales_dag.py                                  1           0  0.46s           2025-06-18T12:11:52
================================================================================
[2025-06-18T12:12:43.744+0000] {manager.py:878} INFO - 
================================================================================
DAG File Processing Stats

File Path                                      PID    Runtime      # DAGs    # Errors  Last Runtime    Last Run
---------------------------------------------  -----  ---------  --------  ----------  --------------  -------------------
/opt/airflow/dags/process_customers_dag.py                              1           0  1.04s           2025-06-18T12:12:23
/opt/airflow/dags/enrich_user_profiles_dag.py                           1           0  1.01s           2025-06-18T12:12:23
/opt/airflow/dags/process_sales_dag.py                                  1           0  0.28s           2025-06-18T12:12:23
================================================================================
[2025-06-18T12:13:14.030+0000] {manager.py:878} INFO - 
================================================================================
DAG File Processing Stats

File Path                                      PID    Runtime      # DAGs    # Errors  Last Runtime    Last Run
---------------------------------------------  -----  ---------  --------  ----------  --------------  -------------------
/opt/airflow/dags/enrich_user_profiles_dag.py                           1           0  0.57s           2025-06-18T12:12:54
/opt/airflow/dags/process_customers_dag.py                              1           0  0.57s           2025-06-18T12:12:54
/opt/airflow/dags/process_sales_dag.py                                  1           0  0.47s           2025-06-18T12:12:55
================================================================================
[2025-06-18T12:13:26.883+0000] {manager.py:737} INFO - Searching for files in /opt/airflow/dags
[2025-06-18T12:13:27.623+0000] {manager.py:740} INFO - There are 3 files in /opt/airflow/dags
[2025-06-18T12:13:45.469+0000] {manager.py:878} INFO - 
================================================================================
DAG File Processing Stats

File Path                                      PID    Runtime      # DAGs    # Errors  Last Runtime    Last Run
---------------------------------------------  -----  ---------  --------  ----------  --------------  -------------------
/opt/airflow/dags/enrich_user_profiles_dag.py                           1           0  0.55s           2025-06-18T12:13:25
/opt/airflow/dags/process_customers_dag.py                              1           0  0.54s           2025-06-18T12:13:25
/opt/airflow/dags/process_sales_dag.py                                  1           0  0.40s           2025-06-18T12:13:26
================================================================================
[2025-06-18T12:14:15.859+0000] {manager.py:878} INFO - 
================================================================================
DAG File Processing Stats

File Path                                      PID    Runtime      # DAGs    # Errors  Last Runtime    Last Run
---------------------------------------------  -----  ---------  --------  ----------  --------------  -------------------
/opt/airflow/dags/enrich_user_profiles_dag.py                           1           0  0.53s           2025-06-18T12:13:56
/opt/airflow/dags/process_customers_dag.py                              1           0  0.34s           2025-06-18T12:13:56
/opt/airflow/dags/process_sales_dag.py                                  1           0  0.17s           2025-06-18T12:13:57
================================================================================
[2025-06-18T12:14:46.223+0000] {manager.py:878} INFO - 
================================================================================
DAG File Processing Stats

File Path                                      PID    Runtime      # DAGs    # Errors  Last Runtime    Last Run
---------------------------------------------  -----  ---------  --------  ----------  --------------  -------------------
/opt/airflow/dags/process_sales_dag.py                                  1           0  1.40s           2025-06-18T12:14:28
/opt/airflow/dags/process_customers_dag.py                              1           0  0.35s           2025-06-18T12:14:27
/opt/airflow/dags/enrich_user_profiles_dag.py                           1           0  0.33s           2025-06-18T12:14:27
================================================================================
[2025-06-18T12:15:16.609+0000] {manager.py:878} INFO - 
================================================================================
DAG File Processing Stats

File Path                                      PID    Runtime      # DAGs    # Errors  Last Runtime    Last Run
---------------------------------------------  -----  ---------  --------  ----------  --------------  -------------------
/opt/airflow/dags/process_sales_dag.py                                  1           0  0.47s           2025-06-18T12:15:00
/opt/airflow/dags/enrich_user_profiles_dag.py                           1           0  0.41s           2025-06-18T12:14:58
/opt/airflow/dags/process_customers_dag.py                              1           0  0.29s           2025-06-18T12:14:58
================================================================================
[2025-06-18T12:15:46.697+0000] {manager.py:878} INFO - 
================================================================================
DAG File Processing Stats

File Path                                      PID    Runtime      # DAGs    # Errors  Last Runtime    Last Run
---------------------------------------------  -----  ---------  --------  ----------  --------------  -------------------
/opt/airflow/dags/process_sales_dag.py                                  1           0  0.84s           2025-06-18T12:15:31
/opt/airflow/dags/enrich_user_profiles_dag.py                           1           0  0.23s           2025-06-18T12:15:29
/opt/airflow/dags/process_customers_dag.py                              1           0  0.23s           2025-06-18T12:15:29
================================================================================
[2025-06-18T12:16:17.282+0000] {manager.py:878} INFO - 
================================================================================
DAG File Processing Stats

File Path                                      PID    Runtime      # DAGs    # Errors  Last Runtime    Last Run
---------------------------------------------  -----  ---------  --------  ----------  --------------  -------------------
/opt/airflow/dags/process_sales_dag.py                                  1           0  0.35s           2025-06-18T12:16:02
/opt/airflow/dags/enrich_user_profiles_dag.py                           1           0  0.26s           2025-06-18T12:15:59
/opt/airflow/dags/process_customers_dag.py                              1           0  0.24s           2025-06-18T12:15:59
================================================================================
[2025-06-18T12:16:47.554+0000] {manager.py:878} INFO - 
================================================================================
DAG File Processing Stats

File Path                                      PID    Runtime      # DAGs    # Errors  Last Runtime    Last Run
---------------------------------------------  -----  ---------  --------  ----------  --------------  -------------------
/opt/airflow/dags/process_sales_dag.py                                  1           0  0.37s           2025-06-18T12:16:33
/opt/airflow/dags/process_customers_dag.py                              1           0  0.29s           2025-06-18T12:16:30
/opt/airflow/dags/enrich_user_profiles_dag.py                           1           0  0.28s           2025-06-18T12:16:30
================================================================================
[2025-06-18T12:17:17.601+0000] {manager.py:878} INFO - 
================================================================================
DAG File Processing Stats

File Path                                      PID    Runtime      # DAGs    # Errors  Last Runtime    Last Run
---------------------------------------------  -----  ---------  --------  ----------  --------------  -------------------
/opt/airflow/dags/process_customers_dag.py                              1           0  0.32s           2025-06-18T12:17:01
/opt/airflow/dags/enrich_user_profiles_dag.py                           1           0  0.31s           2025-06-18T12:17:01
/opt/airflow/dags/process_sales_dag.py                                  1           0  0.24s           2025-06-18T12:17:04
================================================================================
[2025-06-18T12:17:48.445+0000] {manager.py:878} INFO - 
================================================================================
DAG File Processing Stats

File Path                                      PID    Runtime      # DAGs    # Errors  Last Runtime    Last Run
---------------------------------------------  -----  ---------  --------  ----------  --------------  -------------------
/opt/airflow/dags/process_sales_dag.py                                  1           0  0.33s           2025-06-18T12:17:35
/opt/airflow/dags/enrich_user_profiles_dag.py                           1           0  0.30s           2025-06-18T12:17:31
/opt/airflow/dags/process_customers_dag.py                              1           0  0.30s           2025-06-18T12:17:31
================================================================================
[2025-06-18T12:18:18.564+0000] {manager.py:878} INFO - 
================================================================================
DAG File Processing Stats

File Path                                      PID    Runtime      # DAGs    # Errors  Last Runtime    Last Run
---------------------------------------------  -----  ---------  --------  ----------  --------------  -------------------
/opt/airflow/dags/enrich_user_profiles_dag.py                           1           0  1.20s           2025-06-18T12:18:03
/opt/airflow/dags/process_customers_dag.py                              1           0  1.15s           2025-06-18T12:18:03
/opt/airflow/dags/process_sales_dag.py                                  1           0  0.47s           2025-06-18T12:18:07
================================================================================
[2025-06-18T12:18:27.567+0000] {manager.py:737} INFO - Searching for files in /opt/airflow/dags
[2025-06-18T12:18:28.075+0000] {manager.py:740} INFO - There are 3 files in /opt/airflow/dags
[2025-06-18T12:18:49.461+0000] {manager.py:878} INFO - 
================================================================================
DAG File Processing Stats

File Path                                      PID    Runtime      # DAGs    # Errors  Last Runtime    Last Run
---------------------------------------------  -----  ---------  --------  ----------  --------------  -------------------
/opt/airflow/dags/enrich_user_profiles_dag.py                           1           0  0.36s           2025-06-18T12:18:34
/opt/airflow/dags/process_sales_dag.py                                  1           0  0.35s           2025-06-18T12:18:38
/opt/airflow/dags/process_customers_dag.py                              1           0  0.32s           2025-06-18T12:18:34
================================================================================
[2025-06-18T12:19:19.724+0000] {manager.py:878} INFO - 
================================================================================
DAG File Processing Stats

File Path                                      PID    Runtime      # DAGs    # Errors  Last Runtime    Last Run
---------------------------------------------  -----  ---------  --------  ----------  --------------  -------------------
/opt/airflow/dags/enrich_user_profiles_dag.py                           1           0  0.46s           2025-06-18T12:19:05
/opt/airflow/dags/process_customers_dag.py                              1           0  0.41s           2025-06-18T12:19:05
/opt/airflow/dags/process_sales_dag.py                                  1           0  0.30s           2025-06-18T12:19:08
================================================================================
[2025-06-18T12:19:49.855+0000] {manager.py:878} INFO - 
================================================================================
DAG File Processing Stats

File Path                                      PID    Runtime      # DAGs    # Errors  Last Runtime    Last Run
---------------------------------------------  -----  ---------  --------  ----------  --------------  -------------------
/opt/airflow/dags/process_sales_dag.py                                  1           0  0.60s           2025-06-18T12:19:39
/opt/airflow/dags/enrich_user_profiles_dag.py                           1           0  0.32s           2025-06-18T12:19:35
/opt/airflow/dags/process_customers_dag.py                              1           0  0.32s           2025-06-18T12:19:36
================================================================================
[2025-06-18T12:20:20.111+0000] {manager.py:878} INFO - 
================================================================================
DAG File Processing Stats

File Path                                      PID    Runtime      # DAGs    # Errors  Last Runtime    Last Run
---------------------------------------------  -----  ---------  --------  ----------  --------------  -------------------
/opt/airflow/dags/enrich_user_profiles_dag.py                           1           0  0.35s           2025-06-18T12:20:06
/opt/airflow/dags/process_customers_dag.py                              1           0  0.32s           2025-06-18T12:20:06
/opt/airflow/dags/process_sales_dag.py                                  1           0  0.18s           2025-06-18T12:20:09
================================================================================
[2025-06-18T12:20:50.476+0000] {manager.py:878} INFO - 
================================================================================
DAG File Processing Stats

File Path                                      PID    Runtime      # DAGs    # Errors  Last Runtime    Last Run
---------------------------------------------  -----  ---------  --------  ----------  --------------  -------------------
/opt/airflow/dags/process_sales_dag.py                                  1           0  0.50s           2025-06-18T12:20:41
/opt/airflow/dags/process_customers_dag.py                              1           0  0.29s           2025-06-18T12:20:37
/opt/airflow/dags/enrich_user_profiles_dag.py                           1           0  0.29s           2025-06-18T12:20:37
================================================================================
[2025-06-18T12:21:21.063+0000] {manager.py:878} INFO - 
================================================================================
DAG File Processing Stats

File Path                                      PID    Runtime      # DAGs    # Errors  Last Runtime    Last Run
---------------------------------------------  -----  ---------  --------  ----------  --------------  -------------------
/opt/airflow/dags/enrich_user_profiles_dag.py                           1           0  0.56s           2025-06-18T12:21:08
/opt/airflow/dags/process_sales_dag.py                                  1           0  0.43s           2025-06-18T12:21:12
/opt/airflow/dags/process_customers_dag.py                              1           0  0.38s           2025-06-18T12:21:08
================================================================================
[2025-06-18T12:21:51.510+0000] {manager.py:878} INFO - 
================================================================================
DAG File Processing Stats

File Path                                      PID    Runtime      # DAGs    # Errors  Last Runtime    Last Run
---------------------------------------------  -----  ---------  --------  ----------  --------------  -------------------
/opt/airflow/dags/process_customers_dag.py                              1           0  0.36s           2025-06-18T12:21:39
/opt/airflow/dags/enrich_user_profiles_dag.py                           1           0  0.34s           2025-06-18T12:21:39
/opt/airflow/dags/process_sales_dag.py                                  1           0  0.17s           2025-06-18T12:21:43
================================================================================
[2025-06-18T12:22:21.738+0000] {manager.py:878} INFO - 
================================================================================
DAG File Processing Stats

File Path                                      PID    Runtime      # DAGs    # Errors  Last Runtime    Last Run
---------------------------------------------  -----  ---------  --------  ----------  --------------  -------------------
/opt/airflow/dags/process_sales_dag.py                                  1           0  0.38s           2025-06-18T12:22:13
/opt/airflow/dags/enrich_user_profiles_dag.py                           1           0  0.33s           2025-06-18T12:22:10
/opt/airflow/dags/process_customers_dag.py                              1           0  0.29s           2025-06-18T12:22:10
================================================================================
[2025-06-18T12:22:51.791+0000] {manager.py:878} INFO - 
================================================================================
DAG File Processing Stats

File Path                                      PID    Runtime      # DAGs    # Errors  Last Runtime    Last Run
---------------------------------------------  -----  ---------  --------  ----------  --------------  -------------------
/opt/airflow/dags/enrich_user_profiles_dag.py                           1           0  0.44s           2025-06-18T12:22:41
/opt/airflow/dags/process_customers_dag.py                              1           0  0.35s           2025-06-18T12:22:41
/opt/airflow/dags/process_sales_dag.py                                  1           0  0.31s           2025-06-18T12:22:44
================================================================================
[2025-06-18T12:23:22.059+0000] {manager.py:878} INFO - 
================================================================================
DAG File Processing Stats

File Path                                      PID    Runtime      # DAGs    # Errors  Last Runtime    Last Run
---------------------------------------------  -----  ---------  --------  ----------  --------------  -------------------
/opt/airflow/dags/process_sales_dag.py                                  1           0  0.75s           2025-06-18T12:23:16
/opt/airflow/dags/enrich_user_profiles_dag.py                           1           0  0.64s           2025-06-18T12:23:12
/opt/airflow/dags/process_customers_dag.py                              1           0  0.48s           2025-06-18T12:23:12
================================================================================
[2025-06-18T12:23:28.077+0000] {manager.py:737} INFO - Searching for files in /opt/airflow/dags
[2025-06-18T12:23:28.135+0000] {manager.py:740} INFO - There are 3 files in /opt/airflow/dags
[2025-06-18T12:23:52.733+0000] {manager.py:878} INFO - 
================================================================================
DAG File Processing Stats

File Path                                      PID    Runtime      # DAGs    # Errors  Last Runtime    Last Run
---------------------------------------------  -----  ---------  --------  ----------  --------------  -------------------
/opt/airflow/dags/process_customers_dag.py                              1           0  0.49s           2025-06-18T12:23:43
/opt/airflow/dags/enrich_user_profiles_dag.py                           1           0  0.31s           2025-06-18T12:23:43
/opt/airflow/dags/process_sales_dag.py                                  1           0  0.28s           2025-06-18T12:23:46
================================================================================
[2025-06-18T12:24:23.012+0000] {manager.py:878} INFO - 
================================================================================
DAG File Processing Stats

File Path                                      PID    Runtime      # DAGs    # Errors  Last Runtime    Last Run
---------------------------------------------  -----  ---------  --------  ----------  --------------  -------------------
/opt/airflow/dags/process_sales_dag.py                                  1           0  0.80s           2025-06-18T12:24:18
/opt/airflow/dags/enrich_user_profiles_dag.py                           1           0  0.30s           2025-06-18T12:24:14
/opt/airflow/dags/process_customers_dag.py                              1           0  0.25s           2025-06-18T12:24:14
================================================================================
[2025-06-18T12:24:53.033+0000] {manager.py:878} INFO - 
================================================================================
DAG File Processing Stats

File Path                                      PID    Runtime      # DAGs    # Errors  Last Runtime    Last Run
---------------------------------------------  -----  ---------  --------  ----------  --------------  -------------------
/opt/airflow/dags/enrich_user_profiles_dag.py                           1           0  1.46s           2025-06-18T12:24:45
/opt/airflow/dags/process_customers_dag.py                              1           0  0.25s           2025-06-18T12:24:44
/opt/airflow/dags/process_sales_dag.py                                  1           0  0.24s           2025-06-18T12:24:49
================================================================================
[2025-06-18T12:25:23.560+0000] {manager.py:878} INFO - 
================================================================================
DAG File Processing Stats

File Path                                      PID    Runtime      # DAGs    # Errors  Last Runtime    Last Run
---------------------------------------------  -----  ---------  --------  ----------  --------------  -------------------
/opt/airflow/dags/process_customers_dag.py                              1           0  0.47s           2025-06-18T12:25:15
/opt/airflow/dags/enrich_user_profiles_dag.py                           1           0  0.40s           2025-06-18T12:25:16
/opt/airflow/dags/process_sales_dag.py                                  1           0  0.28s           2025-06-18T12:25:19
================================================================================
[2025-06-18T12:25:53.842+0000] {manager.py:878} INFO - 
================================================================================
DAG File Processing Stats

File Path                                      PID    Runtime      # DAGs    # Errors  Last Runtime    Last Run
---------------------------------------------  -----  ---------  --------  ----------  --------------  -------------------
/opt/airflow/dags/process_sales_dag.py                                  1           0  0.53s           2025-06-18T12:25:51
/opt/airflow/dags/process_customers_dag.py                              1           0  0.37s           2025-06-18T12:25:46
/opt/airflow/dags/enrich_user_profiles_dag.py                           1           0  0.29s           2025-06-18T12:25:47
================================================================================
[2025-06-18T12:26:23.896+0000] {manager.py:878} INFO - 
================================================================================
DAG File Processing Stats

File Path                                      PID    Runtime      # DAGs    # Errors  Last Runtime    Last Run
---------------------------------------------  -----  ---------  --------  ----------  --------------  -------------------
/opt/airflow/dags/enrich_user_profiles_dag.py                           1           0  0.77s           2025-06-18T12:26:18
/opt/airflow/dags/process_customers_dag.py                              1           0  0.43s           2025-06-18T12:26:16
/opt/airflow/dags/process_sales_dag.py                                  1           0  0.43s           2025-06-18T12:26:22
================================================================================
[2025-06-18T12:26:54.681+0000] {manager.py:878} INFO - 
================================================================================
DAG File Processing Stats

File Path                                      PID    Runtime      # DAGs    # Errors  Last Runtime    Last Run
---------------------------------------------  -----  ---------  --------  ----------  --------------  -------------------
/opt/airflow/dags/process_customers_dag.py                              1           0  0.29s           2025-06-18T12:26:47
/opt/airflow/dags/enrich_user_profiles_dag.py                           1           0  0.25s           2025-06-18T12:26:49
/opt/airflow/dags/process_sales_dag.py                                  1           0  0.23s           2025-06-18T12:26:52
================================================================================
[2025-06-18T12:27:25.057+0000] {manager.py:878} INFO - 
================================================================================
DAG File Processing Stats

File Path                                      PID    Runtime      # DAGs    # Errors  Last Runtime    Last Run
---------------------------------------------  -----  ---------  --------  ----------  --------------  -------------------
/opt/airflow/dags/enrich_user_profiles_dag.py                           1           0  0.30s           2025-06-18T12:27:19
/opt/airflow/dags/process_customers_dag.py                              1           0  0.27s           2025-06-18T12:27:17
/opt/airflow/dags/process_sales_dag.py                                  1           0  0.26s           2025-06-18T12:27:23
================================================================================
[2025-06-18T12:27:55.242+0000] {manager.py:878} INFO - 
================================================================================
DAG File Processing Stats

File Path                                      PID    Runtime      # DAGs    # Errors  Last Runtime    Last Run
---------------------------------------------  -----  ---------  --------  ----------  --------------  -------------------
/opt/airflow/dags/process_sales_dag.py                                  1           0  0.84s           2025-06-18T12:27:54
/opt/airflow/dags/process_customers_dag.py                              1           0  0.59s           2025-06-18T12:27:49
/opt/airflow/dags/enrich_user_profiles_dag.py                           1           0  0.37s           2025-06-18T12:27:50
================================================================================
[2025-06-18T12:28:26.047+0000] {manager.py:878} INFO - 
================================================================================
DAG File Processing Stats

File Path                                      PID    Runtime      # DAGs    # Errors  Last Runtime    Last Run
---------------------------------------------  -----  ---------  --------  ----------  --------------  -------------------
/opt/airflow/dags/enrich_user_profiles_dag.py                           1           0  0.30s           2025-06-18T12:28:20
/opt/airflow/dags/process_sales_dag.py                                  1           0  0.24s           2025-06-18T12:28:25
/opt/airflow/dags/process_customers_dag.py                              1           0  0.20s           2025-06-18T12:28:19
================================================================================
[2025-06-18T12:28:28.100+0000] {manager.py:737} INFO - Searching for files in /opt/airflow/dags
[2025-06-18T12:28:28.184+0000] {manager.py:740} INFO - There are 3 files in /opt/airflow/dags
[2025-06-18T12:28:56.758+0000] {manager.py:878} INFO - 
================================================================================
DAG File Processing Stats

File Path                                      PID    Runtime      # DAGs    # Errors  Last Runtime    Last Run
---------------------------------------------  -----  ---------  --------  ----------  --------------  -------------------
/opt/airflow/dags/process_sales_dag.py                                  1           0  0.23s           2025-06-18T12:28:55
/opt/airflow/dags/process_customers_dag.py                              1           0  0.17s           2025-06-18T12:28:50
/opt/airflow/dags/enrich_user_profiles_dag.py                           1           0  0.17s           2025-06-18T12:28:51
================================================================================
[2025-06-18T12:29:27.027+0000] {manager.py:878} INFO - 
================================================================================
DAG File Processing Stats

File Path                                      PID    Runtime      # DAGs    # Errors  Last Runtime    Last Run
---------------------------------------------  -----  ---------  --------  ----------  --------------  -------------------
/opt/airflow/dags/process_customers_dag.py                              1           0  0.62s           2025-06-18T12:29:21
/opt/airflow/dags/process_sales_dag.py                                  1           0  0.22s           2025-06-18T12:29:26
/opt/airflow/dags/enrich_user_profiles_dag.py                           1           0  0.18s           2025-06-18T12:29:21
================================================================================
[2025-06-18T12:29:57.178+0000] {manager.py:878} INFO - 
================================================================================
DAG File Processing Stats

File Path                                      PID    Runtime      # DAGs    # Errors  Last Runtime    Last Run
---------------------------------------------  -----  ---------  --------  ----------  --------------  -------------------
/opt/airflow/dags/process_sales_dag.py                                  1           0  0.39s           2025-06-18T12:29:57
/opt/airflow/dags/process_customers_dag.py                              1           0  0.38s           2025-06-18T12:29:52
/opt/airflow/dags/enrich_user_profiles_dag.py                           1           0  0.36s           2025-06-18T12:29:52
================================================================================
[2025-06-18T12:30:27.868+0000] {manager.py:878} INFO - 
================================================================================
DAG File Processing Stats

File Path                                        PID  Runtime      # DAGs    # Errors  Last Runtime    Last Run
---------------------------------------------  -----  ---------  --------  ----------  --------------  -------------------
/opt/airflow/dags/process_sales_dag.py          1382  0.04s             1           0  0.39s           2025-06-18T12:29:57
/opt/airflow/dags/enrich_user_profiles_dag.py                           1           0  0.23s           2025-06-18T12:30:23
/opt/airflow/dags/process_customers_dag.py                              1           0  0.22s           2025-06-18T12:30:23
================================================================================
[2025-06-18T12:30:57.908+0000] {manager.py:878} INFO - 
================================================================================
DAG File Processing Stats

File Path                                      PID    Runtime      # DAGs    # Errors  Last Runtime    Last Run
---------------------------------------------  -----  ---------  --------  ----------  --------------  -------------------
/opt/airflow/dags/process_customers_dag.py                              1           0  0.76s           2025-06-18T12:30:54
/opt/airflow/dags/enrich_user_profiles_dag.py                           1           0  0.67s           2025-06-18T12:30:54
/opt/airflow/dags/process_sales_dag.py                                  1           0  0.47s           2025-06-18T12:30:28
================================================================================
[2025-06-18T12:31:28.064+0000] {manager.py:878} INFO - 
================================================================================
DAG File Processing Stats

File Path                                      PID    Runtime      # DAGs    # Errors  Last Runtime    Last Run
---------------------------------------------  -----  ---------  --------  ----------  --------------  -------------------
/opt/airflow/dags/process_sales_dag.py                                  1           0  0.40s           2025-06-18T12:30:59
/opt/airflow/dags/process_customers_dag.py                              1           0  0.27s           2025-06-18T12:31:25
/opt/airflow/dags/enrich_user_profiles_dag.py                           1           0  0.24s           2025-06-18T12:31:24
================================================================================
[2025-06-18T12:31:58.255+0000] {manager.py:878} INFO - 
================================================================================
DAG File Processing Stats

File Path                                      PID    Runtime      # DAGs    # Errors  Last Runtime    Last Run
---------------------------------------------  -----  ---------  --------  ----------  --------------  -------------------
/opt/airflow/dags/enrich_user_profiles_dag.py                           1           0  0.39s           2025-06-18T12:31:56
/opt/airflow/dags/process_customers_dag.py                              1           0  0.39s           2025-06-18T12:31:56
/opt/airflow/dags/process_sales_dag.py                                  1           0  0.22s           2025-06-18T12:31:30
================================================================================
[2025-06-18T12:32:28.333+0000] {manager.py:878} INFO - 
================================================================================
DAG File Processing Stats

File Path                                      PID    Runtime      # DAGs    # Errors  Last Runtime    Last Run
---------------------------------------------  -----  ---------  --------  ----------  --------------  -------------------
/opt/airflow/dags/process_sales_dag.py                                  1           0  0.57s           2025-06-18T12:32:01
/opt/airflow/dags/enrich_user_profiles_dag.py                           1           0  0.30s           2025-06-18T12:32:26
/opt/airflow/dags/process_customers_dag.py                              1           0  0.26s           2025-06-18T12:32:26
================================================================================
[2025-06-18T12:32:58.368+0000] {manager.py:878} INFO - 
================================================================================
DAG File Processing Stats

File Path                                      PID    Runtime      # DAGs    # Errors  Last Runtime    Last Run
---------------------------------------------  -----  ---------  --------  ----------  --------------  -------------------
/opt/airflow/dags/enrich_user_profiles_dag.py                           1           0  0.56s           2025-06-18T12:32:57
/opt/airflow/dags/process_customers_dag.py                              1           0  0.52s           2025-06-18T12:32:57
/opt/airflow/dags/process_sales_dag.py                                  1           0  0.35s           2025-06-18T12:32:31
================================================================================
[2025-06-18T12:33:28.889+0000] {manager.py:737} INFO - Searching for files in /opt/airflow/dags
[2025-06-18T12:33:28.934+0000] {manager.py:740} INFO - There are 3 files in /opt/airflow/dags
[2025-06-18T12:33:28.954+0000] {manager.py:878} INFO - 
================================================================================
DAG File Processing Stats

File Path                                      PID    Runtime      # DAGs    # Errors  Last Runtime    Last Run
---------------------------------------------  -----  ---------  --------  ----------  --------------  -------------------
/opt/airflow/dags/enrich_user_profiles_dag.py                           1           0  0.57s           2025-06-18T12:33:28
/opt/airflow/dags/process_customers_dag.py                              1           0  0.51s           2025-06-18T12:33:28
/opt/airflow/dags/process_sales_dag.py                                  1           0  0.22s           2025-06-18T12:33:02
================================================================================
[2025-06-18T12:33:59.157+0000] {manager.py:878} INFO - 
================================================================================
DAG File Processing Stats

File Path                                      PID    Runtime      # DAGs    # Errors  Last Runtime    Last Run
---------------------------------------------  -----  ---------  --------  ----------  --------------  -------------------
/opt/airflow/dags/enrich_user_profiles_dag.py                           1           0  0.33s           2025-06-18T12:33:59
/opt/airflow/dags/process_customers_dag.py                              1           0  0.32s           2025-06-18T12:33:59
/opt/airflow/dags/process_sales_dag.py                                  1           0  0.24s           2025-06-18T12:33:33
================================================================================
[2025-06-18T12:34:29.683+0000] {manager.py:878} INFO - 
================================================================================
DAG File Processing Stats

File Path                                        PID  Runtime      # DAGs    # Errors  Last Runtime    Last Run
---------------------------------------------  -----  ---------  --------  ----------  --------------  -------------------
/opt/airflow/dags/process_sales_dag.py                                  1           0  0.47s           2025-06-18T12:34:03
/opt/airflow/dags/enrich_user_profiles_dag.py   1492  0.03s             1           0  0.33s           2025-06-18T12:33:59
/opt/airflow/dags/process_customers_dag.py      1495  0.01s             1           0  0.32s           2025-06-18T12:33:59
================================================================================
[2025-06-18T12:35:00.280+0000] {manager.py:878} INFO - 
================================================================================
DAG File Processing Stats

File Path                                        PID  Runtime      # DAGs    # Errors  Last Runtime    Last Run
---------------------------------------------  -----  ---------  --------  ----------  --------------  -------------------
/opt/airflow/dags/enrich_user_profiles_dag.py   1507  0.06s             1           0  0.36s           2025-06-18T12:34:30
/opt/airflow/dags/process_customers_dag.py      1510  0.03s             1           0  0.35s           2025-06-18T12:34:30
/opt/airflow/dags/process_sales_dag.py                                  1           0  0.19s           2025-06-18T12:34:34
================================================================================
[2025-06-18T12:35:30.529+0000] {manager.py:878} INFO - 
================================================================================
DAG File Processing Stats

File Path                                      PID    Runtime      # DAGs    # Errors  Last Runtime    Last Run
---------------------------------------------  -----  ---------  --------  ----------  --------------  -------------------
/opt/airflow/dags/process_sales_dag.py                                  1           0  0.51s           2025-06-18T12:35:05
/opt/airflow/dags/enrich_user_profiles_dag.py                           1           0  0.51s           2025-06-18T12:35:00
/opt/airflow/dags/process_customers_dag.py                              1           0  0.48s           2025-06-18T12:35:00
================================================================================
[2025-06-18T12:36:00.818+0000] {manager.py:878} INFO - 
================================================================================
DAG File Processing Stats

File Path                                      PID    Runtime      # DAGs    # Errors  Last Runtime    Last Run
---------------------------------------------  -----  ---------  --------  ----------  --------------  -------------------
/opt/airflow/dags/process_sales_dag.py                                  1           0  0.78s           2025-06-18T12:35:36
/opt/airflow/dags/enrich_user_profiles_dag.py                           1           0  0.68s           2025-06-18T12:35:32
/opt/airflow/dags/process_customers_dag.py                              1           0  0.63s           2025-06-18T12:35:32
================================================================================
[2025-06-18T12:36:31.092+0000] {manager.py:878} INFO - 
================================================================================
DAG File Processing Stats

File Path                                      PID    Runtime      # DAGs    # Errors  Last Runtime    Last Run
---------------------------------------------  -----  ---------  --------  ----------  --------------  -------------------
/opt/airflow/dags/process_sales_dag.py                                  1           0  1.91s           2025-06-18T12:36:08
/opt/airflow/dags/enrich_user_profiles_dag.py                           1           0  1.28s           2025-06-18T12:36:03
/opt/airflow/dags/process_customers_dag.py                              1           0  1.26s           2025-06-18T12:36:03
================================================================================
[2025-06-18T12:37:02.128+0000] {manager.py:878} INFO - 
================================================================================
DAG File Processing Stats

File Path                                      PID    Runtime      # DAGs    # Errors  Last Runtime    Last Run
---------------------------------------------  -----  ---------  --------  ----------  --------------  -------------------
/opt/airflow/dags/enrich_user_profiles_dag.py                           1           0  0.35s           2025-06-18T12:36:34
/opt/airflow/dags/process_customers_dag.py                              1           0  0.33s           2025-06-18T12:36:34
/opt/airflow/dags/process_sales_dag.py                                  1           0  0.22s           2025-06-18T12:36:39
================================================================================
[2025-06-18T12:37:32.259+0000] {manager.py:878} INFO - 
================================================================================
DAG File Processing Stats

File Path                                      PID    Runtime      # DAGs    # Errors  Last Runtime    Last Run
---------------------------------------------  -----  ---------  --------  ----------  --------------  -------------------
/opt/airflow/dags/process_sales_dag.py                                  1           0  0.81s           2025-06-18T12:37:10
/opt/airflow/dags/enrich_user_profiles_dag.py                           1           0  0.54s           2025-06-18T12:37:06
/opt/airflow/dags/process_customers_dag.py                              1           0  0.44s           2025-06-18T12:37:06
================================================================================
[2025-06-18T12:38:02.768+0000] {manager.py:878} INFO - 
================================================================================
DAG File Processing Stats

File Path                                      PID    Runtime      # DAGs    # Errors  Last Runtime    Last Run
---------------------------------------------  -----  ---------  --------  ----------  --------------  -------------------
/opt/airflow/dags/enrich_user_profiles_dag.py                           1           0  0.75s           2025-06-18T12:37:37
/opt/airflow/dags/process_customers_dag.py                              1           0  0.61s           2025-06-18T12:37:37
/opt/airflow/dags/process_sales_dag.py                                  1           0  0.41s           2025-06-18T12:37:41
================================================================================
[2025-06-18T12:38:29.117+0000] {manager.py:737} INFO - Searching for files in /opt/airflow/dags
[2025-06-18T12:38:29.156+0000] {manager.py:740} INFO - There are 3 files in /opt/airflow/dags
[2025-06-18T12:38:32.929+0000] {manager.py:878} INFO - 
================================================================================
DAG File Processing Stats

File Path                                      PID    Runtime      # DAGs    # Errors  Last Runtime    Last Run
---------------------------------------------  -----  ---------  --------  ----------  --------------  -------------------
/opt/airflow/dags/enrich_user_profiles_dag.py                           1           0  0.49s           2025-06-18T12:38:08
/opt/airflow/dags/process_customers_dag.py                              1           0  0.42s           2025-06-18T12:38:08
/opt/airflow/dags/process_sales_dag.py                                  1           0  0.31s           2025-06-18T12:38:12
================================================================================
[2025-06-18T12:39:03.050+0000] {manager.py:878} INFO - 
================================================================================
DAG File Processing Stats

File Path                                      PID    Runtime      # DAGs    # Errors  Last Runtime    Last Run
---------------------------------------------  -----  ---------  --------  ----------  --------------  -------------------
/opt/airflow/dags/process_customers_dag.py                              1           0  0.77s           2025-06-18T12:38:39
/opt/airflow/dags/enrich_user_profiles_dag.py                           1           0  0.74s           2025-06-18T12:38:39
/opt/airflow/dags/process_sales_dag.py                                  1           0  0.27s           2025-06-18T12:38:43
================================================================================
[2025-06-18T12:39:33.089+0000] {manager.py:878} INFO - 
================================================================================
DAG File Processing Stats

File Path                                      PID    Runtime      # DAGs    # Errors  Last Runtime    Last Run
---------------------------------------------  -----  ---------  --------  ----------  --------------  -------------------
/opt/airflow/dags/enrich_user_profiles_dag.py                           1           0  0.42s           2025-06-18T12:39:10
/opt/airflow/dags/process_customers_dag.py                              1           0  0.37s           2025-06-18T12:39:10
/opt/airflow/dags/process_sales_dag.py                                  1           0  0.24s           2025-06-18T12:39:14
================================================================================
[2025-06-18T12:40:03.578+0000] {manager.py:878} INFO - 
================================================================================
DAG File Processing Stats

File Path                                      PID    Runtime      # DAGs    # Errors  Last Runtime    Last Run
---------------------------------------------  -----  ---------  --------  ----------  --------------  -------------------
/opt/airflow/dags/enrich_user_profiles_dag.py                           1           0  0.22s           2025-06-18T12:39:41
/opt/airflow/dags/process_sales_dag.py                                  1           0  0.22s           2025-06-18T12:39:45
/opt/airflow/dags/process_customers_dag.py                              1           0  0.21s           2025-06-18T12:39:41
================================================================================
[2025-06-18T12:40:34.045+0000] {manager.py:878} INFO - 
================================================================================
DAG File Processing Stats

File Path                                      PID    Runtime      # DAGs    # Errors  Last Runtime    Last Run
---------------------------------------------  -----  ---------  --------  ----------  --------------  -------------------
/opt/airflow/dags/enrich_user_profiles_dag.py                           1           0  1.41s           2025-06-18T12:40:12
/opt/airflow/dags/process_customers_dag.py                              1           0  1.03s           2025-06-18T12:40:12
/opt/airflow/dags/process_sales_dag.py                                  1           0  0.27s           2025-06-18T12:40:15
================================================================================
[2025-06-18T12:41:04.258+0000] {manager.py:878} INFO - 
================================================================================
DAG File Processing Stats

File Path                                      PID    Runtime      # DAGs    # Errors  Last Runtime    Last Run
---------------------------------------------  -----  ---------  --------  ----------  --------------  -------------------
/opt/airflow/dags/enrich_user_profiles_dag.py                           1           0  0.71s           2025-06-18T12:40:43
/opt/airflow/dags/process_customers_dag.py                              1           0  0.49s           2025-06-18T12:40:43
/opt/airflow/dags/process_sales_dag.py                                  1           0  0.28s           2025-06-18T12:40:46
================================================================================
[2025-06-18T12:41:34.677+0000] {manager.py:878} INFO - 
================================================================================
DAG File Processing Stats

File Path                                      PID    Runtime      # DAGs    # Errors  Last Runtime    Last Run
---------------------------------------------  -----  ---------  --------  ----------  --------------  -------------------
/opt/airflow/dags/process_sales_dag.py                                  1           0  0.54s           2025-06-18T12:41:17
/opt/airflow/dags/enrich_user_profiles_dag.py                           1           0  0.45s           2025-06-18T12:41:15
/opt/airflow/dags/process_customers_dag.py                              1           0  0.39s           2025-06-18T12:41:15
================================================================================
[2025-06-18T12:42:05.119+0000] {manager.py:878} INFO - 
================================================================================
DAG File Processing Stats

File Path                                      PID    Runtime      # DAGs    # Errors  Last Runtime    Last Run
---------------------------------------------  -----  ---------  --------  ----------  --------------  -------------------
/opt/airflow/dags/process_sales_dag.py                                  1           0  0.32s           2025-06-18T12:41:48
/opt/airflow/dags/process_customers_dag.py                              1           0  0.26s           2025-06-18T12:41:45
/opt/airflow/dags/enrich_user_profiles_dag.py                           1           0  0.25s           2025-06-18T12:41:45
================================================================================
[2025-06-18T12:42:35.373+0000] {manager.py:878} INFO - 
================================================================================
DAG File Processing Stats

File Path                                      PID    Runtime      # DAGs    # Errors  Last Runtime    Last Run
---------------------------------------------  -----  ---------  --------  ----------  --------------  -------------------
/opt/airflow/dags/enrich_user_profiles_dag.py                           1           0  0.56s           2025-06-18T12:42:16
/opt/airflow/dags/process_customers_dag.py                              1           0  0.49s           2025-06-18T12:42:16
/opt/airflow/dags/process_sales_dag.py                                  1           0  0.23s           2025-06-18T12:42:19
================================================================================
[2025-06-18T12:43:05.622+0000] {manager.py:878} INFO - 
================================================================================
DAG File Processing Stats

File Path                                      PID    Runtime      # DAGs    # Errors  Last Runtime    Last Run
---------------------------------------------  -----  ---------  --------  ----------  --------------  -------------------
/opt/airflow/dags/process_customers_dag.py                              1           0  0.27s           2025-06-18T12:42:47
/opt/airflow/dags/enrich_user_profiles_dag.py                           1           0  0.26s           2025-06-18T12:42:47
/opt/airflow/dags/process_sales_dag.py                                  1           0  0.21s           2025-06-18T12:42:50
================================================================================
[2025-06-18T12:43:29.536+0000] {manager.py:737} INFO - Searching for files in /opt/airflow/dags
[2025-06-18T12:43:29.579+0000] {manager.py:740} INFO - There are 3 files in /opt/airflow/dags
[2025-06-18T12:43:35.985+0000] {manager.py:878} INFO - 
================================================================================
DAG File Processing Stats

File Path                                      PID    Runtime      # DAGs    # Errors  Last Runtime    Last Run
---------------------------------------------  -----  ---------  --------  ----------  --------------  -------------------
/opt/airflow/dags/process_sales_dag.py                                  1           0  1.16s           2025-06-18T12:43:22
/opt/airflow/dags/enrich_user_profiles_dag.py                           1           0  0.23s           2025-06-18T12:43:18
/opt/airflow/dags/process_customers_dag.py                              1           0  0.22s           2025-06-18T12:43:18
================================================================================
[2025-06-18T12:44:06.670+0000] {manager.py:878} INFO - 
================================================================================
DAG File Processing Stats

File Path                                      PID    Runtime      # DAGs    # Errors  Last Runtime    Last Run
---------------------------------------------  -----  ---------  --------  ----------  --------------  -------------------
/opt/airflow/dags/enrich_user_profiles_dag.py                           1           0  0.57s           2025-06-18T12:43:48
/opt/airflow/dags/process_sales_dag.py                                  1           0  0.46s           2025-06-18T12:43:53
/opt/airflow/dags/process_customers_dag.py                              1           0  0.45s           2025-06-18T12:43:48
================================================================================
[2025-06-18T12:44:37.121+0000] {manager.py:878} INFO - 
================================================================================
DAG File Processing Stats

File Path                                      PID    Runtime      # DAGs    # Errors  Last Runtime    Last Run
---------------------------------------------  -----  ---------  --------  ----------  --------------  -------------------
/opt/airflow/dags/process_customers_dag.py                              1           0  0.78s           2025-06-18T12:44:19
/opt/airflow/dags/enrich_user_profiles_dag.py                           1           0  0.56s           2025-06-18T12:44:19
/opt/airflow/dags/process_sales_dag.py                                  1           0  0.38s           2025-06-18T12:44:24
================================================================================
[2025-06-18T12:45:07.852+0000] {manager.py:878} INFO - 
================================================================================
DAG File Processing Stats

File Path                                      PID    Runtime      # DAGs    # Errors  Last Runtime    Last Run
---------------------------------------------  -----  ---------  --------  ----------  --------------  -------------------
/opt/airflow/dags/process_sales_dag.py                                  1           0  0.46s           2025-06-18T12:44:54
/opt/airflow/dags/enrich_user_profiles_dag.py                           1           0  0.44s           2025-06-18T12:44:50
/opt/airflow/dags/process_customers_dag.py                              1           0  0.37s           2025-06-18T12:44:50
================================================================================
[2025-06-18T12:45:38.883+0000] {manager.py:878} INFO - 
================================================================================
DAG File Processing Stats

File Path                                      PID    Runtime      # DAGs    # Errors  Last Runtime    Last Run
---------------------------------------------  -----  ---------  --------  ----------  --------------  -------------------
/opt/airflow/dags/process_sales_dag.py                                  1           0  0.36s           2025-06-18T12:45:25
/opt/airflow/dags/enrich_user_profiles_dag.py                           1           0  0.31s           2025-06-18T12:45:21
/opt/airflow/dags/process_customers_dag.py                              1           0  0.26s           2025-06-18T12:45:21
================================================================================
[2025-06-18T12:46:09.616+0000] {manager.py:878} INFO - 
================================================================================
DAG File Processing Stats

File Path                                      PID    Runtime      # DAGs    # Errors  Last Runtime    Last Run
---------------------------------------------  -----  ---------  --------  ----------  --------------  -------------------
/opt/airflow/dags/process_sales_dag.py                                  1           0  1.98s           2025-06-18T12:45:57
/opt/airflow/dags/process_customers_dag.py                              1           0  0.37s           2025-06-18T12:45:52
/opt/airflow/dags/enrich_user_profiles_dag.py                           1           0  0.33s           2025-06-18T12:45:52
================================================================================
[2025-06-18T12:46:39.727+0000] {manager.py:878} INFO - 
================================================================================
DAG File Processing Stats

File Path                                      PID    Runtime      # DAGs    # Errors  Last Runtime    Last Run
---------------------------------------------  -----  ---------  --------  ----------  --------------  -------------------
/opt/airflow/dags/enrich_user_profiles_dag.py                           1           0  0.39s           2025-06-18T12:46:23
/opt/airflow/dags/process_customers_dag.py                              1           0  0.30s           2025-06-18T12:46:23
/opt/airflow/dags/process_sales_dag.py                                  1           0  0.23s           2025-06-18T12:46:28
================================================================================
[2025-06-18T12:47:09.822+0000] {manager.py:878} INFO - 
================================================================================
DAG File Processing Stats

File Path                                      PID    Runtime      # DAGs    # Errors  Last Runtime    Last Run
---------------------------------------------  -----  ---------  --------  ----------  --------------  -------------------
/opt/airflow/dags/enrich_user_profiles_dag.py                           1           0  0.58s           2025-06-18T12:46:54
/opt/airflow/dags/process_customers_dag.py                              1           0  0.46s           2025-06-18T12:46:54
/opt/airflow/dags/process_sales_dag.py                                  1           0  0.33s           2025-06-18T12:46:59
================================================================================
[2025-06-18T12:47:40.784+0000] {manager.py:878} INFO - 
================================================================================
DAG File Processing Stats

File Path                                      PID    Runtime      # DAGs    # Errors  Last Runtime    Last Run
---------------------------------------------  -----  ---------  --------  ----------  --------------  -------------------
/opt/airflow/dags/enrich_user_profiles_dag.py                           1           0  0.35s           2025-06-18T12:47:25
/opt/airflow/dags/process_customers_dag.py                              1           0  0.32s           2025-06-18T12:47:25
/opt/airflow/dags/process_sales_dag.py                                  1           0  0.18s           2025-06-18T12:47:30
================================================================================
[2025-06-18T12:48:11.500+0000] {manager.py:878} INFO - 
================================================================================
DAG File Processing Stats

File Path                                      PID    Runtime      # DAGs    # Errors  Last Runtime    Last Run
---------------------------------------------  -----  ---------  --------  ----------  --------------  -------------------
/opt/airflow/dags/process_sales_dag.py                                  1           0  0.25s           2025-06-18T12:48:00
/opt/airflow/dags/process_customers_dag.py                              1           0  0.24s           2025-06-18T12:47:56
/opt/airflow/dags/enrich_user_profiles_dag.py                           1           0  0.23s           2025-06-18T12:47:56
================================================================================
[2025-06-18T12:48:30.283+0000] {manager.py:737} INFO - Searching for files in /opt/airflow/dags
[2025-06-18T12:48:30.361+0000] {manager.py:740} INFO - There are 3 files in /opt/airflow/dags
[2025-06-18T12:48:41.674+0000] {manager.py:878} INFO - 
================================================================================
DAG File Processing Stats

File Path                                      PID    Runtime      # DAGs    # Errors  Last Runtime    Last Run
---------------------------------------------  -----  ---------  --------  ----------  --------------  -------------------
/opt/airflow/dags/process_sales_dag.py                                  1           0  0.49s           2025-06-18T12:48:31
/opt/airflow/dags/process_customers_dag.py                              1           0  0.48s           2025-06-18T12:48:27
/opt/airflow/dags/enrich_user_profiles_dag.py                           1           0  0.44s           2025-06-18T12:48:27
================================================================================
[2025-06-18T12:49:11.990+0000] {manager.py:878} INFO - 
================================================================================
DAG File Processing Stats

File Path                                      PID    Runtime      # DAGs    # Errors  Last Runtime    Last Run
---------------------------------------------  -----  ---------  --------  ----------  --------------  -------------------
/opt/airflow/dags/process_sales_dag.py                                  1           0  0.66s           2025-06-18T12:49:03
/opt/airflow/dags/process_customers_dag.py                              1           0  0.35s           2025-06-18T12:48:57
/opt/airflow/dags/enrich_user_profiles_dag.py                           1           0  0.34s           2025-06-18T12:48:57
================================================================================
[2025-06-18T12:49:42.237+0000] {manager.py:878} INFO - 
================================================================================
DAG File Processing Stats

File Path                                      PID    Runtime      # DAGs    # Errors  Last Runtime    Last Run
---------------------------------------------  -----  ---------  --------  ----------  --------------  -------------------
/opt/airflow/dags/enrich_user_profiles_dag.py                           1           0  0.83s           2025-06-18T12:49:28
/opt/airflow/dags/process_customers_dag.py                              1           0  0.79s           2025-06-18T12:49:28
/opt/airflow/dags/process_sales_dag.py                                  1           0  0.40s           2025-06-18T12:49:34
================================================================================
[2025-06-18T12:50:12.901+0000] {manager.py:878} INFO - 
================================================================================
DAG File Processing Stats

File Path                                      PID    Runtime      # DAGs    # Errors  Last Runtime    Last Run
---------------------------------------------  -----  ---------  --------  ----------  --------------  -------------------
/opt/airflow/dags/enrich_user_profiles_dag.py                           1           0  1.30s           2025-06-18T12:50:00
/opt/airflow/dags/process_customers_dag.py                              1           0  1.30s           2025-06-18T12:50:00
/opt/airflow/dags/process_sales_dag.py                                  1           0  0.47s           2025-06-18T12:50:06
================================================================================
[2025-06-18T12:50:43.259+0000] {manager.py:878} INFO - 
================================================================================
DAG File Processing Stats

File Path                                      PID    Runtime      # DAGs    # Errors  Last Runtime    Last Run
---------------------------------------------  -----  ---------  --------  ----------  --------------  -------------------
/opt/airflow/dags/process_sales_dag.py                                  1           0  0.34s           2025-06-18T12:50:38
/opt/airflow/dags/process_customers_dag.py                              1           0  0.33s           2025-06-18T12:50:31
/opt/airflow/dags/enrich_user_profiles_dag.py                           1           0  0.33s           2025-06-18T12:50:31
================================================================================
[2025-06-18T12:51:13.448+0000] {manager.py:878} INFO - 
================================================================================
DAG File Processing Stats

File Path                                      PID    Runtime      # DAGs    # Errors  Last Runtime    Last Run
---------------------------------------------  -----  ---------  --------  ----------  --------------  -------------------
/opt/airflow/dags/enrich_user_profiles_dag.py                           1           0  0.69s           2025-06-18T12:51:02
/opt/airflow/dags/process_customers_dag.py                              1           0  0.60s           2025-06-18T12:51:02
/opt/airflow/dags/process_sales_dag.py                                  1           0  0.32s           2025-06-18T12:51:09
================================================================================
[2025-06-18T12:51:43.602+0000] {manager.py:878} INFO - 
================================================================================
DAG File Processing Stats

File Path                                      PID    Runtime      # DAGs    # Errors  Last Runtime    Last Run
---------------------------------------------  -----  ---------  --------  ----------  --------------  -------------------
/opt/airflow/dags/enrich_user_profiles_dag.py                           1           0  0.58s           2025-06-18T12:51:33
/opt/airflow/dags/process_customers_dag.py                              1           0  0.43s           2025-06-18T12:51:33
/opt/airflow/dags/process_sales_dag.py                                  1           0  0.36s           2025-06-18T12:51:40
================================================================================
[2025-06-18T12:52:13.596+0000] {manager.py:878} INFO - 
================================================================================
DAG File Processing Stats

File Path                                      PID    Runtime      # DAGs    # Errors  Last Runtime    Last Run
---------------------------------------------  -----  ---------  --------  ----------  --------------  -------------------
/opt/airflow/dags/process_customers_dag.py                              1           0  0.37s           2025-06-18T12:52:04
/opt/airflow/dags/enrich_user_profiles_dag.py                           1           0  0.36s           2025-06-18T12:52:04
/opt/airflow/dags/process_sales_dag.py                                  1           0  0.35s           2025-06-18T12:52:11
================================================================================
[2025-06-18T12:52:44.324+0000] {manager.py:878} INFO - 
================================================================================
DAG File Processing Stats

File Path                                      PID    Runtime      # DAGs    # Errors  Last Runtime    Last Run
---------------------------------------------  -----  ---------  --------  ----------  --------------  -------------------
/opt/airflow/dags/process_sales_dag.py                                  1           0  1.39s           2025-06-18T12:52:43
/opt/airflow/dags/enrich_user_profiles_dag.py                           1           0  0.31s           2025-06-18T12:52:34
/opt/airflow/dags/process_customers_dag.py                              1           0  0.25s           2025-06-18T12:52:34
================================================================================
[2025-06-18T12:53:14.517+0000] {manager.py:878} INFO - 
================================================================================
DAG File Processing Stats

File Path                                      PID    Runtime      # DAGs    # Errors  Last Runtime    Last Run
---------------------------------------------  -----  ---------  --------  ----------  --------------  -------------------
/opt/airflow/dags/enrich_user_profiles_dag.py                           1           0  0.37s           2025-06-18T12:53:05
/opt/airflow/dags/process_customers_dag.py                              1           0  0.34s           2025-06-18T12:53:05
/opt/airflow/dags/process_sales_dag.py                                  1           0  0.18s           2025-06-18T12:53:13
================================================================================
[2025-06-18T12:53:31.141+0000] {manager.py:737} INFO - Searching for files in /opt/airflow/dags
[2025-06-18T12:53:31.619+0000] {manager.py:740} INFO - There are 3 files in /opt/airflow/dags
[2025-06-18T12:53:44.986+0000] {manager.py:878} INFO - 
================================================================================
DAG File Processing Stats

File Path                                      PID    Runtime      # DAGs    # Errors  Last Runtime    Last Run
---------------------------------------------  -----  ---------  --------  ----------  --------------  -------------------
/opt/airflow/dags/enrich_user_profiles_dag.py                           1           0  0.69s           2025-06-18T12:53:36
/opt/airflow/dags/process_customers_dag.py                              1           0  0.52s           2025-06-18T12:53:36
/opt/airflow/dags/process_sales_dag.py                                  1           0  0.42s           2025-06-18T12:53:44
================================================================================
[2025-06-18T12:54:15.248+0000] {manager.py:878} INFO - 
================================================================================
DAG File Processing Stats

File Path                                        PID  Runtime      # DAGs    # Errors  Last Runtime    Last Run
---------------------------------------------  -----  ---------  --------  ----------  --------------  -------------------
/opt/airflow/dags/process_sales_dag.py          2072  0.01s             1           0  0.42s           2025-06-18T12:53:44
/opt/airflow/dags/enrich_user_profiles_dag.py                           1           0  0.24s           2025-06-18T12:54:06
/opt/airflow/dags/process_customers_dag.py                              1           0  0.23s           2025-06-18T12:54:06
================================================================================
[2025-06-18T12:54:45.296+0000] {manager.py:878} INFO - 
================================================================================
DAG File Processing Stats

File Path                                      PID    Runtime      # DAGs    # Errors  Last Runtime    Last Run
---------------------------------------------  -----  ---------  --------  ----------  --------------  -------------------
/opt/airflow/dags/enrich_user_profiles_dag.py                           1           0  0.30s           2025-06-18T12:54:38
/opt/airflow/dags/process_customers_dag.py                              1           0  0.27s           2025-06-18T12:54:38
/opt/airflow/dags/process_sales_dag.py                                  1           0  0.19s           2025-06-18T12:54:15
================================================================================
[2025-06-18T12:55:15.687+0000] {manager.py:878} INFO - 
================================================================================
DAG File Processing Stats

File Path                                      PID    Runtime      # DAGs    # Errors  Last Runtime    Last Run
---------------------------------------------  -----  ---------  --------  ----------  --------------  -------------------
/opt/airflow/dags/process_sales_dag.py                                  1           0  1.11s           2025-06-18T12:54:47
/opt/airflow/dags/enrich_user_profiles_dag.py                           1           0  0.64s           2025-06-18T12:55:09
/opt/airflow/dags/process_customers_dag.py                              1           0  0.53s           2025-06-18T12:55:09
================================================================================
[2025-06-18T12:55:46.152+0000] {manager.py:878} INFO - 
================================================================================
DAG File Processing Stats

File Path                                      PID    Runtime      # DAGs    # Errors  Last Runtime    Last Run
---------------------------------------------  -----  ---------  --------  ----------  --------------  -------------------
/opt/airflow/dags/enrich_user_profiles_dag.py                           1           0  0.25s           2025-06-18T12:55:39
/opt/airflow/dags/process_customers_dag.py                              1           0  0.24s           2025-06-18T12:55:39
/opt/airflow/dags/process_sales_dag.py                                  1           0  0.24s           2025-06-18T12:55:17
================================================================================
[2025-06-18T12:56:16.514+0000] {manager.py:878} INFO - 
================================================================================
DAG File Processing Stats

File Path                                      PID    Runtime      # DAGs    # Errors  Last Runtime    Last Run
---------------------------------------------  -----  ---------  --------  ----------  --------------  -------------------
/opt/airflow/dags/enrich_user_profiles_dag.py                           1           0  0.54s           2025-06-18T12:56:10
/opt/airflow/dags/process_customers_dag.py                              1           0  0.52s           2025-06-18T12:56:10
/opt/airflow/dags/process_sales_dag.py                                  1           0  0.17s           2025-06-18T12:55:48
================================================================================
[2025-06-18T12:56:46.973+0000] {manager.py:878} INFO - 
================================================================================
DAG File Processing Stats

File Path                                      PID    Runtime      # DAGs    # Errors  Last Runtime    Last Run
---------------------------------------------  -----  ---------  --------  ----------  --------------  -------------------
/opt/airflow/dags/enrich_user_profiles_dag.py                           1           0  2.88s           2025-06-18T12:56:44
/opt/airflow/dags/process_customers_dag.py                              1           0  2.51s           2025-06-18T12:56:44
/opt/airflow/dags/process_sales_dag.py                                  1           0  0.91s           2025-06-18T12:56:19
================================================================================
[2025-06-18T12:57:17.437+0000] {manager.py:878} INFO - 
================================================================================
DAG File Processing Stats

File Path                                      PID    Runtime      # DAGs    # Errors  Last Runtime    Last Run
---------------------------------------------  -----  ---------  --------  ----------  --------------  -------------------
/opt/airflow/dags/enrich_user_profiles_dag.py                           1           0  0.49s           2025-06-18T12:57:15
/opt/airflow/dags/process_customers_dag.py                              1           0  0.49s           2025-06-18T12:57:15
/opt/airflow/dags/process_sales_dag.py                                  1           0  0.24s           2025-06-18T12:56:50
================================================================================
[2025-06-18T12:57:47.603+0000] {manager.py:878} INFO - 
================================================================================
DAG File Processing Stats

File Path                                      PID    Runtime      # DAGs    # Errors  Last Runtime    Last Run
---------------------------------------------  -----  ---------  --------  ----------  --------------  -------------------
/opt/airflow/dags/process_sales_dag.py                                  1           0  1.52s           2025-06-18T12:57:22
/opt/airflow/dags/enrich_user_profiles_dag.py                           1           0  0.26s           2025-06-18T12:57:46
/opt/airflow/dags/process_customers_dag.py                              1           0  0.25s           2025-06-18T12:57:46
================================================================================
[2025-06-18T12:58:17.987+0000] {manager.py:878} INFO - 
================================================================================
DAG File Processing Stats

File Path                                        PID  Runtime      # DAGs    # Errors  Last Runtime    Last Run
---------------------------------------------  -----  ---------  --------  ----------  --------------  -------------------
/opt/airflow/dags/process_sales_dag.py                                  1           0  0.60s           2025-06-18T12:57:53
/opt/airflow/dags/enrich_user_profiles_dag.py   2182  0.23s             1           0  0.26s           2025-06-18T12:57:46
/opt/airflow/dags/process_customers_dag.py      2185  0.03s             1           0  0.25s           2025-06-18T12:57:46
================================================================================
[2025-06-18T12:58:31.723+0000] {manager.py:737} INFO - Searching for files in /opt/airflow/dags
[2025-06-18T12:58:31.779+0000] {manager.py:740} INFO - There are 3 files in /opt/airflow/dags
[2025-06-18T12:58:48.078+0000] {manager.py:878} INFO - 
================================================================================
DAG File Processing Stats

File Path                                      PID    Runtime      # DAGs    # Errors  Last Runtime    Last Run
---------------------------------------------  -----  ---------  --------  ----------  --------------  -------------------
/opt/airflow/dags/process_sales_dag.py                                  1           0  1.35s           2025-06-18T12:58:24
/opt/airflow/dags/enrich_user_profiles_dag.py                           1           0  0.67s           2025-06-18T12:58:18
/opt/airflow/dags/process_customers_dag.py                              1           0  0.48s           2025-06-18T12:58:18
================================================================================
[2025-06-18T12:59:18.173+0000] {manager.py:878} INFO - 
================================================================================
DAG File Processing Stats

File Path                                      PID    Runtime      # DAGs    # Errors  Last Runtime    Last Run
---------------------------------------------  -----  ---------  --------  ----------  --------------  -------------------
/opt/airflow/dags/enrich_user_profiles_dag.py                           1           0  0.72s           2025-06-18T12:58:49
/opt/airflow/dags/process_customers_dag.py                              1           0  0.66s           2025-06-18T12:58:49
/opt/airflow/dags/process_sales_dag.py                                  1           0  0.48s           2025-06-18T12:58:55
================================================================================
[2025-06-18T12:59:48.277+0000] {manager.py:878} INFO - 
================================================================================
DAG File Processing Stats

File Path                                      PID    Runtime      # DAGs    # Errors  Last Runtime    Last Run
---------------------------------------------  -----  ---------  --------  ----------  --------------  -------------------
/opt/airflow/dags/enrich_user_profiles_dag.py                           1           0  0.49s           2025-06-18T12:59:20
/opt/airflow/dags/process_customers_dag.py                              1           0  0.41s           2025-06-18T12:59:20
/opt/airflow/dags/process_sales_dag.py                                  1           0  0.24s           2025-06-18T12:59:26
================================================================================
[2025-06-18T13:00:18.385+0000] {manager.py:878} INFO - 
================================================================================
DAG File Processing Stats

File Path                                      PID    Runtime      # DAGs    # Errors  Last Runtime    Last Run
---------------------------------------------  -----  ---------  --------  ----------  --------------  -------------------
/opt/airflow/dags/process_sales_dag.py                                  1           0  0.51s           2025-06-18T12:59:57
/opt/airflow/dags/enrich_user_profiles_dag.py                           1           0  0.29s           2025-06-18T12:59:51
/opt/airflow/dags/process_customers_dag.py                              1           0  0.25s           2025-06-18T12:59:51
================================================================================
[2025-06-18T13:00:48.861+0000] {manager.py:878} INFO - 
================================================================================
DAG File Processing Stats

File Path                                      PID    Runtime      # DAGs    # Errors  Last Runtime    Last Run
---------------------------------------------  -----  ---------  --------  ----------  --------------  -------------------
/opt/airflow/dags/process_sales_dag.py                                  1           0  1.01s           2025-06-18T13:00:29
/opt/airflow/dags/process_customers_dag.py                              1           0  0.25s           2025-06-18T13:00:22
/opt/airflow/dags/enrich_user_profiles_dag.py                           1           0  0.24s           2025-06-18T13:00:22
================================================================================
[2025-06-18T13:01:19.518+0000] {manager.py:878} INFO - 
================================================================================
DAG File Processing Stats

File Path                                      PID    Runtime      # DAGs    # Errors  Last Runtime    Last Run
---------------------------------------------  -----  ---------  --------  ----------  --------------  -------------------
/opt/airflow/dags/process_customers_dag.py                              1           0  0.45s           2025-06-18T13:00:52
/opt/airflow/dags/enrich_user_profiles_dag.py                           1           0  0.41s           2025-06-18T13:00:52
/opt/airflow/dags/process_sales_dag.py                                  1           0  0.20s           2025-06-18T13:01:00
================================================================================
[2025-06-18T13:01:50.112+0000] {manager.py:878} INFO - 
================================================================================
DAG File Processing Stats

File Path                                      PID    Runtime      # DAGs    # Errors  Last Runtime    Last Run
---------------------------------------------  -----  ---------  --------  ----------  --------------  -------------------
/opt/airflow/dags/process_customers_dag.py                              1           0  0.62s           2025-06-18T13:01:23
/opt/airflow/dags/enrich_user_profiles_dag.py                           1           0  0.56s           2025-06-18T13:01:23
/opt/airflow/dags/process_sales_dag.py                                  1           0  0.35s           2025-06-18T13:01:30
================================================================================
[2025-06-18T13:02:20.116+0000] {manager.py:878} INFO - 
================================================================================
DAG File Processing Stats

File Path                                      PID    Runtime      # DAGs    # Errors  Last Runtime    Last Run
---------------------------------------------  -----  ---------  --------  ----------  --------------  -------------------
/opt/airflow/dags/process_sales_dag.py                                  1           0  0.70s           2025-06-18T13:02:02
/opt/airflow/dags/process_customers_dag.py                              1           0  0.26s           2025-06-18T13:01:54
/opt/airflow/dags/enrich_user_profiles_dag.py                           1           0  0.26s           2025-06-18T13:01:54
================================================================================
[2025-06-18T13:02:50.591+0000] {manager.py:878} INFO - 
================================================================================
DAG File Processing Stats

File Path                                      PID    Runtime      # DAGs    # Errors  Last Runtime    Last Run
---------------------------------------------  -----  ---------  --------  ----------  --------------  -------------------
/opt/airflow/dags/process_sales_dag.py                                  1           0  1.32s           2025-06-18T13:02:34
/opt/airflow/dags/enrich_user_profiles_dag.py                           1           0  0.38s           2025-06-18T13:02:25
/opt/airflow/dags/process_customers_dag.py                              1           0  0.36s           2025-06-18T13:02:25
================================================================================
[2025-06-18T13:03:21.080+0000] {manager.py:878} INFO - 
================================================================================
DAG File Processing Stats

File Path                                      PID    Runtime      # DAGs    # Errors  Last Runtime    Last Run
---------------------------------------------  -----  ---------  --------  ----------  --------------  -------------------
/opt/airflow/dags/enrich_user_profiles_dag.py                           1           0  0.55s           2025-06-18T13:02:56
/opt/airflow/dags/process_customers_dag.py                              1           0  0.54s           2025-06-18T13:02:56
/opt/airflow/dags/process_sales_dag.py                                  1           0  0.54s           2025-06-18T13:03:05
================================================================================
[2025-06-18T13:03:31.790+0000] {manager.py:737} INFO - Searching for files in /opt/airflow/dags
[2025-06-18T13:03:32.133+0000] {manager.py:740} INFO - There are 3 files in /opt/airflow/dags
[2025-06-18T13:03:51.291+0000] {manager.py:878} INFO - 
================================================================================
DAG File Processing Stats

File Path                                      PID    Runtime      # DAGs    # Errors  Last Runtime    Last Run
---------------------------------------------  -----  ---------  --------  ----------  --------------  -------------------
/opt/airflow/dags/enrich_user_profiles_dag.py                           1           0  0.34s           2025-06-18T13:03:26
/opt/airflow/dags/process_customers_dag.py                              1           0  0.30s           2025-06-18T13:03:26
/opt/airflow/dags/process_sales_dag.py                                  1           0  0.22s           2025-06-18T13:03:35
================================================================================
[2025-06-18T13:04:21.720+0000] {manager.py:878} INFO - 
================================================================================
DAG File Processing Stats

File Path                                      PID    Runtime      # DAGs    # Errors  Last Runtime    Last Run
---------------------------------------------  -----  ---------  --------  ----------  --------------  -------------------
/opt/airflow/dags/process_sales_dag.py                                  1           0  1.01s           2025-06-18T13:04:07
/opt/airflow/dags/enrich_user_profiles_dag.py                           1           0  0.59s           2025-06-18T13:03:57
/opt/airflow/dags/process_customers_dag.py                              1           0  0.48s           2025-06-18T13:03:57
================================================================================
[2025-06-18T13:04:52.929+0000] {manager.py:878} INFO - 
================================================================================
DAG File Processing Stats

File Path                                      PID    Runtime      # DAGs    # Errors  Last Runtime    Last Run
---------------------------------------------  -----  ---------  --------  ----------  --------------  -------------------
/opt/airflow/dags/process_sales_dag.py                                  1           0  0.78s           2025-06-18T13:04:38
/opt/airflow/dags/enrich_user_profiles_dag.py                           1           0  0.39s           2025-06-18T13:04:29
/opt/airflow/dags/process_customers_dag.py                              1           0  0.34s           2025-06-18T13:04:29
================================================================================
[2025-06-18T13:05:23.850+0000] {manager.py:878} INFO - 
================================================================================
DAG File Processing Stats

File Path                                      PID    Runtime      # DAGs    # Errors  Last Runtime    Last Run
---------------------------------------------  -----  ---------  --------  ----------  --------------  -------------------
/opt/airflow/dags/enrich_user_profiles_dag.py                           1           0  0.63s           2025-06-18T13:05:00
/opt/airflow/dags/process_customers_dag.py                              1           0  0.52s           2025-06-18T13:05:00
/opt/airflow/dags/process_sales_dag.py                                  1           0  0.20s           2025-06-18T13:05:09
================================================================================
[2025-06-18T13:05:54.766+0000] {manager.py:878} INFO - 
================================================================================
DAG File Processing Stats

File Path                                      PID    Runtime      # DAGs    # Errors  Last Runtime    Last Run
---------------------------------------------  -----  ---------  --------  ----------  --------------  -------------------
/opt/airflow/dags/process_customers_dag.py                              1           0  0.35s           2025-06-18T13:05:30
/opt/airflow/dags/enrich_user_profiles_dag.py                           1           0  0.29s           2025-06-18T13:05:30
/opt/airflow/dags/process_sales_dag.py                                  1           0  0.24s           2025-06-18T13:05:40
================================================================================
[2025-06-18T13:06:25.109+0000] {manager.py:878} INFO - 
================================================================================
DAG File Processing Stats

File Path                                      PID    Runtime      # DAGs    # Errors  Last Runtime    Last Run
---------------------------------------------  -----  ---------  --------  ----------  --------------  -------------------
/opt/airflow/dags/process_customers_dag.py                              1           0  0.97s           2025-06-18T13:06:01
/opt/airflow/dags/enrich_user_profiles_dag.py                           1           0  0.94s           2025-06-18T13:06:01
/opt/airflow/dags/process_sales_dag.py                                  1           0  0.19s           2025-06-18T13:06:10
================================================================================
[2025-06-18T13:06:55.966+0000] {manager.py:878} INFO - 
================================================================================
DAG File Processing Stats

File Path                                      PID    Runtime      # DAGs    # Errors  Last Runtime    Last Run
---------------------------------------------  -----  ---------  --------  ----------  --------------  -------------------
/opt/airflow/dags/process_sales_dag.py                                  1           0  1.12s           2025-06-18T13:06:41
/opt/airflow/dags/enrich_user_profiles_dag.py                           1           0  0.26s           2025-06-18T13:06:32
/opt/airflow/dags/process_customers_dag.py                              1           0  0.26s           2025-06-18T13:06:32
================================================================================
[2025-06-18T13:07:26.257+0000] {manager.py:878} INFO - 
================================================================================
DAG File Processing Stats

File Path                                      PID    Runtime      # DAGs    # Errors  Last Runtime    Last Run
---------------------------------------------  -----  ---------  --------  ----------  --------------  -------------------
/opt/airflow/dags/process_sales_dag.py                                  1           0  0.89s           2025-06-18T13:07:13
/opt/airflow/dags/process_customers_dag.py                              1           0  0.78s           2025-06-18T13:07:03
/opt/airflow/dags/enrich_user_profiles_dag.py                           1           0  0.76s           2025-06-18T13:07:03
================================================================================
[2025-06-18T13:07:56.670+0000] {manager.py:878} INFO - 
================================================================================
DAG File Processing Stats

File Path                                      PID    Runtime      # DAGs    # Errors  Last Runtime    Last Run
---------------------------------------------  -----  ---------  --------  ----------  --------------  -------------------
/opt/airflow/dags/process_sales_dag.py                                  1           0  0.57s           2025-06-18T13:07:43
/opt/airflow/dags/enrich_user_profiles_dag.py                           1           0  0.18s           2025-06-18T13:07:34
/opt/airflow/dags/process_customers_dag.py                              1           0  0.18s           2025-06-18T13:07:34
================================================================================
[2025-06-18T13:08:27.132+0000] {manager.py:878} INFO - 
================================================================================
DAG File Processing Stats

File Path                                      PID    Runtime      # DAGs    # Errors  Last Runtime    Last Run
---------------------------------------------  -----  ---------  --------  ----------  --------------  -------------------
/opt/airflow/dags/enrich_user_profiles_dag.py                           1           0  0.52s           2025-06-18T13:08:04
/opt/airflow/dags/process_customers_dag.py                              1           0  0.28s           2025-06-18T13:08:05
/opt/airflow/dags/process_sales_dag.py                                  1           0  0.18s           2025-06-18T13:08:14
================================================================================
[2025-06-18T13:08:32.185+0000] {manager.py:737} INFO - Searching for files in /opt/airflow/dags
[2025-06-18T13:08:32.224+0000] {manager.py:740} INFO - There are 3 files in /opt/airflow/dags
[2025-06-18T13:08:57.179+0000] {manager.py:878} INFO - 
================================================================================
DAG File Processing Stats

File Path                                      PID    Runtime      # DAGs    # Errors  Last Runtime    Last Run
---------------------------------------------  -----  ---------  --------  ----------  --------------  -------------------
/opt/airflow/dags/process_sales_dag.py                                  1           0  0.29s           2025-06-18T13:08:45
/opt/airflow/dags/enrich_user_profiles_dag.py                           1           0  0.24s           2025-06-18T13:08:35
/opt/airflow/dags/process_customers_dag.py                              1           0  0.24s           2025-06-18T13:08:35
================================================================================
[2025-06-18T13:09:27.862+0000] {manager.py:878} INFO - 
================================================================================
DAG File Processing Stats

File Path                                      PID    Runtime      # DAGs    # Errors  Last Runtime    Last Run
---------------------------------------------  -----  ---------  --------  ----------  --------------  -------------------
/opt/airflow/dags/process_customers_dag.py                              1           0  0.83s           2025-06-18T13:09:06
/opt/airflow/dags/enrich_user_profiles_dag.py                           1           0  0.79s           2025-06-18T13:09:06
/opt/airflow/dags/process_sales_dag.py                                  1           0  0.20s           2025-06-18T13:09:16
================================================================================
[2025-06-18T13:09:57.935+0000] {manager.py:878} INFO - 
================================================================================
DAG File Processing Stats

File Path                                      PID    Runtime      # DAGs    # Errors  Last Runtime    Last Run
---------------------------------------------  -----  ---------  --------  ----------  --------------  -------------------
/opt/airflow/dags/process_sales_dag.py                                  1           0  0.44s           2025-06-18T13:09:46
/opt/airflow/dags/enrich_user_profiles_dag.py                           1           0  0.35s           2025-06-18T13:09:37
/opt/airflow/dags/process_customers_dag.py                              1           0  0.32s           2025-06-18T13:09:37
================================================================================
[2025-06-18T13:10:28.001+0000] {manager.py:878} INFO - 
================================================================================
DAG File Processing Stats

File Path                                      PID    Runtime      # DAGs    # Errors  Last Runtime    Last Run
---------------------------------------------  -----  ---------  --------  ----------  --------------  -------------------
/opt/airflow/dags/enrich_user_profiles_dag.py                           1           0  1.06s           2025-06-18T13:10:09
/opt/airflow/dags/process_customers_dag.py                              1           0  1.06s           2025-06-18T13:10:09
/opt/airflow/dags/process_sales_dag.py                                  1           0  0.37s           2025-06-18T13:10:17
================================================================================
[2025-06-18T13:10:58.454+0000] {manager.py:878} INFO - 
================================================================================
DAG File Processing Stats

File Path                                      PID    Runtime      # DAGs    # Errors  Last Runtime    Last Run
---------------------------------------------  -----  ---------  --------  ----------  --------------  -------------------
/opt/airflow/dags/enrich_user_profiles_dag.py                           1           0  1.08s           2025-06-18T13:10:41
/opt/airflow/dags/process_customers_dag.py                              1           0  1.05s           2025-06-18T13:10:41
/opt/airflow/dags/process_sales_dag.py                                  1           0  0.31s           2025-06-18T13:10:48
================================================================================
[2025-06-18T13:11:28.732+0000] {manager.py:878} INFO - 
================================================================================
DAG File Processing Stats

File Path                                      PID    Runtime      # DAGs    # Errors  Last Runtime    Last Run
---------------------------------------------  -----  ---------  --------  ----------  --------------  -------------------
/opt/airflow/dags/process_customers_dag.py                              1           0  1.23s           2025-06-18T13:11:13
/opt/airflow/dags/enrich_user_profiles_dag.py                           1           0  1.13s           2025-06-18T13:11:12
/opt/airflow/dags/process_sales_dag.py                                  1           0  0.18s           2025-06-18T13:11:19
================================================================================
[2025-06-18T13:11:59.670+0000] {manager.py:878} INFO - 
================================================================================
DAG File Processing Stats

File Path                                      PID    Runtime      # DAGs    # Errors  Last Runtime    Last Run
---------------------------------------------  -----  ---------  --------  ----------  --------------  -------------------
/opt/airflow/dags/process_sales_dag.py                                  1           0  0.28s           2025-06-18T13:11:49
/opt/airflow/dags/enrich_user_profiles_dag.py                           1           0  0.20s           2025-06-18T13:11:43
/opt/airflow/dags/process_customers_dag.py                              1           0  0.19s           2025-06-18T13:11:43
================================================================================
[2025-06-18T13:12:29.784+0000] {manager.py:878} INFO - 
================================================================================
DAG File Processing Stats

File Path                                      PID    Runtime      # DAGs    # Errors  Last Runtime    Last Run
---------------------------------------------  -----  ---------  --------  ----------  --------------  -------------------
/opt/airflow/dags/enrich_user_profiles_dag.py                           1           0  0.41s           2025-06-18T13:12:14
/opt/airflow/dags/process_sales_dag.py                                  1           0  0.37s           2025-06-18T13:12:19
/opt/airflow/dags/process_customers_dag.py                              1           0  0.32s           2025-06-18T13:12:14
================================================================================
[2025-06-18T13:12:59.776+0000] {manager.py:878} INFO - 
================================================================================
DAG File Processing Stats

File Path                                      PID    Runtime      # DAGs    # Errors  Last Runtime    Last Run
---------------------------------------------  -----  ---------  --------  ----------  --------------  -------------------
/opt/airflow/dags/enrich_user_profiles_dag.py                           1           0  0.52s           2025-06-18T13:12:45
/opt/airflow/dags/process_customers_dag.py                              1           0  0.40s           2025-06-18T13:12:45
/opt/airflow/dags/process_sales_dag.py                                  1           0  0.19s           2025-06-18T13:12:50
================================================================================
[2025-06-18T13:13:30.357+0000] {manager.py:878} INFO - 
================================================================================
DAG File Processing Stats

File Path                                      PID    Runtime      # DAGs    # Errors  Last Runtime    Last Run
---------------------------------------------  -----  ---------  --------  ----------  --------------  -------------------
/opt/airflow/dags/process_sales_dag.py                                  1           0  0.41s           2025-06-18T13:13:21
/opt/airflow/dags/process_customers_dag.py                              1           0  0.37s           2025-06-18T13:13:16
/opt/airflow/dags/enrich_user_profiles_dag.py                           1           0  0.36s           2025-06-18T13:13:16
================================================================================
[2025-06-18T13:13:32.373+0000] {manager.py:737} INFO - Searching for files in /opt/airflow/dags
[2025-06-18T13:13:32.433+0000] {manager.py:740} INFO - There are 3 files in /opt/airflow/dags
[2025-06-18T13:14:00.880+0000] {manager.py:878} INFO - 
================================================================================
DAG File Processing Stats

File Path                                      PID    Runtime      # DAGs    # Errors  Last Runtime    Last Run
---------------------------------------------  -----  ---------  --------  ----------  --------------  -------------------
/opt/airflow/dags/enrich_user_profiles_dag.py                           1           0  2.47s           2025-06-18T13:13:49
/opt/airflow/dags/process_customers_dag.py                              1           0  2.43s           2025-06-18T13:13:49
/opt/airflow/dags/process_sales_dag.py                                  1           0  0.18s           2025-06-18T13:13:51
================================================================================
[2025-06-18T13:14:30.998+0000] {manager.py:878} INFO - 
================================================================================
DAG File Processing Stats

File Path                                      PID    Runtime      # DAGs    # Errors  Last Runtime    Last Run
---------------------------------------------  -----  ---------  --------  ----------  --------------  -------------------
/opt/airflow/dags/process_customers_dag.py                              1           0  0.88s           2025-06-18T13:14:20
/opt/airflow/dags/enrich_user_profiles_dag.py                           1           0  0.77s           2025-06-18T13:14:20
/opt/airflow/dags/process_sales_dag.py                                  1           0  0.44s           2025-06-18T13:14:22
================================================================================
[2025-06-18T13:15:01.152+0000] {manager.py:878} INFO - 
================================================================================
DAG File Processing Stats

File Path                                      PID    Runtime      # DAGs    # Errors  Last Runtime    Last Run
---------------------------------------------  -----  ---------  --------  ----------  --------------  -------------------
/opt/airflow/dags/enrich_user_profiles_dag.py                           1           0  1.03s           2025-06-18T13:14:51
/opt/airflow/dags/process_customers_dag.py                              1           0  1.00s           2025-06-18T13:14:51
/opt/airflow/dags/process_sales_dag.py                                  1           0  0.32s           2025-06-18T13:14:53
================================================================================
[2025-06-18T13:15:31.663+0000] {manager.py:878} INFO - 
================================================================================
DAG File Processing Stats

File Path                                      PID    Runtime      # DAGs    # Errors  Last Runtime    Last Run
---------------------------------------------  -----  ---------  --------  ----------  --------------  -------------------
/opt/airflow/dags/process_sales_dag.py                                  1           0  1.01s           2025-06-18T13:15:25
/opt/airflow/dags/enrich_user_profiles_dag.py                           1           0  0.44s           2025-06-18T13:15:22
/opt/airflow/dags/process_customers_dag.py                              1           0  0.42s           2025-06-18T13:15:22
================================================================================
[2025-06-18T13:16:01.711+0000] {manager.py:878} INFO - 
================================================================================
DAG File Processing Stats

File Path                                      PID    Runtime      # DAGs    # Errors  Last Runtime    Last Run
---------------------------------------------  -----  ---------  --------  ----------  --------------  -------------------
/opt/airflow/dags/process_customers_dag.py                              1           0  1.41s           2025-06-18T13:15:54
/opt/airflow/dags/enrich_user_profiles_dag.py                           1           0  1.31s           2025-06-18T13:15:54
/opt/airflow/dags/process_sales_dag.py                                  1           0  0.34s           2025-06-18T13:15:56
================================================================================
[2025-06-18T13:16:31.967+0000] {manager.py:878} INFO - 
================================================================================
DAG File Processing Stats

File Path                                      PID    Runtime      # DAGs    # Errors  Last Runtime    Last Run
---------------------------------------------  -----  ---------  --------  ----------  --------------  -------------------
/opt/airflow/dags/process_customers_dag.py                              1           0  0.57s           2025-06-18T13:16:25
/opt/airflow/dags/enrich_user_profiles_dag.py                           1           0  0.39s           2025-06-18T13:16:24
/opt/airflow/dags/process_sales_dag.py                                  1           0  0.21s           2025-06-18T13:16:27
================================================================================
[2025-06-18T13:17:02.655+0000] {manager.py:878} INFO - 
================================================================================
DAG File Processing Stats

File Path                                      PID    Runtime      # DAGs    # Errors  Last Runtime    Last Run
---------------------------------------------  -----  ---------  --------  ----------  --------------  -------------------
/opt/airflow/dags/process_sales_dag.py                                  1           0  0.27s           2025-06-18T13:16:57
/opt/airflow/dags/process_customers_dag.py                              1           0  0.22s           2025-06-18T13:16:56
/opt/airflow/dags/enrich_user_profiles_dag.py                           1           0  0.18s           2025-06-18T13:16:55
================================================================================
[2025-06-18T13:17:33.446+0000] {manager.py:878} INFO - 
================================================================================
DAG File Processing Stats

File Path                                      PID    Runtime      # DAGs    # Errors  Last Runtime    Last Run
---------------------------------------------  -----  ---------  --------  ----------  --------------  -------------------
/opt/airflow/dags/process_customers_dag.py                              1           0  0.96s           2025-06-18T13:17:28
/opt/airflow/dags/enrich_user_profiles_dag.py                           1           0  0.21s           2025-06-18T13:17:26
/opt/airflow/dags/process_sales_dag.py                                  1           0  0.19s           2025-06-18T13:17:28
================================================================================
[2025-06-18T13:18:03.650+0000] {manager.py:878} INFO - 
================================================================================
DAG File Processing Stats

File Path                                      PID    Runtime      # DAGs    # Errors  Last Runtime    Last Run
---------------------------------------------  -----  ---------  --------  ----------  --------------  -------------------
/opt/airflow/dags/process_customers_dag.py                              1           0  0.23s           2025-06-18T13:17:58
/opt/airflow/dags/process_sales_dag.py                                  1           0  0.23s           2025-06-18T13:17:58
/opt/airflow/dags/enrich_user_profiles_dag.py                           1           0  0.18s           2025-06-18T13:17:57
================================================================================
[2025-06-18T13:18:32.553+0000] {manager.py:737} INFO - Searching for files in /opt/airflow/dags
[2025-06-18T13:18:32.607+0000] {manager.py:740} INFO - There are 3 files in /opt/airflow/dags
[2025-06-18T13:18:34.208+0000] {manager.py:878} INFO - 
================================================================================
DAG File Processing Stats

File Path                                      PID    Runtime      # DAGs    # Errors  Last Runtime    Last Run
---------------------------------------------  -----  ---------  --------  ----------  --------------  -------------------
/opt/airflow/dags/process_customers_dag.py                              1           0  1.00s           2025-06-18T13:18:30
/opt/airflow/dags/process_sales_dag.py                                  1           0  0.64s           2025-06-18T13:18:30
/opt/airflow/dags/enrich_user_profiles_dag.py                           1           0  0.22s           2025-06-18T13:18:28
================================================================================
[2025-06-18T13:19:04.924+0000] {manager.py:878} INFO - 
================================================================================
DAG File Processing Stats

File Path                                      PID    Runtime      # DAGs    # Errors  Last Runtime    Last Run
---------------------------------------------  -----  ---------  --------  ----------  --------------  -------------------
/opt/airflow/dags/process_sales_dag.py                                  1           0  0.28s           2025-06-18T13:19:00
/opt/airflow/dags/process_customers_dag.py                              1           0  0.28s           2025-06-18T13:19:00
/opt/airflow/dags/enrich_user_profiles_dag.py                           1           0  0.19s           2025-06-18T13:18:58
================================================================================
[2025-06-18T13:19:35.899+0000] {manager.py:878} INFO - 
================================================================================
DAG File Processing Stats

File Path                                      PID    Runtime      # DAGs    # Errors  Last Runtime    Last Run
---------------------------------------------  -----  ---------  --------  ----------  --------------  -------------------
/opt/airflow/dags/process_customers_dag.py                              1           0  0.75s           2025-06-18T13:19:31
/opt/airflow/dags/process_sales_dag.py                                  1           0  0.74s           2025-06-18T13:19:31
/opt/airflow/dags/enrich_user_profiles_dag.py                           1           0  0.55s           2025-06-18T13:19:30
================================================================================
[2025-06-18T13:20:06.794+0000] {manager.py:878} INFO - 
================================================================================
DAG File Processing Stats

File Path                                      PID    Runtime      # DAGs    # Errors  Last Runtime    Last Run
---------------------------------------------  -----  ---------  --------  ----------  --------------  -------------------
/opt/airflow/dags/process_customers_dag.py                              1           0  1.10s           2025-06-18T13:20:03
/opt/airflow/dags/process_sales_dag.py                                  1           0  0.75s           2025-06-18T13:20:03
/opt/airflow/dags/enrich_user_profiles_dag.py                           1           0  0.27s           2025-06-18T13:20:00
================================================================================
[2025-06-18T13:20:36.829+0000] {manager.py:878} INFO - 
================================================================================
DAG File Processing Stats

File Path                                      PID    Runtime      # DAGs    # Errors  Last Runtime    Last Run
---------------------------------------------  -----  ---------  --------  ----------  --------------  -------------------
/opt/airflow/dags/enrich_user_profiles_dag.py                           1           0  0.31s           2025-06-18T13:20:31
/opt/airflow/dags/process_sales_dag.py                                  1           0  0.24s           2025-06-18T13:20:34
/opt/airflow/dags/process_customers_dag.py                              1           0  0.21s           2025-06-18T13:20:34
================================================================================
[2025-06-18T13:21:07.526+0000] {manager.py:878} INFO - 
================================================================================
DAG File Processing Stats

File Path                                      PID    Runtime      # DAGs    # Errors  Last Runtime    Last Run
---------------------------------------------  -----  ---------  --------  ----------  --------------  -------------------
/opt/airflow/dags/process_customers_dag.py                              1           0  0.85s           2025-06-18T13:21:06
/opt/airflow/dags/process_sales_dag.py                                  1           0  0.60s           2025-06-18T13:21:06
/opt/airflow/dags/enrich_user_profiles_dag.py                           1           0  0.19s           2025-06-18T13:21:02
================================================================================
[2025-06-18T13:21:37.878+0000] {manager.py:878} INFO - 
================================================================================
DAG File Processing Stats

File Path                                        PID  Runtime      # DAGs    # Errors  Last Runtime    Last Run
---------------------------------------------  -----  ---------  --------  ----------  --------------  -------------------
/opt/airflow/dags/process_customers_dag.py      2862  0.78s             1           0  0.85s           2025-06-18T13:21:06
/opt/airflow/dags/process_sales_dag.py          2865  0.75s             1           0  0.60s           2025-06-18T13:21:06
/opt/airflow/dags/enrich_user_profiles_dag.py                           1           0  0.38s           2025-06-18T13:21:33
================================================================================
[2025-06-18T13:22:08.158+0000] {manager.py:878} INFO - 
================================================================================
DAG File Processing Stats

File Path                                      PID    Runtime      # DAGs    # Errors  Last Runtime    Last Run
---------------------------------------------  -----  ---------  --------  ----------  --------------  -------------------
/opt/airflow/dags/process_customers_dag.py                              1           0  1.27s           2025-06-18T13:21:38
/opt/airflow/dags/process_sales_dag.py                                  1           0  1.26s           2025-06-18T13:21:38
/opt/airflow/dags/enrich_user_profiles_dag.py                           1           0  0.33s           2025-06-18T13:22:04
================================================================================
[2025-06-18T13:22:38.179+0000] {manager.py:878} INFO - 
================================================================================
DAG File Processing Stats

File Path                                      PID    Runtime      # DAGs    # Errors  Last Runtime    Last Run
---------------------------------------------  -----  ---------  --------  ----------  --------------  -------------------
/opt/airflow/dags/process_customers_dag.py                              1           0  0.79s           2025-06-18T13:22:09
/opt/airflow/dags/process_sales_dag.py                                  1           0  0.75s           2025-06-18T13:22:09
/opt/airflow/dags/enrich_user_profiles_dag.py                           1           0  0.26s           2025-06-18T13:22:35
================================================================================
[2025-06-18T13:23:08.282+0000] {manager.py:878} INFO - 
================================================================================
DAG File Processing Stats

File Path                                      PID    Runtime      # DAGs    # Errors  Last Runtime    Last Run
---------------------------------------------  -----  ---------  --------  ----------  --------------  -------------------
/opt/airflow/dags/process_customers_dag.py                              1           0  0.50s           2025-06-18T13:22:40
/opt/airflow/dags/process_sales_dag.py                                  1           0  0.41s           2025-06-18T13:22:40
/opt/airflow/dags/enrich_user_profiles_dag.py                           1           0  0.31s           2025-06-18T13:23:06
================================================================================
[2025-06-18T13:23:32.568+0000] {manager.py:737} INFO - Searching for files in /opt/airflow/dags
[2025-06-18T13:23:32.607+0000] {manager.py:740} INFO - There are 3 files in /opt/airflow/dags
[2025-06-18T13:23:38.682+0000] {manager.py:878} INFO - 
================================================================================
DAG File Processing Stats

File Path                                      PID    Runtime      # DAGs    # Errors  Last Runtime    Last Run
---------------------------------------------  -----  ---------  --------  ----------  --------------  -------------------
/opt/airflow/dags/process_customers_dag.py                              1           0  0.41s           2025-06-18T13:23:11
/opt/airflow/dags/process_sales_dag.py                                  1           0  0.40s           2025-06-18T13:23:11
/opt/airflow/dags/enrich_user_profiles_dag.py                           1           0  0.25s           2025-06-18T13:23:36
================================================================================
[2025-06-18T13:24:09.000+0000] {manager.py:878} INFO - 
================================================================================
DAG File Processing Stats

File Path                                      PID    Runtime      # DAGs    # Errors  Last Runtime    Last Run
---------------------------------------------  -----  ---------  --------  ----------  --------------  -------------------
/opt/airflow/dags/enrich_user_profiles_dag.py                           1           0  1.05s           2025-06-18T13:24:08
/opt/airflow/dags/process_sales_dag.py                                  1           0  1.03s           2025-06-18T13:23:43
/opt/airflow/dags/process_customers_dag.py                              1           0  0.97s           2025-06-18T13:23:43
================================================================================
[2025-06-18T13:24:39.810+0000] {manager.py:878} INFO - 
================================================================================
DAG File Processing Stats

File Path                                      PID    Runtime      # DAGs    # Errors  Last Runtime    Last Run
---------------------------------------------  -----  ---------  --------  ----------  --------------  -------------------
/opt/airflow/dags/process_sales_dag.py                                  1           0  1.19s           2025-06-18T13:24:15
/opt/airflow/dags/process_customers_dag.py                              1           0  1.17s           2025-06-18T13:24:15
/opt/airflow/dags/enrich_user_profiles_dag.py                           1           0  0.22s           2025-06-18T13:24:38
================================================================================
[2025-06-18T13:25:10.573+0000] {manager.py:878} INFO - 
================================================================================
DAG File Processing Stats

File Path                                      PID    Runtime      # DAGs    # Errors  Last Runtime    Last Run
---------------------------------------------  -----  ---------  --------  ----------  --------------  -------------------
/opt/airflow/dags/process_customers_dag.py                              1           0  0.25s           2025-06-18T13:24:46
/opt/airflow/dags/process_sales_dag.py                                  1           0  0.25s           2025-06-18T13:24:46
/opt/airflow/dags/enrich_user_profiles_dag.py                           1           0  0.19s           2025-06-18T13:25:09
================================================================================
[2025-06-18T13:25:41.398+0000] {manager.py:878} INFO - 
================================================================================
DAG File Processing Stats

File Path                                      PID    Runtime      # DAGs    # Errors  Last Runtime    Last Run
---------------------------------------------  -----  ---------  --------  ----------  --------------  -------------------
/opt/airflow/dags/process_sales_dag.py                                  1           0  0.85s           2025-06-18T13:25:17
/opt/airflow/dags/process_customers_dag.py                              1           0  0.60s           2025-06-18T13:25:17
/opt/airflow/dags/enrich_user_profiles_dag.py                           1           0  0.46s           2025-06-18T13:25:40
================================================================================
[2025-06-18T13:26:11.431+0000] {manager.py:878} INFO - 
================================================================================
DAG File Processing Stats

File Path                                      PID    Runtime      # DAGs    # Errors  Last Runtime    Last Run
---------------------------------------------  -----  ---------  --------  ----------  --------------  -------------------
/opt/airflow/dags/process_sales_dag.py                                  1           0  0.45s           2025-06-18T13:25:48
/opt/airflow/dags/process_customers_dag.py                              1           0  0.41s           2025-06-18T13:25:47
/opt/airflow/dags/enrich_user_profiles_dag.py                           1           0  0.19s           2025-06-18T13:26:11
================================================================================
[2025-06-18T13:26:41.937+0000] {manager.py:878} INFO - 
================================================================================
DAG File Processing Stats

File Path                                        PID  Runtime      # DAGs    # Errors  Last Runtime    Last Run
---------------------------------------------  -----  ---------  --------  ----------  --------------  -------------------
/opt/airflow/dags/process_customers_dag.py                              1           0  0.23s           2025-06-18T13:26:18
/opt/airflow/dags/process_sales_dag.py                                  1           0  0.23s           2025-06-18T13:26:18
/opt/airflow/dags/enrich_user_profiles_dag.py   3007  0.01s             1           0  0.19s           2025-06-18T13:26:11
================================================================================
[2025-06-18T13:27:12.388+0000] {manager.py:878} INFO - 
================================================================================
DAG File Processing Stats

File Path                                      PID    Runtime      # DAGs    # Errors  Last Runtime    Last Run
---------------------------------------------  -----  ---------  --------  ----------  --------------  -------------------
/opt/airflow/dags/process_customers_dag.py                              1           0  1.17s           2025-06-18T13:26:50
/opt/airflow/dags/process_sales_dag.py                                  1           0  1.13s           2025-06-18T13:26:50
/opt/airflow/dags/enrich_user_profiles_dag.py                           1           0  0.88s           2025-06-18T13:26:42
================================================================================
[2025-06-18T13:27:42.847+0000] {manager.py:878} INFO - 
================================================================================
DAG File Processing Stats

File Path                                      PID    Runtime      # DAGs    # Errors  Last Runtime    Last Run
---------------------------------------------  -----  ---------  --------  ----------  --------------  -------------------
/opt/airflow/dags/enrich_user_profiles_dag.py                           1           0  0.46s           2025-06-18T13:27:14
/opt/airflow/dags/process_customers_dag.py                              1           0  0.25s           2025-06-18T13:27:20
/opt/airflow/dags/process_sales_dag.py                                  1           0  0.25s           2025-06-18T13:27:20
================================================================================
[2025-06-18T13:28:12.882+0000] {manager.py:878} INFO - 
================================================================================
DAG File Processing Stats

File Path                                      PID    Runtime      # DAGs    # Errors  Last Runtime    Last Run
---------------------------------------------  -----  ---------  --------  ----------  --------------  -------------------
/opt/airflow/dags/process_customers_dag.py                              1           0  0.44s           2025-06-18T13:27:51
/opt/airflow/dags/process_sales_dag.py                                  1           0  0.36s           2025-06-18T13:27:51
/opt/airflow/dags/enrich_user_profiles_dag.py                           1           0  0.19s           2025-06-18T13:27:45
================================================================================
[2025-06-18T13:28:32.869+0000] {manager.py:737} INFO - Searching for files in /opt/airflow/dags
[2025-06-18T13:28:32.957+0000] {manager.py:740} INFO - There are 3 files in /opt/airflow/dags
[2025-06-18T13:28:43.107+0000] {manager.py:878} INFO - 
================================================================================
DAG File Processing Stats

File Path                                      PID    Runtime      # DAGs    # Errors  Last Runtime    Last Run
---------------------------------------------  -----  ---------  --------  ----------  --------------  -------------------
/opt/airflow/dags/process_sales_dag.py                                  1           0  0.73s           2025-06-18T13:28:22
/opt/airflow/dags/process_customers_dag.py                              1           0  0.67s           2025-06-18T13:28:22
/opt/airflow/dags/enrich_user_profiles_dag.py                           1           0  0.20s           2025-06-18T13:28:16
================================================================================
[2025-06-18T13:29:13.600+0000] {manager.py:878} INFO - 
================================================================================
DAG File Processing Stats

File Path                                      PID    Runtime      # DAGs    # Errors  Last Runtime    Last Run
---------------------------------------------  -----  ---------  --------  ----------  --------------  -------------------
/opt/airflow/dags/process_customers_dag.py                              1           0  0.99s           2025-06-18T13:28:54
/opt/airflow/dags/process_sales_dag.py                                  1           0  0.90s           2025-06-18T13:28:54
/opt/airflow/dags/enrich_user_profiles_dag.py                           1           0  0.20s           2025-06-18T13:28:46
================================================================================
[2025-06-18T13:29:44.484+0000] {manager.py:878} INFO - 
================================================================================
DAG File Processing Stats

File Path                                      PID    Runtime      # DAGs    # Errors  Last Runtime    Last Run
---------------------------------------------  -----  ---------  --------  ----------  --------------  -------------------
/opt/airflow/dags/process_customers_dag.py                              1           0  0.29s           2025-06-18T13:29:25
/opt/airflow/dags/process_sales_dag.py                                  1           0  0.27s           2025-06-18T13:29:25
/opt/airflow/dags/enrich_user_profiles_dag.py                           1           0  0.26s           2025-06-18T13:29:16
================================================================================
[2025-06-18T13:30:14.892+0000] {manager.py:878} INFO - 
================================================================================
DAG File Processing Stats

File Path                                      PID    Runtime      # DAGs    # Errors  Last Runtime    Last Run
---------------------------------------------  -----  ---------  --------  ----------  --------------  -------------------
/opt/airflow/dags/enrich_user_profiles_dag.py                           1           0  0.46s           2025-06-18T13:29:47
/opt/airflow/dags/process_customers_dag.py                              1           0  0.40s           2025-06-18T13:29:56
/opt/airflow/dags/process_sales_dag.py                                  1           0  0.38s           2025-06-18T13:29:56
================================================================================
[2025-06-18T13:30:44.916+0000] {manager.py:878} INFO - 
================================================================================
DAG File Processing Stats

File Path                                      PID    Runtime      # DAGs    # Errors  Last Runtime    Last Run
---------------------------------------------  -----  ---------  --------  ----------  --------------  -------------------
/opt/airflow/dags/process_customers_dag.py                              1           0  0.58s           2025-06-18T13:30:27
/opt/airflow/dags/process_sales_dag.py                                  1           0  0.53s           2025-06-18T13:30:27
/opt/airflow/dags/enrich_user_profiles_dag.py                           1           0  0.24s           2025-06-18T13:30:18
================================================================================
[2025-06-18T13:31:15.243+0000] {manager.py:878} INFO - 
================================================================================
DAG File Processing Stats

File Path                                      PID    Runtime      # DAGs    # Errors  Last Runtime    Last Run
---------------------------------------------  -----  ---------  --------  ----------  --------------  -------------------
/opt/airflow/dags/process_customers_dag.py                              1           0  0.48s           2025-06-18T13:30:57
/opt/airflow/dags/process_sales_dag.py                                  1           0  0.43s           2025-06-18T13:30:58
/opt/airflow/dags/enrich_user_profiles_dag.py                           1           0  0.30s           2025-06-18T13:30:49
================================================================================
[2025-06-18T13:31:45.857+0000] {manager.py:878} INFO - 
================================================================================
DAG File Processing Stats

File Path                                      PID    Runtime      # DAGs    # Errors  Last Runtime    Last Run
---------------------------------------------  -----  ---------  --------  ----------  --------------  -------------------
/opt/airflow/dags/enrich_user_profiles_dag.py                           1           0  0.71s           2025-06-18T13:31:20
/opt/airflow/dags/process_sales_dag.py                                  1           0  0.25s           2025-06-18T13:31:28
/opt/airflow/dags/process_customers_dag.py                              1           0  0.25s           2025-06-18T13:31:28
================================================================================
[2025-06-18T13:32:16.644+0000] {manager.py:878} INFO - 
================================================================================
DAG File Processing Stats

File Path                                      PID    Runtime      # DAGs    # Errors  Last Runtime    Last Run
---------------------------------------------  -----  ---------  --------  ----------  --------------  -------------------
/opt/airflow/dags/enrich_user_profiles_dag.py                           1           0  0.26s           2025-06-18T13:31:51
/opt/airflow/dags/process_customers_dag.py                              1           0  0.26s           2025-06-18T13:31:59
/opt/airflow/dags/process_sales_dag.py                                  1           0  0.22s           2025-06-18T13:31:59
================================================================================
[2025-06-18T13:32:47.478+0000] {manager.py:878} INFO - 
================================================================================
DAG File Processing Stats

File Path                                      PID    Runtime      # DAGs    # Errors  Last Runtime    Last Run
---------------------------------------------  -----  ---------  --------  ----------  --------------  -------------------
/opt/airflow/dags/process_customers_dag.py                              1           0  0.29s           2025-06-18T13:32:30
/opt/airflow/dags/enrich_user_profiles_dag.py                           1           0  0.27s           2025-06-18T13:32:21
/opt/airflow/dags/process_sales_dag.py                                  1           0  0.26s           2025-06-18T13:32:30
================================================================================
[2025-06-18T13:33:17.900+0000] {manager.py:878} INFO - 
================================================================================
DAG File Processing Stats

File Path                                      PID    Runtime      # DAGs    # Errors  Last Runtime    Last Run
---------------------------------------------  -----  ---------  --------  ----------  --------------  -------------------
/opt/airflow/dags/process_sales_dag.py                                  1           0  1.04s           2025-06-18T13:33:01
/opt/airflow/dags/process_customers_dag.py                              1           0  0.90s           2025-06-18T13:33:01
/opt/airflow/dags/enrich_user_profiles_dag.py                           1           0  0.22s           2025-06-18T13:32:52
================================================================================
[2025-06-18T13:33:33.359+0000] {manager.py:737} INFO - Searching for files in /opt/airflow/dags
[2025-06-18T13:33:33.486+0000] {manager.py:740} INFO - There are 3 files in /opt/airflow/dags
[2025-06-18T13:33:48.867+0000] {manager.py:878} INFO - 
================================================================================
DAG File Processing Stats

File Path                                      PID    Runtime      # DAGs    # Errors  Last Runtime    Last Run
---------------------------------------------  -----  ---------  --------  ----------  --------------  -------------------
/opt/airflow/dags/process_sales_dag.py                                  1           0  0.24s           2025-06-18T13:33:32
/opt/airflow/dags/process_customers_dag.py                              1           0  0.23s           2025-06-18T13:33:32
/opt/airflow/dags/enrich_user_profiles_dag.py                           1           0  0.21s           2025-06-18T13:33:23
================================================================================
[2025-06-18T13:34:19.735+0000] {manager.py:878} INFO - 
================================================================================
DAG File Processing Stats

File Path                                      PID    Runtime      # DAGs    # Errors  Last Runtime    Last Run
---------------------------------------------  -----  ---------  --------  ----------  --------------  -------------------
/opt/airflow/dags/process_sales_dag.py                                  1           0  0.26s           2025-06-18T13:34:03
/opt/airflow/dags/process_customers_dag.py                              1           0  0.25s           2025-06-18T13:34:03
/opt/airflow/dags/enrich_user_profiles_dag.py                           1           0  0.20s           2025-06-18T13:33:54
================================================================================
[2025-06-18T13:34:49.881+0000] {manager.py:878} INFO - 
================================================================================
DAG File Processing Stats

File Path                                      PID    Runtime      # DAGs    # Errors  Last Runtime    Last Run
---------------------------------------------  -----  ---------  --------  ----------  --------------  -------------------
/opt/airflow/dags/enrich_user_profiles_dag.py                           1           0  1.05s           2025-06-18T13:34:25
/opt/airflow/dags/process_customers_dag.py                              1           0  0.40s           2025-06-18T13:34:34
/opt/airflow/dags/process_sales_dag.py                                  1           0  0.39s           2025-06-18T13:34:34
================================================================================
[2025-06-18T13:35:20.032+0000] {manager.py:878} INFO - 
================================================================================
DAG File Processing Stats

File Path                                      PID    Runtime      # DAGs    # Errors  Last Runtime    Last Run
---------------------------------------------  -----  ---------  --------  ----------  --------------  -------------------
/opt/airflow/dags/process_customers_dag.py                              1           0  1.42s           2025-06-18T13:35:06
/opt/airflow/dags/process_sales_dag.py                                  1           0  0.99s           2025-06-18T13:35:06
/opt/airflow/dags/enrich_user_profiles_dag.py                           1           0  0.28s           2025-06-18T13:34:56
================================================================================
[2025-06-18T13:35:50.698+0000] {manager.py:878} INFO - 
================================================================================
DAG File Processing Stats

File Path                                      PID    Runtime      # DAGs    # Errors  Last Runtime    Last Run
---------------------------------------------  -----  ---------  --------  ----------  --------------  -------------------
/opt/airflow/dags/process_sales_dag.py                                  1           0  0.55s           2025-06-18T13:35:37
/opt/airflow/dags/process_customers_dag.py                              1           0  0.45s           2025-06-18T13:35:37
/opt/airflow/dags/enrich_user_profiles_dag.py                           1           0  0.31s           2025-06-18T13:35:26
================================================================================
[2025-06-18T13:36:20.811+0000] {manager.py:878} INFO - 
================================================================================
DAG File Processing Stats

File Path                                      PID    Runtime      # DAGs    # Errors  Last Runtime    Last Run
---------------------------------------------  -----  ---------  --------  ----------  --------------  -------------------
/opt/airflow/dags/process_customers_dag.py                              1           0  0.88s           2025-06-18T13:36:08
/opt/airflow/dags/process_sales_dag.py                                  1           0  0.67s           2025-06-18T13:36:08
/opt/airflow/dags/enrich_user_profiles_dag.py                           1           0  0.41s           2025-06-18T13:35:58
================================================================================
[2025-06-18T13:36:50.818+0000] {manager.py:878} INFO - 
================================================================================
DAG File Processing Stats

File Path                                      PID    Runtime      # DAGs    # Errors  Last Runtime    Last Run
---------------------------------------------  -----  ---------  --------  ----------  --------------  -------------------
/opt/airflow/dags/process_sales_dag.py                                  1           0  0.47s           2025-06-18T13:36:39
/opt/airflow/dags/process_customers_dag.py                              1           0  0.43s           2025-06-18T13:36:39
/opt/airflow/dags/enrich_user_profiles_dag.py                           1           0  0.28s           2025-06-18T13:36:29
================================================================================
[2025-06-18T13:37:21.606+0000] {manager.py:878} INFO - 
================================================================================
DAG File Processing Stats

File Path                                      PID    Runtime      # DAGs    # Errors  Last Runtime    Last Run
---------------------------------------------  -----  ---------  --------  ----------  --------------  -------------------
/opt/airflow/dags/process_customers_dag.py                              1           0  0.33s           2025-06-18T13:37:10
/opt/airflow/dags/process_sales_dag.py                                  1           0  0.29s           2025-06-18T13:37:10
/opt/airflow/dags/enrich_user_profiles_dag.py                           1           0  0.24s           2025-06-18T13:37:00
================================================================================
[2025-06-18T13:37:52.155+0000] {manager.py:878} INFO - 
================================================================================
DAG File Processing Stats

File Path                                      PID    Runtime      # DAGs    # Errors  Last Runtime    Last Run
---------------------------------------------  -----  ---------  --------  ----------  --------------  -------------------
/opt/airflow/dags/process_sales_dag.py                                  1           0  0.51s           2025-06-18T13:37:41
/opt/airflow/dags/process_customers_dag.py                              1           0  0.51s           2025-06-18T13:37:41
/opt/airflow/dags/enrich_user_profiles_dag.py                           1           0  0.20s           2025-06-18T13:37:30
================================================================================
[2025-06-18T13:38:22.882+0000] {manager.py:878} INFO - 
================================================================================
DAG File Processing Stats

File Path                                      PID    Runtime      # DAGs    # Errors  Last Runtime    Last Run
---------------------------------------------  -----  ---------  --------  ----------  --------------  -------------------
/opt/airflow/dags/enrich_user_profiles_dag.py                           1           0  1.01s           2025-06-18T13:38:02
/opt/airflow/dags/process_customers_dag.py                              1           0  0.29s           2025-06-18T13:38:11
/opt/airflow/dags/process_sales_dag.py                                  1           0  0.27s           2025-06-18T13:38:11
================================================================================
[2025-06-18T13:38:34.041+0000] {manager.py:737} INFO - Searching for files in /opt/airflow/dags
[2025-06-18T13:38:34.155+0000] {manager.py:740} INFO - There are 3 files in /opt/airflow/dags
[2025-06-18T13:38:52.921+0000] {manager.py:878} INFO - 
================================================================================
DAG File Processing Stats

File Path                                      PID    Runtime      # DAGs    # Errors  Last Runtime    Last Run
---------------------------------------------  -----  ---------  --------  ----------  --------------  -------------------
/opt/airflow/dags/process_sales_dag.py                                  1           0  0.48s           2025-06-18T13:38:42
/opt/airflow/dags/process_customers_dag.py                              1           0  0.45s           2025-06-18T13:38:42
/opt/airflow/dags/enrich_user_profiles_dag.py                           1           0  0.21s           2025-06-18T13:38:33
================================================================================
[2025-06-18T13:39:22.931+0000] {manager.py:878} INFO - 
================================================================================
DAG File Processing Stats

File Path                                      PID    Runtime      # DAGs    # Errors  Last Runtime    Last Run
---------------------------------------------  -----  ---------  --------  ----------  --------------  -------------------
/opt/airflow/dags/process_customers_dag.py                              1           0  0.33s           2025-06-18T13:39:13
/opt/airflow/dags/process_sales_dag.py                                  1           0  0.33s           2025-06-18T13:39:13
/opt/airflow/dags/enrich_user_profiles_dag.py                           1           0  0.18s           2025-06-18T13:39:03
================================================================================
[2025-06-18T13:39:53.757+0000] {manager.py:878} INFO - 
================================================================================
DAG File Processing Stats

File Path                                      PID    Runtime      # DAGs    # Errors  Last Runtime    Last Run
---------------------------------------------  -----  ---------  --------  ----------  --------------  -------------------
/opt/airflow/dags/enrich_user_profiles_dag.py                           1           0  0.36s           2025-06-18T13:39:34
/opt/airflow/dags/process_sales_dag.py                                  1           0  0.29s           2025-06-18T13:39:44
/opt/airflow/dags/process_customers_dag.py                              1           0  0.28s           2025-06-18T13:39:44
================================================================================
[2025-06-18T13:40:23.825+0000] {manager.py:878} INFO - 
================================================================================
DAG File Processing Stats

File Path                                      PID    Runtime      # DAGs    # Errors  Last Runtime    Last Run
---------------------------------------------  -----  ---------  --------  ----------  --------------  -------------------
/opt/airflow/dags/process_sales_dag.py                                  1           0  0.73s           2025-06-18T13:40:15
/opt/airflow/dags/process_customers_dag.py                              1           0  0.69s           2025-06-18T13:40:15
/opt/airflow/dags/enrich_user_profiles_dag.py                           1           0  0.31s           2025-06-18T13:40:05
================================================================================
[2025-06-18T13:40:54.160+0000] {manager.py:878} INFO - 
================================================================================
DAG File Processing Stats

File Path                                      PID    Runtime      # DAGs    # Errors  Last Runtime    Last Run
---------------------------------------------  -----  ---------  --------  ----------  --------------  -------------------
/opt/airflow/dags/process_customers_dag.py                              1           0  0.89s           2025-06-18T13:40:47
/opt/airflow/dags/process_sales_dag.py                                  1           0  0.86s           2025-06-18T13:40:47
/opt/airflow/dags/enrich_user_profiles_dag.py                           1           0  0.27s           2025-06-18T13:40:36
================================================================================
[2025-06-18T13:41:24.432+0000] {manager.py:878} INFO - 
================================================================================
DAG File Processing Stats

File Path                                      PID    Runtime      # DAGs    # Errors  Last Runtime    Last Run
---------------------------------------------  -----  ---------  --------  ----------  --------------  -------------------
/opt/airflow/dags/enrich_user_profiles_dag.py                           1           0  0.78s           2025-06-18T13:41:07
/opt/airflow/dags/process_sales_dag.py                                  1           0  0.18s           2025-06-18T13:41:17
/opt/airflow/dags/process_customers_dag.py                              1           0  0.17s           2025-06-18T13:41:17
================================================================================
[2025-06-18T13:41:55.299+0000] {manager.py:878} INFO - 
================================================================================
DAG File Processing Stats

File Path                                      PID    Runtime      # DAGs    # Errors  Last Runtime    Last Run
---------------------------------------------  -----  ---------  --------  ----------  --------------  -------------------
/opt/airflow/dags/process_customers_dag.py                              1           0  0.40s           2025-06-18T13:41:48
/opt/airflow/dags/enrich_user_profiles_dag.py                           1           0  0.40s           2025-06-18T13:41:38
/opt/airflow/dags/process_sales_dag.py                                  1           0  0.37s           2025-06-18T13:41:48
================================================================================
[2025-06-18T13:42:25.330+0000] {manager.py:878} INFO - 
================================================================================
DAG File Processing Stats

File Path                                      PID    Runtime      # DAGs    # Errors  Last Runtime    Last Run
---------------------------------------------  -----  ---------  --------  ----------  --------------  -------------------
/opt/airflow/dags/process_customers_dag.py                              1           0  0.47s           2025-06-18T13:42:19
/opt/airflow/dags/process_sales_dag.py                                  1           0  0.40s           2025-06-18T13:42:19
/opt/airflow/dags/enrich_user_profiles_dag.py                           1           0  0.20s           2025-06-18T13:42:08
================================================================================
[2025-06-18T13:42:55.376+0000] {manager.py:878} INFO - 
================================================================================
DAG File Processing Stats

File Path                                      PID    Runtime      # DAGs    # Errors  Last Runtime    Last Run
---------------------------------------------  -----  ---------  --------  ----------  --------------  -------------------
/opt/airflow/dags/process_customers_dag.py                              1           0  0.38s           2025-06-18T13:42:50
/opt/airflow/dags/process_sales_dag.py                                  1           0  0.38s           2025-06-18T13:42:50
/opt/airflow/dags/enrich_user_profiles_dag.py                           1           0  0.24s           2025-06-18T13:42:39
================================================================================
[2025-06-18T13:43:25.970+0000] {manager.py:878} INFO - 
================================================================================
DAG File Processing Stats

File Path                                      PID    Runtime      # DAGs    # Errors  Last Runtime    Last Run
---------------------------------------------  -----  ---------  --------  ----------  --------------  -------------------
/opt/airflow/dags/process_customers_dag.py                              1           0  0.38s           2025-06-18T13:43:20
/opt/airflow/dags/process_sales_dag.py                                  1           0  0.37s           2025-06-18T13:43:20
/opt/airflow/dags/enrich_user_profiles_dag.py                           1           0  0.19s           2025-06-18T13:43:10
================================================================================
[2025-06-18T13:43:34.048+0000] {manager.py:737} INFO - Searching for files in /opt/airflow/dags
[2025-06-18T13:43:34.094+0000] {manager.py:740} INFO - There are 3 files in /opt/airflow/dags
[2025-06-18T13:43:56.654+0000] {manager.py:878} INFO - 
================================================================================
DAG File Processing Stats

File Path                                      PID    Runtime      # DAGs    # Errors  Last Runtime    Last Run
---------------------------------------------  -----  ---------  --------  ----------  --------------  -------------------
/opt/airflow/dags/process_customers_dag.py                              1           0  0.37s           2025-06-18T13:43:51
/opt/airflow/dags/process_sales_dag.py                                  1           0  0.36s           2025-06-18T13:43:51
/opt/airflow/dags/enrich_user_profiles_dag.py                           1           0  0.20s           2025-06-18T13:43:41
================================================================================
[2025-06-18T13:44:27.521+0000] {manager.py:878} INFO - 
================================================================================
DAG File Processing Stats

File Path                                      PID    Runtime      # DAGs    # Errors  Last Runtime    Last Run
---------------------------------------------  -----  ---------  --------  ----------  --------------  -------------------
/opt/airflow/dags/process_customers_dag.py                              1           0  0.30s           2025-06-18T13:44:22
/opt/airflow/dags/process_sales_dag.py                                  1           0  0.26s           2025-06-18T13:44:22
/opt/airflow/dags/enrich_user_profiles_dag.py                           1           0  0.21s           2025-06-18T13:44:12
================================================================================
[2025-06-18T13:44:57.780+0000] {manager.py:878} INFO - 
================================================================================
DAG File Processing Stats

File Path                                      PID    Runtime      # DAGs    # Errors  Last Runtime    Last Run
---------------------------------------------  -----  ---------  --------  ----------  --------------  -------------------
/opt/airflow/dags/process_customers_dag.py                              1           0  0.58s           2025-06-18T13:44:53
/opt/airflow/dags/process_sales_dag.py                                  1           0  0.56s           2025-06-18T13:44:53
/opt/airflow/dags/enrich_user_profiles_dag.py                           1           0  0.33s           2025-06-18T13:44:43
================================================================================
[2025-06-18T13:45:28.575+0000] {manager.py:878} INFO - 
================================================================================
DAG File Processing Stats

File Path                                      PID    Runtime      # DAGs    # Errors  Last Runtime    Last Run
---------------------------------------------  -----  ---------  --------  ----------  --------------  -------------------
/opt/airflow/dags/enrich_user_profiles_dag.py                           1           0  0.42s           2025-06-18T13:45:14
/opt/airflow/dags/process_customers_dag.py                              1           0  0.35s           2025-06-18T13:45:24
/opt/airflow/dags/process_sales_dag.py                                  1           0  0.34s           2025-06-18T13:45:24
================================================================================
[2025-06-18T13:45:59.264+0000] {manager.py:878} INFO - 
================================================================================
DAG File Processing Stats

File Path                                      PID    Runtime      # DAGs    # Errors  Last Runtime    Last Run
---------------------------------------------  -----  ---------  --------  ----------  --------------  -------------------
/opt/airflow/dags/enrich_user_profiles_dag.py                           1           0  0.29s           2025-06-18T13:45:45
/opt/airflow/dags/process_sales_dag.py                                  1           0  0.23s           2025-06-18T13:45:55
/opt/airflow/dags/process_customers_dag.py                              1           0  0.21s           2025-06-18T13:45:55
================================================================================
[2025-06-18T13:46:29.396+0000] {manager.py:878} INFO - 
================================================================================
DAG File Processing Stats

File Path                                      PID    Runtime      # DAGs    # Errors  Last Runtime    Last Run
---------------------------------------------  -----  ---------  --------  ----------  --------------  -------------------
/opt/airflow/dags/process_customers_dag.py                              1           0  1.03s           2025-06-18T13:46:26
/opt/airflow/dags/process_sales_dag.py                                  1           0  0.91s           2025-06-18T13:46:26
/opt/airflow/dags/enrich_user_profiles_dag.py                           1           0  0.39s           2025-06-18T13:46:16
================================================================================
[2025-06-18T13:47:00.167+0000] {manager.py:878} INFO - 
================================================================================
DAG File Processing Stats

File Path                                      PID    Runtime      # DAGs    # Errors  Last Runtime    Last Run
---------------------------------------------  -----  ---------  --------  ----------  --------------  -------------------
/opt/airflow/dags/process_customers_dag.py                              1           0  0.42s           2025-06-18T13:46:57
/opt/airflow/dags/process_sales_dag.py                                  1           0  0.40s           2025-06-18T13:46:57
/opt/airflow/dags/enrich_user_profiles_dag.py                           1           0  0.25s           2025-06-18T13:46:46
================================================================================
[2025-06-18T13:47:30.159+0000] {manager.py:878} INFO - 
================================================================================
DAG File Processing Stats

File Path                                      PID    Runtime      # DAGs    # Errors  Last Runtime    Last Run
---------------------------------------------  -----  ---------  --------  ----------  --------------  -------------------
/opt/airflow/dags/enrich_user_profiles_dag.py                           1           0  0.77s           2025-06-18T13:47:18
/opt/airflow/dags/process_sales_dag.py                                  1           0  0.23s           2025-06-18T13:47:28
/opt/airflow/dags/process_customers_dag.py                              1           0  0.23s           2025-06-18T13:47:28
================================================================================
[2025-06-18T13:48:00.836+0000] {manager.py:878} INFO - 
================================================================================
DAG File Processing Stats

File Path                                      PID    Runtime      # DAGs    # Errors  Last Runtime    Last Run
---------------------------------------------  -----  ---------  --------  ----------  --------------  -------------------
/opt/airflow/dags/process_customers_dag.py                              1           0  0.32s           2025-06-18T13:47:58
/opt/airflow/dags/process_sales_dag.py                                  1           0  0.31s           2025-06-18T13:47:58
/opt/airflow/dags/enrich_user_profiles_dag.py                           1           0  0.19s           2025-06-18T13:47:48
================================================================================
[2025-06-18T13:48:31.539+0000] {manager.py:878} INFO - 
================================================================================
DAG File Processing Stats

File Path                                      PID    Runtime      # DAGs    # Errors  Last Runtime    Last Run
---------------------------------------------  -----  ---------  --------  ----------  --------------  -------------------
/opt/airflow/dags/process_customers_dag.py                              1           0  0.54s           2025-06-18T13:48:29
/opt/airflow/dags/process_sales_dag.py                                  1           0  0.43s           2025-06-18T13:48:29
/opt/airflow/dags/enrich_user_profiles_dag.py                           1           0  0.25s           2025-06-18T13:48:19
================================================================================
[2025-06-18T13:48:34.576+0000] {manager.py:737} INFO - Searching for files in /opt/airflow/dags
[2025-06-18T13:48:34.635+0000] {manager.py:740} INFO - There are 3 files in /opt/airflow/dags
[2025-06-18T13:49:01.716+0000] {manager.py:878} INFO - 
================================================================================
DAG File Processing Stats

File Path                                      PID    Runtime      # DAGs    # Errors  Last Runtime    Last Run
---------------------------------------------  -----  ---------  --------  ----------  --------------  -------------------
/opt/airflow/dags/process_sales_dag.py                                  1           0  0.66s           2025-06-18T13:49:00
/opt/airflow/dags/process_customers_dag.py                              1           0  0.62s           2025-06-18T13:49:00
/opt/airflow/dags/enrich_user_profiles_dag.py                           1           0  0.22s           2025-06-18T13:48:50
================================================================================
[2025-06-18T13:49:31.957+0000] {manager.py:878} INFO - 
================================================================================
DAG File Processing Stats

File Path                                        PID  Runtime      # DAGs    # Errors  Last Runtime    Last Run
---------------------------------------------  -----  ---------  --------  ----------  --------------  -------------------
/opt/airflow/dags/process_customers_dag.py                              1           0  0.74s           2025-06-18T13:49:31
/opt/airflow/dags/process_sales_dag.py          3675  0.73s             1           0  0.66s           2025-06-18T13:49:00
/opt/airflow/dags/enrich_user_profiles_dag.py                           1           0  0.17s           2025-06-18T13:49:21
================================================================================
[2025-06-18T13:50:02.537+0000] {manager.py:878} INFO - 
================================================================================
DAG File Processing Stats

File Path                                        PID  Runtime      # DAGs    # Errors  Last Runtime    Last Run
---------------------------------------------  -----  ---------  --------  ----------  --------------  -------------------
/opt/airflow/dags/process_sales_dag.py          3690  0.01s             1           0  0.79s           2025-06-18T13:49:32
/opt/airflow/dags/process_customers_dag.py      3687  0.03s             1           0  0.74s           2025-06-18T13:49:31
/opt/airflow/dags/enrich_user_profiles_dag.py                           1           0  0.20s           2025-06-18T13:49:51
================================================================================
[2025-06-18T13:50:33.273+0000] {manager.py:878} INFO - 
================================================================================
DAG File Processing Stats

File Path                                        PID  Runtime      # DAGs    # Errors  Last Runtime    Last Run
---------------------------------------------  -----  ---------  --------  ----------  --------------  -------------------
/opt/airflow/dags/process_customers_dag.py      3702  0.05s             1           0  0.26s           2025-06-18T13:50:02
/opt/airflow/dags/process_sales_dag.py          3705  0.02s             1           0  0.26s           2025-06-18T13:50:02
/opt/airflow/dags/enrich_user_profiles_dag.py                           1           0  0.18s           2025-06-18T13:50:22
================================================================================
[2025-06-18T13:51:03.976+0000] {manager.py:878} INFO - 
================================================================================
DAG File Processing Stats

File Path                                        PID  Runtime      # DAGs    # Errors  Last Runtime    Last Run
---------------------------------------------  -----  ---------  --------  ----------  --------------  -------------------
/opt/airflow/dags/process_customers_dag.py      3717  0.03s             1           0  0.30s           2025-06-18T13:50:33
/opt/airflow/dags/process_sales_dag.py          3720  0.01s             1           0  0.29s           2025-06-18T13:50:33
/opt/airflow/dags/enrich_user_profiles_dag.py                           1           0  0.21s           2025-06-18T13:50:52
================================================================================
[2025-06-18T13:51:34.902+0000] {manager.py:878} INFO - 
================================================================================
DAG File Processing Stats

File Path                                        PID  Runtime      # DAGs    # Errors  Last Runtime    Last Run
---------------------------------------------  -----  ---------  --------  ----------  --------------  -------------------
/opt/airflow/dags/enrich_user_profiles_dag.py                           1           0  0.28s           2025-06-18T13:51:23
/opt/airflow/dags/process_customers_dag.py      3732  0.03s             1           0  0.24s           2025-06-18T13:51:04
/opt/airflow/dags/process_sales_dag.py          3735  0.01s             1           0  0.23s           2025-06-18T13:51:04
================================================================================
[2025-06-18T13:52:05.885+0000] {manager.py:878} INFO - 
================================================================================
DAG File Processing Stats

File Path                                        PID  Runtime      # DAGs    # Errors  Last Runtime    Last Run
---------------------------------------------  -----  ---------  --------  ----------  --------------  -------------------
/opt/airflow/dags/process_sales_dag.py          3750  0.02s             1           0  0.36s           2025-06-18T13:51:35
/opt/airflow/dags/process_customers_dag.py      3747  0.05s             1           0  0.34s           2025-06-18T13:51:35
/opt/airflow/dags/enrich_user_profiles_dag.py                           1           0  0.21s           2025-06-18T13:51:54
================================================================================
[2025-06-18T13:52:36.162+0000] {manager.py:878} INFO - 
================================================================================
DAG File Processing Stats

File Path                                        PID  Runtime      # DAGs    # Errors  Last Runtime    Last Run
---------------------------------------------  -----  ---------  --------  ----------  --------------  -------------------
/opt/airflow/dags/enrich_user_profiles_dag.py                           1           0  0.40s           2025-06-18T13:52:25
/opt/airflow/dags/process_sales_dag.py          3765  0.01s             1           0  0.26s           2025-06-18T13:52:06
/opt/airflow/dags/process_customers_dag.py      3762  0.04s             1           0  0.24s           2025-06-18T13:52:06
================================================================================
[2025-06-18T13:53:06.297+0000] {manager.py:878} INFO - 
================================================================================
DAG File Processing Stats

File Path                                      PID    Runtime      # DAGs    # Errors  Last Runtime    Last Run
---------------------------------------------  -----  ---------  --------  ----------  --------------  -------------------
/opt/airflow/dags/process_customers_dag.py                              1           0  0.31s           2025-06-18T13:52:36
/opt/airflow/dags/process_sales_dag.py                                  1           0  0.31s           2025-06-18T13:52:36
/opt/airflow/dags/enrich_user_profiles_dag.py                           1           0  0.29s           2025-06-18T13:52:57
================================================================================
[2025-06-18T13:53:34.923+0000] {manager.py:737} INFO - Searching for files in /opt/airflow/dags
[2025-06-18T13:53:34.966+0000] {manager.py:740} INFO - There are 3 files in /opt/airflow/dags
[2025-06-18T13:53:37.068+0000] {manager.py:878} INFO - 
================================================================================
DAG File Processing Stats

File Path                                      PID    Runtime      # DAGs    # Errors  Last Runtime    Last Run
---------------------------------------------  -----  ---------  --------  ----------  --------------  -------------------
/opt/airflow/dags/process_sales_dag.py                                  1           0  0.47s           2025-06-18T13:53:07
/opt/airflow/dags/process_customers_dag.py                              1           0  0.43s           2025-06-18T13:53:07
/opt/airflow/dags/enrich_user_profiles_dag.py                           1           0  0.24s           2025-06-18T13:53:28
================================================================================
[2025-06-18T13:54:07.709+0000] {manager.py:878} INFO - 
================================================================================
DAG File Processing Stats

File Path                                      PID    Runtime      # DAGs    # Errors  Last Runtime    Last Run
---------------------------------------------  -----  ---------  --------  ----------  --------------  -------------------
/opt/airflow/dags/process_customers_dag.py                              1           0  0.45s           2025-06-18T13:53:38
/opt/airflow/dags/process_sales_dag.py                                  1           0  0.43s           2025-06-18T13:53:38
/opt/airflow/dags/enrich_user_profiles_dag.py                           1           0  0.21s           2025-06-18T13:53:58
================================================================================
[2025-06-18T13:54:38.676+0000] {manager.py:878} INFO - 
================================================================================
DAG File Processing Stats

File Path                                      PID    Runtime      # DAGs    # Errors  Last Runtime    Last Run
---------------------------------------------  -----  ---------  --------  ----------  --------------  -------------------
/opt/airflow/dags/process_sales_dag.py                                  1           0  0.25s           2025-06-18T13:54:09
/opt/airflow/dags/process_customers_dag.py                              1           0  0.25s           2025-06-18T13:54:08
/opt/airflow/dags/enrich_user_profiles_dag.py                           1           0  0.19s           2025-06-18T13:54:29
================================================================================
[2025-06-18T13:55:09.094+0000] {manager.py:878} INFO - 
================================================================================
DAG File Processing Stats

File Path                                      PID    Runtime      # DAGs    # Errors  Last Runtime    Last Run
---------------------------------------------  -----  ---------  --------  ----------  --------------  -------------------
/opt/airflow/dags/process_sales_dag.py                                  1           0  0.91s           2025-06-18T13:54:40
/opt/airflow/dags/process_customers_dag.py                              1           0  0.83s           2025-06-18T13:54:40
/opt/airflow/dags/enrich_user_profiles_dag.py                           1           0  0.30s           2025-06-18T13:55:00
================================================================================
[2025-06-18T13:55:39.216+0000] {manager.py:878} INFO - 
================================================================================
DAG File Processing Stats

File Path                                      PID    Runtime      # DAGs    # Errors  Last Runtime    Last Run
---------------------------------------------  -----  ---------  --------  ----------  --------------  -------------------
/opt/airflow/dags/enrich_user_profiles_dag.py                           1           0  0.41s           2025-06-18T13:55:31
/opt/airflow/dags/process_customers_dag.py                              1           0  0.24s           2025-06-18T13:55:11
/opt/airflow/dags/process_sales_dag.py                                  1           0  0.21s           2025-06-18T13:55:11
================================================================================
[2025-06-18T13:56:09.454+0000] {manager.py:878} INFO - 
================================================================================
DAG File Processing Stats

File Path                                      PID    Runtime      # DAGs    # Errors  Last Runtime    Last Run
---------------------------------------------  -----  ---------  --------  ----------  --------------  -------------------
/opt/airflow/dags/process_customers_dag.py                              1           0  1.00s           2025-06-18T13:55:43
/opt/airflow/dags/process_sales_dag.py                                  1           0  0.99s           2025-06-18T13:55:43
/opt/airflow/dags/enrich_user_profiles_dag.py                           1           0  0.22s           2025-06-18T13:56:01
================================================================================
[2025-06-18T13:56:40.078+0000] {manager.py:878} INFO - 
================================================================================
DAG File Processing Stats

File Path                                      PID    Runtime      # DAGs    # Errors  Last Runtime    Last Run
---------------------------------------------  -----  ---------  --------  ----------  --------------  -------------------
/opt/airflow/dags/enrich_user_profiles_dag.py                           1           0  0.35s           2025-06-18T13:56:32
/opt/airflow/dags/process_customers_dag.py                              1           0  0.27s           2025-06-18T13:56:13
/opt/airflow/dags/process_sales_dag.py                                  1           0  0.22s           2025-06-18T13:56:13
================================================================================
[2025-06-18T13:57:10.122+0000] {manager.py:878} INFO - 
================================================================================
DAG File Processing Stats

File Path                                      PID    Runtime      # DAGs    # Errors  Last Runtime    Last Run
---------------------------------------------  -----  ---------  --------  ----------  --------------  -------------------
/opt/airflow/dags/process_sales_dag.py                                  1           0  0.57s           2025-06-18T13:56:44
/opt/airflow/dags/process_customers_dag.py                              1           0  0.57s           2025-06-18T13:56:44
/opt/airflow/dags/enrich_user_profiles_dag.py                           1           0  0.19s           2025-06-18T13:57:03
================================================================================
[2025-06-18T13:57:40.808+0000] {manager.py:878} INFO - 
================================================================================
DAG File Processing Stats

File Path                                      PID    Runtime      # DAGs    # Errors  Last Runtime    Last Run
---------------------------------------------  -----  ---------  --------  ----------  --------------  -------------------
/opt/airflow/dags/enrich_user_profiles_dag.py                           1           0  0.86s           2025-06-18T13:57:34
/opt/airflow/dags/process_sales_dag.py                                  1           0  0.24s           2025-06-18T13:57:15
/opt/airflow/dags/process_customers_dag.py                              1           0  0.24s           2025-06-18T13:57:15
================================================================================
[2025-06-18T13:58:11.573+0000] {manager.py:878} INFO - 
================================================================================
DAG File Processing Stats

File Path                                      PID    Runtime      # DAGs    # Errors  Last Runtime    Last Run
---------------------------------------------  -----  ---------  --------  ----------  --------------  -------------------
/opt/airflow/dags/process_customers_dag.py                              1           0  1.21s           2025-06-18T13:57:47
/opt/airflow/dags/process_sales_dag.py                                  1           0  1.14s           2025-06-18T13:57:47
/opt/airflow/dags/enrich_user_profiles_dag.py                           1           0  0.35s           2025-06-18T13:58:05
================================================================================
[2025-06-18T13:58:34.949+0000] {manager.py:737} INFO - Searching for files in /opt/airflow/dags
[2025-06-18T13:58:34.999+0000] {manager.py:740} INFO - There are 3 files in /opt/airflow/dags
[2025-06-18T13:58:42.091+0000] {manager.py:878} INFO - 
================================================================================
DAG File Processing Stats

File Path                                      PID    Runtime      # DAGs    # Errors  Last Runtime    Last Run
---------------------------------------------  -----  ---------  --------  ----------  --------------  -------------------
/opt/airflow/dags/process_sales_dag.py                                  1           0  1.03s           2025-06-18T13:58:18
/opt/airflow/dags/process_customers_dag.py                              1           0  0.91s           2025-06-18T13:58:18
/opt/airflow/dags/enrich_user_profiles_dag.py                           1           0  0.36s           2025-06-18T13:58:36
================================================================================
[2025-06-18T13:59:12.876+0000] {manager.py:878} INFO - 
================================================================================
DAG File Processing Stats

File Path                                      PID    Runtime      # DAGs    # Errors  Last Runtime    Last Run
---------------------------------------------  -----  ---------  --------  ----------  --------------  -------------------
/opt/airflow/dags/process_customers_dag.py                              1           0  0.29s           2025-06-18T13:58:49
/opt/airflow/dags/process_sales_dag.py                                  1           0  0.26s           2025-06-18T13:58:49
/opt/airflow/dags/enrich_user_profiles_dag.py                           1           0  0.20s           2025-06-18T13:59:06
================================================================================
[2025-06-18T13:59:43.182+0000] {manager.py:878} INFO - 
================================================================================
DAG File Processing Stats

File Path                                      PID    Runtime      # DAGs    # Errors  Last Runtime    Last Run
---------------------------------------------  -----  ---------  --------  ----------  --------------  -------------------
/opt/airflow/dags/process_sales_dag.py                                  1           0  0.93s           2025-06-18T13:59:20
/opt/airflow/dags/process_customers_dag.py                              1           0  0.83s           2025-06-18T13:59:20
/opt/airflow/dags/enrich_user_profiles_dag.py                           1           0  0.25s           2025-06-18T13:59:37
================================================================================
[2025-06-18T14:00:13.951+0000] {manager.py:878} INFO - 
================================================================================
DAG File Processing Stats

File Path                                      PID    Runtime      # DAGs    # Errors  Last Runtime    Last Run
---------------------------------------------  -----  ---------  --------  ----------  --------------  -------------------
/opt/airflow/dags/enrich_user_profiles_dag.py                           1           0  0.26s           2025-06-18T14:00:08
/opt/airflow/dags/process_sales_dag.py                                  1           0  0.21s           2025-06-18T13:59:51
/opt/airflow/dags/process_customers_dag.py                              1           0  0.21s           2025-06-18T13:59:51
================================================================================
[2025-06-18T14:00:43.966+0000] {manager.py:878} INFO - 
================================================================================
DAG File Processing Stats

File Path                                      PID    Runtime      # DAGs    # Errors  Last Runtime    Last Run
---------------------------------------------  -----  ---------  --------  ----------  --------------  -------------------
/opt/airflow/dags/enrich_user_profiles_dag.py                           1           0  0.43s           2025-06-18T14:00:39
/opt/airflow/dags/process_sales_dag.py                                  1           0  0.36s           2025-06-18T14:00:22
/opt/airflow/dags/process_customers_dag.py                              1           0  0.31s           2025-06-18T14:00:22
================================================================================
[2025-06-18T14:01:13.976+0000] {manager.py:878} INFO - 
================================================================================
DAG File Processing Stats

File Path                                      PID    Runtime      # DAGs    # Errors  Last Runtime    Last Run
---------------------------------------------  -----  ---------  --------  ----------  --------------  -------------------
/opt/airflow/dags/process_customers_dag.py                              1           0  0.43s           2025-06-18T14:00:53
/opt/airflow/dags/process_sales_dag.py                                  1           0  0.39s           2025-06-18T14:00:53
/opt/airflow/dags/enrich_user_profiles_dag.py                           1           0  0.21s           2025-06-18T14:01:10
================================================================================
[2025-06-18T14:01:44.685+0000] {manager.py:878} INFO - 
================================================================================
DAG File Processing Stats

File Path                                      PID    Runtime      # DAGs    # Errors  Last Runtime    Last Run
---------------------------------------------  -----  ---------  --------  ----------  --------------  -------------------
/opt/airflow/dags/process_customers_dag.py                              1           0  0.26s           2025-06-18T14:01:23
/opt/airflow/dags/process_sales_dag.py                                  1           0  0.25s           2025-06-18T14:01:23
/opt/airflow/dags/enrich_user_profiles_dag.py                           1           0  0.18s           2025-06-18T14:01:40
================================================================================
[2025-06-18T14:02:14.853+0000] {manager.py:878} INFO - 
================================================================================
DAG File Processing Stats

File Path                                      PID    Runtime      # DAGs    # Errors  Last Runtime    Last Run
---------------------------------------------  -----  ---------  --------  ----------  --------------  -------------------
/opt/airflow/dags/enrich_user_profiles_dag.py                           1           0  0.51s           2025-06-18T14:02:11
/opt/airflow/dags/process_customers_dag.py                              1           0  0.24s           2025-06-18T14:01:54
/opt/airflow/dags/process_sales_dag.py                                  1           0  0.23s           2025-06-18T14:01:54
================================================================================
[2025-06-18T14:02:44.974+0000] {manager.py:878} INFO - 
================================================================================
DAG File Processing Stats

File Path                                      PID    Runtime      # DAGs    # Errors  Last Runtime    Last Run
---------------------------------------------  -----  ---------  --------  ----------  --------------  -------------------
/opt/airflow/dags/enrich_user_profiles_dag.py                           1           0  0.81s           2025-06-18T14:02:42
/opt/airflow/dags/process_sales_dag.py                                  1           0  0.33s           2025-06-18T14:02:24
/opt/airflow/dags/process_customers_dag.py                              1           0  0.32s           2025-06-18T14:02:24
================================================================================
[2025-06-18T14:03:15.420+0000] {manager.py:878} INFO - 
================================================================================
DAG File Processing Stats

File Path                                      PID    Runtime      # DAGs    # Errors  Last Runtime    Last Run
---------------------------------------------  -----  ---------  --------  ----------  --------------  -------------------
/opt/airflow/dags/enrich_user_profiles_dag.py                           1           0  1.35s           2025-06-18T14:03:14
/opt/airflow/dags/process_customers_dag.py                              1           0  0.59s           2025-06-18T14:02:55
/opt/airflow/dags/process_sales_dag.py                                  1           0  0.54s           2025-06-18T14:02:55
================================================================================
[2025-06-18T14:03:35.212+0000] {manager.py:737} INFO - Searching for files in /opt/airflow/dags
[2025-06-18T14:03:35.263+0000] {manager.py:740} INFO - There are 3 files in /opt/airflow/dags
[2025-06-18T14:03:45.849+0000] {manager.py:878} INFO - 
================================================================================
DAG File Processing Stats

File Path                                      PID    Runtime      # DAGs    # Errors  Last Runtime    Last Run
---------------------------------------------  -----  ---------  --------  ----------  --------------  -------------------
/opt/airflow/dags/process_customers_dag.py                              1           0  0.67s           2025-06-18T14:03:26
/opt/airflow/dags/process_sales_dag.py                                  1           0  0.60s           2025-06-18T14:03:26
/opt/airflow/dags/enrich_user_profiles_dag.py                           1           0  0.31s           2025-06-18T14:03:45
================================================================================
[2025-06-18T14:04:15.979+0000] {manager.py:878} INFO - 
================================================================================
DAG File Processing Stats

File Path                                        PID  Runtime      # DAGs    # Errors  Last Runtime    Last Run
---------------------------------------------  -----  ---------  --------  ----------  --------------  -------------------
/opt/airflow/dags/enrich_user_profiles_dag.py   4102  0.01s             1           0  0.31s           2025-06-18T14:03:45
/opt/airflow/dags/process_sales_dag.py                                  1           0  0.21s           2025-06-18T14:03:57
/opt/airflow/dags/process_customers_dag.py                              1           0  0.20s           2025-06-18T14:03:57
================================================================================
[2025-06-18T14:04:46.229+0000] {manager.py:878} INFO - 
================================================================================
DAG File Processing Stats

File Path                                      PID    Runtime      # DAGs    # Errors  Last Runtime    Last Run
---------------------------------------------  -----  ---------  --------  ----------  --------------  -------------------
/opt/airflow/dags/enrich_user_profiles_dag.py                           1           0  1.14s           2025-06-18T14:04:17
/opt/airflow/dags/process_sales_dag.py                                  1           0  0.42s           2025-06-18T14:04:27
/opt/airflow/dags/process_customers_dag.py                              1           0  0.42s           2025-06-18T14:04:27
================================================================================
[2025-06-18T14:05:16.455+0000] {manager.py:878} INFO - 
================================================================================
DAG File Processing Stats

File Path                                      PID    Runtime      # DAGs    # Errors  Last Runtime    Last Run
---------------------------------------------  -----  ---------  --------  ----------  --------------  -------------------
/opt/airflow/dags/process_customers_dag.py                              1           0  0.36s           2025-06-18T14:04:58
/opt/airflow/dags/process_sales_dag.py                                  1           0  0.32s           2025-06-18T14:04:58
/opt/airflow/dags/enrich_user_profiles_dag.py                           1           0  0.19s           2025-06-18T14:04:47
================================================================================
[2025-06-18T14:05:47.136+0000] {manager.py:878} INFO - 
================================================================================
DAG File Processing Stats

File Path                                      PID    Runtime      # DAGs    # Errors  Last Runtime    Last Run
---------------------------------------------  -----  ---------  --------  ----------  --------------  -------------------
/opt/airflow/dags/process_customers_dag.py                              1           0  0.43s           2025-06-18T14:05:29
/opt/airflow/dags/process_sales_dag.py                                  1           0  0.37s           2025-06-18T14:05:29
/opt/airflow/dags/enrich_user_profiles_dag.py                           1           0  0.19s           2025-06-18T14:05:17
================================================================================
[2025-06-18T14:06:17.321+0000] {manager.py:878} INFO - 
================================================================================
DAG File Processing Stats

File Path                                      PID    Runtime      # DAGs    # Errors  Last Runtime    Last Run
---------------------------------------------  -----  ---------  --------  ----------  --------------  -------------------
/opt/airflow/dags/process_customers_dag.py                              1           0  0.56s           2025-06-18T14:05:59
/opt/airflow/dags/process_sales_dag.py                                  1           0  0.56s           2025-06-18T14:05:59
/opt/airflow/dags/enrich_user_profiles_dag.py                           1           0  0.26s           2025-06-18T14:05:48
================================================================================
[2025-06-18T14:06:48.049+0000] {manager.py:878} INFO - 
================================================================================
DAG File Processing Stats

File Path                                      PID    Runtime      # DAGs    # Errors  Last Runtime    Last Run
---------------------------------------------  -----  ---------  --------  ----------  --------------  -------------------
/opt/airflow/dags/process_sales_dag.py                                  1           0  1.22s           2025-06-18T14:06:31
/opt/airflow/dags/process_customers_dag.py                              1           0  1.15s           2025-06-18T14:06:31
/opt/airflow/dags/enrich_user_profiles_dag.py                           1           0  0.34s           2025-06-18T14:06:19
================================================================================
[2025-06-18T14:07:18.150+0000] {manager.py:878} INFO - 
================================================================================
DAG File Processing Stats

File Path                                      PID    Runtime      # DAGs    # Errors  Last Runtime    Last Run
---------------------------------------------  -----  ---------  --------  ----------  --------------  -------------------
/opt/airflow/dags/process_customers_dag.py                              1           0  0.49s           2025-06-18T14:07:02
/opt/airflow/dags/process_sales_dag.py                                  1           0  0.46s           2025-06-18T14:07:02
/opt/airflow/dags/enrich_user_profiles_dag.py                           1           0  0.35s           2025-06-18T14:06:50
================================================================================
[2025-06-18T14:07:48.924+0000] {manager.py:878} INFO - 
================================================================================
DAG File Processing Stats

File Path                                      PID    Runtime      # DAGs    # Errors  Last Runtime    Last Run
---------------------------------------------  -----  ---------  --------  ----------  --------------  -------------------
/opt/airflow/dags/enrich_user_profiles_dag.py                           1           0  0.93s           2025-06-18T14:07:22
/opt/airflow/dags/process_customers_dag.py                              1           0  0.76s           2025-06-18T14:07:33
/opt/airflow/dags/process_sales_dag.py                                  1           0  0.60s           2025-06-18T14:07:33
================================================================================
[2025-06-18T14:08:19.337+0000] {manager.py:878} INFO - 
================================================================================
DAG File Processing Stats

File Path                                      PID    Runtime      # DAGs    # Errors  Last Runtime    Last Run
---------------------------------------------  -----  ---------  --------  ----------  --------------  -------------------
/opt/airflow/dags/process_customers_dag.py                              1           0  0.32s           2025-06-18T14:08:04
/opt/airflow/dags/enrich_user_profiles_dag.py                           1           0  0.31s           2025-06-18T14:07:53
/opt/airflow/dags/process_sales_dag.py                                  1           0  0.29s           2025-06-18T14:08:04
================================================================================
[2025-06-18T14:08:35.516+0000] {manager.py:737} INFO - Searching for files in /opt/airflow/dags
[2025-06-18T14:08:35.570+0000] {manager.py:740} INFO - There are 3 files in /opt/airflow/dags
[2025-06-18T14:08:50.390+0000] {manager.py:878} INFO - 
================================================================================
DAG File Processing Stats

File Path                                      PID    Runtime      # DAGs    # Errors  Last Runtime    Last Run
---------------------------------------------  -----  ---------  --------  ----------  --------------  -------------------
/opt/airflow/dags/enrich_user_profiles_dag.py                           1           0  0.59s           2025-06-18T14:08:24
/opt/airflow/dags/process_customers_dag.py                              1           0  0.24s           2025-06-18T14:08:35
/opt/airflow/dags/process_sales_dag.py                                  1           0  0.22s           2025-06-18T14:08:35
================================================================================
[2025-06-18T14:09:20.770+0000] {manager.py:878} INFO - 
================================================================================
DAG File Processing Stats

File Path                                      PID    Runtime      # DAGs    # Errors  Last Runtime    Last Run
---------------------------------------------  -----  ---------  --------  ----------  --------------  -------------------
/opt/airflow/dags/process_customers_dag.py                              1           0  1.26s           2025-06-18T14:09:07
/opt/airflow/dags/process_sales_dag.py                                  1           0  0.91s           2025-06-18T14:09:07
/opt/airflow/dags/enrich_user_profiles_dag.py                           1           0  0.33s           2025-06-18T14:08:54
================================================================================
[2025-06-18T14:09:51.670+0000] {manager.py:878} INFO - 
================================================================================
DAG File Processing Stats

File Path                                      PID    Runtime      # DAGs    # Errors  Last Runtime    Last Run
---------------------------------------------  -----  ---------  --------  ----------  --------------  -------------------
/opt/airflow/dags/enrich_user_profiles_dag.py                           1           0  0.70s           2025-06-18T14:09:25
/opt/airflow/dags/process_sales_dag.py                                  1           0  0.30s           2025-06-18T14:09:38
/opt/airflow/dags/process_customers_dag.py                              1           0  0.29s           2025-06-18T14:09:38
================================================================================
[2025-06-18T14:10:21.726+0000] {manager.py:878} INFO - 
================================================================================
DAG File Processing Stats

File Path                                      PID    Runtime      # DAGs    # Errors  Last Runtime    Last Run
---------------------------------------------  -----  ---------  --------  ----------  --------------  -------------------
/opt/airflow/dags/process_customers_dag.py                              1           0  1.15s           2025-06-18T14:10:10
/opt/airflow/dags/process_sales_dag.py                                  1           0  1.14s           2025-06-18T14:10:10
/opt/airflow/dags/enrich_user_profiles_dag.py                           1           0  0.52s           2025-06-18T14:09:57
================================================================================
[2025-06-18T14:10:51.789+0000] {manager.py:878} INFO - 
================================================================================
DAG File Processing Stats

File Path                                      PID    Runtime      # DAGs    # Errors  Last Runtime    Last Run
---------------------------------------------  -----  ---------  --------  ----------  --------------  -------------------
/opt/airflow/dags/process_customers_dag.py                              1           0  1.30s           2025-06-18T14:10:42
/opt/airflow/dags/process_sales_dag.py                                  1           0  1.24s           2025-06-18T14:10:42
/opt/airflow/dags/enrich_user_profiles_dag.py                           1           0  0.27s           2025-06-18T14:10:28
================================================================================
[2025-06-18T14:11:22.271+0000] {manager.py:878} INFO - 
================================================================================
DAG File Processing Stats

File Path                                      PID    Runtime      # DAGs    # Errors  Last Runtime    Last Run
---------------------------------------------  -----  ---------  --------  ----------  --------------  -------------------
/opt/airflow/dags/process_sales_dag.py                                  1           0  0.33s           2025-06-18T14:11:12
/opt/airflow/dags/process_customers_dag.py                              1           0  0.29s           2025-06-18T14:11:12
/opt/airflow/dags/enrich_user_profiles_dag.py                           1           0  0.25s           2025-06-18T14:10:59
================================================================================
[2025-06-18T14:11:31.348+0000] {manager.py:452} INFO - Exiting gracefully upon receiving signal 15
[2025-06-18T14:12:28.898+0000] {manager.py:470} INFO - Processing files using up to 2 processes at a time 
[2025-06-18T14:12:28.911+0000] {manager.py:471} INFO - Process each file at most once every 30 seconds
[2025-06-18T14:12:28.913+0000] {manager.py:472} INFO - Checking for new files in /opt/airflow/dags every 300 seconds
[2025-06-18T14:12:28.920+0000] {manager.py:737} INFO - Searching for files in /opt/airflow/dags
[2025-06-18T14:12:29.192+0000] {manager.py:740} INFO - There are 4 files in /opt/airflow/dags
[2025-06-18T14:12:31.106+0000] {manager.py:878} INFO - 
================================================================================
DAG File Processing Stats

File Path                                             PID  Runtime      # DAGs    # Errors  Last Runtime    Last Run
--------------------------------------------------  -----  ---------  --------  ----------  --------------  ----------
/opt/airflow/dags/enrich_user_profiles_dag.py         161  0.85s             0           0
/opt/airflow/dags/gold_enrich_user_profiles_dag.py    158  1.02s             0           0
/opt/airflow/dags/process_customers_dag.py                                   0           0
/opt/airflow/dags/process_sales_dag.py                                       0           0
================================================================================
[2025-06-18T14:13:01.339+0000] {manager.py:878} INFO - 
================================================================================
DAG File Processing Stats

File Path                                           PID    Runtime      # DAGs    # Errors  Last Runtime    Last Run
--------------------------------------------------  -----  ---------  --------  ----------  --------------  -------------------
/opt/airflow/dags/gold_enrich_user_profiles_dag.py                           1           0  3.02s           2025-06-18T14:12:33
/opt/airflow/dags/enrich_user_profiles_dag.py                                1           0  2.12s           2025-06-18T14:12:32
/opt/airflow/dags/process_sales_dag.py                                       1           0  0.64s           2025-06-18T14:12:33
/opt/airflow/dags/process_customers_dag.py                                   1           0  0.44s           2025-06-18T14:12:32
================================================================================
[2025-06-18T14:13:31.906+0000] {manager.py:878} INFO - 
================================================================================
DAG File Processing Stats

File Path                                           PID    Runtime      # DAGs    # Errors  Last Runtime    Last Run
--------------------------------------------------  -----  ---------  --------  ----------  --------------  -------------------
/opt/airflow/dags/enrich_user_profiles_dag.py                                1           0  2.36s           2025-06-18T14:13:04
/opt/airflow/dags/process_customers_dag.py                                   1           0  1.83s           2025-06-18T14:13:04
/opt/airflow/dags/gold_enrich_user_profiles_dag.py                           1           0  0.25s           2025-06-18T14:13:04
/opt/airflow/dags/process_sales_dag.py                                       1           0  0.21s           2025-06-18T14:13:05
================================================================================
[2025-06-18T14:14:02.117+0000] {manager.py:878} INFO - 
================================================================================
DAG File Processing Stats

File Path                                           PID    Runtime      # DAGs    # Errors  Last Runtime    Last Run
--------------------------------------------------  -----  ---------  --------  ----------  --------------  -------------------
/opt/airflow/dags/gold_enrich_user_profiles_dag.py                           1           0  2.83s           2025-06-18T14:13:38
/opt/airflow/dags/enrich_user_profiles_dag.py                                1           0  1.59s           2025-06-18T14:13:37
/opt/airflow/dags/process_customers_dag.py                                   1           0  1.41s           2025-06-18T14:13:38
/opt/airflow/dags/process_sales_dag.py                                       1           0  0.69s           2025-06-18T14:13:39
================================================================================
[2025-06-18T14:14:32.728+0000] {manager.py:878} INFO - 
================================================================================
DAG File Processing Stats

File Path                                           PID    Runtime      # DAGs    # Errors  Last Runtime    Last Run
--------------------------------------------------  -----  ---------  --------  ----------  --------------  -------------------
/opt/airflow/dags/enrich_user_profiles_dag.py                                1           0  3.52s           2025-06-18T14:14:11
/opt/airflow/dags/gold_enrich_user_profiles_dag.py                           1           0  2.39s           2025-06-18T14:14:11
/opt/airflow/dags/process_sales_dag.py                                       1           0  2.05s           2025-06-18T14:14:13
/opt/airflow/dags/process_customers_dag.py                                   1           0  1.62s           2025-06-18T14:14:13
================================================================================
[2025-06-18T14:15:02.934+0000] {manager.py:878} INFO - 
================================================================================
DAG File Processing Stats

File Path                                           PID    Runtime      # DAGs    # Errors  Last Runtime    Last Run
--------------------------------------------------  -----  ---------  --------  ----------  --------------  -------------------
/opt/airflow/dags/gold_enrich_user_profiles_dag.py                           1           0  2.97s           2025-06-18T14:14:45
/opt/airflow/dags/enrich_user_profiles_dag.py                                1           0  1.14s           2025-06-18T14:14:42
/opt/airflow/dags/process_customers_dag.py                                   1           0  0.85s           2025-06-18T14:14:44
/opt/airflow/dags/process_sales_dag.py                                       1           0  0.21s           2025-06-18T14:14:45
================================================================================
[2025-06-18T14:15:24.243+0000] {manager.py:452} INFO - Exiting gracefully upon receiving signal 15
[2025-06-18T19:08:28.976+0000] {manager.py:470} INFO - Processing files using up to 2 processes at a time 
[2025-06-18T19:08:28.981+0000] {manager.py:471} INFO - Process each file at most once every 30 seconds
[2025-06-18T19:08:28.984+0000] {manager.py:472} INFO - Checking for new files in /opt/airflow/dags every 300 seconds
[2025-06-18T19:08:28.987+0000] {manager.py:737} INFO - Searching for files in /opt/airflow/dags
[2025-06-18T19:08:29.161+0000] {manager.py:740} INFO - There are 4 files in /opt/airflow/dags
[2025-06-18T19:08:31.690+0000] {manager.py:878} INFO - 
================================================================================
DAG File Processing Stats

File Path                                             PID  Runtime      # DAGs    # Errors  Last Runtime    Last Run
--------------------------------------------------  -----  ---------  --------  ----------  --------------  ----------
/opt/airflow/dags/enrich_user_profiles_dag.py         161  1.23s             0           0
/opt/airflow/dags/gold_enrich_user_profiles_dag.py    158  1.38s             0           0
/opt/airflow/dags/process_customers_dag.py                                   0           0
/opt/airflow/dags/process_sales_dag.py                                       0           0
================================================================================
[2025-06-18T19:09:01.882+0000] {manager.py:878} INFO - 
================================================================================
DAG File Processing Stats

File Path                                           PID    Runtime      # DAGs    # Errors  Last Runtime    Last Run
--------------------------------------------------  -----  ---------  --------  ----------  --------------  -------------------
/opt/airflow/dags/gold_enrich_user_profiles_dag.py                           1           0  8.68s           2025-06-18T19:08:38
/opt/airflow/dags/enrich_user_profiles_dag.py                                1           0  4.03s           2025-06-18T19:08:34
/opt/airflow/dags/process_sales_dag.py                                       1           0  2.43s           2025-06-18T19:08:38
/opt/airflow/dags/process_customers_dag.py                                   1           0  1.16s           2025-06-18T19:08:35
================================================================================
[2025-06-18T19:09:32.325+0000] {manager.py:878} INFO - 
================================================================================
DAG File Processing Stats

File Path                                           PID    Runtime      # DAGs    # Errors  Last Runtime    Last Run
--------------------------------------------------  -----  ---------  --------  ----------  --------------  -------------------
/opt/airflow/dags/process_sales_dag.py                                       1           0  1.35s           2025-06-18T19:09:10
/opt/airflow/dags/gold_enrich_user_profiles_dag.py                           1           0  0.89s           2025-06-18T19:09:10
/opt/airflow/dags/enrich_user_profiles_dag.py                                1           0  0.79s           2025-06-18T19:09:05
/opt/airflow/dags/process_customers_dag.py                                   1           0  0.37s           2025-06-18T19:09:06
================================================================================
[2025-06-18T19:10:02.452+0000] {manager.py:878} INFO - 
================================================================================
DAG File Processing Stats

File Path                                           PID    Runtime      # DAGs    # Errors  Last Runtime    Last Run
--------------------------------------------------  -----  ---------  --------  ----------  --------------  -------------------
/opt/airflow/dags/enrich_user_profiles_dag.py                                1           0  1.93s           2025-06-18T19:09:37
/opt/airflow/dags/process_sales_dag.py                                       1           0  0.94s           2025-06-18T19:09:41
/opt/airflow/dags/process_customers_dag.py                                   1           0  0.79s           2025-06-18T19:09:37
/opt/airflow/dags/gold_enrich_user_profiles_dag.py                           1           0  0.43s           2025-06-18T19:10:00
================================================================================
[2025-06-18T19:10:34.159+0000] {manager.py:878} INFO - 
================================================================================
DAG File Processing Stats

File Path                                           PID    Runtime      # DAGs    # Errors  Last Runtime    Last Run
--------------------------------------------------  -----  ---------  --------  ----------  --------------  -------------------
/opt/airflow/dags/process_customers_dag.py                                   1           0  1.66s           2025-06-18T19:10:09
/opt/airflow/dags/enrich_user_profiles_dag.py                                1           0  1.44s           2025-06-18T19:10:09
/opt/airflow/dags/gold_enrich_user_profiles_dag.py                           1           0  0.40s           2025-06-18T19:10:31
/opt/airflow/dags/process_sales_dag.py                                       1           0  0.30s           2025-06-18T19:10:12
================================================================================
[2025-06-18T19:11:04.274+0000] {manager.py:878} INFO - 
================================================================================
DAG File Processing Stats

File Path                                           PID    Runtime      # DAGs    # Errors  Last Runtime    Last Run
--------------------------------------------------  -----  ---------  --------  ----------  --------------  -------------------
/opt/airflow/dags/enrich_user_profiles_dag.py                                1           0  3.13s           2025-06-18T19:10:42
/opt/airflow/dags/process_customers_dag.py                                   1           0  1.06s           2025-06-18T19:10:40
/opt/airflow/dags/process_sales_dag.py                                       1           0  0.76s           2025-06-18T19:10:43
/opt/airflow/dags/gold_enrich_user_profiles_dag.py                           1           0  0.45s           2025-06-18T19:11:02
================================================================================
[2025-06-18T19:11:34.810+0000] {manager.py:878} INFO - 
================================================================================
DAG File Processing Stats

File Path                                           PID    Runtime      # DAGs    # Errors  Last Runtime    Last Run
--------------------------------------------------  -----  ---------  --------  ----------  --------------  -------------------
/opt/airflow/dags/gold_enrich_user_profiles_dag.py                           1           0  1.44s           2025-06-18T19:11:34
/opt/airflow/dags/enrich_user_profiles_dag.py                                1           0  0.92s           2025-06-18T19:11:14
/opt/airflow/dags/process_sales_dag.py                                       1           0  0.87s           2025-06-18T19:11:15
/opt/airflow/dags/process_customers_dag.py                                   1           0  0.79s           2025-06-18T19:11:12
================================================================================
[2025-06-18T19:12:04.810+0000] {manager.py:878} INFO - 
================================================================================
DAG File Processing Stats

File Path                                             PID  Runtime      # DAGs    # Errors  Last Runtime    Last Run
--------------------------------------------------  -----  ---------  --------  ----------  --------------  -------------------
/opt/airflow/dags/gold_enrich_user_profiles_dag.py    298  0.17s             1           0  1.44s           2025-06-18T19:11:34
/opt/airflow/dags/process_customers_dag.py                                   1           0  1.21s           2025-06-18T19:11:44
/opt/airflow/dags/enrich_user_profiles_dag.py                                1           0  0.44s           2025-06-18T19:11:45
/opt/airflow/dags/process_sales_dag.py                                       1           0  0.28s           2025-06-18T19:11:45
================================================================================
[2025-06-18T19:12:35.114+0000] {manager.py:878} INFO - 
================================================================================
DAG File Processing Stats

File Path                                             PID  Runtime      # DAGs    # Errors  Last Runtime    Last Run
--------------------------------------------------  -----  ---------  --------  ----------  --------------  -------------------
/opt/airflow/dags/enrich_user_profiles_dag.py                                1           0  0.60s           2025-06-18T19:12:15
/opt/airflow/dags/gold_enrich_user_profiles_dag.py    318  0.01s             1           0  0.33s           2025-06-18T19:12:04
/opt/airflow/dags/process_sales_dag.py                                       1           0  0.20s           2025-06-18T19:12:16
/opt/airflow/dags/process_customers_dag.py                                   1           0  0.19s           2025-06-18T19:12:15
================================================================================
[2025-06-18T19:13:05.965+0000] {manager.py:878} INFO - 
================================================================================
DAG File Processing Stats

File Path                                             PID  Runtime      # DAGs    # Errors  Last Runtime    Last Run
--------------------------------------------------  -----  ---------  --------  ----------  --------------  -------------------
/opt/airflow/dags/enrich_user_profiles_dag.py                                1           0  0.52s           2025-06-18T19:12:46
/opt/airflow/dags/process_customers_dag.py                                   1           0  0.42s           2025-06-18T19:12:46
/opt/airflow/dags/process_sales_dag.py                                       1           0  0.38s           2025-06-18T19:12:46
/opt/airflow/dags/gold_enrich_user_profiles_dag.py    338  0.01s             1           0  0.24s           2025-06-18T19:12:35
================================================================================
[2025-06-18T19:13:29.262+0000] {manager.py:737} INFO - Searching for files in /opt/airflow/dags
[2025-06-18T19:13:29.433+0000] {manager.py:740} INFO - There are 4 files in /opt/airflow/dags
[2025-06-18T19:13:36.806+0000] {manager.py:878} INFO - 
================================================================================
DAG File Processing Stats

File Path                                             PID  Runtime      # DAGs    # Errors  Last Runtime    Last Run
--------------------------------------------------  -----  ---------  --------  ----------  --------------  -------------------
/opt/airflow/dags/process_customers_dag.py                                   1           0  0.71s           2025-06-18T19:13:16
/opt/airflow/dags/gold_enrich_user_profiles_dag.py    358  0.02s             1           0  0.60s           2025-06-18T19:13:06
/opt/airflow/dags/process_sales_dag.py                                       1           0  0.41s           2025-06-18T19:13:17
/opt/airflow/dags/enrich_user_profiles_dag.py                                1           0  0.29s           2025-06-18T19:13:17
================================================================================
[2025-06-18T19:14:06.977+0000] {manager.py:878} INFO - 
================================================================================
DAG File Processing Stats

File Path                                           PID    Runtime      # DAGs    # Errors  Last Runtime    Last Run
--------------------------------------------------  -----  ---------  --------  ----------  --------------  -------------------
/opt/airflow/dags/process_customers_dag.py                                   1           0  3.07s           2025-06-18T19:13:50
/opt/airflow/dags/process_sales_dag.py                                       1           0  2.93s           2025-06-18T19:13:50
/opt/airflow/dags/enrich_user_profiles_dag.py                                1           0  1.00s           2025-06-18T19:13:51
/opt/airflow/dags/gold_enrich_user_profiles_dag.py                           1           0  0.56s           2025-06-18T19:13:37
================================================================================
[2025-06-18T19:14:37.615+0000] {manager.py:878} INFO - 
================================================================================
DAG File Processing Stats

File Path                                           PID    Runtime      # DAGs    # Errors  Last Runtime    Last Run
--------------------------------------------------  -----  ---------  --------  ----------  --------------  -------------------
/opt/airflow/dags/process_sales_dag.py                                       1           0  4.35s           2025-06-18T19:14:27
/opt/airflow/dags/process_customers_dag.py                                   1           0  4.20s           2025-06-18T19:14:26
/opt/airflow/dags/enrich_user_profiles_dag.py                                1           0  1.78s           2025-06-18T19:14:29
/opt/airflow/dags/gold_enrich_user_profiles_dag.py                           1           0  0.68s           2025-06-18T19:14:08
================================================================================
[2025-06-18T19:15:07.914+0000] {manager.py:878} INFO - 
================================================================================
DAG File Processing Stats

File Path                                           PID    Runtime      # DAGs    # Errors  Last Runtime    Last Run
--------------------------------------------------  -----  ---------  --------  ----------  --------------  -------------------
/opt/airflow/dags/process_customers_dag.py                                   1           0  2.14s           2025-06-18T19:14:59
/opt/airflow/dags/process_sales_dag.py                                       1           0  1.64s           2025-06-18T19:15:00
/opt/airflow/dags/gold_enrich_user_profiles_dag.py                           1           0  0.90s           2025-06-18T19:14:39
/opt/airflow/dags/enrich_user_profiles_dag.py                                1           0  0.70s           2025-06-18T19:15:00
================================================================================
[2025-06-18T19:15:38.522+0000] {manager.py:878} INFO - 
================================================================================
DAG File Processing Stats

File Path                                           PID    Runtime      # DAGs    # Errors  Last Runtime    Last Run
--------------------------------------------------  -----  ---------  --------  ----------  --------------  -------------------
/opt/airflow/dags/gold_enrich_user_profiles_dag.py                           1           0  0.48s           2025-06-18T19:15:10
/opt/airflow/dags/enrich_user_profiles_dag.py                                1           0  0.40s           2025-06-18T19:15:31
/opt/airflow/dags/process_customers_dag.py                                   1           0  0.35s           2025-06-18T19:15:29
/opt/airflow/dags/process_sales_dag.py                                       1           0  0.27s           2025-06-18T19:15:31
================================================================================
[2025-06-18T19:15:52.094+0000] {manager.py:452} INFO - Exiting gracefully upon receiving signal 15
[2025-06-18T19:16:20.728+0000] {manager.py:470} INFO - Processing files using up to 2 processes at a time 
[2025-06-18T19:16:20.730+0000] {manager.py:471} INFO - Process each file at most once every 30 seconds
[2025-06-18T19:16:20.732+0000] {manager.py:472} INFO - Checking for new files in /opt/airflow/dags every 300 seconds
[2025-06-18T19:16:20.734+0000] {manager.py:737} INFO - Searching for files in /opt/airflow/dags
[2025-06-18T19:16:20.884+0000] {manager.py:740} INFO - There are 4 files in /opt/airflow/dags
[2025-06-18T19:16:21.675+0000] {manager.py:878} INFO - 
================================================================================
DAG File Processing Stats

File Path                                             PID  Runtime      # DAGs    # Errors  Last Runtime    Last Run
--------------------------------------------------  -----  ---------  --------  ----------  --------------  ----------
/opt/airflow/dags/enrich_user_profiles_dag.py         160  0.58s             0           0
/opt/airflow/dags/gold_enrich_user_profiles_dag.py    157  0.62s             0           0
/opt/airflow/dags/process_customers_dag.py                                   0           0
/opt/airflow/dags/process_sales_dag.py                                       0           0
================================================================================
[2025-06-18T19:16:51.866+0000] {manager.py:878} INFO - 
================================================================================
DAG File Processing Stats

File Path                                           PID    Runtime      # DAGs    # Errors  Last Runtime    Last Run
--------------------------------------------------  -----  ---------  --------  ----------  --------------  -------------------
/opt/airflow/dags/gold_enrich_user_profiles_dag.py                           1           0  2.53s           2025-06-18T19:16:23
/opt/airflow/dags/enrich_user_profiles_dag.py                                1           0  2.16s           2025-06-18T19:16:23
/opt/airflow/dags/process_customers_dag.py                                   1           0  0.36s           2025-06-18T19:16:23
/opt/airflow/dags/process_sales_dag.py                                       1           0  0.28s           2025-06-18T19:16:23
================================================================================
[2025-06-18T19:17:21.912+0000] {manager.py:878} INFO - 
================================================================================
DAG File Processing Stats

File Path                                           PID    Runtime      # DAGs    # Errors  Last Runtime    Last Run
--------------------------------------------------  -----  ---------  --------  ----------  --------------  -------------------
/opt/airflow/dags/enrich_user_profiles_dag.py                                1           0  0.42s           2025-06-18T19:16:53
/opt/airflow/dags/process_sales_dag.py                                       1           0  0.22s           2025-06-18T19:16:54
/opt/airflow/dags/process_customers_dag.py                                   1           0  0.20s           2025-06-18T19:16:54
/opt/airflow/dags/gold_enrich_user_profiles_dag.py                           1           0  0.20s           2025-06-18T19:16:53
================================================================================
[2025-06-18T19:17:52.800+0000] {manager.py:878} INFO - 
================================================================================
DAG File Processing Stats

File Path                                           PID    Runtime      # DAGs    # Errors  Last Runtime    Last Run
--------------------------------------------------  -----  ---------  --------  ----------  --------------  -------------------
/opt/airflow/dags/gold_enrich_user_profiles_dag.py                           1           0  1.68s           2025-06-18T19:17:25
/opt/airflow/dags/enrich_user_profiles_dag.py                                1           0  1.19s           2025-06-18T19:17:25
/opt/airflow/dags/process_customers_dag.py                                   1           0  0.36s           2025-06-18T19:17:25
/opt/airflow/dags/process_sales_dag.py                                       1           0  0.24s           2025-06-18T19:17:26
================================================================================
[2025-06-18T19:18:22.966+0000] {manager.py:878} INFO - 
================================================================================
DAG File Processing Stats

File Path                                           PID    Runtime      # DAGs    # Errors  Last Runtime    Last Run
--------------------------------------------------  -----  ---------  --------  ----------  --------------  -------------------
/opt/airflow/dags/enrich_user_profiles_dag.py                                1           0  1.27s           2025-06-18T19:17:57
/opt/airflow/dags/process_sales_dag.py                                       1           0  0.63s           2025-06-18T19:17:57
/opt/airflow/dags/gold_enrich_user_profiles_dag.py                           1           0  0.54s           2025-06-18T19:17:56
/opt/airflow/dags/process_customers_dag.py                                   1           0  0.31s           2025-06-18T19:17:56
================================================================================
[2025-06-18T19:18:52.978+0000] {manager.py:878} INFO - 
================================================================================
DAG File Processing Stats

File Path                                           PID    Runtime      # DAGs    # Errors  Last Runtime    Last Run
--------------------------------------------------  -----  ---------  --------  ----------  --------------  -------------------
/opt/airflow/dags/gold_enrich_user_profiles_dag.py                           1           0  2.44s           2025-06-18T19:18:29
/opt/airflow/dags/enrich_user_profiles_dag.py                                1           0  1.88s           2025-06-18T19:18:29
/opt/airflow/dags/process_sales_dag.py                                       1           0  0.40s           2025-06-18T19:18:29
/opt/airflow/dags/process_customers_dag.py                                   1           0  0.30s           2025-06-18T19:18:27
================================================================================
[2025-06-18T19:19:16.696+0000] {manager.py:452} INFO - Exiting gracefully upon receiving signal 15
[2025-06-18T19:19:52.163+0000] {manager.py:470} INFO - Processing files using up to 2 processes at a time 
[2025-06-18T19:19:52.166+0000] {manager.py:471} INFO - Process each file at most once every 30 seconds
[2025-06-18T19:19:52.172+0000] {manager.py:472} INFO - Checking for new files in /opt/airflow/dags every 300 seconds
[2025-06-18T19:19:52.175+0000] {manager.py:737} INFO - Searching for files in /opt/airflow/dags
[2025-06-18T19:19:52.318+0000] {manager.py:740} INFO - There are 4 files in /opt/airflow/dags
[2025-06-18T19:19:53.005+0000] {manager.py:878} INFO - 
================================================================================
DAG File Processing Stats

File Path                                             PID  Runtime      # DAGs    # Errors  Last Runtime    Last Run
--------------------------------------------------  -----  ---------  --------  ----------  --------------  ----------
/opt/airflow/dags/enrich_user_profiles_dag.py         160  0.36s             0           0
/opt/airflow/dags/gold_enrich_user_profiles_dag.py    157  0.48s             0           0
/opt/airflow/dags/process_customers_dag.py                                   0           0
/opt/airflow/dags/process_sales_dag.py                                       0           0
================================================================================
[2025-06-18T19:20:23.624+0000] {manager.py:878} INFO - 
================================================================================
DAG File Processing Stats

File Path                                           PID    Runtime      # DAGs    # Errors  Last Runtime    Last Run
--------------------------------------------------  -----  ---------  --------  ----------  --------------  -------------------
/opt/airflow/dags/gold_enrich_user_profiles_dag.py                           1           0  1.48s           2025-06-18T19:19:53
/opt/airflow/dags/enrich_user_profiles_dag.py                                1           0  1.21s           2025-06-18T19:19:53
/opt/airflow/dags/process_sales_dag.py                                       1           0  0.91s           2025-06-18T19:19:54
/opt/airflow/dags/process_customers_dag.py                                   1           0  0.78s           2025-06-18T19:19:54
================================================================================
[2025-06-18T19:20:53.733+0000] {manager.py:878} INFO - 
================================================================================
DAG File Processing Stats

File Path                                           PID    Runtime      # DAGs    # Errors  Last Runtime    Last Run
--------------------------------------------------  -----  ---------  --------  ----------  --------------  -------------------
/opt/airflow/dags/enrich_user_profiles_dag.py                                1           0  0.98s           2025-06-18T19:20:25
/opt/airflow/dags/gold_enrich_user_profiles_dag.py                           1           0  0.83s           2025-06-18T19:20:25
/opt/airflow/dags/process_customers_dag.py                                   1           0  0.31s           2025-06-18T19:20:25
/opt/airflow/dags/process_sales_dag.py                                       1           0  0.22s           2025-06-18T19:20:25
================================================================================
[2025-06-18T19:21:24.013+0000] {manager.py:878} INFO - 
================================================================================
DAG File Processing Stats

File Path                                           PID    Runtime      # DAGs    # Errors  Last Runtime    Last Run
--------------------------------------------------  -----  ---------  --------  ----------  --------------  -------------------
/opt/airflow/dags/gold_enrich_user_profiles_dag.py                           1           0  2.32s           2025-06-18T19:20:58
/opt/airflow/dags/process_customers_dag.py                                   1           0  1.31s           2025-06-18T19:20:58
/opt/airflow/dags/enrich_user_profiles_dag.py                                1           0  0.87s           2025-06-18T19:20:57
/opt/airflow/dags/process_sales_dag.py                                       1           0  0.24s           2025-06-18T19:20:58
================================================================================
[2025-06-18T19:21:54.216+0000] {manager.py:878} INFO - 
================================================================================
DAG File Processing Stats

File Path                                           PID    Runtime      # DAGs    # Errors  Last Runtime    Last Run
--------------------------------------------------  -----  ---------  --------  ----------  --------------  -------------------
/opt/airflow/dags/enrich_user_profiles_dag.py                                1           0  3.11s           2025-06-18T19:21:30
/opt/airflow/dags/gold_enrich_user_profiles_dag.py                           1           0  1.27s           2025-06-18T19:21:30
/opt/airflow/dags/process_customers_dag.py                                   1           0  0.32s           2025-06-18T19:21:30
/opt/airflow/dags/process_sales_dag.py                                       1           0  0.19s           2025-06-18T19:21:30
================================================================================
[2025-06-18T19:22:25.023+0000] {manager.py:878} INFO - 
================================================================================
DAG File Processing Stats

File Path                                           PID    Runtime      # DAGs    # Errors  Last Runtime    Last Run
--------------------------------------------------  -----  ---------  --------  ----------  --------------  -------------------
/opt/airflow/dags/gold_enrich_user_profiles_dag.py                           1           0  0.70s           2025-06-18T19:22:01
/opt/airflow/dags/process_sales_dag.py                                       1           0  0.40s           2025-06-18T19:22:01
/opt/airflow/dags/enrich_user_profiles_dag.py                                1           0  0.27s           2025-06-18T19:22:01
/opt/airflow/dags/process_customers_dag.py                                   1           0  0.22s           2025-06-18T19:22:01
================================================================================
[2025-06-18T19:22:55.117+0000] {manager.py:878} INFO - 
================================================================================
DAG File Processing Stats

File Path                                           PID    Runtime      # DAGs    # Errors  Last Runtime    Last Run
--------------------------------------------------  -----  ---------  --------  ----------  --------------  -------------------
/opt/airflow/dags/enrich_user_profiles_dag.py                                1           0  1.80s           2025-06-18T19:22:33
/opt/airflow/dags/process_sales_dag.py                                       1           0  1.05s           2025-06-18T19:22:33
/opt/airflow/dags/process_customers_dag.py                                   1           0  0.58s           2025-06-18T19:22:32
/opt/airflow/dags/gold_enrich_user_profiles_dag.py                           1           0  0.31s           2025-06-18T19:22:31
================================================================================
[2025-06-18T19:23:25.127+0000] {manager.py:878} INFO - 
================================================================================
DAG File Processing Stats

File Path                                           PID    Runtime      # DAGs    # Errors  Last Runtime    Last Run
--------------------------------------------------  -----  ---------  --------  ----------  --------------  -------------------
/opt/airflow/dags/gold_enrich_user_profiles_dag.py                           1           0  2.90s           2025-06-18T19:23:05
/opt/airflow/dags/enrich_user_profiles_dag.py                                1           0  1.67s           2025-06-18T19:23:05
/opt/airflow/dags/process_sales_dag.py                                       1           0  1.32s           2025-06-18T19:23:06
/opt/airflow/dags/process_customers_dag.py                                   1           0  0.36s           2025-06-18T19:23:03
================================================================================
[2025-06-18T19:23:55.244+0000] {manager.py:878} INFO - 
================================================================================
DAG File Processing Stats

File Path                                           PID    Runtime      # DAGs    # Errors  Last Runtime    Last Run
--------------------------------------------------  -----  ---------  --------  ----------  --------------  -------------------
/opt/airflow/dags/enrich_user_profiles_dag.py                                1           0  2.74s           2025-06-18T19:23:39
/opt/airflow/dags/process_customers_dag.py                                   1           0  1.21s           2025-06-18T19:23:35
/opt/airflow/dags/gold_enrich_user_profiles_dag.py                           1           0  0.92s           2025-06-18T19:23:37
/opt/airflow/dags/process_sales_dag.py                                       1           0  0.34s           2025-06-18T19:23:37
================================================================================
[2025-06-18T19:24:25.309+0000] {manager.py:878} INFO - 
================================================================================
DAG File Processing Stats

File Path                                           PID    Runtime      # DAGs    # Errors  Last Runtime    Last Run
--------------------------------------------------  -----  ---------  --------  ----------  --------------  -------------------
/opt/airflow/dags/process_customers_dag.py                                   1           0  1.29s           2025-06-18T19:24:07
/opt/airflow/dags/gold_enrich_user_profiles_dag.py                           1           0  0.72s           2025-06-18T19:24:08
/opt/airflow/dags/process_sales_dag.py                                       1           0  0.30s           2025-06-18T19:24:08
/opt/airflow/dags/enrich_user_profiles_dag.py                                1           0  0.28s           2025-06-18T19:24:09
================================================================================
[2025-06-18T19:24:52.965+0000] {manager.py:737} INFO - Searching for files in /opt/airflow/dags
[2025-06-18T19:24:53.601+0000] {manager.py:740} INFO - There are 4 files in /opt/airflow/dags
[2025-06-18T19:24:55.814+0000] {manager.py:878} INFO - 
================================================================================
DAG File Processing Stats

File Path                                           PID    Runtime      # DAGs    # Errors  Last Runtime    Last Run
--------------------------------------------------  -----  ---------  --------  ----------  --------------  -------------------
/opt/airflow/dags/process_sales_dag.py                                       1           0  0.86s           2025-06-18T19:24:39
/opt/airflow/dags/enrich_user_profiles_dag.py                                1           0  0.86s           2025-06-18T19:24:40
/opt/airflow/dags/gold_enrich_user_profiles_dag.py                           1           0  0.57s           2025-06-18T19:24:39
/opt/airflow/dags/process_customers_dag.py                                   1           0  0.30s           2025-06-18T19:24:37
================================================================================
[2025-06-18T19:25:26.472+0000] {manager.py:878} INFO - 
================================================================================
DAG File Processing Stats

File Path                                           PID    Runtime      # DAGs    # Errors  Last Runtime    Last Run
--------------------------------------------------  -----  ---------  --------  ----------  --------------  -------------------
/opt/airflow/dags/gold_enrich_user_profiles_dag.py                           1           0  2.01s           2025-06-18T19:25:11
/opt/airflow/dags/process_sales_dag.py                                       1           0  1.88s           2025-06-18T19:25:12
/opt/airflow/dags/process_customers_dag.py                                   1           0  1.02s           2025-06-18T19:25:09
/opt/airflow/dags/enrich_user_profiles_dag.py                                1           0  0.27s           2025-06-18T19:25:12
================================================================================
[2025-06-18T19:25:56.714+0000] {manager.py:878} INFO - 
================================================================================
DAG File Processing Stats

File Path                                           PID    Runtime      # DAGs    # Errors  Last Runtime    Last Run
--------------------------------------------------  -----  ---------  --------  ----------  --------------  -------------------
/opt/airflow/dags/enrich_user_profiles_dag.py                                1           0  2.12s           2025-06-18T19:25:44
/opt/airflow/dags/gold_enrich_user_profiles_dag.py                           1           0  1.62s           2025-06-18T19:25:43
/opt/airflow/dags/process_sales_dag.py                                       1           0  0.76s           2025-06-18T19:25:44
/opt/airflow/dags/process_customers_dag.py                                   1           0  0.56s           2025-06-18T19:25:40
================================================================================
[2025-06-18T19:26:27.063+0000] {manager.py:878} INFO - 
================================================================================
DAG File Processing Stats

File Path                                           PID    Runtime      # DAGs    # Errors  Last Runtime    Last Run
--------------------------------------------------  -----  ---------  --------  ----------  --------------  -------------------
/opt/airflow/dags/enrich_user_profiles_dag.py                                1           0  2.20s           2025-06-18T19:26:16
/opt/airflow/dags/process_sales_dag.py                                       1           0  2.18s           2025-06-18T19:26:16
/opt/airflow/dags/process_customers_dag.py                                   1           0  1.13s           2025-06-18T19:26:12
/opt/airflow/dags/gold_enrich_user_profiles_dag.py                           1           0  0.52s           2025-06-18T19:26:14
================================================================================
[2025-06-18T19:26:57.176+0000] {manager.py:878} INFO - 
================================================================================
DAG File Processing Stats

File Path                                           PID    Runtime      # DAGs    # Errors  Last Runtime    Last Run
--------------------------------------------------  -----  ---------  --------  ----------  --------------  -------------------
/opt/airflow/dags/process_customers_dag.py                                   1           0  0.99s           2025-06-18T19:26:43
/opt/airflow/dags/gold_enrich_user_profiles_dag.py                           1           0  0.70s           2025-06-18T19:26:45
/opt/airflow/dags/enrich_user_profiles_dag.py                                1           0  0.49s           2025-06-18T19:26:48
/opt/airflow/dags/process_sales_dag.py                                       1           0  0.29s           2025-06-18T19:26:47
================================================================================
[2025-06-18T19:27:27.411+0000] {manager.py:878} INFO - 
================================================================================
DAG File Processing Stats

File Path                                           PID    Runtime      # DAGs    # Errors  Last Runtime    Last Run
--------------------------------------------------  -----  ---------  --------  ----------  --------------  -------------------
/opt/airflow/dags/enrich_user_profiles_dag.py                                1           0  1.28s           2025-06-18T19:27:19
/opt/airflow/dags/process_sales_dag.py                                       1           0  1.25s           2025-06-18T19:27:19
/opt/airflow/dags/gold_enrich_user_profiles_dag.py                           1           0  0.77s           2025-06-18T19:27:16
/opt/airflow/dags/process_customers_dag.py                                   1           0  0.33s           2025-06-18T19:27:14
================================================================================
[2025-06-18T19:27:57.519+0000] {manager.py:878} INFO - 
================================================================================
DAG File Processing Stats

File Path                                           PID    Runtime      # DAGs    # Errors  Last Runtime    Last Run
--------------------------------------------------  -----  ---------  --------  ----------  --------------  -------------------
/opt/airflow/dags/process_customers_dag.py                                   1           0  1.12s           2025-06-18T19:27:46
/opt/airflow/dags/enrich_user_profiles_dag.py                                1           0  1.03s           2025-06-18T19:27:51
/opt/airflow/dags/process_sales_dag.py                                       1           0  0.73s           2025-06-18T19:27:51
/opt/airflow/dags/gold_enrich_user_profiles_dag.py                           1           0  0.38s           2025-06-18T19:27:47
================================================================================
[2025-06-18T19:28:28.062+0000] {manager.py:878} INFO - 
================================================================================
DAG File Processing Stats

File Path                                           PID    Runtime      # DAGs    # Errors  Last Runtime    Last Run
--------------------------------------------------  -----  ---------  --------  ----------  --------------  -------------------
/opt/airflow/dags/enrich_user_profiles_dag.py                                1           0  1.02s           2025-06-18T19:28:22
/opt/airflow/dags/process_sales_dag.py                                       1           0  0.52s           2025-06-18T19:28:22
/opt/airflow/dags/process_customers_dag.py                                   1           0  0.44s           2025-06-18T19:28:16
/opt/airflow/dags/gold_enrich_user_profiles_dag.py                           1           0  0.34s           2025-06-18T19:28:17
================================================================================
[2025-06-18T19:28:58.469+0000] {manager.py:878} INFO - 
================================================================================
DAG File Processing Stats

File Path                                           PID    Runtime      # DAGs    # Errors  Last Runtime    Last Run
--------------------------------------------------  -----  ---------  --------  ----------  --------------  -------------------
/opt/airflow/dags/process_customers_dag.py                                   1           0  1.28s           2025-06-18T19:28:48
/opt/airflow/dags/enrich_user_profiles_dag.py                                1           0  0.36s           2025-06-18T19:28:53
/opt/airflow/dags/process_sales_dag.py                                       1           0  0.30s           2025-06-18T19:28:52
/opt/airflow/dags/gold_enrich_user_profiles_dag.py                           1           0  0.26s           2025-06-18T19:28:48
================================================================================
[2025-06-18T19:29:28.761+0000] {manager.py:878} INFO - 
================================================================================
DAG File Processing Stats

File Path                                           PID    Runtime      # DAGs    # Errors  Last Runtime    Last Run
--------------------------------------------------  -----  ---------  --------  ----------  --------------  -------------------
/opt/airflow/dags/gold_enrich_user_profiles_dag.py                           1           0  1.13s           2025-06-18T19:29:20
/opt/airflow/dags/process_customers_dag.py                                   1           0  0.91s           2025-06-18T19:29:19
/opt/airflow/dags/process_sales_dag.py                                       1           0  0.18s           2025-06-18T19:29:23
/opt/airflow/dags/enrich_user_profiles_dag.py                                1           0  0.15s           2025-06-18T19:29:23
================================================================================
[2025-06-18T19:29:53.026+0000] {manager.py:737} INFO - Searching for files in /opt/airflow/dags
[2025-06-18T19:29:53.131+0000] {manager.py:740} INFO - There are 4 files in /opt/airflow/dags
[2025-06-18T19:29:59.347+0000] {manager.py:878} INFO - 
================================================================================
DAG File Processing Stats

File Path                                           PID    Runtime      # DAGs    # Errors  Last Runtime    Last Run
--------------------------------------------------  -----  ---------  --------  ----------  --------------  -------------------
/opt/airflow/dags/enrich_user_profiles_dag.py                                1           0  0.71s           2025-06-18T19:29:54
/opt/airflow/dags/gold_enrich_user_profiles_dag.py                           1           0  0.63s           2025-06-18T19:29:50
/opt/airflow/dags/process_customers_dag.py                                   1           0  0.53s           2025-06-18T19:29:50
/opt/airflow/dags/process_sales_dag.py                                       1           0  0.45s           2025-06-18T19:29:54
================================================================================
[2025-06-18T19:30:29.556+0000] {manager.py:878} INFO - 
================================================================================
DAG File Processing Stats

File Path                                           PID    Runtime      # DAGs    # Errors  Last Runtime    Last Run
--------------------------------------------------  -----  ---------  --------  ----------  --------------  -------------------
/opt/airflow/dags/enrich_user_profiles_dag.py                                1           0  0.77s           2025-06-18T19:30:25
/opt/airflow/dags/process_sales_dag.py                                       1           0  0.71s           2025-06-18T19:30:25
/opt/airflow/dags/process_customers_dag.py                                   1           0  0.60s           2025-06-18T19:30:21
/opt/airflow/dags/gold_enrich_user_profiles_dag.py                           1           0  0.53s           2025-06-18T19:30:21
================================================================================
[2025-06-18T19:30:59.605+0000] {manager.py:878} INFO - 
================================================================================
DAG File Processing Stats

File Path                                           PID    Runtime      # DAGs    # Errors  Last Runtime    Last Run
--------------------------------------------------  -----  ---------  --------  ----------  --------------  -------------------
/opt/airflow/dags/enrich_user_profiles_dag.py                                1           0  0.92s           2025-06-18T19:30:57
/opt/airflow/dags/gold_enrich_user_profiles_dag.py                           1           0  0.50s           2025-06-18T19:30:52
/opt/airflow/dags/process_sales_dag.py                                       1           0  0.50s           2025-06-18T19:30:57
/opt/airflow/dags/process_customers_dag.py                                   1           0  0.34s           2025-06-18T19:30:52
================================================================================
[2025-06-18T19:31:29.832+0000] {manager.py:878} INFO - 
================================================================================
DAG File Processing Stats

File Path                                           PID    Runtime      # DAGs    # Errors  Last Runtime    Last Run
--------------------------------------------------  -----  ---------  --------  ----------  --------------  -------------------
/opt/airflow/dags/enrich_user_profiles_dag.py                                1           0  1.25s           2025-06-18T19:31:28
/opt/airflow/dags/process_sales_dag.py                                       1           0  0.82s           2025-06-18T19:31:28
/opt/airflow/dags/gold_enrich_user_profiles_dag.py                           1           0  0.20s           2025-06-18T19:31:22
/opt/airflow/dags/process_customers_dag.py                                   1           0  0.20s           2025-06-18T19:31:22
================================================================================
[2025-06-18T19:32:00.678+0000] {manager.py:878} INFO - 
================================================================================
DAG File Processing Stats

File Path                                           PID    Runtime      # DAGs    # Errors  Last Runtime    Last Run
--------------------------------------------------  -----  ---------  --------  ----------  --------------  -------------------
/opt/airflow/dags/process_customers_dag.py                                   1           0  0.80s           2025-06-18T19:31:53
/opt/airflow/dags/gold_enrich_user_profiles_dag.py                           1           0  0.79s           2025-06-18T19:31:53
/opt/airflow/dags/enrich_user_profiles_dag.py                                1           0  0.57s           2025-06-18T19:31:59
/opt/airflow/dags/process_sales_dag.py                                       1           0  0.50s           2025-06-18T19:31:59
================================================================================
[2025-06-18T19:32:30.684+0000] {manager.py:878} INFO - 
================================================================================
DAG File Processing Stats

File Path                                           PID    Runtime      # DAGs    # Errors  Last Runtime    Last Run
--------------------------------------------------  -----  ---------  --------  ----------  --------------  -------------------
/opt/airflow/dags/process_sales_dag.py                                       1           0  0.65s           2025-06-18T19:32:30
/opt/airflow/dags/enrich_user_profiles_dag.py                                1           0  0.60s           2025-06-18T19:32:30
/opt/airflow/dags/gold_enrich_user_profiles_dag.py                           1           0  0.55s           2025-06-18T19:32:24
/opt/airflow/dags/process_customers_dag.py                                   1           0  0.35s           2025-06-18T19:32:24
================================================================================
[2025-06-18T19:33:00.777+0000] {manager.py:878} INFO - 
================================================================================
DAG File Processing Stats

File Path                                             PID  Runtime      # DAGs    # Errors  Last Runtime    Last Run
--------------------------------------------------  -----  ---------  --------  ----------  --------------  -------------------
/opt/airflow/dags/process_customers_dag.py                                   1           0  1.56s           2025-06-18T19:32:56
/opt/airflow/dags/gold_enrich_user_profiles_dag.py                           1           0  1.46s           2025-06-18T19:32:56
/opt/airflow/dags/process_sales_dag.py                671  0.02s             1           0  0.65s           2025-06-18T19:32:30
/opt/airflow/dags/enrich_user_profiles_dag.py         668  0.05s             1           0  0.60s           2025-06-18T19:32:30
================================================================================
[2025-06-18T19:33:31.523+0000] {manager.py:878} INFO - 
================================================================================
DAG File Processing Stats

File Path                                             PID  Runtime      # DAGs    # Errors  Last Runtime    Last Run
--------------------------------------------------  -----  ---------  --------  ----------  --------------  -------------------
/opt/airflow/dags/enrich_user_profiles_dag.py         688  0.04s             1           0  0.60s           2025-06-18T19:33:01
/opt/airflow/dags/process_sales_dag.py                691  0.01s             1           0  0.37s           2025-06-18T19:33:01
/opt/airflow/dags/gold_enrich_user_profiles_dag.py                           1           0  0.22s           2025-06-18T19:33:27
/opt/airflow/dags/process_customers_dag.py                                   1           0  0.22s           2025-06-18T19:33:27
================================================================================
[2025-06-18T19:34:02.578+0000] {manager.py:878} INFO - 
================================================================================
DAG File Processing Stats

File Path                                             PID  Runtime      # DAGs    # Errors  Last Runtime    Last Run
--------------------------------------------------  -----  ---------  --------  ----------  --------------  -------------------
/opt/airflow/dags/gold_enrich_user_profiles_dag.py                           1           0  1.25s           2025-06-18T19:33:59
/opt/airflow/dags/process_customers_dag.py                                   1           0  1.01s           2025-06-18T19:33:59
/opt/airflow/dags/enrich_user_profiles_dag.py         708  0.25s             1           0  0.28s           2025-06-18T19:33:31
/opt/airflow/dags/process_sales_dag.py                711  0.11s             1           0  0.26s           2025-06-18T19:33:31
================================================================================
[2025-06-18T19:34:33.023+0000] {manager.py:878} INFO - 
================================================================================
DAG File Processing Stats

File Path                                           PID    Runtime      # DAGs    # Errors  Last Runtime    Last Run
--------------------------------------------------  -----  ---------  --------  ----------  --------------  -------------------
/opt/airflow/dags/enrich_user_profiles_dag.py                                1           0  0.94s           2025-06-18T19:34:03
/opt/airflow/dags/process_sales_dag.py                                       1           0  0.84s           2025-06-18T19:34:03
/opt/airflow/dags/gold_enrich_user_profiles_dag.py                           1           0  0.47s           2025-06-18T19:34:30
/opt/airflow/dags/process_customers_dag.py                                   1           0  0.39s           2025-06-18T19:34:30
================================================================================
[2025-06-18T19:34:53.027+0000] {manager.py:737} INFO - Searching for files in /opt/airflow/dags
[2025-06-18T19:34:53.099+0000] {manager.py:740} INFO - There are 4 files in /opt/airflow/dags
[2025-06-18T19:35:03.691+0000] {manager.py:878} INFO - 
================================================================================
DAG File Processing Stats

File Path                                             PID  Runtime      # DAGs    # Errors  Last Runtime    Last Run
--------------------------------------------------  -----  ---------  --------  ----------  --------------  -------------------
/opt/airflow/dags/gold_enrich_user_profiles_dag.py                           1           0  0.41s           2025-06-18T19:34:37
/opt/airflow/dags/enrich_user_profiles_dag.py                                1           0  0.39s           2025-06-18T19:34:33
/opt/airflow/dags/process_customers_dag.py                                   1           0  0.25s           2025-06-18T19:35:00
/opt/airflow/dags/process_sales_dag.py                748  0.01s             1           0  0.23s           2025-06-18T19:34:33
================================================================================
[2025-06-18T19:35:33.937+0000] {manager.py:878} INFO - 
================================================================================
DAG File Processing Stats

File Path                                           PID    Runtime      # DAGs    # Errors  Last Runtime    Last Run
--------------------------------------------------  -----  ---------  --------  ----------  --------------  -------------------
/opt/airflow/dags/process_sales_dag.py                                       1           0  1.09s           2025-06-18T19:35:04
/opt/airflow/dags/process_customers_dag.py                                   1           0  0.62s           2025-06-18T19:35:31
/opt/airflow/dags/enrich_user_profiles_dag.py                                1           0  0.60s           2025-06-18T19:35:04
/opt/airflow/dags/gold_enrich_user_profiles_dag.py                           1           0  0.21s           2025-06-18T19:35:08
================================================================================
[2025-06-18T19:35:46.910+0000] {manager.py:452} INFO - Exiting gracefully upon receiving signal 15
